label,text
5,好用但，很細支可惜長期缺貨
5,用咗之後貓貓大便完貓沙冇咁臭。
5,我的猫狗都只喝这个奶，别的试了都不喝，有款要喝但喝了疴肚
5,很大包，大粒裝都不會太大粒，我是墊鸚鵡籠用的。
5,今次大手入貨，買左4包
5,Ok呀，味道喜歡，貓咪願意自己食，之前買其他牌子一啲都唔肯食，會介紹俾貓友試吓！🤭
5,狗狗好喜歡飲，下次會再買
5,早上訂貨，晚上儿8點收貨，快到你唔信😀
5,逐支味試緊，估計貓貓都會很喜愛這系列的零食
5,呢個牌子貓貓至愛，56件78折再加八達通9折，無得輸。
5,我家貓長期食用，腸道健康，貓貓很喜歡食。而且品質優良，有保證，極力推薦。
5,特價$88一包，好抵買，買3包，雖然不是原箱送到，但問題不大，仍然是真空的。
5,好用，價錢成日轉。今次折實$81&#40;用payme）真係要大手入
5,好有水蜜桃的香味，抵用
5,$88 如果可以完箱送貨就最完美
5,好抵，仲有得送貨上門，送貨員有禮，滿意！
5,送貨員有禮貌，包裝完整乾淨，非常好👍
5,"狗狗非常喜愛飲此產品,多謝"
5,減價時購買的，性價比高
5,"買左N次咁多,俾隻十幾歲的貓貓有便便"
5,唔係隻隻流浪貓鍾意食，不過2元罐無要求
5,喺HKTV買嘅價錢最抵買
5,未用，特價入定貨，用開綠茶味，主子同鏟屎官表示滿意
5,加咗落去，好似洗衣粉咁款，有少少香味，貓貓唔排斥應該可以有效
5,這牌子非常好用，今次試下水蜜桃，其實想要細包的，易於處藏，但是大包特價著數啲
5,之前用過此品牌，正正正，貓咪超鍾意
5,可愛到不得了，支持打氣💪💪💪
5,"$100, 收到時是真空包裝"
5,今次優惠活動很抵買，已經買过多次。送貨服務很方便，準時而且很有禮貌。貓砂很好用，抗臭味。
5,送貨速度快靚正！服務周到
5,自取貨，很好，沒有漏氣
5,貓貓愛食，補充水份之選
5,"平+快. 不用自己搬, 今天ORDER 第二天到. 超好"
5,"見有特價即買，好用，第二次回購"
5,用牛奶整雪條，天熱的時候狗狗最鍾意食
5,勁靚，有唔同嘅寵物，日日望住都好開心
5,綠茶味可以蓋過貓的尿味👌👍🏻👍🏻👍🏻👍🏻
5,貓咪愛吃，再回購。謝謝店主禮物～逗貓捧，貓咪喜歡玩。
5,多次回購！亦在指定時間內送達！
5,長期回購的商品，貓貓好喜歡，對貓貓腸胃有幫助。
5,猫咪非常爱吃，由其病的時候什麼都不吃，只吃這醬。👍
5,"入面獨立包裝，非常好。 攞出街做treat, 餵浪浪都方便。"
5,屋企貓貓好鍾意食，好快又食完，長期回購囤貨，見而家特價好抵買，又再入貨。
5,已經長期在你家店回購，有信心保證！
5,一次過買4包抵好多，不過如果新增送到入村會好D
5,一直都係HKTVMall 買！買一包都咁抵，街外要買5包以上先有平
5,狗狗喜歡吃呢隻mousse 因為他已經太老咬唔到啦
5,貓咪很喜觀，吸水快，少砂塵
5,已經回購很多次了，家中貓貓特別喜歡吃，仍然會不斷回購。
5,好用，一直喺HKTV買
5,回購了。因為重，有送貨上門，方便。
5,幾好用 包裝都幾好，會回購
5,唔使上淘寶，平過去淘寶
5,"貓貓喜愛用 但建議在自取點取的話，買滿三包請用箱pack好，因為散裝三包有點難攞"
5,我有一隻24歲的波斯貓，好瘦，有啲牙齒已經成脫落，食嘢不多，但係偶然飲過這隻奶之後，牠就非常喜愛，飲用一個多月後，牠的體重還增加咗，我現在每次都購買1000 ml的給牠喝。
5,屋企貓貓喜歡用既N1貓砂 平靚正，會再回購！
5,狗狗好鐘意飲。全日最鐘意開餐就係飲奶
5,貓貓好鐘意，已經多次回購。
5,品質優良，貓咪喜愛吃。
5,用開質量不錯！又有免費送貨超方便
5,好用 超市成日無貨 唔洗周圍搵
5,Nice! 買4包，4包送達時都仲係真空包裝
5,動物日曆真係好可愛！細細本，又可以座枱，每一日都有唔同嘅動物，正！一開始見到啲評論有啲猶豫，驚會好容易散開，但係好lucky地收到本實淨嘅，因為我跌過落地下都有散開過任何嘢～ 個樣看似唔係痴得好實，但實際好實～ 下年再出，我會再回購，完全啱我心水！正！😁
5,我家非常偏食嘅貓貓最近好鍾意👍🏼
5,$22加購，好靚😍 點可以參加2027毛孩相
5,一直用緊。 價錢平。，但粉塵問題比較多
5,狗狗好鐘意  但有輕微肚痾  可能放雪櫃拎出嚟就即飲既關係掛  
5,好香豆腐味，成結塊及粗粒比較好清理，推介並且會再次回購
5,好用N1貓砂，最緊要不用自己拎，真係好重
5,近期轉用都唔錯，貓貓接受
5,這是店家的贈品，貓貓愛吃
5,好用，無咩味道，比起一直用開幾款好用
5,已用了多年，已再次回購
5,香味幾好，可以去除嗅味
5,已多次回購、品質保持優良。
5,貓咪鍾意食，已回購多次
5,貓貓已用多年，會再回購
5,試用後覺得很好！好大粒好大包，適合雙層貓砂盆用，性價比高，星期四VIP價$118再有95折，仲係日本製添！唯一缺點是好大浸松木味、較刺鼻，亦都冇講到可唔可以衝入馬桶。
5,品質比以往差、容易碎多粉塵、只是價錢取勝
5,一直用開原味，水蜜桃味都好香。
5,巳多次購買，狗狗很喜歡，
5,每次有優惠都會買N1，沙田區，送貨員和司機好有禮貌！
5,"買10罐再有折, 更低食"
5,狗狗大愛，飲完D毛好滑好shinny
5,狗狗很鐘意，包裝好，好用抵買
5,正👍🏻狗仔好中意飲，會回購😄
5,辟味好得，好清新綠茶，唯一係無封口，希望之後可改善
5,"剛剛收了五包貓砂， 包裝得非常好，
經常有聽到客人說不是真空包裝， 其實你到超級市場買包米都不會是每一包都會真空的， 所以我覺得絕對不是 產品上的問題， 只是一些無理客人的挑剔， 還有、我已幫襯了很多次，每次職員服務態度都非常好、非常滿意！"
5,"真空包裝,買三包原箱送,品質很好"
5,$22加購 好可愛既日曆😍😍
5,好靚！非常好👍🏻加購$22物超所值👍🏻👍🏻
5,吸味唔錯 大包抵用 之前用其他牌子貓尿味好重/吸味一般 用左呢個之後已經再回頭買
5,抵，唔駛自己攞，包裝好好，送貨哥哥準時，有禮，扺贊
5,每頁不同寵物，還有可愛留言。👍🏻
5,一直想買嚟俾貓貓試吓，價錢算好平，不過包裝上一隻字都唔識，都睇吓資料都睇唔明添
5,狗狗最愛飲，夏天可以吃牛奶雪條
5,我已買了兩年貓砂很好用，很快凝固不會鬆散是值得推介給大家使用。
5,係幾低用，暫時未有其他品牌代替到
5,狗狗好鍾意飲，平時挑食食剩好多糧，加啲奶落去就食哂
5,"好靚！
我個仔仔都想貢獻一張美照 &#40;2027年&#41;🤣求申請方法"
5,"粗米好用，小粉主子鐘意
用開👍🏻"
5,多次回購 好好用 無味吸味 又沖到馬桶 好方便！
5,貓貓喜歡產品，用了很多年了
5,貓貓很喜歡豆腐玉米味砂。
5,放在桌上，方便又可愛。
5,平價好用嘅貓砂 回購好多次
5,貓咪喜歡這貓砂，吸水同味力強，釋迦比高！
5,每次都會買3⃣️包裝最抵
5,一向用開，易不，冇味，吸v V快
5,115 再95折， ok la
5,"以前要去街買, 家下ONLINE 訂, 改變了生活. 感謝!"
5,"27/5/2018做特價由$115減至100,買兩包送來一包,發覺原來訂單為一包但收了兩包價錢$200,Live chat 等了很久都是等。"
5,$38.9 主子鍾意❤️
5,貓貓用了多年，會再回購
5,送貨員態度友善，準時送貨
5,好用，可沖入厠所，超方便
5,價錢合理，用pet pet會優惠買
5,兩隻得一隻鐘意食，多次回購
5,"狗狗飲開 
抵買仲送小禮物 多謝"
5,砂.價錢合理.會多次回購！
5,"我啲貓貓愛用呢款貓砂
同埋可以直接廁所沖走
鏟💩處理極方便"
5,"Best before日期長,係2025年3月. 好好. 
貓貓好鐘意飲奶. 大枝裝方便好多. 唔洗成日買咁多枝."
5,貓貓愛用，包裝整潔，跟送貨員溝通良好清晰，非常滿意
5,$99@平過外面買，仲送貨，夠方便。
5,開罐已聞到香味！兩隻貓咪都喜歡！會回購！
5,我家狗狗長期食用的濕糧
5,好用，主子喜歡，平靚正
5,貓貓很喜歡吃，價格不貴👍🏻
5,good！！已多次回購
5,"無添加，放心俾貓貓食，
已經多次回購。"
5,$18再95抵，超抵，主子又中意食
5,一直用開！$99 一定要搶！
5,用開，又平又唔算太多層
5,價錢合理，服務態度良好。
5,一向有用開，買六包除開每包$90好抵呀。送貨哥哥好好，啲貨放喺門口仲影張相俾我睇，d貨都完整無缺。
5,品質好，份量多，狗狗很喜歡吃，已經多次回購，有推薦給親友購買！
5,好用，不臭，易沖下馬桶，用過很多牌子都一般般，以後會一直買這個。
5,用開 已經買過幾次 平過出面 唔洗自己拎
5,"您好! 我們再次訂了這貨, 但唔為意已到倉, 現在收到電郵話已被註銷, 又聯絡唔到CS, 請問有人可以幫忙, 謝謝"
5,好可愛同精緻既日曆！加$22換購好抵！
5,鴨肉對狗狗有益，坊間比較少純鴨肉片，價錢亦合理。
5,貨品没問題，送貨大問題1張單分三日送差，是否叫人不要一次買太多東西呢？
5,好用，唔使自己拎，方便
5,品質幾好，啲貓都好中意
5,貓貓喜歡，而且沒有太濃烈的香味
5,回購多次～ $99 超抵價～好用！
5,非常吸味，貓咪好鍾意❤️
5,99係好平，但隻砂唔係咁好用，用黎溝雙通砂用
5,商品可以接受，已買了很多次。
5,已用了多年，味道可以，也很吸味，會繼續用下佢
5,每包細份量唔驚開咗潮濕都未食晒👍細粒易食👍
5,"首次購買, 沒想到我家寶貝很歡喜, 味道也很天然 ^^ Good Choice"
5,主子一直用開，綠茶味香
5,$119 抵買，最低價以前買過$99
5,"優質產品
貓貓放心食用"
5,"小狗好鍾意
價錢又抵"
5,"貓貓喜歡食 Royal canin良好信譽"
5,產品由台灣直送，價錢實惠，可能是疫情問題，我未收到貨物，HKTVmall已提早自動發放已收到貨物的郵件，要本人發WhatsApp向店舖確實，店舖亦有交帶講明未來兩天會送到
5,經常被投訴的包裝保護問題已有改善，請保持。會回購。
5,好用，唔會太大塵，㩒用，一包可以用一星期有多（家有兩貓）
5,貓貓喜歡食，已再次回購了
5,用開95元即買，不過只限買2包
5,品質優良，會再次回購，性價比奇高
5,"貓貓食開。比超市平。超市成日無貨。"
5,貓貓喜歡吃，但不想給太多零食，所以這個細份量包裝很好，不用食太久影響品質。
5,很快，依時送到。今次特價購買，之前未買过。用后再評
5,沒想到能在這裡買到N1，一如既往的好用！
5,一直用開 但係唔知點解而家都係散裝 以前都係原箱
5,狗狗們鐘意食，真雞柳，多次回購。平過$23更好。
5,不明白不是同Hktv 一齊送貨而另外順豐送又要加錢
5,本身我隻貓係唔食任何雞的產品，聞到就已經掉頭走，但呢隻產品貓貓極度喜愛，食完又再想食，已不斷回購，希望可以出大包少少咁就好。
5,無添加健康零食，放心俾貓貓食。
5,我隻貓只食呢款，但成日都冇貨，令人好panic
5,一直用無 很好 無投訴 👍🏻
5,貓貓好愛，食得比以前多
5,狗狗很喜歡吃，會再次購買。
5,吸水力強，夠乾爽，不飛塵
5,貓貓最愛的罐頭，贈品很多也很實用。謝謝！
5,新轉此貓砂 包裝有可再封封條會更好
5,價格比市面抵，會再訂購
5,Very nice，貓貓用完唔黏手
5,品質好，只是有一隻貓唔多鍾意。
5,買狗糧嘅贈品，寶貝仔好鍾意，玩咗半個鐘。
5,"一直食開,會長期回購。"
5,6包收齊，送貨哥仔ok，黎到完整無點碎既問題，good
5,因為價錢合理. 三隻貓也喜歡食
5,準時到貨及通知客戶。取貨時職員態度友善。
5,非常好用，最喜歡那淡淡的豆腐味
5,我家兩位小朋友必定選購既貓砂
5,有好多湯，啱晒飲水少嘅貓貓
5,以前我幾隻貓成日病，成日要睇醫生，獸醫話貓同人一樣有身邊强亦有身邊弱，自從呢幾年，幾隻貓都轉左呢隻罐罐，已經好耐冇去睇醫生，仲超級鐘意食
5,"好用,但越來越貴$108,市面賣9包可以每包88,HKTV應該可以拿到比108優惠的價格。"
5,見平左即買$103.5，包裝完整，第二次買
5,香港有人願意製作咁精美優質的嘅寵物糧食，香港人之福！鴨肉片乾身香脆，比起好多外國貨更好！
5,"常常購買
有時候有試食
十分驚喜
帶出街非常方便"
5,多次回購。18歲咀刁小狗仍然好鍾意食。今次仲送咗包餅仔，小狗大愛。但喺商家頁面搵唔到呢款餅。商家可以提供資料嗎？
5,平，包裝完整，keep住買
5,"易咬開，適合小狗牙齒不夠力。
很香脆，是我的小狗最愛吃的零食。
一直持續購買。"
5,送左塊曲奇餅。冧冧好鐘意食。
5,貨品没問題，送貨大問題1張單分三日送差
5,多次回購，非常好用，尤其喜歡那淡淡的豆腐味覺。
5,"貓咪沒有抗拒, 產品唔錯, 
今次做特價, 抵"
5,㩒幾下送上門，唔使自己拎餐死
5,主子難得喜歡&#40; HKTVMALL 選擇性隱藏客人負評，極度失望）的也17歲了。有時泌尿系統會有不適的時候，這種濕糧可以幫助預防膀胱或泌尿系統發炎。
5,"常常回購
有時候會有驚喜收到試食
細細包帶出街不錯"
5,最怕主子的尿道出現問題，出事又擔心，又要花錢看獸醫，所以給主子貓糧的期間，都會加入加護泌尿道的濕糧。預防勝於治療啊！
5,又平又好用，檸檬好吸味
5,喜歡😘太好用了，做活動價格會大量入貨！
5,大貓之前食過，今次買比細貓
5,發炎情況改善左好多，無怪味 狗狗唔會嗅到就走
5,很好！平時喺其他網訂，呢度買平啲
5,一直用開...小主鍾意..
5,狗狗鍾意食～不是第一次購買
5,貓咪同狗狗好喜爱 如價格合理 一定會推推推👍
5,長期回購。因為揼得夠薄，15歲的狗狗也能吃到，而且十分喜愛。
5,依款豆腐砂唔錯，可惜17.5L重量只得14.2L之前買6L已經欠磅，希望重量可以有所改進
5,99/包，夠600減60 ，低
5,用開 抵買 仲有尊人送貨唔港拎
5,狗狗最喜歡的零食。易咬脆口，牙力不足也適合。已多次回購。
5,非常好，貓咪好喜歡吃啊！
5,包裝乾淨衛生，狗狗的最佳零食！
5,貓咪一直用開 價錢實惠
5,一直有用開&#40;原味&#41;，呢度平過出面，所以試下&#40;綠茶&#41;
5,"貓貓喜愛雞肉mousse
會再回購"
5,抵用，吸水吸臭都好。經濟實惠
5,係另一商戶度買左一包$18！（之前買左一包$20 添！）而家見到呢度賣$13，即刻再買3 包，平均$12.1 啫。
5,容易處理，可遮蓋臭味，貓兒舔身時把貓砂吃進肚亦沒有問題。
5,貨物依時送達，送貨員誠懇有禮！
5,此貓砂好用，味道清新，主要原粒唔粹，多次購買
5,很便宜，一直用豆腐貓砂的，有淡淡粟米香，會混合綠茶味來用
5,價錢非常平$95蚊超抵
5,好用，好快賣晒，屋企人成包同我倒左落砂盆，激死我。
5,我二隻貓貓好鍾意食呀！
5,有些罐頭撞粒了，但不是全部罐頭都是，所以可以接受。
5,一直用開！希望有減價促銷
5,103.5仲有免費送貨 抵買
5,原裝12罐包裝發貨，完整無缺無凹罐。但下次不希望浪費額外紙箱再包裝
5,"good,$88蚊1包,共買了6包"
5,呢款貓砂好好用，呢次75蚊，便過平時好多
5,HKTVmall 買平送貨準時！good
5,好用，一向用此牌子猫砂，會繼續用。
5,好用！ 但我唔支持黃色HKTVMALL！其他嘢唔會再係你度買！
5,"做特價好平呀~~$11X/包
應該係正貨~同平時用開O既一樣味
仲有靚仔哥哥送貨TIM"
5,會長期購買。貓咪喜歡食
5,貓咪已愛上食。會keep 住買，希望不要加價🙏🏻🙏🏻
5,已經多次回購，狗狗非常喜歡吃
5,吸塵力比其他牌子更强!
5,於寵物展優惠期間購買，因為吸濕除臭力強，所以一直用開。
5,好用！貓很喜歡！會再買
5,十分準時。。辛苦哂送貨哥哥
5,品質好，狗狗非常愛吃，已經多次回購，會推薦給親朋好友購買給小狗吃
5,"平時一向買開，但係今次買3包3.0得一包係。
另外個兩包變咗2.0 好彩主子無嫌棄！"
5,我嘅貓貓好鍾意食呢個牌子嘅罐頭
5,貓貓習慣使用，唔會太重香味
5,再次回購了，貓貓喜歡！
5,"貓貓喜歡，我都係鍾意豆腐多過綠茶味
豆腐味幾香
習慣都係用袋裝起掉所以未試過沖廁所效果如何
回購多次"
5,Good 包裝好 用紙盒裝 唔會壓碎 都乾淨 會再買 價錢都OK
5,貓貓鍾意食，有湯汁👍🏻
5,再回購產品，貨品包裝很好，司機準時有禮
5,$71.x抵買～ 好吸水吸味好用
5,狗狗喜歡吃，已多次回購。
5,多次回購，貓貓鍾意食，本身罐頭都多水，我再溝多半罐水貓貓都肯食
5,"平呀！特價$76，再有95折~
即刻買咗三包"
5,感受到職員包裝嘅用心👍
5,食過很喜歡這個味，再回購的。
5,貓貓好鐘意食，$6.3罐非常抵食
5,便宜 到期日 2025 後
5,"包裝精簡，狗🐶好喜歡食
係有少少碎，已經多次回購，每次都會有少少碎喺底"
5,再買，貓咪便便好濕，不過好鬼臭，非常水潤。
5,一向買開，三隻貓都肯食晒
5,貓貓好鍾意，會再次回購
5,常回購，今次送了贈品袋裝面紙
5,用好，見平買多幾包新年備用。
5,"包裝很好，謝謝贈送的禮物，顏色很美🥰
&#40;照片後來才影，乾糧已開啟，主子很愛吃☺️）"
5,貓貓10分喜歡，下次會繼續買的
5,追購價錢十分吸引，唔買唔舒服
5,11蚊，同樂天一樣價，good !
5,原來商戶95折同VIPDAY無得共用，anyway product ok
5,主子愛吃，便便都靚，好彩優惠買咗兩包
5,希望鐘意。店家有送貓餅試食，thanks
5,品質同吸味都好。。唯一唔好處係太大包太重。。好難倒出黎
5,我隻貓貓不嬲食開呢個品牌同埋呢隻味道
5,"多次購買，多謝禮物👍🐱🐶 表示鍾意食。
"
5,貓咪挑食，但鐘意補水泥狀健康包
5,無添加，好放心比主子食，主子好鐘意！
5,$20/樽，方便過用漂白水
5,有湯汁，可以補充水份，貓貓鍾意食
5,這次襯有折扣比較平宜，一直食開
5,很好，店家送了試用包等小禮品，很貼心，感謝
5,我嘅貓貓好大年紀，mousse好啱佢吃，我每日都會比佢，值得推薦😻
5,"用開，吸水力好，唔會散。
特價7x蚊買咗4包囤貨。"
5,本家的貓貓非常喜歡吃 性價比高
5,"主子喜歡食, 獨立包裝好方便."
5,毛孩十分喜歡，有得食，有得磨牙。
5,家中3隻貓貓都超鐘意食
5,好用、$95/包最抵用
5,貓貓食開，今次有日曆送
5,消臭能力了得，十分好。
5,我貓咪很喜歡！會再次講買！
5,毛孩超級喜歡，多次又多次回購
5," 平靚正.  .......一隻浪浪一次食3-4個罐頭,   一次餵幾幾浪浪都無咁重皮.  "
5,$83.5 用開呢個牌子，好用
5,"貓咪都鍾意, 一直KEEP住回購"
5,"之前用開果隻貓砂會甩色, 除臭效果差, 會出砂塵剷到底見好多粉, 凝結力中規中舉... 想轉好耐😮‍💨網上見好多呢隻貓砂既廣告, 決定試一次😂 結果真係有驚豔到 &#40;究竟係咪上一款太差XD&#41; 除臭力以外地好, 貓貓鍾意尿係邊邊位, 本身好難剷, 都可以一舊剷起, 開包裝倒出黎仲香香地, 絕對會回購! 一分錢一分貨, 剷屎官都要剷得爽😂😂"
5,貓砂結得好好，除臭能力也很好
5,"高蛋白質低脂, 適合老犬食用"
5,包裝盒內有緩衝物料，有效保護運輸途中的貓罐罐，打開包裝後發現每一貓罐外貌都非常完整，雖然並不是全場最平，但絕對令我有信心再次光顧
5,罐頭多汁，貓貓鍾意食，肯定會再回購
5,狗狗超級喜愛，人都有食
5,成功消滅貓咪大小2便的臭味
5,我用過好多湯包俾貓咪吃，佢只愛吃這款
5,價錢好抵又好用！包裝得好好，好整齊穩陣。送貨準時，多次回購！十星推介 👍🏼👍🏼👍🏼
5,貓貓好喜歡吃，再次回購
5,第一次買，未知貓咪喜不喜歡
5,"$19x + 95折 + 15% mall dollar, 真心抵, 貓咪一向食開, 肥肥白白"
5,真係完全係誤會，sorry sorry.大家我是下邊那條評論的發言人，我剛才發現原來是家人使用了貓糧，撕開底部，把貓糧倒了一半落第二個容器裏誤會了上架。大家千祈不要被我剛才的言論誤導，但我也不知怎樣撤回，希望大家能夠如常購買。不要被剛剛那條評論影響。如果官方能夠剷除我剛才的言論，希望幫一幫手。不要影響了商家的生意。
5,幼貓十分愛吃，會再回購。
5,貓貓食開，已回購多次👍🏻
5,罐罐包庒整潔，整整齊齊。繼續回購
5,主子中意食，已回購多次！
5,加咗價😔今次冇小禮物🎁⋯⋯
5,罐頭有湯汁，貓貓鍾意食
5,我用過好多款貓砂，我覺得最好用係呢一款，原因係冇乜粉碎嘅貓砂同埋凝結唔錯又有香味，可以蓋得住便便嘅味道因為係幼砂所以耐用，超讚👍🏻
5,粉塵比較少，試咗好多隻豆腐沙呢隻係最好的，CP值高，價錢合理。
5,"100分，唔痴底，勁吸味，低粉塵
真係我買過性價比最高
一定會keep住買

利申：屋企三隻老闆"
5,趕唔切返屋企收貨，多謝送貨先生幫我又留言又影相確保貨品安全，最緊要係送之前都留低準確時間，真係好穩妥
5,有拖把但乾濕紙都冇貨，討厭~~~~~~~~~~
5,質量不錯，送來一箱3袋有2袋不是真空，但是也沒破損，整體外觀也十分整潔，已多次回購。
5,"巳經固購好多次,價錢抵,味道正常,無粉層而且之前用過其他牌子沖廁所要沖幾次,依款一次就搞掂"
5,好好用，果然係日本製造
5,裝拆都方便，適合啲唔鍾意長期有枝嘢棟係到嘅屋企用。不過黐力麻麻，長頭髮黐唔幾到，但係屋企地下最多就係頭髮，哈哈
5,嗶，她們將所有責任推曬比原廠，有冇搞錯，佢哋係buyer竟然唔知D貨真正size，根本就是欺騙我們消費者，咁就以為可以順水推舟，如果沒有打開個盒放在你們HKTVmall 公司個張相又係點來，呢間公司係咪又用你們公司平台去賣有問題的貨，所有做母親都知道買bb車是計算坐位高度，用來分開地與bb相隔的距離，他們公司&#40;The one baby&#41;咁專業，有很多baby產品賣，單是bb車就不只一款，沒有理由相信個個款都沒有打開個盒睇而入貨，入錯貨後就將責任推卸，沒有如實報道真正尺寸，我一定去消委會投訴佢哋，太離譜
5,"非常好用,底部是軟膠的，頭髮塵埃更加容易黏附"
5,用開，今次第一次網上買，價錢合理，非常好！會繼續幫襯。
5,原裝正貨，產品包裝優良，好適合幼貓，會再次回購
5,貓貓非常喜歡，下次會再回購！
5,"換購價買，所以覺得掋！
貓咪好靚d 相！"
5,我家主子只用呢隻貓沙👍👍👍
5,"等了很久終於有貨返！！!
此牌子是我用過的木砂分解得最好和最吸臭，可能其他貓奴覺得冲落厠所有塞去水的情況，其實只要撥砂的時候按一下冲水，邊按邊倒不要一次過全部倒傾倒落厠所才沖水，便不會有這樣的情況發生。
"
5,好用，屋企仔女瞓晒先有時間搞清潔，吸塵機怕嘈醒佢地，用紙拖把最好靜靜地，配濕巾用仲好啦快靚正...但聽聞長期冇貨
5,配埋除塵紙一齊買，算輕身，方便好用
5,吸水力好，少粉塵，好用。$200／3包👍
5,原箱送貨~貓砂包裝整齊整潔~十分滿意~價格比超市便宜~有需要時會回購~
5,不斷回購，貓吵完整，沒有碎粉
5,"回購 超抵用
依款係雙層廁所專用 會變粉跌落下一層 要連尿墊掉垃圾筒
唔可以掉廁所 都唔會結一舊"
5,猫猫喜歡，價廉，當然會介紹朋友買
5,貓貓從細食呢個牌子，非常好！
5,"包裝完整，玄霜三包
但今次收到嘅課袋上面嘅字，竟然係俄羅斯文"
5,雖然MIC 但好用 砂重少帶出砂兜
5,用咗幾個月才比評，貓砂凝結力很好，沒有其他貓砂那種刺鼻味，仲可以沖落廁所，方便，貓鏟一沖水就乾淨唔會黐住啲砂。好用👍🏻
5,多次回購，方便好用，市場上少有商品👍🏻👍🏻👍🏻
5,好用，特價77元一包即馬上回購
5,用開，好用，特格買多幾包平，靚，正
5,2隻貓貓都鍾意食，仲好快清碟👍🏻
5,多次回購，包裝密實，貨品企理，今次仲有貓咪禮物，開心 。
5,罐頭包庄很好，完整無缺的，繼續回購。
5,"1.5mm好容易帶出貓砂盆以外
我另外有試埋3mm，希望可以仲方便清潔
原味係有種牛奶味，貓砂用耐左都冇乜異味
比大家參考下兩款大小"
5,吸味除臭也非常理常的一“款木砂，吸濕後木粒自行硼解跌落下層砂盤非常容易清理，因家中是多孩家族，我會底盤放二塊尿墊，濕了便換掉，這個方法，就算是室內這麼熱的天氣，是可以完全沒有難聞的尿味散發出來。
5,已經多次回購！貓主子方便完後，可直接倒入廁所沖走！
5,比起市面舖頭平，出面至少要$18一條，呢度$10.5 真係超抵，大量入購都無所謂！
5,分分鐘有用過dyson!
5,"主子食開, 會繼續食, 已多次回購 👍🏻"
5,已回購了一次，貓貓們很喜歡😍
5,貓貓最喜歡這味道，已多次回購，品質有保證
5,"貓沙最緊要送貨,價錢非常合理,會長期回購"
5,貓貓鍾意食，回購多次。
5,特價購買，有點可惜没有真空包裝
5,好易用，又輕 質量都唔錯
5,已經回賺N次，我家的喵星人用的，牠對此產品無敏感。
5,如果有2kg就更加好。貓咪食開。
5,原箱送來，今次雖3包雖不真空，但是也沒破裂和漏，包装也很乾淨。
5,4件貨品也優質，有效期長👍送的2包濕糧，貓咪喜歡食，可以多一款糧食選擇😋
5,貓貓一直是吃這個，價錢優惠就回購
5,"貓貓平時食開kakato,最愛食呢個雙魚罐🫶🏻保護包裝做得好好！"
5,剛送來貓咪就立刻來聞下 感覺他會很喜歡
5,好大包！正呀！價錢合理，用個紙盒同我pack 好啲罐同乾糧，仲送咗小玩具🥰謝謝！
5,主子愛吃，已回購多次.
5,我家小朋友喜歡食，平時我買10kg今次買2kg係方便攞去酒店給她們食。
5,貓糧咁重，有送貨就最方便，價錢合理
5,未知貓貓中唔中意食 送左好多贈品
5,很好…20年4月先到期…包裝完好冇缺
5,很好…下年先到期…特别再購…貓B愛吃
5,第五次回購，現時品質ok
5,主子一直用開！特價時更抵！
5,"見標題~粗粒&#40;3.0&#41;以為係比我用緊&#40;2.0&#41;粗啲、原來差唔多
希望今次唔好再令我失望、上次質量已經偏差多粉層、又易散
 ~未用、呢度應該加個功能就係...用後再加評論就更好"
5,"超驚喜呀！買咗一包糧送咗4份贈品！主子一開箱就知係佢嘅，即咬咗包走^^’不停係咁叫我開比佢食:D
另外，送個罐罐一開就聞到勁香👍🏻"
5,送的零食贈品很合用，好過送罐頭或乾糧嗰啲唔一定啱食。
5,是猫的主食，牠十分喜歡吃，方便衛生
5,流浪猫媽及猫B好喜歡吃
5,255再85折好抵，兩位主子食開，小玩具兩個都好鍾意
5,貓貓勁鐘意食Canagan罐頭
5,多次回購，請問幾時有貨？😁😁
5,Good product. Plus 店舖好有心，送了Ciao snacks 給貓貓，謝謝。
5,"我覺得價格合理 , 而且比起超市, 其他網店仲平 , 會多 d 光顧"
5,"亁爽，容易清理
強烈推介
已經多次回購"
5,多次回購，好用，吸水強
5,"包裝良好, 未開黎食住"
5,"貓貓喜歡食, 價錢可接受"
5,"喜愛
幾好
会， 因為價廉物美"
5,兩隻狗狗都好鍾意食，每次食大概十分鐘，而且獨立包裝很方便，已經再次回購
5,貓咪十分喜歡！引貓咪飲多D水
5,我家2隻小可愛非常喜歡，每餐必加之湯飲，為佢哋補充多啲水份
5,"貓貓喜愛
少粉，冇碎，好用"
5,綠茶味可以遮蓋到便便D味
5,物質良好，又有送CIAO 醬醬，送貨快速又有禮
5,一直用開，有肉泥送好抵
5,貓咪們很喜歡吃，所以隻隻都好大隻及健康。
5,"比流浪貓bb食，貓貓鍾意食，營養好啲，大個會健康d,而且GVIP再九五折，仲要係香港代理行貨，買得安心。"
5,貓貓很喜歡吃這一款乾糧會繼續再次回購
5,主子喜歡罐罐，但今次送貨有好多罐凹咗😞，希望可以注意下！
5,布偶食咗 肚子一直好好
5,優惠價買黎試下，算幾平
5,已經多次購買，店主好窩心，送小食同玩具比貓貓😉
5,不用多說，就我家主子喜歡食。👍
5,之前買5lb 的都有密封拉鍊封口，11lb裝的反而没有，這件事太反智了吧。請跟廠商反影一下
5,貓貓食開既罐頭，會即刻食晒
5,"買夠12罐仲有9折，比市面更平。
貓咪很愛吃！"
5,有木天蓼小禮物送主子鐘意
5,Good，淡味，少粉塵
5,訂購好多年，會繼續使用！
5,因為貓貓鍾意食，所以繼續買。
5,用了好耐，會再次購買！
5,這款乾糧之前買過幾間不同的寵物店，品質都是不太好，粒粒都是不太完整，還有很多碎粉，唯獨這一間，真是粒粒都非常完整飽滿，貓貓很喜歡吃，已購買了2次，品質都是一樣的好，希望可以keep住品質，會繼續回購
5,一直都用這個牌子，吸力超好👍🏻
5,"貨品好用,但價格稍貴。"
5,吸水力好，有綠茶香味，價錢合理。
5,我叼嘴的貓，只把這款湯飲乾
5,我隻貓最挑食，就喜歡吃這款湯包
5,主子鐘意食。多謝店主的窩心小禮物
5,之前已多次回購，今次特價，十分抵買！
5,一直聽朋友講話好用… 等我又試吓先，不過剛換新的，貓貓還沒使用。
5,"剛收到貨，才知道商戶電腦編印錯將2Kgs 編印為 4Kgs, 所以現在收到商戶兩包2Kgs貓乾，很窩心呢！ 祝 貓犬工房 好生意 貨如輪轉。 往後日子我家主子會是你的長期客戶"
5,主人外出，都可以放心俾狗狗，因為耐咬，而且係火雞條，營養價值高，係性價比高的零食。
5,包裝好好，攞到手全新咁。
5,"狗狗食到個碗好乾淨😆
希望做多啲優惠！"
5,狗狗很喜歡!已多次回購!
5,👍🏻貓咪喜歡，巳多次回購
5,"good, 狗狗喜歡吃 🐶"
5,一直行用開。但幾d一年砂裡多咗好多粉狀！
5,貓咪喜歡吃，相對其他產品，性價比高。
5,比較便宜 會一直購買 已多次回購
5,兩隻狗仔好鍾意食 🐶🐶，若有更大優惠更好。
5,用紙箱妥當包好！紙箱內還用了硬紙皮加固！非常滿意！謝謝贈品！
5,久不久就回購。比超市便宜。
5,此款魚湯係我家2隻小可愛的每餐必備的湯水👍🏻
5,已多次回購，平、靚、正！包裝良好！
5,疫情下能準時送貨，送貨員好有禮貌。
5,包裝很好的，貓糧都好的，第一次買送涷乾，貓很鐘意食，第二次買4包沒送涷乾，不知道是否已送哂了？
5,"我五只貓長期使用
同時推介給其他奴才使用"
5,已回購，真心好， 會推薦大家試
5,"回購產品,貓鐘意食。包裝完整。
感滿意。
vip day買有95折,平得$1得$1,好。"
5,一直支持 all about pets，幫襯左幾年都冇事！
5,一路都用開N1，一路都無異味，無其他奇怪問題，今次都繼續買，支持商家👍
5,非常常好，每次都回購，上期客仔😁
5,Petkit水機，唔買唔得
5,"未用, 但好多仲話好, 特價買定"
5,之前係百佳買，見All About Pets有賣又平，所以買，抵好多，而且品質完全一樣，以後會繼續支持
5,試試其他口味，狗狗很喜歡
5,用來撈飯給狗狗吃🐶🐶，兩隻都好鍾意。若有多些折扣優惠更好 🥹
5,貓咪們喜愛此砂，吸力好，吸味優良。
5,訂購三包原箱送貨仲有折扣，會再次回購👍🏻
5,好正 貓貓每次都吃得乾乾淨淨👍👍👍&#40; 可惜， 每次的贈品小食都同一款， 貓貓完全不吃😞 太浪費了&#41;
5,4隻貓都鍾意食，一直有回購
5,"第二次購買
兩次都有小禮物送"
5,好用，貓貓終於識去廁所😭
5,常回購，比超市便宜，方便又有送貨👍🏻👍🏻👍🏻
5,綠茶味係眾多味道入面最好 買佐2包都有盒送到
5,回購再回購 哩個最好用！
5,多次回購，包裝良好。標籤亦好明確。開咗兩包都好完整👍🏻
5,十分好用，已經買咗好多次
5,送貨員做足一切，態度也親切
5,"以前用開的牌子加咗價, 轉用呢隻一段時間, 都ok"
5,貓貓非常喜歡的健康食材
5,好厚又快速吸水，改善主子氣味問題
5,"大小貓貓轉用緊, 氣味剛剛好, 粉塵少, 比其他商店平, 所以會再回購！"
5,綠茶味清新，品質良好。
5,已多次回購 可見有幾好用😬
5,兩隻味都有用開 味道唔錯 冇乜粉塵，貓貓也沒有敏感！
5,貓貓很喜愛，食品有足夠食用日期，購買方便，送貨快捷，一定會再買
5,Cp值高，回再回購及推介
5,大埔大元村員工服務態度友善和有耐心，每次幫助本人（長者）在網上售後的服務，感激不盡。
5,一直有用它，吸塵好，最重要是價格比商店便宜。
5,一直買開，已經是再次回購。今次有特價更抵，且不用自己去托回家，直送到門口。
5,有驚喜！好好用！好過3乜乜M。啲塵真係痴實矖！會回購
5,之前用過好多貓砂都吸唔切，痴到成個貓pat pat都係貓砂。呢隻暫時係用過既貓砂中最好，吸水力好
5,開罐眼望入面雞肉絲好靚，好香，主子喜歡。
5,多次回購，味道香，貓貓大愛。
5,用開隻豆腐砂已缺貨一段時間，屋企存貨用完，睇咗呢隻嘅評價，買嚟試下，打開包裝發覺同用開嘅一樣，售價N1較平，現溝砂中，如主子接受，就轉用，唯一缺點是没有真空，不敢放太多存貨，幸好容易購買。
5,"😺😺至愛, 回購多次."
5,"包裝好, 貨品正 10蚊包 貓貓很愛吃"
5,的確唔錯👍🏻可以吸到塵同頭髮，值得購買
5,"😺😺至愛, 回購多次. "
5,一向用開，好好用！方便！
5,除塵紙淨係會用呢個牌子！
5,"好過乜M, 吸麈力强好多"
5,"營養價值高
貓咪體重一下子上來
但是不適合腸胃敏感的小貓咪
因為會分解不了高的蛋白質
然後會肚瀉
或有血便"
5,"之前試過好多濕糧, 但我家主子都係唔食,  搞到便便好硬，終於試到呢款罐罐,  我家主子非常喜歡，就連乾糧都唔食，依家便便好靚, 而且尿尿都多。"
5,經常回購 只因主子暫時淨係肯食哩隻 試過同牌子其他口味又或者其他牌子都係聞下就走開😑
5,"包裝已有改善，今次罐頭冇凹，希望繼續保持。
good. "
5,"最平試過9蚊 今次promotion 都ok
主子最中意食"
5,76蚊半價買入 抵呀 
5,吸附力很好，頭髮塵埃一掃已乾淨。
5,猫星人去得好爽，已多次回購
5,亞B喜歡，會繼續回購。
5,比竉物店平好多。性價比高。
5,用開。因為產品有些格格凹凸紋，比起十蚊八蚊嘅除塵紙清潔更乾淨
5,貓keep住食，希望長期做特價
5,Very good!一向用開，我認為是最好的除塵紙。
5,"毛孩一直食開 今次優惠價一口氣買3包
希望可以繼續有優惠"
5,罐罐包庒整潔完整無缺，繼續回購。
5,比3M更好用 一直回購
5,罐罐包压整潔，完整無缺。繼續回購。
5,產品很好，比寵物店平少少
5,一直都有用開 水蜜桃味好用過咖啡味
5,滿滿的雞肉！貓貓很喜歡吃！包裝得很好，沒有損壞。
5,保持真空包裝，慳地方。見低價就買，厘隻最好用，唔會再轉
5,一直都在王維基綱店買貓咪用品，我家有3⃣️只小貓咪，這款貓砂做特價的時候我買了9包，真的是物美價廉啦，對比其它款的，我偏愛這款的綠茶和水蜜桃味！好用會繼續來買，送貨也超級超級快，禮拜四下單，禮拜六就收到了！真心贊一個！
5,第一次購買試用，剛剛將原味和水蜜桃味混合日，另加入少量之前用開的貓沙，希望貓咪能接受
5,用開，最好用都係呢隻牌子
5,底底底～超底價 一定要買🤭🤭🤭
5,隻貓淨係食呢隻罐罐 我加大半罐水
5,訂購好多年了，會繼續使用！
5,快靚正，但點解星期三購物沒92折？
5,5蚊包俾我隻死野做宵夜點都平過好過任何乾糧。
5,貓貓食開，很喜歡食，可見到一塊塊吞拿魚，品質優良，會再次回購！
5,"現價比較ok, 品質算好。"
5,"貓貓愛食
價錢多做優惠會多點回購"
5,貨品質量包裝妥當良好，收件點服務有禮熱誠
5,好用。不斷回購之產品。
5,👍毛孩很喜歡吃，而且平靚正
5,吸水還算可以，粉塵也不算太多，這個價格都算抵。80分。
5,5蚊再回購，今日睇巳正價
5,N1 係最好嘅豆腐貓砂，用後可以即刻喺廁所沖走，又可以冚到啲味，用過就知比其他品牌有好大分別，而且價錢唔貴，相當合理。
5,貓貓💩真係好鬼臭，尼隻貓砂解決到尼個問題，已經回購好多次😺
5,抵用👍🏻只係雲呢拿味比較重咗少少😅😅😅
5,第一次試用，雖然很多朋友說水蜜桃味很「特別」，稍後使用再看看。
5,真正日本貨。。包裝十分整潔安全。。咁重完全冇爛。。辛苦晒送貨同事🙏🙏
5,抵，貓貓同狗狗都咗鐘意食
5,狗狗食咗之後，精神好咗好多，差不多冇晒氣喘
5,講乜都假，最緊要係貓大少鍾意食！1
5,送貨員 好有禮貌 相當合作 有效率
5,已經訂了好多次，會繼續支持
5,用開好用，可以吸到好多塵及頭髮，今次買滿$60有保鮮袋送。好滿意。
5,比其他品牌好用，已多次回購
5,$99 特價 冇位擺都忍唔住買番包 不嬲買開玉米味，估唔到水蜜桃味都幾好
5,品質唔錯，第三次購買了。
5,狗狗間中混乾糧食，狗狗大愛
5,比較過各品牌，個人認為佢最好。
5,用過，回購多次，見特價$80即入
5,蜜桃味豆腐砂吸味佳。原味、綠茶味都試過，還是桃味吸味效果較佳，而且豆腐砂的價錢尚可接受。HKTVMall的自攜點也近家裡，單買唔送貨也不怕太重，會繼續購買。
5,好用！綠茶香味！一直回購
5,家居多年用開， 回購。
5,我貓咪🐱用開幾好唔臭👍👍
5,我家主子用開，是回購。
5,貓咪一向食用這一隻牌子
5,全部都真空包裝！好用！
5,3包優惠價+VIP優惠，平均每包$85.5，抵呀！送貨效率又高
5,貓貓很喜歡呢個口味。下次會再回購。
5,價錢合理 吸水功能好 都幾厚
5,$80@一包，買得好開心
5,"我会推薦其它人,使用妳們的服務"
5,我家猫猫好喜歡吃這一欵，以回購好多次
5,已多次回購，好用吸到味，特價$88包好抵
5,狗狗喜愛食、長期有服用、會長期回購、
5,"好,長期䝭。買都是99元,这次贵了。"
5,多次回購~ 家中老犬好喜歡
5,這次買的很好綠茶味很清香凝固力很好冇咩粉塵
5,優惠買先$90一包，抵！
5,"貓貓一向鍾意食. 
見價錢抵買,一次買10包."
5,我的貓貓好鍾意食，希望價格可以便宜一些，因為我家有四隻貓貓，一隻貓貓每天吃兩罐，還有我這次買了罐頭食物24罐但是沒有禮物。
5,＄13.5 2隻貓都食
5,比其他味道要好，容易成團。
5,$85 一包，沒有最低只有更低！
5,"貓咪好鐘意,已回購N次"
5,好多雞肉絲 質量唔錯，貓咪喜歡
5,貓貓們鐘意食吞拿魚味，已多次回購都冇問題。
5,主子一向食開此牌子的魚罐頭。
5,$99 一包價錢實惠，雖然不是最低的價格
5,再次購買，還是一如既往的好。值得分享推介。👍👍👍
5,Xmas 優惠！ 正 ！
5,$90抵用，但留醫是綠茶味
5,綠茶氣味好好聞，吸臭力強。吸水能力良好，砂粒無咁容易散開成幼粉，大大減低塵埃。
5,小狗很喜歡吃，細細粒方便進食
5,主子十分揀擇，只會食這一牌子及這一款罐頭食料。
5,狗狗喜歡吃，加喺狗糧度食得開心😋
5,產品好好，夠厚，這價錢非常超值，但沒有加一層包裝保護貨品，導致本身包裝袋有破損，請留意
5,"好着數 已經買左好多次 唔起粉塵 遇水好易吸收 
多埋幾包又再抵啲 應該係貓砂中最抵買"
5,減價嘅時候買好抵，狗狗鍾意
5,"主子喜歡。
有信心、made in NZ"
5,好底，$85 一包立即買。
5,吸水力好，$99包抵用。
5,"一直用開, 已多次回購, 品質好, 黏塵力強, 其他牌子無得比."
5,尿墊厚度滿意，而且價錢相宜
5,"狗狗好喜歡,我一定再回購

"
5,"我已經多次回購了,狗狗非常喜歡吃"
5,貓貓鐘意，又健康，價錢優惠，讚。
5,幾好用，用左好多年.. 
5,"我貓十分嘴刁，這是少數肯食的零食。
包裝註明 Made in New Zealand，品質比較放心。已多次回購。"
5,沒有多餘包裝，品質好，會繼續回購
5,"之前食開2號babycat糧，適應良好。剛剛轉kitten糧試下。
昨天再有折，抵買。
到期日是2025年6月。"
5,"主子喜歡，每日早、晚
必吃的小食，但會變肥仔，要小心分量"
5,狗狗喜歡！價錢非常合理！每月回購產品👍
5,無添加，可以安心給貓貓作健康小食。
5,一個小食，我貓貓鍾意食。會重買
5,夠厚，吸水強，會再回購
5,"主子喜歡加上係天然食材，趁減價未完先回購一批。貨物完整但奈何外包裝紙箱完全濕透，送貨哥哥說因為下了一場大大雨，本來也擔心裏面的貨品受到影響，幸好每包都是獨立的厚身密實膠袋包裝，所以完全沒有影響，但可憐的紙箱實在濕透了。
此批次到期日為10/2026， 可以放心購買。"
5,貓貓好鍾意，已經回購咗3次
5,一向用開此牌子，非常滿意。
5,貓貓鐘意食，每日都要食，否則唔放過我地。
5,Good! 已回購多次
5,199/2包 好抵呀 仲要係VIP日買
5,超好用，我只會用哩個牌子
5,好用， 平靚正， 唯一缺點， 粉塵較多
5,呢隻好用過粗粒，可惜包裝有時會有問題，啤口好易爆開
5,自己試食，味道唔錯！ 貓咪都好鍾意！
5,"$47/包，十分抵用
不過呢款有花紋，唔係純白色
好彩狗狗都肯用"
5,比其他店舖平直30%，讚
5,"包裝好, 送貨準時又有禮"
5,"已回購多次, good"
5,抹塵除塵的功效比其他品牌好
5,除塵力強，雖然比其他牌子貴啲，都值得使用
5,一直有用開，很好很吸味！
5,消息力強，氣味不刺鼻。不傷皮膚。
5,好彩有HKTVmall，我先可以響疫情下，仍可以足不出戶購買抗疫用品、家居日用品同埋寵物日用物，唔駛出去逼、出去排、出去撲，一流。👍🏼
5,團結得好好，真心好用！
5,因為好多好評，故此一試。試過的確好用，吸水快，易鏟，有香香豆腐味，夠大包，讚！
5,好用，吸臭能力高，$95好抵
5,冇乜粉塵，味道都幾好，平靚正。
5,有做優惠價$99買，抵買，常補課
5,已回購多次，品質優良，還有小禮物給我家貓咪玩🥰🥰
5,多次回購，主子好鐘意食
5,已經購買多次，價格平又不需要自己提回家，非常滿意！
5,第一次用呢隻砂，$77好抵，真空包裝，粒粒分明冇粉，會再回購
5,平時嘴刁個隻都好愛🤭🤭🤭
5,已多次回購 最平係呢度
5,"包裝嚴謹精美, 價錢又平, 代表貓咪講句多謝"
5,送到嚟真空狀態 good
5,原箱送貨，送貨員有禮貌
5,貓貓食開，好鍾意😉😍。
5,貓貓鍾意食 包裝幾好 已經多次回購
5,今次只有一罐輕微撞凹，可以接受～
5,$77 一包，歷史新低。多次回購，送貨到家非常方便
5,"此間品質有保證，夠厚不過底！

試過於另外商店訂購此品牌尿墊，質量差異，時厚時薄，薄會漏尿"
5,回購了幾次，依然良好。今次送的雞肉小食貓很喜愛°
5,貓貓favourite
5,已多次回購，價格實惠，滿意
5,一直用開，襯特價就回購
5,"謝謝店家Simplyit。
送我一包小食「凍乾紅莓雞肉餅」。狗狗喜歡一次過吃光🥳"
5,在HKTVMALL已回購幾次，屋企必備，到貨快，包装好👍
5,平時都用開今次特價實在太抵
5,持續購買消毒，重點是對人體無害
5,今次試用綠茶味看看！之前水蜜桃味都不錯！
5,好用! Set裝購買算係比較平
5,貓貓🐱喜歡，包裝良好，有信譽的店舖👍🏻👍🏻
5,"本身做99,VIP日仲有折, 抵買"
5,這款貓砂我一直在用，我家有3⃣️只小貓咪，目前是最好用的一款貓砂，趁做特價的時候我買了9包（85一包）哈，現在王維基綱上購物超級方便，送貨上門服務?東西真係物美價廉呀，有特價會繼續買的！感謝?
5,我家狗狗非常喜歡食👍🏻👍🏻
5,回購幾轉了，今次仲88蚊包好抵買！
5,已回購多次，包裝質地良好
5,貓仔食開，十分喜歡，成份也很健康。
5,今日早上訂，今晚就送到！👍送貨先生也好，他很有禮貌！
5,非常好用，已回購幾次。
5,各方面都很好會繼續使用HKTVmall
5,細細粒容易餵食，貓咪很喜歡吃。
5,貓貓愛吃，已多次回購，品質優良！
5,very good！特價$99包已多次訂購了^^
5,"一直用開, 今次比出面平."
5,超好用，三隻貓一包都用到一個月
5,貓砂質素佳，更難得的是送貨員很貼心，疫情期間都送到我門口，好感動，謝謝你們的送貨員，一定會再回購，祝福好人一生平安💛
5,貓貓愛吃🤤，包裝良好，食得安心👍🏼
5,好用，噴狗狗小疹粒好快消失。
5,來貨完好 完全冇漏氣👍🏻
5,11.11 得呢個同埋 AirPods 最抵「搶」， 可惜這些機會不是屬於我的，畀老婆鬧手殘... HKTVmall 下次可唔可以畀多 D 出嚟人哋「搶」，得10 盒太少 la !!! 
5,猫猫好鐘意食，非常好👍
5,"產品優質 商家包裝很仔細 盒子上層加了一片紙板 保證打開盒子的時候不會割破產品包裝 
保質期都到2025年5月 👍 會再回購"
5,"雖然沒了抽真空效果, 質量還是好的"
5,已回購多次，包裝和品質也良好，有小禮物，謝謝🥰
5,"好用,$90包, 好抵"
5,用開，真空包裝，會再回購
5,已經回購多次，重點係我嘅主子好鍾小姐
5,包裝良好，送左小玩具加醬醬，good!
5,呢個牌子已經多次回購，值得回購
5,狗狗好鍾意，4包真係好抵！
5,買開呢隻牌子，都唔錯。深海魚呢罐好似水份比其他多d。
5,真空包裝，送貨員有禮貌
5,本身要買豆腐味，結果....主子以前不喜歡綠茶的，但沒想到現在只用綠式，隔離的原味豆腐竟然再無入過去hhaaaahhha
5,$80特價便宜，一直用開，品質保證
5,"一向用開，等特價買$77包,扺"
5,Good特價低，會再次回購。
5,超抵食，2個寶貝都好中意食。
5,已用了幾支，不損皮膚及衣物，非常好！
5,好用，主子喜愛，雙11$85，勁抵
5,家中毛孩很喜歡，第二次回購
5,"產品ok, 如果能直送澳門更好。"
5,使用超過5年歷史，品質能持續保持👍
5,我家貓貓喜歡吃，會再次回購
5,"$80，價格便宜，
貨品品質佳，用了十多年"
5,綠茶味好香 貓貓好鍾意
5,用開，好用。85折抵用
5,"母子貓貓都喜愛,已經買了幾包了。"
5,"送嘅，仲要係made in nz, 好放心。貓貓好鍾意食 👍🏻👍🏻👍🏻"
5,正?每箱皆附送一支貓逗棒
5,1包已漏氣，1包還未漏，包裝還好，買開，九十幾元，抵用。
5,"VIP+優惠價
包裝方便 有密實封條
凍乾比較硬身 用手捏碎片溝乾糧
兩隻貓都鍾意食
會回購"
5,優惠價$80，星期四還有5%優惠，好抵。
5,比我買開的竉物店便宜多了
5,第一次買，如好用會再買
5,用了它清理砂盆時沒起沙塵，雖然砂細，也可將尿尿和便便覆蓋得好好，所以每當有優惠時都會入貨。
5,吸味吸得好好，$80 抵
5,吸味好，唔算大塵，又底用，回購多次
5,貨就用開好好，但送貨安排就認真垃圾。鐘意改期就改期，HKTVmall 好肯野！
5,買開，幾好用，會再回購
5,貓貓非常喜歡吃，已回購多次
5,用開，吸力好唔會有好多塵粉，同埋比較掩蓋到臭味。
5,"很香, 很好, 只是我的貓貓不吃"
5,貓咪+流浪貓咪都喜歡吃。
5,用得佢地啲沙，呢張墊真係無得慳
5,"$30包抵食, 出面店舖好難買到"
5,貓咪鍾意食，若多做特價優惠更好
5,狗狗喜歡吃，方便健康。
5,超值，收貨罐無凹陷，貓貓一向食開做零食罐
5,朋友介紹這個好用，所以試下。不時會Keep住幫襯hktvmall，因為售後同送貨服務做得幾好，要多多支持本地優質網購！
5,望子用開，$99包抵用
5,"平靚正 折實$77 平過出面
用開 好用👍🏼"
5,用開。價錢好抵又好用。
5,好好用！已回購多次了！
5,回購多次，喵喵 non stop eating 
5,狗兒十分喜愛，有芝士味。
5,貓咪喜歡吃，今次優惠買了20幾包
5,抵用嘅貓砂。如果能夠出無香味。或味道較淡就更好。
5,我隻貓係煩膠，好多零食（例如鴨肝，魚乾，三文魚粒等等）都唔鍾意，但哩隻可以，😮‍💨
5,好用，一隻貓可用一星期，無乜尿味！已回購多次
5,好用，回購了多次，今次$85超低，還有95拆，低、低、低！
5,吸味又好用，有減價當然要再次入貨?
5,今日送貨遲咗，仲冇任何訊息通知，以為不能送到。后來送貨員很好，有送貨到家。要加班工作.！
5,包裝很好， 店主亦好窩心送上小禮物
5,N1好用，呢度價錢又平
5,一向狗狗食開，在外面店買是細包的，這裏買價格平好多。
5,"我家小狗超喜愛這款零食
天然無添加👍
抵買品質又好
100分"
5,"我兩隻貓鬼咁中意食... 搞到我要成日再買.. 係好味, 不過有D貴左... &gt;.&lt;"""
5,N1 天然貓砂平靚正，多次回購，抵讃！另外，借位用一下：同一張訂單有Ocean One seance Beauty Q10 day cream 問題，收貨時，內保護膜已被撕開。出電郵聯絡客服，幾日都冇回覆，不了了之。 不退款算了，至少可唔可以注意一下問題，比個回覆我？
5,好用夠平。買左兩包，其中一包好碎，另一包ok
5,我上星期四訂咗貨$535，有冇95折
5,"非常吸味, 2位主子一星期要用兩片"
5,用開，貓砂盆味道少了很多👍
5,真係有用，如果有咖啡味就好
5,清新，清洗貓砂時留意，呢D珠濕大量水會變軟成紙球狀
5,貓咪用後愛上，轉不到其他品牌
5,貓貓好鍾意， 我會推薦給其他人
5,同事極好人提醒包裹較重
5,雖然貴啲但好用過另一牌子Iris，買多啲可以慳多啲。
5,品質優良，貓咪至愛罐頭食物
5,還是這個好用，無限回購，容易節團，底部沒那麼多碎渣
5,$80 1 包買到，仲想點。😁
5,第一次買，未知貓咪鐘唔鐘意，包裝得好，望落好似唔大塵，希望好用$110/4
5,養咁多年貓都係用呢隻，正貨，價抵。
5,用了多年，吸水能力高，亦能除臭，性價比高👍🏼
5,少塵，但如果多做特價就好。買嗰陣$120/4包，之前$100/4冇貨買唔到
5,"貨品完好無缺, 好滿意"
5,尿墊照指示用一星期都冇滲漏冇臭味，好用吖！
5,送貨員非常有禮貌，值得加許，令我多次向貴公司購物
5,已經是多次回購，一段做用是不錯的選擇！值得推薦。
5,好用，易團成一舊，不會很碎
5,"一直用開N1,3種味都輪住買"
5,"幾好幾方便送上門
同平時出去買嗰d一模一樣
仲送咗個潔齒餅"
5,今次第一次訂購2.0綠茶貓砂，貓貓非常鍾意，正貨，包裝良好
5,已經係常客，品質好，包裝亦好，會繼續回購
5,要等特價時，90蚊先買
5,真行貨，唔係網上特別價「其他國家」水貨
5,特價$80包，用左呢款貓砂幾年
5,用開。超級好用。減價好扺。
5,價錢合理，如有其他幼貓乾糧試食裝可以贈送會更好
5,"貓貓十分喜愛, 經常回購, 性價比高"
5,"食用期限： 2024年2月
不錯
幾好"
5,貓咪好鐘意，好香，遮到貓便便嘅味
5,產品不錯👍又吸到味，價格有時都有優惠
5,"價格波幅太多，一時80一時95,好無良，超過80蚊根本唔值呢個價。"
5,一路用開，曾經用過多種牌子，但不滿意係呢隻比較好
5,"準時送貨,  送前也有通知"
5,"氣味良好
貓貓用得十分滿意"
5,用開，貓貓喜歡，已多次回購，暫時GVIP$94最平
5,我的貓貓非常愛這產品，大小二便都唔會太多臭味，所以時常都會購買此產品，不會轉其他牌子。
5,凝結能力好，綠茶味有助於吸臭味，不過時間長了也會碎，一般每週換新砂會好滴
5,有淡淡綠茶香味！可清除貓砂異味！價錢合理，會再次回購
5,貓貓好鍾意食，經常回購。
5,"已經買了很多回, 會再回購"
5,多次回購，有味貓砂能阻隔貓咪尿尿味，推！
5,好用又不用自己搬，送貨員👍🏻
5,買開，麻麻哋抵， $95或以下我都會入定多啲，最好星期四九五折啦，大家參考吓
5,主子一直用佢，非常好用。特價時候平過寵物店
5,味道有啲似殼物早餐，甜甜哋，比紙砂吸味，貓貓喜愛，好襟用。
5,"貓貓中意, 價錢又唔貴, 用完再買"
5,一直用開，辟到味，唔錯。綠茶味比較清香唔俗，桃味太濃了！
5,綠茶氣味芬芳，吸水力強，環保又好用
5,換咗貓砂，貓咪起初唔肯用，要兩溝先肯用。
5,一直都在用，少粉塵有淡淡的綠茶香味
5,貨品齊全，送貨員準時及有禮貌，下次會再購買。
5,"起團好，沒粉塵， 還有清香豆腐味， 40元再vip95折,好扺買，如果再減價再多回購"
5,品質優良，會再次回購。謝謝店主送贈「逗貓捧」，貓貓喜歡玩。
5,狗狗很喜歡，每天都吃。品質好，衛生。多次回購。
5,已經買過3.4次先來評價，每次買質量都好好，包裝冇問題，試過係寵物店買到入面啲糧好碎好粉，根本食唔到，呢到買過幾次都冇呢個問題，糧好乾爽，食到底先有少量碎左既糧，我覺得係正常可以接受
5,"幾隻貓貓都愛吃，而且唔鹹（我親自試食＾_＾）
包裝亦可以"
5,"多謝店主小禮物
我狗狗很喜愛食你家的鴨肉"
5,很好用，很吸味，會繼續使用！
5,應該1800-2100到，一直都冇電話，最後2200先到，黎之前都係電話都冇個
5,"2027才到期,包括得很好"
5,$99特價買抵用，包裝完整
5,4款貓咪都食曬，便便都靚
5,"用過唔錯質地幾好今次再買冇乜粉塵淡淡綠茶香
"
5,寵物折扣日加上特價，非常實惠，送貨職員態度很好，包裝完好沒有破，只是沒原箱，也沒有所謂。
5,未用，送貨來時包裝完好
5,"產品質素不錯,粉塵少, 味道好聞
"
5,已多次回購“貓犬工房”，次次買幾十款罐罐&#40;每款兩罐三罐&#41;呢間店都執貨十分準確又唔會跌到Ｄ罐崩哂！今次專登花時間響每款貨品留下正評，非常推薦呢間店～！也感謝小店支持領養流浪動物～香港人加油啊！
5,貓貓鐘意食，馬上回購。👍🏻
5,貓咪喜歡這款貓砂，味道不錯很舒服，100%遮蓋貓咪的大小便氣味，性價比高，今次是第一次用，用完將會回購。
5,我的貓皇非常喜歡食👍👍👍
5,我家三隻貓都喜歡食Mon Petit貓罐頭，所以我每星期都會買。
5,已用多年品質優良👍送貨員有禮態度👍，每次起碼購6 －7包，希望每次購物不需加收運送附加費
5,"好用，可除臭，教較小塵，凝固得好，不會易散
第三次回購"
5,用咁多隻貓砂最好用係呢隻！夠乾爽，吸力強
5,一直用開，一包可用近兩個月。
5,"多次回購，貓貓喜歡使用
凝結力強"
5,平過出街買，良心商家。我主子指定要食唧唧棒，其他罐罐丫湯包丫乜都𠵾食😫😫。多d優惠就好啦，因長期食用🐱。
5,主子食咗半年之後柯屎靚左
5,吸濕吸味都唔錯，這個價錢抵用
5,"第一次買
貓貓麻麻喜歡吃"
5,好味，愛貓喜歡，間中混合其他肉一齊食都非常喜歡
5,家中狗狗用開，唔洗岀去買，好用方便
5,第一次購買。 料夠厚吸水力好， 會再回購
5,$48有兩支，購物加購👍
5,用開，今次90蚊比之前再平啲
5,一直用開，已多次回購。
5,第一次買，未知好唔好用
5,一直回購，平，綠茶味香啲
5,"非常有禮有交帶,很愉快的一次購物體驗！GOOD !!"
5,最好的尿片，用咗10年，依度keep住回購，唔駛自己搬返屋企，又平過出面狗舖。
5,貓貓很喜歡，用來餵藥及保健品好方便，已回購多次，會繼續幫襯
5,貓貓唔食罐罐，中意飲哩個湯
5,比外面店價格平宜抵買！Good
5,家貓用了很多年，一直回購。
5,"朋友介紹, 我用後覺得可以清貓尿及便便味"
5,每月用一支，防治牛蜱，蝨患
5,比我的小狗用，吸水力足夠!
5,"回購
肉醬罐太乾，用來混合再加一匙貓湯罐，老貓很容易進食"
5,唔會沙塵滾滾 好用 雖然唔沖得落廁所 但慳到好多猫砂錢
5,因為性價比高，所以介紹俾朋友，我都係經朋友介紹而認識呢個貓砂
5,貓咪食開，包裝原整 🙏🏻👍🏻
5,長期購買，貓貓至愛，去便便好好。
5,不錯混合一箱不同口味，非常適合老貓
5,綠茶味好，吸力好，抵用，會再買
5,多次回購 我隻貓貓淨係食呢個牌子嘅濕糧
5,愛犬很喜歡，每次都有小禮物附送，小禮物也很美味
5,貓貓一直食開 品質好 會回購
5,第一次選購?貓咪很喜歡?一盒買超平易??
5,吸水力真心超級強，回購。
5,狗狗非常喜歡吃，有時候我會小許小許的餵小狗吃，也有時給牠一整條讓牠自己吃，牠會用雙手夾著來吃的！回購很多次了，每次都回購5包，品質每次都保持水準！吃完又再回購！品質新鮮，乾淨沒雜質！值得購買給小狗為零食！已介紹多個親友購買！
5,$88 用咗好耐，不過而家買幾多都冇完整一箱送貨，儲存唔方便
5,我家主子啱用，已是數次回購。
5,多次回購，good👍🏻😘
5,價錢合理，包裝良好，已多次回購，推薦大家！
5,貓貓全部罐頭都唔食，反而哩隻好中意食
5,貓貓中意食，泥狀無肉絲，已回購多次
5,睇中佢可分解，已回購多次
5,3隻老喵主子愛吃。。4種味都受歡迎
5,猫猫鍾意食，每次都食得好亁淨
5,貓貓很喜歡 每次都清晒
5,已回購 n 次，有特價便囤貨
5,回購，適合老貓及扁臉貓
5,一支萬用清潔劑，吾使過水，方便好用，少少就開到一支噴壼慢慢用，其實好抵用。
5,我家幾位老主子，體弱，需要灌食，所以慕絲非常合適，牠們很喜歡
5,"好抵，已第3次購買
"
5,包裝完好，已經多次訂貨貓貓很歡喜！
5,貓貓每個口味都好鍾意食，食到叫佢都唔應人
5,主子們好喜歡，特別岩啲冇牙主子
5,異短食野好辛苦，呢隻幫到佢
5,個人鍾意比較粗粒，冇粉塵，豆腐味keep得耐，好好用
5,"一直用開frontline. 
只是這次從這間店舖選購，卻有窩心的驚喜，連貨品送上感謝函另加小銀色茶匙一隻。雖然感謝函是印製，但感到店主是很用心經營!"
5,貓貓很喜歡 味道很好👍🏾👍🏾
5,吸水力強，少粉塵，品質好
5,非常好 常回購的 對貓咪清潔牙齒有幫助
5,"已第3次購買, 狗狗很喜歡食"
5,用開，特價比出面平少少
5,貓貓好鍾意食呢隻肉泥，回購多次了！
5,貓貓4隻味都食 溝水都食哂👍🏻
5,非常好用，用後小狗身上可以完全防蝨
5,貓貓喜歡用乾淨方便冇咁大陣臭味。
5,貓貓一直食開！現在可以直送到家很方便
5,"主子今年十五歲半 , 前十四年一直吃乾糧,吃的分量少,明顯瘦。改吃了濕糧一年幾, 吃了Dr Wish也一年兩個月了, 腸胃很適應, 較之前吃乾糧時少咗嘔吐, 吃多了食物, 明顯健康了。

值得推薦!

"
5,$199 回購——（好彩隻貓未食厭啫）
5, 包裝完好，比寵物店平。
5,營養豐富味道好，方便為生病了的貓貓灌食。我家貓貓愛吃。
5,"猫沙質量好,價格優惠.
包裝安全, 送貨服務細心."
5,到處缺貨，店主返貨最快而且包裝妥當
5,"買開貓糧, 見有這個, 順便買埋, 不用專登出去買, 方便"
5,用開呢個牌子，好吸味，好用！
5,2024到期，包裝整潔，very good!
5,試咗好多種濕糧，大爺只肯食呢隻。
5,貓貓喜歡吃，每次都洗碟
5,浪浪喜歡吃👍🏼食左毛色靚
5,價錢覺得非常吸引， 又非常之好用 ，已買多次
5,好好用，每次滴完完全無蝨，多次回購
5,老貓要用呢隻。呢度買比寵物店買平。
5,包庒冇破損密封交來的，貓兒剛巳用上一支，不錯👌🏻溶量都多的，夠滴。希望是有效果的。1個月要滴1次，所以會繼續回購。
5,食開 狗狗非常喜歡 不時回購 這牌子信心保證
5,貓貓超愛，間唔中俾一次，因為都貴貴哋！
5,呢個係價錢昂貴嘅早餐，不過毛孩十分喜歡，冇辦法啦！
5,我的貓咪非常喜愛，多次回購
5,一直有買開， 貓貓很喜歡吃。今次平均分配到每款六罐， 很開心。 
5,好用。 P.S. 我買咗80片annabella面膜，同我日日用咗2年嘅萬靈貨完全唔同質地分別超大超誇張，一定係假貨，請盡快安排退貨退款！
5,好好～  幾隻主子都鐘意
5,送貨司機服務態度非常好
5,貓咪很喜歡吃，包裝良好，開口容易，貓咪吃得方便
5,已經買第四盒👍🏻狗狗年紀大左變得挑食，唔肯食乾糧，有時連鮮食都唔食，買咗呢個濕糧每餐半包再加乾糧，狗狗就每餐都食晒✨
5,炎炎夏日，雪凍後狗狗很喜歡吃
5,冇嗅味，乾淨，用左好多年
5,"$400 兩盒, 應該抵嘅
（懶得去寵物店）"
5,一直都是用呢款尿墊，夠厚，吸得快，一直回購
5,Good 👍主子🐱非常之鍾意食
5,綠茶味清新，品質良好，少粉塵，多次回購，如質素穩定，會繼續用。
5,"$199/2袋, 黏得好實好好用"
5,貓咪每月一次用了十年品質好
5,貓貓鍾意食，真係有藍莓粒粒係入面
5,結得好實少粉塵，唔洗成日成盤砂倒哂。環保啲
5,毛孩喜歡，爸爸歡喜，品質優良，價錢不平。
5,家中老狗很喜歡食，對關節有幫助，行路有改善。
5,一直回購，價錢維持$199
5,貓貓超級鍾意，會攬住嚟食🤣好多謝你哋送嘅贈品，貓貓都勁鍾意，買過嗰新屋都堅持要住你哋送嘅屋仔，今日放埋第二次買送嗰張毯落去，希望今晚佢瞓得暖啲💕
5,"Very good, expiration date 2023. 會繼續幫襯"
5,貓貓好鍾意食，而家特價平好多，囤貨。
5,"用過多種猫沙,這牌子質素高,好用"
5,用開呢隻 真係好用 又吸味
5,有些罐凹了，建議改善包裝。
5,兩隻毛孩子說：好味！我中意食！
5,呢個品牌由細用到大，好方唔好用，但越嚟越貴，有優惠就好了🤭
5,"真空包裝
除臭功能極好
會再回購"
5,細細粒軟身老年狗狗吃很好
5,一直用開 夠厚 吸力強 呢到買平過寵物店
5,"長期幫襯, 係因為價格相宜, 送貨又快. 正!"
5,買左3款味，定期轉下口味，怕貓食厭左
5,"老狗狗很喜歡吃
冇牙都吃到
"
5,貓貓食開，喜歡，會再訂
5,狗狗21歲既啱腸胃又很喜歡吃
5,"購買一盒, 但包裝用了一個小紙皮盒，感覺浪費唔環保。"
5,多次回購， 17歲狗狗鐘意食
5,只愛吃它，包裝清晰，會介紹比朋友
5,拘狗16歲了，轉用了這狗糧一年多了，感觉是改善了，精神好了，會继续用它，请多给优惠 ！
5,送貨包裝好。很多肉汁，適合老狗食用。仍然是食中，希望對狗仔既健康有益處
5,好用，沒有粉塵，綠茶味清新
5,十分好用，用過一次返唔到轉頭。
5,$208 行貨送小食，趁星期五VIP有95折，2025年12月到期，抵買
5,"多次購買了，貓咪好挑嘴，但對呢個罐0抗拒。
雖每次麵有兩罐損毀（通常都係角位嘅爛，應該運輸問題），但售後處理都好快。"
5,6罐優惠超值，毛小孩超愛
5,貓咪都很愛， 會再回購
5,收到2022年到期的貨 平靚正
5,"good, 所有貓都肯食但成日無貨"
5,"經常訂開，$208仲有95折，抵！
包裝乾淨整潔，2025年10月到期，very nice 😊"
5,主子大愛！可以一罐罐試太方便
5,我的貓很喜歡吃，一路吃，一路剪指甲，完全不反抗！
5,我的老貓少有地大啖大啖食！唔錯！
5,貓貓喜歡，食唔停，推薦
5,貓貓病咗之後，就算好返都淨係食佢💜
5,比起部分抹手紙較為柔軟少少，幾好用
5,貓貓狗狗都好鐘意哩隻，已經買過幾次
5,送貨準時，齊整放好！ 定期會購買產品
5,超級挑嘴的主子一試愛上
5,訂購很快就拿到了 而且有附送零食 
5,貓咪喜歡，這裏價錢亦相對便宜
5,包裝有些皺，但冇穿，ok。
5,收到2021年尾到期嘅貨，比平時買平好多。
5,用開的品牌，貓咪喜愛，品質及包裝優良，淡淡綠茶味可消臭，無粉塵
5,見有評語話罐爛左，但我這次包裝得很好，無記錯盒內有用保護膜包起，謝謝
5,貓貓好嘴刁，只喜歡食開幾隻罐頭，其他就唔鍾意食 ，外觀顏色漂亮清晰。 會推薦畀其他人
5,產品方便 狗狗喜歡吃 而且性價比高
5,貓貓很喜歡!  $200/盒，超抵
5,之前就一直想轉，而家有一包免費嘅
5,主子十分喜愛！不斷回購！
5,買開野就會買下，有唔同味道，都會買少少🤏🏻
5,如果中意飲湯既貓可以試下，應該會好中意食，好香同鮮味，水份高
5,小狗就不適宜食用，因太大塊同对小狗是硬的零食，大狗就食到好似薯片咁好味，但比較貴，如有多些憂惠就較好啦🤗
5,我貓貓非常鍾意食呢隻純肉泥，
5,包裝得很好價錢優惠！👍
5,"包裝沒有撞凹，
貓咪鐘意食 眼見無乜魚骨"
5,綠茶氣味清新，沒有粉塵，乾淨衛生
5,是贈送的，還未給貓貓食
5,價錢抵用，吸臭效果好好，砂本身味道有d奶香，唔會粘住盤底，已回購
5,貓很喜欢吃，四款口味都喜欢。
5,Exp date係2/2022
5,去味非常好，完全聞唔到臭味，貓咪屙咗屎都唔知道！
5,性價比高！貓貓好鍾意食
5,狗狗喜歡，希望價格會平些
5,犬兒愛吃。。。囃囃囃唔洗5秒KO
5,貓貓喜歡，適口性不錯。
5,抵！平過$305，好味，貓貓很愛吃
5,香味舒服好聞，唔黐底冇粉塵易結團，價錢唔貴，性價比高，細細包容易放，今次係真空包裝，品質keep到嘅話，會以後一直買！
5,貓貓食開呢個牌子&口味
5,好香魚是肉泥，冇甜好好😍！有優惠會回購😍
5,"已多次購買，非常好用。唯一係每次都送的逗貓波，其實冇乜用🫣
另外，買兩包貓砂送一包Tempo係非常合用，希望可以允許買四包貓砂送兩包Tempo，等我唔需要拆單分兩次購買🙏"
5,狗狗很喜歡食，食咗腸胃都好咗。
5,已多次回購。狗狗10分喜歡。
5,我家主子一直都用它，沒有不良反應，產品質素很好
5,很貼心的舉動，會再回購的商家。
5,"主子們都喜歡, 價錢比買開的店便宜一丁點, 自提點亦比較近一丁點. 等陣會落單再買. 謝謝."
5,最好是可生物分解， 可減環境污染
5,包裝好，性價比高，容易啪成細塊 
5,唔記得改數量，買得一支
5,"秒剎價155/3包, 抵用!!!"
5,貓貓很喜歡，已經是多次回購。
5,"回購, 咁多款最好用, SIZE最好
吸水好"
5,包裝未返到屋企已經爛，但送貨人員十分有禮貌，而且好幫忙
5,我家主子非常喜愛，既有魚又有雞肉絲，主子每餐都食光光，無浪費。
5,包裝完整，有鐳射貼紙，抵買！
5,貓貓喜歡的小食，會再次回購
5,好！貓貓食左會痾毛👍🏻
5,好用，無論是吸尿及吸臭都非常滿意。值得推薦嘅產品。今次仲買到特價$160有3包（原箱送到）。
5,2023年先到期，good，買咗兩個零食送咗隻 bb 雞，多謝
5,第一次購買這款牛肉比狗狗食，大包同好香，狗狗食得開心，抵！
5,貓貓至愛，而且價錢實惠
5,"回購，yen平，所以比以前平。
每星期比貓貓食一次，她超鍾意"
5,主子很喜歡食，質素唔錯，價錢合理，會再回購。
5,我家的兩隻貓貓十分喜歡這個貓雞醬，已經無限次回購了
5,"主子好鍾意食, 食後D便便無咁嗅, 又唔爛"
5,今次打開見到有啲白色顆粒，疑惑緊係乜嘢嘅時候，返嚟睇簡介話係小梳打顆粒，咁都安心啲
5,用過其他味道，香味太大難以接受，哩款味道唔難聞，相對冇咁易黐底，會不斷回購
5,吸水力超強！會繼續使用
5,好用，少粉塵，價錢優惠
5,主子最愛。已多次回購。
5,有用，每星期俾貓貓食一次，間中會見到佢D屎有貓毛，屙得到就唔使嘔貓毛咁辛苦
5,"送貨同事態度很好
人同寵物都好鍾意"
5,"質量厚又吸味, 我屋企竉物用左好多年"
5,你好請問我訂錯左size 可唔可以換
5,包裝良好，使用優惠券價格更優惠
5,真係冇乜味，不過較難睇到有冇尿尿
5,吸味唔錯，厚道適中，試過幾隻牌子都係覺得這款較好
5,薄，吸水力強；送貨上門唔會額外用紙箱包裝夠環保
5,無牙老貓，用呢個溝藥食
5,$388/4包，幾抵，包裝良好
5,已經係第2次買  非常好
5,回購！夠索 同真係無咩味
5,"唔痴底，凝聚力強
用過原味，無乜味又除到臭
綠茶味都可以接受，淡淡地
$50好抵，多次回購"
5,雖然比其他尿片貴一點，但吸水力好強， 幾好用
5,貓貓很喜歡，一開罐罐三隻搶住食
5,用開中碼，今次訂細碼放貓廁所
5,"很便宜 包裝良好
到期日： 2026-10"
5,包裝可以用少啲物資，環保啲
5,回購好多次，最好用我尿片
5,由BB貓食到現在健康良好，毛髮柔順光澤
5,會一直回購，價錢比出面平
5,包裝很好 送的貓玩具也很合用 謝謝
5,"平時食開,有折便再入貨"
5,開完轉個頭就食晒，quality 唔錯
5,依款碳的吸濕能力比薰衣草款好。
5,可以遮蓋尿味，夠結實不鬆散
5,超好用！無粉塵、令屋企唔臭、結團結得好實淨
5,不錯 呢個價黎講幾抵用
5,價錢突然貴了很多！但家中2隻貓豬很愛吃，有特價就可以再買多D
5,新口味第一次購買。主子很喜歡。因為食物主要是魚、雞、海鮮。所以黑毛和牛味對貓咪很吸引！食得好快好開心😃
5,見評價好第一次買，比本身用的牌子少痴馬桶，滿意
5,送貨員好有禮貌。又準時送貨
5,厚尿墊👍🏻，尿液沒有滲尿版👍🏻
5,"多次回購此產品, 好用"
5,讚👍👍👍新貨到2028年，仲要特價，大公司即係大公司，其他店呢個價錢仲清緊今年9月貨尾
5,街坊介紹我買的，好用，會一直回購👍🏼👍🏼
5,第一次買.包裝非常好呀👍🏻
5,挺有用的，吃了後，餵口好點
5,好用。狗狗平時睇少少漂白水都好敏感。轉左呢隻就冇問題。
5,好用 係啲味太甜 少粉塵
5,三年都是用這款，試過其它唔物這款吸味
5,狗狗很喜欢，吃了这款，牠的状态也好了！能多点優惠更好😊
5,用開，今次promotion好抵！
5,吸濕力很強！而且無尿味，絕對推薦。已經回購很多次👍
5,已多次回購，主子很喜歡。
5,送錯兩包 60 x 45cm黎，用不著，請盡快安排回收及refund! 
5,品質沒問題，年期有1年
5,高蛋白健康乾糧，貓貓食完便便都唔會太臭
5,兒童及寵物配方，對於我是很大的幫助，家中其中一隻貓有鼻敏感，過往是一天很多次流鼻涕打乞嗤的情況，用了一款寵物配方，次數已經降至很少發生，衷心感謝貴公司的這款產品的誕生，另外，是關於瓶子的形態，期望會生產類似1.8公升的瓶子有手握位置的瓶子，比較方便拿取。
5,H200930926161好吸尿
5,幼貓專用貓糧，暫時未試🤣
5,"平靚正
送貨準時,夠快"
5,好多罐都凹咗，希望唔會影響品質☺️
5,回購左好多次 終於返貨 貓糧品質無問題
5,第二日夜晚就收到 比一般巿價便
5,15歲異短貓一直都好喜歡食
5,成為貓貓最為之瘋狂嘅零食！
5,毛孩超愛吃，已多次回購
5,貓貓超鍾意食，吃得勁快😆
5,氣味好，對家兩隻老狗冇影響。
5,多次回購，貨品品質好！
5,"已回購很多次,吸力好好,而且真係無乜尿味"
5,貓咪喜歡食，大便也沒有問題。
5,試過其它牌子，這隻最防味
5,"平過我同代理拿另一個品牌
黎緊都應該會轉用N1"
5,貓貓食開，送嘅雞肉乾都好鍾意食
5,主子啱口味， keep住食腸胃不錯
5,主子搶食，希望潔齒力ok
5,唔錯，不會滲漏👍，多次回購
5,"🐈😻很喜歡吃，
已經多次購買，
品質好好👍🏻👍🏻👍🏻"
5,我兩隻貓咪都很喜歡吃，會回購此產品
5,順帶的。價錢比超市差不多，有送貨都可以的👍🏻
5,88折後平過超市幾多吓，唔錯👍🏻
5,回購 2026/9 到期
5,"服務好，準時
品質好"
5,一向用開，已回購多次。
5,比氣管唔好嘅貓食。3隻都中意食。一開就要食曬一包麻煩d，支裝方便d
5,品牌同產地會放心D👌🏻
5,$250/2包，好用！
5,"以前我隻貓好中意食, 而家食厭左.    要隔一排先再買比佢食!      貨品無問題.  "
5,我的高齡扁鼻波斯貓，天氣寒冷時會氣喘。今次第二次訂購鱷魚川貝給主子，主子十分喜歡吃，希望牠吃過之後可以改善氣喘的毛病。
5,keep住有用，等佢再有比較優的特價就會再回購不然就有點貴.
5,兩隻貓爺早餐必食，三隻味道輪住上，全部愛吃！
5,好吸力，冇咩味，回購好多次
5,用嚟撈狗糧，狗狗很喜歡
5,貓咪鍾意食 ! Good ! 
5,"我貓未算好鐘意，但都食哂。
日本野外觀係靚。
每隻貓都有自己口味，我買唔同牌子試。"
5,用左有一段時間了，吸味。  臭味冇了。
5,用開，可用在清洗餐具，再回購。
5,今次包裝值得一讚， 用咗充氣氣墊包住啲罐罐。 總共買咗三箱， 全部罐嘅包裝都完好無缺， 貨期去到26年， 會再回購👍🏻
5,用開呢個！唔錯！無任何味道
5,貓貓喜歡食，食咗之後毛色有光澤，多次回購！
5,狗狗非常喜歡，會再回購！
5,產品已用多年，殺菌力強，已習慣了經常用，病都小了很多。
5,已購買了兩年，宇宙很順滑，是值得推介給大家的。
5,蝦好大隻，貓貓勁鍾意。
5,兩隻老貓好鍾意食，必備。
5,貓貓真係好鍾意食，希望可以KEEP住有貨
5,啲蝦真係好大隻，貓貓都好鍾意食，一定會再回購～&#40;^_^&#41;
5,"貨品質素良好, 包裝亦妥善"
5,兩隻貓都好鍾意食， 而且啲蝦真係好大隻👍🏻
5,性價比很好，而且感覺到係良心小店。有時太平價產地不明或者係中國製造我都唔會買。開咗包我自己試食咗都覺得好好味，蝦味好香，主子們都好鍾意
5,不含酒精，又可消毒👍再次回購
5,小貓咪喜歡，罐罐湯汁多夠濕潤，不錯！
5,貓奴長期回購品，貓咪晚晚等食蝦蝦先捨得瞓，呢款價錢合理，夠晒大隻，屋企隻挑食貓咪保證佢質素好香味足。之前買過唔同牌子，唔夠香唔新鮮嘅貓貓都唔食，得呢隻同台灣汪x牌子鍾意食，但呢隻性價比更高！
5,夠厚，吸得算快，一塊$1.1，也算便宜
5,"這2 年都在用HOCL次氯酸水去作防疫之用, 因為可人畜使用, 又可用在日用品上, 價錢比我用過的其它牌子便宜得多."
5,送貨員十分有禮貌，耐心等候，妥善送貨
5,給貓婆婆吃！幫她補補身😊
5,蒸鮮包健康無負擔，營養豐富又鮮味，會持續購買
5,之前買粗粒很碎，這次試試看買幼粒結果沒有碎，很好 =]
5,貓咪很喜歡，味道方面香，份量合一次過食用
5,狗仔有小小咳，食左兩包少咳左所以再買👍
5,已購買了很多次，品質好，魚肉新鮮，貓咪很鍾意食，是值得推介給大家。
5,產品很好。Repeat order
5,狗狗好喜歡食，粒粒牛肉好分明，健康冇咁肥
5,貓一見到蝦乾就搶住食😅
5,特價超抵！已多次回購！
5,已經持續買好幾年，貓咪愛吃！會繼續回購
5,$105 12 包 7/6/21 到期，店家還送了一包乾糧，和一支貓玩具
5,貓咪爬出地下的貓砂，玩完食埋落肚，没有肚屙，所以一定安全。
5,已長期使用，貓貓喜歡，臭味覆蓋良好
5,狗狗喜愛，感覺用料天然
5,非常好，用過幾款，呢款最好用，但成日缺貨。
5,"冇味, 但唔知有冇效, 買個安心"
5,好大隻蝦，一打開個包裝就聞到好香嘅蝦味，狗狗非常鍾意
5,我的貓貓很愛這個產品，會繼續訂購
5,每次在這店購買的都有好香雞肉味! 比係西莎官方店買的好得多
5,好抵又好用，結力夠又唔痴底。比N* 及毛孩**好用得多。喜歡豆腐味，但缺貨⋯⋯
5,"包裝完整
抵用
好香雲呢拿味"
5,"雲呢拿味粗砂不易碎
抵買"
5,吸收能力好! 性價比高
5,用過多款3.0豆腐砂，這品牌是最好用，價錢經濟，吸臭力強，團結力強不易碎，少塵，原箱仲有減價好抵買。
5,吸水力強，沒有太多粉層。
5,第二次回購了，不同口味滿48罐又便宜一些。今次送玩具，多謝！
5,產品很好， 但無奈加價太快， 加太多， 會否考慮做多點優惠?
5,👍多次回購，希望有優惠價更好
5,有用開，零售點較少，所以在平台購買
5,貓仔超級喜歡，已經多次回購👍🏻
5,比較健康小小，🐶好喜歡食
5,兩隻貓b都愛吃。2022到期。
5,Good！無色無味無敏感👍
5,好用，多次回購，如果有粗粒裝更佳！
5,在貓砂機用過幾款貓砂，呢款最唔臭，有奶香味
5,"非常有用！慳過去見獸醫滴
鋪頭仲送小玩具"
5,見評價幾好，又有試用價$38支，買嚟試下。仲要2023年先到期👍🏽
5,一直都用開，包裝好好，冇漏！今次限購價$38@1真係好抵，希望可以久唔久就做下折扣優惠
5,有香有好用有平，寵物店賣一支依個容量都要159蚊😄
5,健康，冇油！狗狗好中意食
5,店員十分好，員工主動幫忙將貨搬上我的車仔，非常滿意對貴公司的員工服務👍🏻
5,貓狗都好鐘意食，貓貓會偷出黎拎俾我餵佢食
5,抵過出面買，貓貓用左冇副作用👍🏻
5,真的好用，有效，下次再來
5,好好用，疫情到而家我都係用佢未用過火酒
5,長期回購，貓貓好like
5,買2盒有95折，再加VIP日95折，仲送一包貓糧試食裝，好有誠意的小店，讚👍🏻
5,回購，16元，混合口味48罐有折。平均每罐15元！
5,這個回購了很多次，店家依然有多買多折扣，加埋ＶＩＰ日仲平少少，很好。還有小禮物，多謝！
5,十分容易種植，品質有保證，貓貓愛吃新鮮麥草，可幫助排毛，減少嘔毛
5,做特價好抵！已多次回購
5,已經多次回購！貓貓就只愛食呢款蝦蝦。
5,無色無味無敏感，絕對安心，還能除臭Good
5,多次回購 有寵物家庭必備
5,回購！送咗試食同玩具?
5,吸濕力強，無異味，一星期換一片，會推介。
5,"隻味幾好，經常都用
唯一嘅缺點係我隻貓飲好多水，好快用晒一包"
5,"我隻貓超愛, 一聞到就望實"
5,"貓咪喜歡的肉泥條👍
已多次回購"
5,用開，特價買底，又有送貨
5,很清新氣味，多用途選擇
5,並沒有分離出水現象 品質很好
5,第一次在此購買產品，貨物非常好，没有破損，包裝妥當，貨到即時Email.通知你到家附近的TV mall shop.取，便利
5,"已多次回購😊
今次包裝上沒有用Bubble wrap, 但沒有損壞"
5,使用很放心 但價錢偏貴⋯  不捨得用
5,👍無酒精成份，直接噴手也可以，唔怕傷皮膚
5,無限回購，原盒包裝，非散裝合併，多謝店家小禮物，推薦!
5,可以直接用於嬰兒寵物用品上，安心方便
5,我隻奄尖貓好鍾意食，已多次回購
5,貓貓鐘意食，好適合老貓
5,好！估唔到仲有試食送，收到印有香港加油嘅卡表示窩心。
5,賣家很貼心，包裝很好！而且價錢比外面便宜一半。
5,下次再有特價會再回購。
5,"常回購。希望多d做特價。
40元  必買。"
5,"信佢介紹無藥性,安全可入口,最緊要係24小時至滴1次，因為每次滴親耳都同你死過。
滴完fing咗好多耳c出嚟。
大家用時最好先拆咗樽頸個圈，唔係一唧連個圈都掉落耳，嚇到個心離一離。"
5,"回購再回購~ 
沒酒精味道非常好！"
5,啱啱用完，見有貨又做特價，即買👍🏻
5,已無限次回購 疫情期間一直用
5,回購。味道清香，除味殺菌
5,已經數唔到回購咗幾多次
5,見價錢平了，再回購兩支👍
5,"好快就種到出黎 唔難種 一包有兩次量，
一次種出黎勁多食極都食唔完😂 下次要再分開一半種先 食晒再種埋另一半👍🏻"
5,沒有一般消毒藥水那種嗆鼻的氣味，大樽抵用，第二次買了。
5,氣味比綠茶味好啲，所以轉咗用哩隻庭園味。
5,狗狗超級喜歡吃❤️！已經回購很多次🙂。如果有 L size賣的話會更好，因為狗狗是大狗😬😬。
5,挑嘴貓喜歡，不過因為太喜歡而食得太急就嘔
5,品質優良，下次會再回購
5,"貓貓吃了很多次 會再回購 品質非常好"
5,回購多次，食完啲毛好滑
5,完裝包裝，到達貨品良好，送貨快。
5,狗狗好中意，已回購數次
5,主子喜歡，店主offer 85折兩天加 GVIP Day 折扣，就趁低吸納了
5,第一次買，一盒有4種口味，可以俾貓貓交替食用，會回購
5,已經回購很多次了..阿貓們很喜歡吃
5,主子的喜愛食糧，已多次回購，有特價更抵
5,回購很多次了，兩隻貓貓都鍾意，有三個口味可以交替無咁悶
5,耳仔長期發炎好多污垢成日R，睇醫生都只係好左少少，依隻洗耳水用左一星期已好左9成，會繼續用
5,比門市店平，再優惠D就好了
5,此產品最好就是可以清毒餐具，又沒有酒精成份，不會傷害物件表面。
5,"兩隻小貓都非常喜歡, 所以多次回購"
5,用過咁多隻依然都係佢最好 冇咩灰塵
5,"一向食開THRIVE, 感覺較天然同健康, 貓仔都鍾意食。但熱量會較其他牌子低, 罐SIZE都只有細SIZE, 可能要喂多幾個。"
5,已回購多次 貓貓一直用
5,未用，貓犬工房送的貓羽毛玩具，貓貓好喜歡
5,"有中文字,應該行貨,抵"
5,貓貓超喜歡吃😋已回購多次😊
5,價格合理，包裝妥當⋯⋯但同坊間所有消毒藥水一樣，效果冇辦法知道，除非自己有實驗室
5,在澳門買不到，走勻澳門氹仔都無，豈有此理！但竟然响呢到買到，仲要平過之前响超巿買！讚呀！
5,"回購。很好用，今次仲有贈品30ml,多謝老板。"
5,狗狗愛吃，多次回購。謝謝狗狗濕紙巾和利是封。
5,狗狗非常喜歡，已多次回購
5,兩隻貓咪都好喜歡吃👍👍
5,"正貨，三個星期換都冇問題，我一般四五日先剷一次，四個星期先至換就要剷得密D，容量大，好好剷，用咗呢隻冇左臭嘅問題，非常好
"
5,送比人種 包裝睇落ok
5,好好，送個個30ml 真空樽都好好用，每次用完用筷子督到佢落底就可以refil ，唔似普通個啲咁快氧化
5,无粉尘、吸水强、容易清洁.用了两年这个牌子
5,我家的貓貓不論大貓還是幼貓都很愛吃，差不多到了要爭吃的程度，會再次回購！
5,有白色的膠質包裹肉，肉比較硬的，像雪藏了感覺，有點魚腥味，比較難弄開，但狗狗喜歡吃
5,一直用開，很好用，氣味很清新
5,有一支凹咗，無影響使用，味道唔錯
5,貓貓喜歡食 不過真係細盒左d
5,平靚正👍主子最鍾意呢一款
5,一直用開，乾淨唔刺鼻。
5,配件好用，種植容易，貓很愛吃。
5,"喜歡雲呢拿味
會推薦朋友用
Good"
5,健康，冇油🐶好中意吃。
5,"用左3次後,情況係有改善"
5,"多功能, 氣味清新! 
包裝上貼咗張貼紙：五星評分有50蚊coupon 唔知係點?!"
5,貓咪只食呢個，不停回購
5,回購，覺得幾好用，入門口噴噴會安心啲，不傷皮膚。每次購物都有窩心小禮物，多謝。
5,主食罐罐，但我隻貓好似比較不喜三文魚
5,"包裝優良
貓咪中意食"
5,"雖然價錢較貴，但都值得。每次噴出唔會好多，味道很舒服，不是香精廁所味個啲。市面上好難搵喺空氣消毒嘅產品。"
5,"我家狗狗最愛吃，但價錢貴，淘宝都有得賣，售23RMB,但條狀經常冇貨，所以我趁他做優惠買2包，都要65元一包，可想而知HKTV mall食水確深"
5,雖然有D貴，但係如果可以對貓貓無害而又做到消毒既效果，都值既﹗
5,"除味功能不錯
尤其是尿味"
5,性價比高的濃縮多用途消毒劑！
5,好用 噴霧好微細 氣味好清新 $148
5,小貓愛吃（如有大罐就更好）
5,"好好用,又香, 用得放心"
5,"主子食開
曾經幫趁過另一間，送到嚟一pack有幾罐都撞到凹哂要退貨。
呢間packing好好，罐罐完整冇凹痕，會長期回購。"
5,淡香綠茶味，噴霧非常細，很好
5,我兩隻嘴刁的poodle都好喜歡，吃了超過一年了，毛色比吃其他狗糧時深色咗。
5,好好用 good to use for washing clothes 
5,易種，貓喵又食，會回購
5,貓咪最喜歡，只食這一種。
5,回購，平過出面買，出邊寵物180蚊
5,環保尿墊，重身有質感，幾好
5,貓貓鐘意食，罐罐好實好多肉，唔會成個都係啫喱咁
5,終於都有d清潔用品是可以用響有寵物的家居。好用
5,深井取貨車嘅職員好好，好有禮貌
5,好用，還好只是很淡很淡茉莉花味，因為本人對茉莉花鼻敏感
5,貓寶喜歡吃，剪開已聞到香香的
5,冇漏，包裝好。 想再買，但已經加價由78加到13x
5,即日送貨及準時，非常好
5,次次都有小禮物送，多謝！🥰🥰
5,包裝完整、用落有淡淡香味，非常好，會再買！
5,"$139.7
罐頭沒有凹陷👍🏼
但希望可以減少包裝，用少啲膠紙"
5,狗狗牙石少咗好多，對於不喜歡擦牙的狗狗，是很好的方法去清潔口腔！
5,超大支🧴4 公升，仲送支 500 毫升，咩都用得可以全屋噴 😄
5,老貓超鐘意食，長期回購
5,大猫細猫都鐘意食，比罐罐更鐘意，一定食到乾乾淨淨。
5,好，呢隻用開，厚身👍🏻
5,長期使用，吸水力強，冇臭味。
5,長期食用，價錢比外面平
5,"96 
100
114

每次價格都不同……"
5,"回購，
100 有6罐
試過114 8折"
5,"包裝完好，支持hktvmall,罷買中國貨"
5,"呢個牌子都唔陌生 我隻貓貓好仲意呢個貓條🤣我見做緊優惠 好抵 屋企仲有貨都買😆佢仲自己偷食🤦🏻‍♀️激死😮‍💨"
5,"小貓咪好鐘意食, 唔食其他牌子"
5,"包裝得好
生產日期近👍🏻"
5,貓貓們都好中意食哩個牌子罐罐，會再度會購。
5,"包裝唔錯 仲送試食貓糧。用呢款副食罐用嚟撈雞柳吸引主子食"
5,猫🐱們食了這個品牌一段時光喇，都冇乜吾妥，食得都幾滋味甘樣，所以可以繼續買，佢哋似未食厭噃！
5,"罐罐完美沒有凹陷,  而且日期非常新鮮去到2025年. 
Very GOOD ! "
5,"多次回購
狗狗非常愛吃"
5,貓貓中意食 已多次回購
5,干爽好用，已回購多次~
5,我隻布偶本身揀飲擇食唔熟都唔肯食人地餵，但係呢隻零食佢完全冇障礙，超級鍾意食
5,超好用，一開始貓貓有點害怕，後來習慣了，自己會主動過來要舔，直接噴就可以，很方便
5,下次可以早啲送貨 謝謝 時間太趕了
5,雖然價錢貴小小，但係小粉塵，好襟用，變相係抵左。
5,"狗狗超鍾意飲
包裝好乾淨 
到期日仲有好長時間"
5,"包裝非常好.
比出面平"
5,"朋友推介, 但未用唔知好唔好"
5,"之前用消毒火酒噴到塑膠袋上會變色或退色
令到雙手染到包裝袋顏色

MAX CLEAN - HOCI次氯酸消毒水 我已回購第七次 好用無味
用在霧化槍 噴在物品或包裝袋
上不會令物品退色 價錢合理

會不斷回購

"
5,貓貓都喜歡  我再加啲營養粉
5,一直有使用，貓咪太抗拒刷牙，呢隻一噴就攪掂，方便快捷
5,幾好就係要捉住啲貓噴到有啲難度
5,"貓貓唔抗拒
口臭情況減少"
5,"已經是回購，覺得可以消毒餐具，除臭，除甲醛 感覺1支多用途 好方便10分適合 防疫疲勞人仕 1支迷你版出街隨身 少好多煩惱。

雙手早前 用錯消毒液 嚴重敏感 暫時盡少用酒精搓手液 轉用它 還好 不傷手 暫時沒有敏感 情況出現。"
5,食到接接聲😅😆😆😆😆好東西👍🏻
5,我隻挑食貓咪有興趣嘅就係好👍🏻
5,有濃厚嘅湯汁！每次都會買晒呢款所有口味都貓貓食！
5,"送貨快, 有交帶何時會送到貨件"
5,很多貓咪超喜歡，多次購買🙏🙏
5,貓貓很喜歡這牌子的食品
5,換過好多牌子，啲貓對喱隻牌子嘅糧似乎幾鐘意。 而家長期都有買。 因為屋企貓多，而喱間店嘅價錢比較合理，所以應會常來幫襯。 
5,兩位主子都很喜歡，已多次回購
5,鍾意佢不含酒精及有害物質，而且可嬰兒，孕婦，寵物都用得，夠方便而且抵用，韓國製有信心
5,用左幾日，暫時ok，吾算抗拒
5,主子覺得非常好，期待貓奴開畀佢食
5,送左好多試食包thanks
5," 价平，多肉，狗兒愛吃。


"
5,貓鍾意食，經常回購，包裝很好
5,貓咪很喜歡吃，肉質是醬狀，容易吸收
5,呢個牌子嘅猫砂好用又少粉塵，咁嘅價錢，真係平靚正，抵買！
5,包裝非常好，貓咪好鐘意食👍
5,"俾係出面連鎖式經營
平左$10-20左右"
5,已用此產品多年，吸濕力强，價格比其他公司低
5,送貨快，價錢相宜，回購又回購！
5,"回購又回購, 價錢相宜送貨快. 好滿意"
5,長期回購，主子鍾意食，溝药餵食一流！
5,平靚正，三隻寶寶都很喜歡
5,包裝大大改善，用心聽取了客戶意見，贊
5,貓貓很喜歡食，寵物店常斷貨，呢度貨品新鮮，一向有回購，而家買滿400重有小禮物👍🏻👍🏻
5,貓貓好鐘意，食到洗碟咁
5,猫猫喜歡食這個牌子猫糧
5,買好多次都懶評論，但這店好體貼，成日有贈品，想晤讚都唔得
5,包裝企理 有氣墊包起，發貨快👍
5,"我買了兩支HOCl 次氯酸 消毒水 噴霧 4L 補充裝&#40;嬰兒&寵物適用&#41; 
不是附送500 ml x 2 嗎？ 
箱內只有一支 500ml"
5,罐罐水份充足，有見到完整魚塊，花枝都算多，聞到有香味，家中兩貓喜歡食。
5,"已回購多次, 物超所值！ 希望不要缺貨"
5,"很好用,性價比高,比其他消毒產品便宜很多。"
5,"狗狗好鍾意食
已多次回購👍🏻"
5,一直沿用，無異味，吸尿效果佳
5,長期使用，買前留意間中有特價或套裝更抵買。
5,之前已經吃了好幾年這款貓罐頭，但是最近這款新包裝的不知道為何貓咪不中意，一樣的口味聞聞即走，😅希望下次可以恢復原來的版本
5,貓貓搶住食，蝦好大隻好香，會回購。
5,產品很好，但不能大量買入。因為等了3年多，還沒有龍鼓灘送貨服務。
5,"已經買過很多次了。不會漏尿。 贊
"
5,貓貓鍾意食，已多次回購👍👍👍
5,一向貓咪食開此產品 已回購多次👍😉
5,貓咪喜吃所購之食物。👍🏽
5,"已多次回購這款，主子甚喜歡，今次連同蝨滴同pet pet home購買，意外有試食，主子也喜歡。
不過，希望能吃及不能吃的分開包好D。
"
5,毛孩最愛～ 仲要比平時寵物買平????
5,其實唔sure效果如何 但味道應該好好 貓貓搶住食
5,試過好多牌子，貓咪最喜歡吃，所以購買。
5,已回購多次給貓貓用，但舊版的噴頭帶蓋比較好
5,貓貓瘋狂地愛食，價錢再平d就好
5,貓貓5個月大時發現營養不良，之後一直有食奶滋味，到現在8個月大！身體各方面都好左好多！
5,整罐是幼嫩雞柳，狗仔很滿足!
5,好用~ nice seller!
5,四種口味，唔錯，貓貓喜歡，會回購
5,毛孩表示好味！向來同街舖寵物店買嚟餵浪浪，呢度價錢差唔多。
5,Good！每隻味都好平均
5,299 x 0.85 再vip 95折 241$
5,＄299三件再85折＄255有找。2022年2月先到期
5,"好吸味，一包都好襟用
會再買！"
5,好香，貓貓愛吃，混在糧裏就食慾大
5,我家狗狗很喜歡， 會再購買。
5,準時交帶有禮貌??????
5,狗狗很喜歡，已買第三支
5,抵買!狗仔好鍾意食^^
5,一直買開，好用，儲水量大又唔過底
5,包裝好，2023期good!
5,方便使用，唔使溝水就用得
5,回購多次 今次買咗3桶
5,貓貓超喜歡食，對佢牙齒好，今次價錢都算平。
5,已回購多次，品質優良，送貨快👍🏻👍🏻
5,家裡的小傢伙超愛吃，雖說成年，但適口性很強，它很挑食，單吃會軟便，所以我通常是搭配其他罐頭肉絲、肉塊類的罐頭配3分之1的這個罐頭，剛好，都不挑嘴了，啥口味的罐頭都吃，長肉肉
5,我家兩隻老貓最近沒什麼胃口，只剩以前的一半食量，其中一隻更是幾乎吃兩口就不吃啦，要一直哄著陪著才多吃兩口。以為就這樣了，就抱著試試的心情給她們試試這款，沒想到兩隻都吃得很歡快！希望能起碼保持一段時間吧！
5,貓咪好喜歡食，巳多次回購👍🏻
5,狗狗喜歡，一直回購，可惜越來越貴
5,"肉質偏硬, 不過也容易壓散/壓碎,湯汁足夠. 貓貓愛吃."
5,貓咪很喜歡食，巳多次回購
5,"質地ok, 因為話可以降解所以買"
5,用開原味 呢個未開黎用
5,試過幾隻貓砂，都係哩隻好。氣味比較溫和，贈品有一罐罐
5,已經在 HKTV mall 多次購買小白執事豆腐貓砂，非常好用，貓貓很喜歡 👍🏻
5,已經購買多次，因為貓咪很鍾意吃。
5,"價錢合理， 貓咪愛吃
美國制造，可放心餵貓"
5,好用又吸味，比市面上的較吸味，所以一直沿用。
5,之前加入購物車時是送500ml的，過了一段時間付款，沒有了，有點失望，送貨準時，包裝好，謝謝。
5,感覺和之前買3倍價格的同類貨品一樣，性價比高3倍👍🏼
5,較其它牌子無咁多粉塵。
5,"使用 方便又快捷
價廉物美"
5,狗狗鍾意食，8蚊，抵！
5,呢個唔錯 但唔係成日有
5,已用開5年左右，多次回購，安全可靠，幾乎沒有味道。
5,貓貓舒服曬，有效，good
5,罐頭很多次都凹陷!有點失望，狗鐘意食
5,牠喜愛…罐裝拉開即食，非常方便，有優惠就更理想!
5,主子喜歡👍🏻巳多次購買
5,同N1比確實低粉塵， 猫猫唔有腳仔印🐱
5,"牠喜歡的!經常雞柳伴乾糧,真方便…排便也固形"
5,貓咪中意CAT CHOW
5,買俾6個月兩隻貓貓吃， 85g份量足夠兩隻，細小粒香口 很喜歡💕
5,"多次回購，好好用，主子喜歡，
箱裝十分好，又有貓玩具送，店家十分貼心，謝謝！"
5,價錢公道 放上門 放便 回無限回購
5,用開，價格比坊間同類產品便宜，而且是韓國製造，冇得輸
5,幫貓咪補水是個唔錯嘅選擇！
5,算係抵買但係消毒成效唔清楚
5,配合套廁及木沙使用，貓主小便後不會黐到尿尿，貓主由出生使用至今
5,🐱貓咪非常喜歡的小食。
5,貓咪超喜歡。多次回購。
5,貓貓超級鐘意，快d 返貨啦！有無大包d?一定再買
5,貓貓超喜歡食，獸醫都介紹呢款。
5,狗狗喜歡，價錢合理，多次回購！
5,"經常購買, 會再次回購"
5,貓貓很喜歡吃贈送的小食
5,貓貓一般都喜歡這個牌子的濕糧，每一次餵飼的時候，都會很快把濕糧吃光。
5,用過幾個牌子，最好用係呢隻
5,貓貓超級鍾意呢隻產品，攞出嚟佢哋躲咗喺邊都會嚟搵你！🤭
5,一直俾開貓貓食，佢好鍾意。
5,我隻貓最愛，食少日都會嘈😂
5,感謝祭好抵買又有回贈，到期日去到2023年9月，包裝密封完好，之前喺第二間買唔知點解個盒開左口，喱度買冇問題，好放心
5,翻拍，一直用緊，吸味良好👍🏻
5,貓貓喜愛吃😋😋已再次回購😜
5,一值都選購Cat Chow 品牌 如果價格一路優惠必定回購～送貨服務態度不錯準時到達……推推推…介👍👍👍
5,狗狗喜歡， 而且很大包。
5,蝦十分大隻，份量都合理，貓貓十分喜歡～
5,猫猫鍾意食，有特價會一直回購
5,d蝦比想像中大隻，狗狗們超鐘意，食完又追住要再食，已不斷回購。
5,買貓糧有贈品送，主子很高興🤗
5,回購咗好多次，貓貓鍾意食
5,貓咪長期喜歡這貓糧，今次更送了小禮品地氈，貓咪超愛
5,價錢平還有小零食送👍🏻
5,$55兩支 入定貨 平時閃購星期二都$30一支
5,貓咪很喜歡，餵食方便。
5,貓貓好鍾意，日日都食。
5,我家最叼嘴嗰隻貓女皇肯食，應該幾好
5,"已第三次回購
抵用 夠大桶 用於噴霧槍"
5,個奶倒出來係白色無一塊塊的，感覺好新鮮，試過另一間$38/樽，倒出黎好似花奶感既色仲有一舊舊，睇到都唔開胃，買得都係想自家毛孩飲得健康，唔爭在果$2！會回購！
5,貓貓食開。咁多隻金罐之中，貓貓覺得味道不錯，同埋貌似冇乜膠。
5,"呢款多汁d.
貓貓都食。"
5,挺好，但拍錯商品不可以改拍😴
5,主子嘴挑，不是每樣罐罐都食，這牌子價錢平，質糧不錯，最緊要不是太重「氣味」，有些罐頭開了全屋都聞到腥味，所以多次回購，而且每次都有試食包，今次還有玩具，謝謝🙏🏻
5,"貓貓中意食,  40 會回購. "
5,到期日到04/24 ，包裝良好，無損壞
5,"貓貓主食 健康愛吃 今日訂聽日有 價錢合理
"
5,因為方便下單購買和取貨。
5,擺貨整齊，做事交帶！Good
5,產品很好！很好的掩蓋臭味
5,貓貓超級喜歡，打開有好多汁和一條條肉..
5,"吸水力好, 有折扣抵買."
5,一直都喜愛這款罐頭，其他的不吃
5,一直買開的和送貨員很禮貌
5,第一次在貴司購買此商品，整體滿意，謝謝🙏🏻
5,雖然冇色冇味，但仍覺得有消毒作用，所以再買
5,送貨員很好禮貌 貨品完整沒損毀
5,非常好用，陣奶香味相當吸引 Xd
5,已回購多次！今次送了一罐kakato罐頭，多謝🙏🏻
5,狗狗很喜歡，香口，係比較大條，適合中大型犬
5,好用又無乜味，不過無佢講到用咁耐，隻貓唔會識認邊度未疴過，係疴死一個位，所以我二至三天要換新
5,貓貓好中意食，份量充足，抵食！
5,開始時担心會不會很快到期。  收到貨後，到期日差不多2年。   貨品包裝也很完善。  Thx.
5,"由疫情至今未停過用，雖然貴左D, 品質真係好，噴空氣，衣服，物件，樣樣得，我有鼻敏感都冇發作！"
5,貪佢夠大枝耐用，家有小朋友啱哂
5,好大隻喎！巨大肉厚！貓貓聞到就瘋狂追住食🫶🏻
5,貓貓好鍾意，只係唔覺好潔齒。
5,"貓貓很喜歡，一開即清碟。
包裝很好，一撕就可以倒出來，不會弄污手，很方便"
5,消委會推薦品牌，貓咪喜歡食，會再買！
5,湯水質地 配有肉絲，可增強貓貓飲水！
5,很好，多次回購貴店產品，上次退款已收，但貨品還在家，請問怎樣退回給貴店呢，謝謝
5,用開，仲有包wishbone sample 送，好驚喜！等主子試吓先
5,家中20歲老狗不喜歡吃，但產品是很不錯的。
5,有特價，不錯，服務員有禮，謝謝。
5,回購多次，不過今次包裝麻麻，本身應該有個膠袋封好，但膠袋沒了，只用透明薄膜包住，希望可以改善
5,$77 一包 真心平 所以大手入貨
5,貓貓素來用此品牌 很好
5,貓主子的必需品！大愛!
5,千千日日都食一至二條。
5,每次我在hktvmall 選購寵物食品時，都會選擇貓犬工房，因多次購買，有信心，貨品期長，包裝良好
5,第一次買，$178估唔到咁大包
5,"很好, 已經回購很多次"
5,回購左N次 一日唔記得俾狗食就有欠咗佢嘅眼神
5,服務員態度好好。好友善。好盡責。👍🏻👍🏻👍🏻👍🏻👍🏻👍🏻👍🏻
5,很好用，不過也有擔心會不會影響肺部，Dr Kwong 經常說小心吸入肺部
5,已用了這個牌子很久， 冇異味又吸水很好用
5,"以下評論不關此商品問題
== == == == == == ==
HKTVmall連續2次整爛貨，尤其是那個叫「Tony Wong客戶服務員」講「你趕住用就自己出去買啦」呢位員工真串嘴當時連聲線都好串，最後還不承認自己問題，講一堆廢話，完全唔見有任何歉意！"
5,一直回購，呢隻直接可以沖落廁所，方便！
5,"粉塵少，除味不錯
沒有化學香味 ，吸水佳
多次購買"
5,"呢個價錢算幾好用, 夠爽身又唔係好臭"
5,已回購，送貨快，品質良好
5,貓咪喜歡食，獸醫都認同嘅貓點心。
5,正貨，仲送cushion👍🏻
5,我家喵喵用開的，$88一包好抵用
5,$30 試吓幾好，吸味好過綠茶砂，D砂嗅落有少少 vanilla 味
5,"子們都喜歡, 價錢比買開的店便宜一丁點, 自提點亦比較近一丁點. 等陣會落單再買. 謝謝."
5,30蚊一包，抵用，又唔臭又唔碎
5,"一向用开,質地平滑幼细,易凝结,冲厠亦易"
5,我家小黑十分十分喜歡，剛開已吃了兩條還想再吃。
5,"好香, 除臭效果幾好, 清理好方便"
5,又有小禮物送，又要糧版送，又係新貨02-04-25，非常好
5,超好用！ 包半用左兩星期仲係冇異味 一定回購
5,幾好呀細細包開一次用晒唔怕潮濕
5,很好，真空的，33蚊追单價
5,用左一次，幾好用，又幾吸味。
5,限時優惠$33買，抵買！
5,容易冲落廁所，不會塞廁所！
5,呢款貓砂凝結度好、唔易碎，已回購多次
5,"會員又有折扣仲抵買,讚👍"
5,捐比浪B，希望做多D特價
5,好用，起初主子唔習慣。
5,平，今次的送貨員超級有禮貌
5,一直用開的貓砂，原味最好用
5,"好,夠幼細,沖廁都可放心."
5,"子們都喜歡, 價錢比買開的店便宜一丁點, 自提點亦比較近一丁點. 謝謝,"
5,"未用, 抵買, 包裝完整"
5,英短母子都喜歡！已經回購多次！
5,抵，外面這個價錢只是4.5L
5,比起在竉物網店買 更好 因為有贈品貓棒和罐頭
5,幼砂真係好過粗砂，易產起 少粉塵 雖然都係有小小痴盆底不過唔影響
5,用此產品已多平，多次回購
5,平過在寵物店買，還有專人送貨，貓貓亦沒投訴，會繼續幫襯。
5,我狗狗要加先肯食糧。十分之愛吃
5,還可以，比普通既貓沙好用，貓咪不易黏出來。
5,毛孩好中意，有罐頭送好好
5,貓貓好中意食 食咗幾年最中意都係呢款 唔俾轉糧🤣🤣
5,貓咪食開，送的6罐貓罐頭，貓咪食到停唔到口👍
5,隻貓好鍾意食，一罐份量充足。
5,購入20包$600再減40 平時買大包17.5L 今次雖然係原味同細包6L裝 但好抵
5,包裝得很好，沒有凹👍🏻
5,特價買捐贈義工，適合貓B B
5,買俾貓貓用的，佢話好喜歡用，我卻不一樣，我喜歡他
5,又多左個鐘意食嘅罐罐 💯分👏🏻👏🏻
5,小貓咪最鍾意食，已回購好多次
5,好用，會回購，🐱🐱很喜歡👍🏻
5,貓咪喜歡，一直食開會繼續混着食
5,我怕返唔到轉頭，三隻寶貝超喜歡食，清碟後在想要👍👍
5,請預先來電及務必於指定時間安排送貨
5,非常好用，希望經常有這個優惠價錢!
5,買多咗一包有冇人要？可平啲放
5,我家貓貓超愛吃，已回購多次～
5,冇味 易清 只有少少塵
5,有6 罐罐頭送， 又有精緻小禮物， 多謝！
5,"好用,凝结力很好,很吸味,冲厠亦容易,現在减價很抵用会继績購買,謝謝"
5,"成份健康有益, 貓貓好鍾意食!"
5,如何能夠有桃味選擇就好
5,N1猫砂吸味好勁也好耐用
5,好用，沒有揚起太多塵，且凝結得結實，貓貓也喜歡，所以已多次回購。
5,多次回購，夠黏，不易散開。
5,送貨人員很有禮貌，很有交帶
5,$20一支，而且6-2024到期
5,很難得12罐竟然冇一罐凹👍🏻😆
5,咁抵買，梗係要囤貨啦！
5,好用，個人覺得原味比綠茶更好用！
5,"貓貓用開這產品,會再回購"
5,給貓咪做零食，超級喜歡吃
5,"價錢便宜，包裝得體&#40;因買過其他店包散裝&#41;
會再幫襯😀"
5,包裝很好，很完整，一向食開，多謝贈品，貓咪很開心。
5,"家裏有兩隻貓其中一隻貓牙齒牙石及口臭問題比較嚴重, 之前用過另一個品牌但係效果冇顯著, 今次試用這一個, 我係直接噴落牙齒度, 噴的時候真係無聲音的👍🏻 貓貓唔抗拒, 初初用嘅時候係唧落隻手指再搽落牙齒俾佢習慣咗味道之後, 我就直接噴入佢牙齒, 完全冇抗拒🥰, 兩隻貓都用, 暫時未知道效果, 希望可以改善問題, 品質期到2025年"
5,"好用！
濕後也不會变沙漠！超讚！"
5,"第一次用，凝固力不錯，可能我舖得太淺，大概1cm,吸水後會痴底，但都容易鏟走。有天然香味，能蓋住臭味。"
5,貓鍾意食。202有7年1月到期。包裝良好。有贈品&#40;6包85g 同牌子濕糧，2027年到期&#41;。
5,狗狗喜歡吃，產品包裝良好，已多次回購。
5,去除到主子啲尿味，又冇人做香味，對貓貓身體好！
5,細細包幾好，喜歡粗粒冇咁易黐貓咪腳
5,是30x45 的 沒問題
5,買咗好多次，一有減價就會買多幾包，抵用
5,"超過十年都係用呢個牌子,有保證"
5,細細粒，容易食，貓咪很喜歡吃。
5,已多次回購，兩隻貓咪很喜歡吃。
5,貓咪喜歡，去厕後牠都處理得好乾淨
5,我幾隻貓貓都好鍾意食！
5,"主子因為唔肯食乾糧粒粒所以牙唔好。
後來知道原來慕絲罐罐加水開稀，再加乾糧粒粒，竟然我只12歲主子全部食晒😁"
5,佢BB 時已食呢隻品牌的糧，非常喜歡，而且營養均衡
5,比狗狗打發時間吾錯，好中意
5,狗狗大愛，每次見到都很開心興奮
5,頂，買完之後有減價喎。包砂係好用既
5,呢個平 當試用就ok 因為都幾細包 下次都係買返大包裝
5,準時，貨物整潔，整體感覺良好
5,貓砂比想像中好用，満意
5,準時及員工服務態度好.
5,幼砂比粗砂吸水更好，但麈砂亦比較多
5,物美價廉，未知貓貓鍾唔鍾意
5,80.5 再95折，抵
5,用開，見平少少就會入定貨☺️
5,雖然4隻得一隻食，好過冇
5,好用，遇水凝固， 不鬆散
5,好香粟米味，比豆腐砂既味道好，有特價好平！會再回購
5,是真空，沒漏氣，很好。
5,很吸貓尿的味，很好用，所以多次回購
5,唔算多粉末，一個禮拜唔清貓砂盤都唔會覺得有味，幾好
5,代理斷貨很久，等了三個月才通知有貨，立即下單購買多款小食給狗狗，牠非常喜歡吃這些小食。
5,貓貓喜歡，已回購多次了，如果能夠便宜些就更好。
5,"就是有些少氣味,可以接受."
5,夠厚吸濕強防臭，好用過價錢較貴的片
5,貓貓超喜歡，可惜得1包存貨
5,主子食開，一直都有回購。
5,實物好大包 包裝良好 不錯！
5,浸了水放在乾糧上，寶貝好鍾意食！
5,比雞肉濃香味，狗狗好鍾意❤️大袋內再分開幾小包比較容易保存，不易疏氣?
5,價廉物美，好用，冇麈。
5,份量好少。一日要食幾罐:&#40;
5,多次回購， 17歲狗狗好鐘意食
5,好好用 抵買又有送貨 多次回購 讚
5,家中狗狗年紀大， 只會比健康小食佢食， 一包入面有幾小包，十分方便。 
5,有一包取貨時發現穿左 職員及時處理 但因為唔想退款 職員用心幫忙用膠紙封住
5,有一隻貓喜歡吃，另一隻就掉頭走了
5,點只五星真係想給多幾粒㗎，多謝贈品
5,如果多做優惠就一定會入貨
5,性價比高，非常耐用，容易清理。
5,已經返買過無數次，一直用開，實惠又好用。
5,回購  細細包  唔驚潮濕天氣
5,回購好多次，貓好鍾意，呢個雞同同一個牌子嘅鴨都好好
5,貓貓很喜歡這種小食！賣家包裝很好！對貨品保護很好。
5,為食主子聽到零食膠袋發出的聲音，睡夢中也跑了出來，自動埋位等派福利。
5,用咗好耐，$80.7/包真心抵，唔買對唔字自己 :D
5,這個貓砂氣味很好，吸水力及團結力幾好，沒有優惠時有點貴，我趁着有大減價時買的，建議供應商多做些減價活動吧。
5,很好，多次回購給主子吃。
5,已經多次回購，獨立包裝令人放心
5,貓咪超喜歡吃，4小包獨立包裝方便保鮮。
5,"已多次回購,😺😺鍾意食"
5,貓貓中意，可以增加營養👍
5,good 主子鐘意，多次回購
5,我家主子十分喜愛，店家還贈送兩包零食，謝謝！
5,對仔女很愛食，食物質素優良，長期回購，信賴之選
5,鴨肉為狗狗零食，質素好好，小狗吃得很香
5,選無味不刺激貓咪嗅覺，清砂碎末算少，吸收都可以，最緊要貓仔肯用
5,先前用的是大包裝，現在有小包裝的更方便！
5,"好香，我都試了半粒，貓好喜歡。
"
5,原本是想訂綠茶味的，收到貨才發覺訂錯原味，但也不打緊，$80一包實在是超值。生產期2021年9月7日
5,貓主子愛用 $88 再回購！
5,用開，價錢抵，仲要送埋貨，真心鐘意係呢度買嘢，送貨準時，呢度D送貨哥哥有交帶又有禮，抵讚
5,我家的貓兒無敏感，所以 繼續用。
5,$80平，多啲做減價更好
5,不斷回購，$88再95折，平
5,再再一次回購！貓主子愛用呀！
5,用開這牌子，貓一到家就會用了，就是有時可能太香，換貓砂時會偷食幾下
5,大大包唔洗拎!! 辛苦曬送貨哥哥!:p
5,毛主子愛吃，朋友也叫我幫他買。
5,"狗狗好鐘意食，不過下次會試大size,
唔洗一分鐘食哂！"
5,回購很多次，價錢比寵物店便宜，品質優良，很好用。
5,貓咪很喜歡使用，清潔方便。
5,一直買開，會再次回購。
5,Mousse很幼細，可以用針筒餵食，已多次回購。
5,包裝優良，罐頭完全冇凹👍🏼
5,抵，會員專屬價$313.5👍🏻2026年9月到期
5,貓貓鍾意食，也可以預防尿道炎
5,這款貓砂吸水力很好，令貓砂盆乾淨，我會推薦給朋友
5,特價再95折，非常抵用，前後買咗廿幾包
5,送咗個貓玩具同一包濕紙巾 貓貓好鍾意 多謝
5,不錯。細包裝可以給貓咪試用。
5,唔加價嘅話會繼續買. 砂結得幾實7／10分 
5,"my puppy loves it, 每條唔會太大，分量剛好"
5,哥哥送貨專業態度服務好
5,一直用開!除臭Ok!經濟實惠!貓貓鐘意用!
5,一直搵啲辟味嘅產品，冇一隻係持久，反而呢個蘇打粉真係做到
5,多次購買，貓貓岩食👍🏻
5,"最抵係呢度
吉之島賣19.9一包
差成7蚊一包
大家實識揀"
5,狗狗愛吃，超級滿意，已多次回購
5,呢隻啲貓都鍾意食，長期都買，會回購
5,價錢抵啦，係咪清新，再次回購
5,門市服務優質，效率快及有禮
5,好抵 仲多送一包小貓糧
5,用開這產品很久，今回沒有太多粉塵，非常好！
5,主子食開，有1罐撞凹左少少 但程度接受到
5,"同時放2款貓砂, 貓貓都集中去呢一個, 幼身比粗身的好用, 之後會繼續用, 希望保持特價同質數~"
5,主子食開，價錢平過其他實體店，而且仲要係真空包裝，good。
5,綠茶味好香，可以蓋過貓主子啲便便味
5,貓貓喜歡，而且大份量可以食幾日
5,"很好用,會再買及紹他人用"
5,"8
水超過一半以上很棒"
5,很好、抵用！我買6包、能用紙箱打包送貨更好！
5,多謝主子小禮物，佢好開心😻
5,"質量很好, 已回購多次"
5,食用期: 2026年7月
5,肉質好，而且細魚（和吞拿魚比較）含水銀較低，避免長期單吃吞拿魚，對動物健康較有保障。
5,除臭功能不錯，也蠻大包的
5,買完4箱再加單，何處家也存貨備用。
5,主子很愛吃（已回購多次）👍🏼
5,"貓仔時食開...299好抵?
"
5,記得用code，有95折～貓貓以後的豆豆靠你了
5,比我想像中大盒，之前用其他除臭產品都冇用，喱個我試過用黎洗砂盤，真係可以辟到味
5,主子最中意依隻味，多次回購
5,多次回購，貓砂冇乜碎砂，而且倒出來沒有太多塵灰，整體好用。
5,"用開回購, $85, 唔洗自己拎, 等緊下次有折$77再買"
5,用開17.6L，今次6L特價，買了20包，真是平、靚、正。
5,見到$31蚊，買嚟試吓
5,"Very good, 多謝贈品，貓貓們很喜愛"
5,一直回購開，今次送咗兩包利事封，thanks
5,"送貨員準時有禮！
N1用了好幾年，品質唔錯，會回購"
5,"貓很喜歡
好吸味
抵用！"
5,她只限吃這個品牌的貓糧
5,貓貓愛用這款貓砂，送貨又幫我搬入屋，有禮及迅速👍🏻
5,多次回購，外包装整潔，內裡一箱3包沒有漏砂也整潔，而且好用，貓咪愛用，整體滿意。推薦
5,"好用👍🏻無限次回購
去share hub搵我share link買仲有5%回贈👏🏻"
5,一向用開，經濟實用，今次買一箱有三大包，更抵更方便
5,味道清新，可以保持貓砂乾爽和除臭
5,非常良好的賣家～值得推薦的好賣家，一定會再回購，好評！
5,這猫沙，我家主子很喜歡
5,包裝整齊，所以常回購💕
5,"多次回購,乾淨少粉,不""痴""底盆。
每次訂二箱、好重的,辛苦送貨哥哥,謝。"
5,已經多次回購，貓咪喜歡食，必買推𡯂！
5,兩隻貓咪都喜歡食，巳多次回購
5,產品介紹感覺不錯，因此購買，用後也不錯，可持續購買
5,貓咪喜歡食，多次回購，正！正！正！正！正！正！
5,都是水的罐頭，特別需要
5,"多一包粗貓砂試用裝, 性價比高"
5,真心掂，拯救咗我煩咗好耐豆腐砂唔吸味嘅問題
5,貓貓很喜歡吃 ，也喜歡贈送的玩具
5,"買幾罐喺屋企，出去野餐嘅時候方便食用
狗狗愛食"
5,"3包猫砂一套實在太沉重,HKTVMall的服務員乜很難搬得動一盒3包猫沙，可否改為2包猫砂一套? 猫沙吸水力強，很好用."
5,非常好用，很結實、沒粉塵; 粟米香味，我和貓貓都很喜歡 : &#41;
5,貓咪好鐘意食，買啦⋯⋯買啦⋯⋯買啦⋯⋯
5,"1.這是我貓咪一向喜愛的品牌貓糧食糧
2.價格比寵物店相宜。"
5,好用的豆腐沙，貓貓便便後，很容易鏟起
5,我三隻小貓仔，一直使用這個品牌的貓砂，他們很習慣，這個團結快唔容易鬆散，幾好用。
5,多次回購了😍希望可以做多d折扣
5,"我的猫喜欢
设计不错
我会推荐给其他人，因为价格合理
 "
5,包裝穩妥，這款日本產的木砂，是性價比非常高的優質產品。
5,一直用，不太細粒，不會攝在腳趾罅
5,"主子好鍾意食, 可惜唔係主食罐"
5,"好好用 平靚正
用過n1 差
用過秒瞬 靚貴成日無貨
獅子砂平靚正 粉塵少 除臭👍🏻"
5,"輕身, 非常好推, 容易轉彎"
5,好用 ， 凝固快，已回購多次
5,罐罐包庒整潔，完整無缺。繼續回購。
5,第一次買俾貓貓食，也喜歡食，暫時食了兩餐，再觀察之後如何
5,第一次買，估唔到2隻貓都好鍾意食，因為其中一隻係好咀雕。會再購買。
5,不經人手接觸 落貨收貨 非常好
5,主子食咗呢呢隻糧之後，屎屎明顯比平時多咗
5,家中老猫食後小便問題明顯有改善👍
5,性價比高 支持香港品牌
5,"員工非常好
感謝大家"
5,三隻貓一直食開，次次都清晒，會一直回購
5,好用，最平時買一包$26
5,貓食左暫時冇嘔，好鐘意食
5,平過超市好多 GOOD
5,good，还送了可爱小螃蟹
5,買大包再以優惠價換，抵。
5,主子非常喜欢，价钱合理。
5,不同口味，方便為食貓！
5,貓貓由水晶砂轉豆腐砂，過渡成功
5,非常好，價亷物美，到貨準時
5,貓咪很喜愛這款乾糧，還有多謝送贈的小禮物
5,第一次買，貓咪喜歡吃，一小碗乾糧很快吃光。
5,用開，很好用，能減低氣味
5,已再次回購 :&#41;
5,我磅咗1包17.5 Lt約重6.3kg。 3包 6 Lr共重約6.4kg，所以應該係冇呃秤， 除非17.5Lt都係呃秤啦 :p
5,多謝~貓犬工房，第一次光顧就有驚喜，送左玩具及零食，貓貓好喜歡玩毛毛玩具，零食還未開，值得一讚 ！
5,"非常非常喜歡
好
会"
5,貓咪喜歡，冇軟便，碟碟清
5,滿意，仲送咗兩包貓小食
5,未用！不過勝在平！平買平用！
5,一直keep住買～～抵用！
5,令次減價$13.50 買了9袋👍
5,"用過十幾款木砂.呢款最好
"
5,"食開一直都冇問題 !!!! 強力推薦, 不過幾時有膠罐裝出 ?? 我見寵物店都有賣, 但係hktv mall 仲未有 !! 生意興隆 !!! ??"
5,在惠康買過一包，現在加單價比惠康平好多，又買咗一包
5,第一次買，兩隻貓好喜歡，清晒碟，要立即再買多10罐。
5,我買錯咗慕絲，應該買泥狀，其中一隻挑嘴貓唔食，另一隻食到舔舔脷
5,好用既，本身有香味，似曲奇餅味，結得都幾好，不過豆腐砂，粉塵一定多，但呢個價錢超值，回購
5,"多謝！
多謝！
多謝！"
5,這產品很好，完全覆蓋臭味，便宜襟用👍
5,送貓玩具及小食……抵！
5,對幼貓健康及營養很有幫助。感謝商店的贈品，可惜的送出狗狗sample，貓咪不能吃啊!
5,好大罐！正呀！價錢合理，用個紙盒同我pack 好啲罐同乾糧，仲送咗小玩具🥰謝謝！
5,貓貓喜歡吃，而且可以補充營養
5,等唔到特價，因為要用，$45都要買，買完就減價$30/包，激死
5,"貓貓喜歡食
運送包裝好好 冇凹罐
必定會回購"
5,"品質不錯! 吸尿尿, 也不會有粉塵, 氣味自然"
5,送埋上門?運費都係返到????平靚正
5,送了兩小包細糧同一個逗貓玩具
5,多謝，貓犬工房，又送左支彩色羽毛棒有玲噹，貓貓好喜歡玩，牠玩到收藏左!哈 ！哈！
5,買大包限時追加＄30一包細，抵買
5,企理好用，消臭力強，特價好抵$30一見就補貨
5,商家非常貼心❤️贈品適合毛孩
5,"2隻貓貓都中意,應該会继續食落去"
5,貓主子極愛吃，吃了便便也很好!
5,今次包裝得好好，十二罐完全冇凹👍🏻
5,我家主人收到小禮物，勁開心！
5,啱啱好喺完HKTVmall plus優惠前補咗2箱貨，超抵！全屋6隻貓貓都好鍾意食，就算溝得多水都依然吸引到佢哋搶食
5,我再回購，但沒有送給我包裝嘅贈品
5,"貓貓之前食過呢個牌子濕量, 第一次食乾糧, 都沒有出現不適, 值得購買。"
5,good，仲有送野，好驚喜！
5,其實真係幾好用，所以我已經用咗好多不同年代嘅版本
5,本來係樓下買開哩款貓糧，結果有一日附間幾間寵物店都冇貨，但又急住俾貓貓食，唯有上HKTV mall買，結果見到平過平時樓下，又可以8小時內送到，實在真係太幫到手
5,"主子好鐘意食，見星期一有折，即刻囤購🤣👍🏻
包裝好好發貨有快值得一讚👍🏻"
5,到期日2027年7月，包裝嚴謹
5,貓咪們很喜歡吃，而且個個都大隻左。
5,貓咪🐱很喜歡這產品💝💝
5,食落有明顯鹹味係正常的嗎？我買開其他糧唔會甘鹹
5,"真係冇嘢好講㗎啦，會扣咗好多次
我隻貓貓食呢隻先至得
俾咗好多個牌子去試都唔鍾意
好彩呢個牌子CP值好高
送貨到嘅時候完全冇爛
包裝好好
其實打開罐罐嘅時候，啲香味都撲出嚟
我試過偷食少少 其實冇咩味😆
極度推薦 
尤其是間屋有幾隻貓 $6左右好化算"
5,"每次都係大量入貨，pack好大箱咁送，好彩無其他人講話罐會撞凹咗。完整無缺。

貓貓好鍾意食，每次都嚟搶～ 👅到乾乾淨淨🫶回購多次。$6.5@ 夠哂平，多貓家庭啱用。
開出嚟係濕濕地嘅魚肉碎，不是gel狀，非常好"
5,呢個牌子都有食開 第一次買呢個味道 貓貓清哂👍
5,"用開,非常輕巧,好用！"
5,包裝良好 我訂了1包4kg裝 商家發了2包2kg裝 還送了小贈品 good
5,貓沙好重，有地方放的話，一次買多啲送到屋企門口好輕鬆
5,今次是回購的，因王子開食這款的乾糧，包裝方面是用紙箱包裝得很好，品質又唔錯，今次送了一小包試食裝和一支貓棒，王子很喜歡玩，黎緊下次會再回購。
5,我4⃣️個毛孩都喜歡，唔使再買幾種口味，已經第三次買，希望計返上一次價值啦😜
5,方便好用，比我之前用過的好，氣味清香
5,成日喺度買嘢，包裝得好好
5,減價時同街差唔多，重點係唔洗自己搬😌
5,已回購多次，會繼續回購
5,已回購，家中3隻貓貓好中意食👍
5,第一次買，亚B喜歡💕会回購。
5,喜愛，包裝真空容易收藏，以回購多次。
5,請問一罐幾多卡路里？完全揾唔到相關資訊，謝謝！
5,"特價時購買, 貓貓喜歡吃, 下次再有優惠會加購"
5,由包裝就可以看得出商戶對顧客的細心和認真，會再回購~
5,"多次回購，$189 VIP仲有95折，好抵！
最重要係兩隻貓貓超鍾意，勁快清碟👍🏻"
5,貓貓食到停唔到口&#40; ´▽` &#41;ﾉ
5,"我家兩英短貓母子很喜歡吃,所以已經回購好幾次!"
5,"兩母子的早餐, 好快食完!"
5,第一次購買，有肉味，但包裝沒有製造日期、製造商資料，有點疑慮
5,第一次買！好用！幫狗狗刷牙！無香味！
5,"有驚喜，一啲都唔黐底！
非常好鏟"
5,呢隻猫砂味道都好好，可以闢走啲屎味
5,主子喜歡綠茶味，多次回購
5,"濃湯汁多，分2次，每次溝60ml水，都唔淡，讓主子吸收多些水份。
獸醫講8磅重貓每天要飲200ml水"
5,好用，冇咩味，但貓貓屙左屎後唔臭，唔痴底，抵用！
5,"方便易用, 同埋都唔算貴"
5,試過其他味道，唔鍾意，呢款味道好聞，每次都係買呢款，已成習慣
5,已回購多次，非常好用。
5,一隻價錢平，又好用的貓砂
5, 倘可，份量少，合一般小型狗。
5,香味自然持久 遮到便便味 但用得快啲 都會回購
5,無粉塵 好鏟 性價比高
5,貓砂比很好用，而且HKTVmall價錢比其他超市便宜。
5,結得不錯，丟廁所也沒有留下一pet糊，幾好。
5,"抵食
雖然細罐少少
但會再次回購"
5,貓貓一直鐘意食!無限回購!日期都可以!無撞爛!
5,用開，$41一包抵用。送貨上門很方便。
5,狗狗喜歡吃，量很多，抵！
5,呢款mousse罐方便用針筒餵食。
5,用過咁多款，呢隻最少粉塵，又容易鏟，貓貓便便完咗遮到浸味，會回購。性價比高！
5,剛轉用此品牌貓砂，淡淡奶香味道，不混濁，好聞，貓貓適應力好快，正常如便
5,好用，用嚟清潔貓貓pat pat👍🏻價錢合理
5,市面各店很難找到這款貓糧但我的貓貓很鐘意食，能在HKTV MALL 訂到太好了🎉
5,貓咪少飲水，這可令牠們有充分水份。
5,貓咪很喜歡，日本品牌有保證，包裝好好，唔會凹，會再次回購
5,有效，真係僻到味，方便
5,呢支嘢真係尿床救星👍🏻真係冇買錯，會keep住買。喺床墊等待20分鐘之後真係有明顯改善尿漬，雖然唔可以100%完全變返白淨，但係都明顯改善咗8成，真心讚👍🏻
5,"已多次回購 :&#41;
之前多次都是舊包裝～這次收到的是新包裝～"
5,"成團極快又唔散👍🏻
打開無乜味，痾完尿反而會有淡淡香味，完全唔臭
又平又好用，會周圍推介俾朋友"
5,巳多次回購，主子好喜歡綠茶味，洗完尿𠒇換新沙就即刻去💩💩😊😊
5,巳多次回購，兩隻貓咪很喜歡綠茶味👍🏻
5,貓貓喜歡食，已多次回購，價錢合理，不需自己搬，包裝好好，不怕碰撞整凹
5,貓貓食開，多次回購，不用自己搬，包裝好好，會介紹比貓友
5,產品很好，會回購，會推薦給朋友。
5,貓貓一直用開N1品牌貓砂，準時入到貨件，包裝完整穩固，貨品也沒有什麼問題。會再次回購，感謝！🙂
5,主子很喜歡，一換新沙就入去痾💩💩😅
5,"貓貓超級愛吃
已回購多次"
5,"貓貓唔鐘意用牙刷刷牙
用潔齒布容易接受
可清除食物渣及保持牙齒潔白！無口氣"
5,"1:愛

2:吸水好好
 
3:會"
5,訂開，貓咪喜歡，會再訂。
5,好用，每幾買3大包夠一個月用 😁😁😁
5,每次回家就追住我要食貓糧！
5,包裝妥當，如果有60ml便攜裝更好
5,產品新鮮，包裝完美，放心購買
5,兩隻貓咪都好鍾意食，用嚟補充水份就最好！包裝原整 🙏🏻👍🏻
5,是一次開心嘅購買經驗。
5,貓咪喜歡綠茶味，巳多次回購👍🏻👍🏻
5,一直都有用開呢隻貓砂，好用。
5,平平地試下，聽說很不錯
5,此貓砂不會好多粉塵，吸尿幾好，但我買綠茶味，我個人覺得味道有些刺鼻
5,第一次使用，綠茶味香，good
5,好用，但重，如可真空包裝更好
5,非常好，老細好鍾意，佢可以慢慢咬，我哋可以慢慢食飯。正呀
5,貓砂好好用，有綠茶嘅香味值得用
5,包裝很好，貓貓很喜歡，日本產品有保證，會再次回購
5,屋企四隻貓都非常鍾意食
5,包裝很好 波有漏氣$23買黎試下
5,"貓砂,好新鮮生產日是10月,正呀."
5,好用，不過雲呢拿味有啲重，會試埋綠茶味
5,我自認是資深貓奴，已經有20多年經驗！多年來不斷尋找優質貓砂，這個獅子砂真的是符合各方面的要求：價格相對便宜、少粉塵、能蓋掩臭味、快速凝結尿液等，況且還可送貨到村屋哩！真心推薦
5,用紙巾清潔後衛生清爽、可以安心出行
5,味道清香，吸水力強，價錢合理
5,是再次購買的，貓貓喜歡吃。
5,不斷回購之產品。好用方便。size 適中。
5,用開幾好，如果能更吸味就更佳
5,主子食開這一隻牌子，非常滿意。
5,用開呢個牌子，所以朋友都話屋企冇貓咪廁所嘅味！😊
5,價錢便宜，自動鏟屎機OK
5,貨品又平又靚，送貨快，服務員態度好。
5,已經多次回購，價錢相對便宜和快送貨十分快速！
5,大貓好喜歡綠茶味，一換完新沙就入去便便😅
5,貓咪很喜歡綠茶味，倒出砂𠒇全屋都有綠茶味香👍🏻
5,"性價比高
已多次回購"
5,$23/包 抵用 吸味 凝結快
5,"未用
但真空包裝非常好"
5,一直用開，比N1好用好多，少粉塵
5,服務快 今日落单 聽日到貨。
5,好用，抵用，吸濕快，吸味佳
5,隻貓唔肯食..&#40;;ŏ﹏ŏ&#41;
5,經常買、今次有小玩具送、主子好開心
5,如果有優惠可以一次過買10支，但是放的位置要安全。為什麼會一次過吃光。。。因為我放咗喺床隔離，一隻四個月大嘅僵屍牙貓，可以咬爛啲嘢然後食晒搞到唔嗲唔吊
5,還送其他試用裝，很有心
5,上次係試新野～價錢平，今次再回購，真係好快凝固嘅，主子都冇投訴😽
5,可以溝其他貓砂用好辟味 別人介紹用 我也會介紹別人用 快速凝結
5,猫猫很喜欢，已经是多次回购了，会介意给其他朋友，真的很好用，避味道不错👍
5,貓合用，不過最好粗幼混合用
5,細細粒無阻吸濕，香味不刺鼻，貓咪無抗拒用
5,"主子瘋狂喜歡
但不必過多包裝"
5,好好用 乾淨 蓋味一流 陣陣奶香味
5,貓咪食到習習聲 汁都舔埋
5,每次都買6包，今次係第二轉買，呢款貓砂係我暫時用過比較高分嘅一款，最重要係佢真係做到臭味減低，同時吸水力比好幾個牌子好 。
5,有一日唔記得收好 隻貓咬爆咗支零食嘅管身😅😂
5,Packing很好，thanks !
5,狗狗鐘意食，抵買，包裝良好！
5,貨品完好，也收到小玩具了，感謝
5,真空包裝，細細袋，容易收藏，已再回購
5,性價比高，出面賣貴啲！
5,好用到爆 又唔痴底 易結 仲要無粉塵 會再回購
5,"朋友推薦，除臭力強， 試下好再買。 
可惜無3.0粗條。"
5,"比純豆腐砂6L重500g
除臭力強"
5,回購，主子至愛，如果店主價位能長期定在特價$30，就最理想
5,"買回購好多次
小狗都好中意食"
5,第一次購買！貓咪喜歡食！👍🏻
5,貓貓好仲意，請開左之後要放雪櫃嗎？
5,包裝整潔！還送了一小包sample糧給主子，可以讓主子試吓啱唔啱口味再購買，很窩心值得一讚！
5,$30有95折又有禮物真太好了
5,主子飛撲埋來食，很喜歡
5,我家貓咪好喜歡食。會再回購。
5,好大包 好香 我隻狗當薯片咁食5分鐘k.o.
5,好用方便。一直回購之濕紙巾。
5,比外面便宜，包裝亦整齊，會考慮回購。
5,"好好用 除臭一流
希望唔好加價😂😂"
5,好用，不易飛砂，掩蓋臭味能力強
5,我一向都用這款豆腐沙的，在HKTVMALL購買比在其他店舖較為方便！
 5,一直有食開這個，價錢不算平，只是訂開才訂
5,貓咪好鍾意一買返嚟唔夠幾日咬爛晒
5,貓貓愛吃，吃到停唔到口。
5,質量很好，性價比高，會再來買。
5,幫貓抹腳仔，好用，會再買
5,買開2.0，混1.5 一起用。繼續回購。
5,好好聞😂 唔痴低。 希望唔會加價， 加都唔好加咁多，會不斷回購
5,味道清新，可以掩蓋寵物尿味
5,狗狗喜歡吃！包裝很好！
5,見好評如潮，買來試吓！希望貓貓喜歡！有贈品送！非常滿意！
5,"好好用，夠除臭
價錢平
仲有贈品送

唯一係太細粒會飛到周圍都係"
5,"真空包裝完整無缺
混合砂比普通原味更好用 氣味完全覆蓋"
5,"good, 可以沖廁所"
5,平時用開呢隻好好用，吸味
5,到貨全部真空。吸味又結得好，會再回購
5,價錢合理，魚肉鮮美，貓貓比比較喜歡吃這種味道。
5,收到有真空包裝📦非常好
5,對貓咪打噴嚏有效。平過出面買，折後95蚊。到期日2025.12.11
5,用了大約四天，幾結實，不會散，性價比好
5,清潔度高，只是混合貓貓排泄物味道會好臭。
5,貓貓食開呢隻，有原箱優惠，好👍🏼
5,包裝好好 對付貓尿有效 減到好大部份既刺鼻味道
5,用開，多次回購，狗狗去完散步唔知係頭定耳仔會出味臭臭用過咁多隻呢隻最好又去到味
5,好用，能夠很好地吸水，唔會痴盤，但比較多碎粉
5,這個價格最便宜$95一包，個人經驗粗粒和幼粒混合使用效果更好。
5,包裝好！末用希望好用！
5,"之前用左好幾年Nx牌, 但好似越嚟越差, 所以想轉~ 見hktvmall d review幾好, 所以試下~ 凝結同吸臭都好滿意, 但d砂本身真係好大陣味XDD 好似某隻夾毛餅嘅味咁, 同埋得幼砂, 執砂執到手軟...T^T 希望將來會出粗砂!!"
5,"我隻狗女鍾意。
呢個價錢超抵食。"
5,夠濕 都幾好 狗狗🐶唔抗拒
5,沒有問題😊主要用來抹貓貓腳🐾
5,"呢款貓砂好好用
吸味又凝結得好"
5,CP值高好抵用，同埋真空包裝，會再次回購
5,食用期足夠，比其他店鋪買抵
5,D貓貓食開 食咗好多年
5,一直都係Hk TV Mall客戶，會繼續支持
5,"完全可分解貓尿味, 要買定一支係屋企"
5,收到時 瓶身有漏 不影響使用，味道清香 
5,好有效果，噴一次第二日就無咗味
5,1. 狗狗🐶喜歡吃👍🏻👍🏻👍🏻
5,狗狗很愛吃！一直回購.
5,幼貓用到而家、這款比起其他牌子冇咁多粉塵，所以一直使用。👍🏻👍🏻👍🏻😁
5,家裏的主子一直識開這個品牌！有回贈價錢優惠！
5,"Good
已回購多次"
5,特價$237一袋，好抵！
5,好平好抵好好用 多次回購
5,狗狗好鍾意食👍🏻👍🏻👍🏻
5,非常好用，貓咪接受。所以今天已再購了5包
5,非常有效！而且好大支，有排用，good!
5,原箱包装良好，價格優惠。
5,很乾淨，凝結好！貓很喜歡用！
5,好用，個人比較喜歡用幼砂，覺得較耐用
5,用過都好好用吸味都好好
5,"產品包裝整潔,價錢合理"
5,用開，試完幼粒，返唔到轉頭，感覺用得耐左！$95一包抵，平過我平時買，掃左7包比我家三貓！
5,基本上冇臭味， 可以直接到廁所沖走， 已經買第二次。
5,幾好價錢公道，唯獨送到成包已走晒氣，並且有輕微碎，希望商戶下次注意
5,已經買過好多，屋企三隻貓都超鍾意食
5,好好用，超級除臭味！已推薦朋友用
5,用了N1貓砂一段時間，吸味是我用過中最好的一款。
5,"除臭好用, 第2次番訂"
5,買幼粒但給了粗粒，已第二次了。
5,低粉塵，唔黐底，好用👍🏼
5,可惜！我家的貓不大喜歡！
5,合理價格，和街舖差不多，有優惠時較街舖平
5,"Good, 貓貓很喜歡"
5,綠茶味比較消臭，朋友有貓的介紹用也覺得效果唔錯！
5,平靚正，貓咪不拒絕在貓砂上大小二便。
5,一向都用這款貓砂，好用
5,吸力夠唔臭，會定期回購！
5,陣香味都幾勁，希望對寵物冇害
5,是我用過最好的貓砂！巨推👍🏻👍🏻
5,方便易用價格便宜比出邊更加便宜下次再買過
5,送貨前會致電，送貨的哥哥十分有禮！！
5,＄14.5 VIP再95折，肉絲質地二隻貓都鍾意
5,"貓砂吸水力強,小粉塵,價錢平,會再回購."
5,好香綠茶味，香氣可以覆蓋貓便便同埋尿臭味，大包好用又襟用，沖落廁所都唔怕塞
5,狗狗很愛吃，會回購👍🏻
5,包裝很好，沒有損壞，貓砂份量多，夠替換多次
5,"貓咪用得好好
它非常喜歡贈品零食😆😁😆😁😆1"
5,貓貓很喜歡 已回購多次
5,一直有用開，綠茶氣味舒服
5,"多次回購, 有效減低臭味👍"
5,已多次購買，暫時還未找到被比這屎墊那麼平靚正
5,未用，但包裝乾淨完整。
5,"呢隻砂雖然都有些少粉塵, 但相對地已經極低刺激性
辟味好好 完全聞唔到臭味"
5,貓咪喜歡吃，已經回購多次👌👍
5,用開 $94 再95折
5,貓貓至愛，食咗唔會嘔毛，都幾大支👍🏻
5,已經回購好多次  品質好
5,家中老貓兩隻，分別17及18歲。都頗揀飲擇食，只買了一罐試試，幸運地全部吃清。
5,"剛收到貨品，因我這裏要行大约20级樓梯才到達 升降機，唔知下次訂貨時會否送貨。
"
5,今次因為特價，好抵用，希望以後還有吧！
5,已漏氣，包裝還好，用開，幾好
5,實際送貨時間就是在預算時間之內，物流人員很有禮貌。不過，只是貨物不是全部用箱子裝好，收藏有點困難。
5,一向有用開，買三包除開每包$95好抵呀。送貨哥哥好好，啲貨放喺門口仲影張相俾我睇，d貨都完整無缺。
5,一直用的牌子，趕上寵物用品優惠更抵買
5,"好用，一直都係用N1,VIP有95折更便宜"
5,每包都好整潔。厘個產品好吸味，雖然$109冇特價
5,送遞員態度很好，很有禮貌
5,非常好，價錢適中，貓咪去完大丶細便，臭味不大，而且容易清理。
5,用開！$99再95折。習慣等減價時買幾包
5,好用，$103.5好抵
5,我家貓貓非常喜愛這個味道多汁
5,價格相比一般零售店優惠，good
5,用開，今次4件平均$90包，再加pet Pet 會95折，真係平到呢～
5,喱隻貓砂經常幫襯 好用，送貨完態度良好
5,幼粒裝好用底用，所以再次購買
5,特價買嚟比少爺同小姐試下
5,"試食過才買,平過街舖,仲有9折。品質好有抵買主食罐。"
5,已經是第N次回購了，非常滿意！
5,貓咪很愛食，已多次回購
5,貓貓食開，有食果排眼睛無乜分泌物，非常好。
5,用開依隻，唔易碎及吸味。
5,好好買左好多次雖然比出面買貴少少但是不用自己搬
5,買左好多次，有優惠就會大手入貨
5,已經買左好多次，貓仔都最鍾意呢隻砂。凝結得好！
5,三袋17.5L貓砂...一個女仔自己拎上一層樓梯好L重...仲要原箱唔係分開拎，不過係平既300蚊3袋
5,"主子好鍾意用勁正…… 經濟又實惠
"
5,比之前买的，结块能力好一点，不过还是太易出粉
5,第一次買，狗狗很喜歡。
5,特價好抵買 大大包 有排用
5,家中貓主子非常喜歡食，已多次回購
5,我主子至愛幼砂，快D大特價就好啦
5,一向訂開，貓貓喜歡吃，會定期訂購。
5,適合重口味貓貓，間中轉換味道胃口好
5,吸水力强，好用，已經回購多年。
5,比在之前買的網站便宜一點，最重要是不用自己搬。~\&#40;≧▽≦&#41;/~
5,無得頂呀 又抵又好用 同埋好襟用。貓們很享受用
5,我家貓有偏食習慣，它肯食，已經多次回購
5,回購好多次見特價$95再買兩包 。粉塵都係有架喇 無計
5,不嬲都用開呢隻貓砂，好用，又無塵，好乾淨
5,同出面價錢一樣，貓咪鐘意食，會回購
5,"包裝良好，貓貓食開，支持hktvmall,罷買中國貨"
5,"好好用，容易剷，非常吸味。
去完街返到嚟 屋企廁所都完全聞唔到貓貓嘅便便味👍🏻👍🏻 體驗非常好，希望可以一直維持呢個優良嘅品質"
5,吸味又抵用！希望繼續優惠😆
5,呢間係正貨，唔會甩色👍🏻
5,"屋企舖階磚, 3.0mm比1.5mm適合, 唔駛再喺階磚罅中執1.5mm"
5,一直食開，狗仔超級喜歡
5,好用，粉塵少，性價比高！
5,試過唔同味N1貓砂，都係覺得原味最好用
5,"貓貓不肯直接食 要混入糧中 胃口好咗
另外希望落單時可選擇不要贈品、不要宣傳單張 因為時常入貨 已累積好多贈品 亦未必合用 而今次滿$350送購物車 體積太大 去020店取貨好唔方便 所以特意分開兩張單 每張唔夠$350 HKTV一向標榜支持環保 希望可以改善 商品說明已很詳細 不用每次跟貨都夾宣傳單張 很浪費"
5,"易剷唔黐盆，都幾重奶味，重到遮蓋到便便臭味
想加單先發現冇貨喇 希望商戶快啲補返貨"
5,準時快捷，有禮貌，貨品多，提取方便
5,"貓貓超喜歡吃
$9 一罐好抵買"
5,第二次購買，香味非常自然，如果有大顆粒貓砂更好
5,初次購買，送貨速度十分快，亦很準時！送貨師傅亦很有禮貌
5,"

正, 價廉物美"
5,已回購多次，品質好，老貓主子仍沒有嫌棄。價錢算便宜，不算大牌子，但主子吃了多年仍健健康康👍
5,貓貓食左，明顯胃口有改善，食多左野
5,"會再次回購，性價比高
$228/3包"
5,貓貓只食這一牌子產品，其他不肯進食。
5,"VIP day $207, 兩包再95折"
5,"味道香 支持香港品牌
1.5 mm幼條超好用"
5,屋企狗狗食開，超級鐘意
5,品質好，我家主子很喜歡
5,我家兩位貓主子每日如廁愉快，房間裡完全沒有臭味，倒到馬桶裏完全沖走，馬桶非常乾淨
5,貓貓喜歡使用這產品。我也免得過到門市提貨。下次再買
5,未試過呢個口味，不過見佢功效幾好，所以都買黎試試。
5,屋企狗狗一直食呢隻牛肋骨，非常喜歡，聞落好香，睇佢哋食得好滋味
5,"十分好用, 吸尿力强, 推薦"
5,有88折再回購，都係依然靚靚仔仔，冇凹，又比超市平，好滿意👍🏻
5,貓貓用品，非常優惠，產品包裝良好
5,回購，用開，又抵又平。最平個時$99/1包
5,食開呢隻，平過惠康百佳就買少少，1盒12包，下次買12包同味道最好俾原包裝就方便儲存
5,"$220一包,兩包再95折"
5,貓貓用這個牌子及這個味道的貓砂很多年，所以已回購很多次，粉塵很少
5,暫時用過嘅最滿意猫砂，低粉塵，香味好舒服，遮臭能力強，完全聞唔到臭，價錢亦超值
5,一向都有購買，十分滿意
5,"貓咪喜歡到極，乾淨 
包裝好 已用了6年
放貨快 準時 送貨員非常有禮"
5,"有用 。 已買左第3支 。食得快 
送既風扇 兩部都用款。 唔知有冇人有粉紅色果款可以同我換 🥹🥺"
5,大大包抵買，家中的貓咪主要食糧！
5,送貨哥哥高效率，有禮貌！
5,貓貓係3-4個月果陣好易病，朋友推薦買呢支食，食完健康左，幼貓期做補健品幾好，回購左第三，四支
5,貓貓很喜歡食，已多次回購😻
5,"99+vipday 抵
"
5,"特價買, 平平平, 呢隻最好用"
5,有紙箱包裝送貨，質地正常，
5,低粉塵，好用👍🏻已經轉用呢個牌子
5,"貓貓一直食開, 大牌子有信心
送貨哥仔有禮, 讚一個！"
5,Poodle 10分鐘食完一條
5,經常回購，多D做特價就更好！
5,好用，喺hktvmall買又平送貨時間多選擇。唔洗限時限刻
5,非常好用，已是回購很多次
5,吸水力強，氣味良好，貓愛用，性價比高
5,貓貓中意食 爭幾蚊送貨 買兩罐
5,超級好用 係暫時用過最好的貓砂 沒有之一  顆粒較粗身 所以就係碎左都唔會好粉塵狀 凝結力強 而且吸味力A+  好推薦
5,包裝得好而且價錢好優惠!謝謝！！一定會回購🧧🤩🤩
5,回購多次！方便使用！平！無味！
5,用過N1幾種味嘅貓砂，都係原味最好用，反而遮到便便味
5,之前賣$125買左3包，見依家賣$99，買番D先。
5,買開依隻牌子，貓貓鐘意食，有得送貨好方便
5,買開，貓貓鐘意食，有得送貨好方便
5,"首先價錢比超市便宜，而且今次包裝好贊，👍🏻有Bubble 夾住D罐頭而且個盒好fit,收到罐罐全部都好靚仔整齊。🥰會繼續回購👍🏻"
5,已經回購很多次，非常好，價格優惠。
5,已多次回購 一日前落單第日就到！
5,包裝很好，沒有漏氣，第二次購買了，很吸水很少粉塵，很好用，今次特價便宜很多，所以大量購入
5,好用，算少粉塵，回購。
5,之前果包有問題有跟進到。已經回購好多次，呢個貨位中豆腐砂當中，呢款嘅吸水性係最強！
5,好吸水同防臭功效不錯，多次回購！
5,好吸味，轉左呢款無晒狗仔既尿味
5,快送。回購。貓咪喜歡食
5,$99超平！包裝完好無缺！好在入左幾包貨！
5,奶粉味道，貓咪很喜歡，比其他牌子，呢隻算少粉塵，會keep住用
5,好用，家裡貓咪一直都用呢個牌子
5,今次都係再次回購，冇咗佢唔得，晚晚夠鐘就會叫我攞零食很喜歡吃
5,"訂開混合小包粗條的。由於缺貨轉了這個，可惜我按錯幼條還訂了4包😵‍💫希望好用啦。
收到贈品3mm,看着很不錯。謝謝"
5,100元，平，更多的優惠更好
5,第一次買細粒裝，黏水性不錯，有奶香味
5,用開唔錯，粉塵比其他牌子算少
5,送貨員工好有禮貌，好細心，多謝佢地幫忙，用心對客人。😘😘😘
5,送來的貨很好，包裝完美，還有真空
5,抵用抵買，已多次回購！
5,"超濕力超強
多次回購
平靚正！
屋企用又得，帶出街以備不時之需亦得"
5,Size 是okay 的。
5,在乾糧加條魚，貓貓非常喜歡
5,我隻貓勁鍾意食，同埋只係食呢隻
5,幫朋友訂，朋友用開話又平又好用
5,小型犬適回，衛生問題每次便後更換，此品牌價錢相對便宜，吸尿功能可以接受，己回購多次
5,每次都送小食［風亁肉肉］給我的汪汪
5,用開呢個牌子，又平又抵用，又可以送埋貨上門🤭
5,抵用， 無嗅味，厚度適合
5,貓咪已用了1樽，但未見效果。
5,我隻狗一日至少用4塊！真心抵用！
5,"已多次回購, 超值抵買"
5,Good，送咗粒薄荷球
5,貨真價實，價錢合理，長期使用，尿墊的厚度很好，可以吸收很多尿
5,"貓貓到家後，眼及鼻分泌物好多
皮膚唔好成日周身痕（見到佢成日r&#41;
食咗大半個月皮膚已經改善咗好多 毛都滑左
鼻分泌明顯減少"
5,夠厚同好吸味！再次回購！
5,"貓貓最喜歡, 已回購多次"
5,收到啦$99/1 ，仲有買滿600-60！超抵！搶左7包，靚，完全冇碎，真空裝～～～
5,"第一次試
毛孩很愛吃"
5,貓s只愛細罐裝～大罐唔太鍾意🤨
5,"以前一直都係淘寶買開好命天生既尿墊, 但淘寶都越來越貴,貨價連運費送到上門都唔平幾多, 仲要等集運送貨, 依家轉左用呢隻呢半年了, 價錢同質素都同我淘寶買既差不多, 抵用又唔洗等, 仲要貨源充足, 次次買都有貨"
5,回購品  尿墊夠厚  抵用
5,又平又好用，回購好多次
5,多次回購，好好用，又平吸尿也很好
5,第一次買，希望貓咪喜歡食啦
5,"我長期回購呢款尿墊，性價比高，棉又夠厚，非常吸尿又唔漏。
👍🏽👍🏽👍🏽👍🏽👍🏽👍🏽👍🏽"
5,"有行貨貼紙，買兩包多5%off, 雖然不是真空，也沒漏氣，會繼續購買"
5,隻貓腸胃好似有問題，獸醫提議轉食呢隻牌子既吞拿魚，純淨d，食左一排暫時情況都好左
5,有厚度，吸收好，價錢公道
5,這是店家送的禮品，貓咪非常愛玩
5,試過多款寵物尿墊，以這牌子最好，最吸尿，我已經多次回購。
5,三隻貓狗也特別愛吃這款吞拿魚肉罐頭，發現All About Pets品質和包裝都較優良和穩定，已多次回購。推介👍👍
5,一直用開，品質保持良好
5,單薄，但價錢合理，適合小狗 用！
5,以前上淘寶淘落嚟，呢一隻係我朋友介紹之後我都次次喺度買，又快又方便同埋啲品質都唔錯
5,20/4/22過期👍🏼
5,"優良寵物尿墊厚型
吸水力優良
包裝良好
性價比高
多次回購"
5,一直都回購 價錢抵 尿墊厚
5,我兩個女好中意呢隻，又好吸力，又平🙏🏻👍
5,"此貨品畧薄些，唯不會漏！可以的！
"
5,尿墊厚實，吸收力佳，無異味
5,吸尿力強，價格合理，狗狗長期使用
5,非常吸水 價錢便宜 已經多次回購
5,買兩件抵啲，折後比其他商店的便宜。
5,收貨快 品質唔錯 會返嚟再買
5,主子鍾意食，已多次回購。
5,味道天然，無綠茶味咁濃，價錢合理
5,我家的毛孩鍾意食🫶☺️
5,優惠價85折，超值，墊都不薄，墊來給貓咪踏出入厠所，不過3種size都成日無貨
5,性價比高 如果係細狗呢隻尿墊已經好足夠
5,吸水力一般，勝在夠平，
5,"細貓食左少左流眼水同埋無鼻水
大貓食左無左鼻哥黑黑地果d野"
5,再次回購，產品有改善，罐頭完好無缺。
5,多次回購，今次有禮品送，開心🥳
5,唔錯，價錢實惠，貓咪亦鐘意玩🥰
5,3貓用左幾年，仍然選擇N1，必無他選！
5,貓貓只接受N1原味貓砂，已回購多次
5,暫時都未搵到其他性價比高過呢隻
5,"會再次回購
會再次回購"
5,"一直用這款貓砂,會回購"
5,多次回購！今次仲有貓抱枕送，好鐘意
5,好好用，送貨服務人員很好
5,貓咪保健品，肯吃不抗拒
5,$77一包好抵，即刻入貨。
5,品質好，贈品都好得意，謝謝。
5,好大隻好香蝦味，主子喜歡
5,貓咪開始食用，但未知效果。
5,"貓貓很喜歡，非膠袋的包裝非常好，唔怕比貓咬爛
但可惜包裝上沒有成份資料
暫時沒有不適，過一段時間可能會回購！"
5,質量，包裝都唔錯，會再回購
5,小狗合用，有折扣，底用。
5,"貓貓本身鼻感敏
用後有改善"
5,keep住買咗幾年，每隔幾個月就一次12pack咁買，經過咁多次，今次嘅包裝係最穩陣，罐頭終於買12pack全部完整無凹啦，希望商戶可以keep住。
5,Mon Petit 有多種味道，但嚴選鰹魚塊特別喜歡，只要家中主子喜歡，就已經滿足，最怕牠們不食野，嘗試過多種味道，這味道牠們最喜愛
5,貓貓未食之前，一轉季就會打乞嚏，同埋佢氣管比較差。食咗之後轉季冇咁易病， 抵抗力明顯強咗。
5,份糧多 夠我隻貓食幾餐 我隻貓鐘意食呢個口味
5,請問小型犬係咪都用呢隻？小狗只有2kg 左右
5,多次回購，有效消除臭味。
5,多次回購，我主子長食，很喜歡食
5,已多次購入，平靚正之選
5,"比我之前網購的質量更好更抵買👍
經濟實惠👍"
5,"還未打開，看包装，還不錯
希望尿片品質也好好"
5,很好，貓貓最喜愛，會回購！
5,貓貓食了一段時間，鼻水有小小改善。
5,貓貓會一直keep住食呢隻離胺酸，多謝賣家嘅濕紙巾，正合用👍👍👍
5,"平！雖然好薄,但好低用！"
5,附送薄荷球，有驚喜，多謝晒！
5,這款可以，很適合迷你犬種，每次換一片。
5,價格優惠 希望能保持這價錢 包裝細心良好 還有謝謝贈送的小禮物 謝謝你們
5,找了多間，最平在hktvmall買
5,雖然比其他牌子貴，但好用，效果比較乾淨。
5,抵買！有Less 10%
5,2件8折＄600 原裝真空+紙皮箱，食用期到22年2月～Good （食用日期喺背面頂部，印得比較細同淺色 真係考你眼力先睇到～哈哈）
5,"因有寵物可用,所以轉用"
5,第一次買，貓咪試吃還可接受
5,又平又好用，不過又缺貨了
5,之前用2公升裝，見有新品種值净低敏要試新品
5,Free gift，不過唔多玩
5,家中多了浪浪，需換拖地清潔劑，萬潔靈比其他寵物清潔劑價廉物美，拖地時冇刺激氣味，適合養寵物及有嬰兒使用，好！
5,22年到期，買兩包再8折，抵上加抵！
5,用鮮肉做的貓糧，炭水化合物低，營養高兼很香口，貓貓們都愛吃。
5,大包裝沒有zip 封口這設計真的很不方便...
5,見有特價先買N1比班寶貝試，唔錯
5,狗狗非常想食，可能有機會再入貨
5,價錢合理 好用 品質厚度👍🏻
5,屋企有Bb同貓貓都岩用
5,我狗用過之後沒有發現虱子
5,一直試過很多不同的尿片，這雖然不是超厚的一種，但確實是用過性價比最高。
5,用開，唔會太濃味，貓貓易適應
5,用開 襯vip星期五買有95折就抵
5,屋企啲貓貓食咗一段時間，真係少咗呼吸道嘅問題👍👍👍
5,咖啡味非常好，好過綠茶味好多
5,新產品 馬上試 都OK
5,咖啡味是N1中的所有貓砂最好用的 原味綠茶蜜桃都不及咖啡
5,多次回購，比街舖平好多又可以送貨
5,"貓貓每日必飲！
2貓已16歲了，飲左幾年，身體仍然健康！"
5,冇粉塵👍🏻，如果大粒啲就更好
5,經朋友介紹用這種貓砂已1年多，價錢平，質量好，粉塵少，吸水後結團很好，除味，就算上批貓砂因生產商出了問題，客服售後安排及跟進得非常好，查明原因立即聯絡我交代發生了什麼事，會繼續支持你地嘅貓砂
5,用咗好耐喇，每次都會用嚟清潔洗完啲衣物
5,$60 好用支持、回購
5,用開 。一見減價就會買 。
5,常回購，比超市便宜又有送貨👍🏻👍🏻👍🏻
5,每日1包加200ml清水，2老貓都愛飲，幾年以來都貓體健康，毛髮亮麗！
5,用完就回購，每天都會用來除塵床上，好多頭髮同塵埃。
5,買兩罐包裝好好 冇問題👍
5,包裝完好，有正品商標。賣家附上狗仔小食，有心思。
5,抵用，有時朝早出街夜晚先返，貓貓去完廁所冇得即刻清，返到屋企都完全冇味
5,日日都要用來轆張床，和黑色衫。
5,送了小玩具給主子. 主子超喜愛
5,"不錯, 便宜實惠的補充裝 "
5,十分好用！👍已多次購買。😘
5,日日轆床，好多塵㗎，好有用
5,買兩盒好抵， 2022年先到期！
5,貓咪食完d毛靚左👍🏻👍🏻
5,我家超級咀挑嘅貓貓鍾意食
5,久唔不久就回購，比超市便宜。
5,狗狗用的。小便後不會留有很大的氣味。不錯。已回購多次。
5,"送貨員貨品擺放很靚很整齊！俾like👍
貓砂已多次回購 可以融水沖廁 味道不會好香但都有些許除臭效果 貓尿結團情況ok  都算不太黐底 總體性價比超高"
5,貓貓極喜歡，會再回購！
5,不過今次貓沙是幼粒，下次希望是粗粒
5,吸水力強、無味，好用！長期回購。
5,"質地係 ""薄"", 不過，狗狗每次疴完均換新一張，所以…可接受，兼且价錢算平，故己多次回購。"
5,買18件有折扣優惠再加5%優惠，抵
5,"特價 @ $633, expiry Nov 2020. 大紙箱包裝, 没有了真空。"
5,8 折，而且2023 mar 先到期， good
5,重購商品 。但買24罐，應該一箱，偏偏要分一個6罐，一紙箱18罐，包裝分兩年極不環保，也浪費我要拆兩箱時間。
5,包裝整齊企理，Good
5,貓糧沒有問題，還送3包魚乾仔零食，但係咪過咗期呢？
5,包裝完好，超值優惠👍🏻
5,清潔效果不錯，送貨包裝完好
5, 两包九折優惠 真心平靚正👍
5,性價比高，質量好，多次回購。
5,為貓貓補充營養☺️👍🏻
5,"貓咪補充品，有效。
"
5,"第二次購買, 好用超值"
5,抵用，厚度對細小狗隻剛好，常回購
5,"$63， 回購無數次
"
5,這牌子的魚質很好，真材實料
5,很好，貓貓很喜歡，長期回購
5,已多次回購! 品質非常好! 而且比市面賣得平! 
5,因為是次連同4Kg乾糧，還有訂購很多食品，但是送貨員到大廈大堂才突然來電要下樓取貨，如果貴公司不能提供貨送到單位的地址，我一定不會訂購！
5,"是原裝正貨 N1 有信心保證👍🏻
不是那款換了新包裝有簡體字的那款"
5,包裝整齊，已經多次回購
5,寵物展特價，貓貓愛吃！之前贈送試過呢款，細細粒我隻老貓鍾意，而且方便👍
5,可惜有一隻貓唔多鍾意。
5,非常好用。無臭味。。不過價錢真系太貴。。希望長期有優惠價。增加購買意欲
5, 非常滿意，$ 76／10 + 95折
5,回購！！不能以香港天氣……隔日就要換片片🤣🤣🤣🤣🤣🤣🤣
5,"貓咪感冒唔斷尾, 食了一樽後竟痊癒."
5,今次包裝非常穩妥 我非常滿意 謝謝！
5,吸尿效果好，沒有滲漏，已多次回購。
5,長期用，其尿墊係我用過咁多隻之中，最厚及吸水，因為減至目標價錢，所以入貨
5,主子一直食開。回購。又有聖誕優惠價，👍🏼
5,"包裝得十分之好！
沒有破損！"
5,12歲貓貓都鍾意食...
5,Very good，長期回購
5,一片大概一星期換一張 ，方便
5,吸水力強，仲有清香味，感覺好乾淨
5,"我幾隻喵都好鐘意食。
今次包裝好過以前幾次，非常穩固，沒有任何凹罐的情況，而且送貨員亦好好禮貌。
"
5,我的貓豬由初出世，剛剪臍帶就食到兩個月啦，現在已兩個半月，易吸收，健康長大
5,"vipday買，更抵
正品"
5,我家老狗貓犬罐頭食得津津有味，繼續試食不同口味
5,拆Hktvmall貨時狗狗見唔到依個零食會嬲的😽😽😽😽😽
5,主子10分喜愛 包裝得很好 推介
5,貓貓 LIKE..........
5,貓咪好鍾意食，支持香港製造🥰
5,耐用，一隻貓一星期換一片
5,貓貓很喜愛吃，包裝很好，會再回購。
5,647元一包!!!好抵!!
5,價錢合理， 訂貨方便， 送貨快捷， 送貨日期準確無誤， 正貨正品！
5,未用，不知道！但朋友介紹說好好
5,吃開品牌，今次第二間買有鐳射標誌和真空包裝，未開始吃
5,$625 買抵～ 貓貓中意食
5,又平又送到屋企又有小禮物，夫復何求！
5,貓咪們大愛，主子們大爱，主人們大愛，已經回購很多次，最紧要Poh poh 唔臭！真係唔臭㗎！
5,氣泡膠能包裹全包猫糧就完美嘞。
5,好用！防漏！價錢合理！一直有回購
5,經常回購，紙盒包裝乾浮衛生，送嘅咕𠱸好可愛
5,包裝整潔，產品保存狀態一流。送貨服務員態度和藹親切友善。
5,外層用紙箱包裹，不會爛，會再回購
5,好大紙箱送過來 而且有行貨雷射標 之前一直吃舊版 新版顆粒不同了
5,無限回購，四隻主子都好捧場
5,唔錯，喵喵好鍾意食 =&#41;
5,同我用開既差唔多，吸力唔可以話好，但係好平
5,好厚，好用！會keep住回購！
5,今次包裝非常好&#40;穩妥&#41; 👍👍👍
5,包裝很好，貓很喜歡，長期回購
5,家裡兩隻小貓顯然很喜歡
5,聞落好香水果味!! 狗狗好鍾意!!
5,由於貓貓自細食呢隻品牌，因此無法比較其他品牌好不好。加上價錢和其他舖頭一樣，所以我就買了。
5,🐱咪好鐘意、會繼續回購👍
5,賣家包裝得好好，常回購
5,我的貓貓不大接受刷牙的動作，所以我幫貓貓簡單刷了牙之後，也會把這清潔劑噴入牠口內，幫助牠清潔口腔，產品好。
5,猫猫最愛的乾糧，應該很難換其他，只會加小小其他肉肉補充乾糧，但呢隻唔少得。
5,多次回購，貓貓都是喜歡食這款貓糧
5,1直有食開，猫咪喜歡，有時混其他都可以，咁啱有猫猫活動送左好多猫猫禮物，多謝晒！！
5,貓貓喜歡食，而且腸胃好咗，會再次回購，多謝送來的贈品
5,"貓貓好鍾意食呢隻， 見經sharehub推薦再入返嚟買會多5%Mall Dollar 回贈 &#40;$20.4&#41;， 圍起上嚟$387都幾抵，有4kg。   
最近 , 仲有個快閃優惠碼用埋仲有88折添 88eggegg, 超正呀!  😆
如果我屋企好多位嘅話, 我一定買幾包10kg👍"
5,容易用，沒有氣味，很好
5,呢隻吸塵紙好好用 一路用開??
5,比其他牌子更能抓住灰塵，較厚身，平日手攞住抹扇葉方便又乾淨
5,由貓b開始食，一歲後試過換不同既罐頭，結果我家主子衹認呢隻。幸好這兩年價格穩定，衹是有一陣子缺貨
5,"已使用多年，囡囡都只喜歡用呢款

吸水力不俗"
5,如果包裝轉做可以密實拉鍊就very good
5,真空包裝，貓貓鍾意食，會再回購
5,價格尚可、但送貨服務一流。
5,很好，貓貓喜愛吃啊，會再回購！
5,"一直覺得好好用，仲可以幫助動物機構！
HKTVmall一直做得好好，但今次有啲失望，既然供應商無貨，點解網購付款時又無通知呢？
後嚟收到1次短訊通知，之就一直冇跟進，到底好快再送貨？還是取消另外再買其他？
直到要自己聯絡貴公司，先知唔會另行送貨，須要提出退款處理，到現在都唔知係貴公司問題？還是供應商問題？
講真、當時真係有啲嬲，因工作時間關系，當月一直無休息日，去唔到喺寵物用品店買貓砂，只有預約送貨的前後幾日有空間，如果您地有跟進通知此單問題，我就唔使連續幾日，午飯時間分批去買，哩點希望您地留意返，能做得更好啦！"
5,回購俾狗狗🥰狗狗開心仔
5,"水份高, 肉質柔軟，家中13歲貓貓超鍾意食, 而家日日食最少2罐&#40;重有其他罐罐俾, 但就係鍾意食番呢隻&#41;"
5,  平過Q-pet 門市買
5,已回購多次，貓大爺喜歡食。
5,狗仔用開，非常好用🫶🏻
5,已多次回購，我兩隻貓貓很喜歡吃，要買新裝有雷射標籤，我以前買舊裝嗰包，貓糧香味有所不同，一定要有雷射標籤才好買，仲有貓貓食左痾d便便好靚
5,用開 見有優惠即買 唔使自己搬
5,即買即試，沒有味道，不似坊間的刺鼻感覺。
5,遮到貓咪屎尿味，貓砂不黏底，會回購
5,比我一直買嘅價錢平好多
5,送的禮物，貓貓很喜歡玩，多謝
5,貓貓🐱很喜歡💕十分多謝，賣家送禮🙏🙏🙏
5,包裝很好，貨品也很好。
5,"多次回購！！
加上貓貓一向食開呢隻牌子"
5,贈品2包CIAO貓湯包同🐭棒一支👍🏼👍🏼。CIAO食開👌🏼👌🏼的，用個bubble袋分開放好安全。
5,價錢平，送到府上!包裝沒有破損
5,"Good, 貓貓喜歡又平"
5,"吸水力強, 無異味, 價錢合理, 已第二次回購"
5,小貓兒剛到我家時，還是一副排骨身型，每天用此開餐，現在有個小肚腩 !
5,多謝贈品😺，😽😼很喜歡！
5,紙盒包裝乾淨衛生，貓咪食開，品質有保證，喺HKTVmall 買比寵物店平，售後服務都非常好👍🏻
5,很好的售後感，很有愛，內有一個贈品貓咪玩具，牠超喜歡，感謝，包裝也小心謹慎，保護裏面的貓糧
5,"我隻異短好喜歡食, 唔駛自取, 超方便"
5,"泰國製造
材料很多很豐富、貓貓很喜歡"
5,"小朋友們都喜愛,但貴了一點..$21/罐"
5,有小禮物附送，驚喜！會再次回購
5,如果有埋濕紙賣就最好，可惜都係成日冇貨
5,不用多說，主子喜歡食就一定會回購。
5,已經買左好多次！吸水唔錯
5,試咗HKTVMall 好多牌子，最好都係呢一隻
5,"很好 會再回購 
收到時還是真空包裝👍
而且還送CIAO貓禮盒裝👍"
5,包裝良好，2023年9月到期，還有貓咕𠱸禮物
5,我家的貓店長和剛出生的小貓咪也在食
5,一直有用，吸塵力好，價錢平。
5,紙質夠厚! 吸力強! 非常好!
5,夠厚 快干 少味 可吸多次 性價比高
5,一直都係用N1 一濕水就結得好快 好用
5,我的狗狗非常喜歡吃，已經是再次回購的
5,貓貓好中意食，呢隻好平
5,自取服務幾方便，貨品包裝完好，會再次購買😎
5,用左幾年都係依款，唔錯吸水力量，低玩
5,用開！呢度買送埋貨，唔使自己攞！會再回購😃
5,好用，大特價掃貨好時机
5,吸味結塊能力強，不過取用不便，包裝尚待改善
5,好用，比超市平，不用自己搬
5,回購，到期日有一年以上。
5,有BB所以買來代替漂白水
5,見評論好。。第一次買。。睇落好似好薄。。其實好吸水。。好用抵買
5,这款尿墊很好用又唔贵会回购
5,平，都幾好用既，吸水好
5,兩隻貓都鍾意，加水仲可以令貓貓飲多啲水😁
5,細細罐 用來做小食最啱 又可以幫主子補下水
5,家中小狗會經常趴在地上，所以揀呢一款清潔劑，味道不算太濃，而且有天然精油，用後地板都清爽！
5,材料足，貓貓每天吵著要吃
5,有正貨貼紙 到期日是23年 很好 會回購
5,平， under 10 dollar s惠康超市買12蚊罐
5,第一次用3mm，偏重奶香味，剛打開包裝較多粉，但用落後又唔會太多粉塵，而且碎左都係唔會太粉果種，吸尿吸味都好好。
5,"主人食開
又有小禮品送~多謝"
5,"已再回購的
今次有少禮物送"
5,$80，平，用開，咖啡味最吸臭，不要常斷貨
5,咖啡味適宜 舒服 不刺鼻
5,抖得好乾淨，由其頭髪！
5,魚味很重，吸引到家中老狗狗
5,"狗狗喜歡食,食得好滋味"
5,"包裝稳妥，没有凹陷或凸罐，食用有效期11/25，
非常滿意！"
5,"看過很多資料, Orijen 的貓糧質量很好. 而且這家商店間中會有折扣, 所以經常回購. "
5,已回購多次，狗狗非常喜歡 😆
5,多次購買，正貨，間唔中都會送贈品，上次貓咕𠱸，今次貓小食，好靚，作為貓奴收到頗驚喜，多謝賣家
5,貓好鐘意食，值得信賴，會一直回購
5,貓咪好喜歡吃，已經回購多次👍
5,包裝良好，食完可考慮回購
5,用完無皮膚敏感，人同狗都係
5,有用開，減價廿蚊一包，好抵
5,長期用呢個牌子，夠厚吸水力好，又平過出面買，唔洗自己抬返屋企
5,Ok la 夠平，但係好薄！
5,多次回購，夠厚，吸水力又強，但經常斷貨！
5,"性價比高，適合家中/小狗狗使用。


"
5,低用，買兩包還有85折，我是给兔仔用，所以合適，但如果是狗仔用，可能太薄
5,真空包裝有正版雷射標籤
5,長期回購，所有主子都鍾意
5,貓咪很鍾意食、食得健康，新包裝比舊包裝細粒啲、我會繼續回購 👍
5,家中養貓，低敏地板清潔劑比較安全
5,買左幾次都係新包裝，唔會買買下 點知送黎係舊包裝👍🏻
5,"23年8月到期 可以接受！仲有行貨標籤
仲有送逗貓棒 會再回購👍🏻"
5,貓咪長期有眼水，隔兩日就會比一次離胺酸佢食，幾work，一食就無咁多。
5,回購多次，貓貓好鍾意食
5,送咗包試食裝乾糧俾主子
5,"我已經回購多次，真空包裝, 仲有雷射標籤，性價比高，貓貓好鍾意食👍"
5,好好，貓貓食左毛色靚，都好鍾意食。
5,包裝好好呀，謝謝店家另送上小禮品，貓咪們大愛
5,"$55.6 再9折, 抵。質地都不錯。
這個價錢, 有這質地, 很好。"
5,屋企有毛毛小朋友，味道不大，應該算不錯
5,有小朋友可用，冇乜味，唔錯
5,尋日收到貓糧收到個禮盒，請問再買都會有嗎？
5,"貓咪食用後省左打噴嚏🤧.
謝謝🙏🏻附送小禮物～薄荷球。"
5,呢個產品雖然係贈品， 但係貓貓超級鍾意
5,屋企比較多寵物，又唔可以一般家居清潔液，用咗呢款清潔地板，寵物冇敏感，氣味清新。👍🏻👍🏻👍🏻
5,都幾好，幾新鮮，買左兩次都冇咩問題
5,真心抵，價錢比其他牌子平一半，雖然吸水力一般，勝在價錢抵
5,是貓咪最愛的糧食，我已多次回購
5,早幾日落單 岩岩收到 但係無貓cushion 送了 有啲失望 不過整體包裝好好 到期日係2024年
5,"keep 住訂, 底用"
5,我的貓很喜歡吃，應該好味道
5,狗狗好鐘意食☺️☺️☺️
5,隻貓用開 ， 同埋一箱買都抵
5,吸濕除臭較果好 一值也使用 
5,毛孩很鐘意食，很香生果味!
5,$38/包，竟然送咗五包狗糧嘅sample，香味好大，狗仔很喜歡！
5,"上次買左1.5mm，今次想試埋3mm希望可以仲方便清潔，我覺得好好 有種牛奶味🤣都比大家參考下兩款大小"
5,吸力都可以，價錢平已經多次回購
5,好好 我寶貝豆豆鍾意食
5,很好，4/2022先過期，又有貓玩具送，正👍🏼個波仔俾隻貓碌走左，不見了😂
5,"這個產品已經用了10年，每次都是原箱訂購，亦有經過兩三個分銷店舖購買，亦有從HKTVMALL 訂購，但今次收到的，如此重量級別就是第一次，而且拆箱看貨，猫砂原粒美觀，沒見粉碎幼沙，正貨就是這樣嗎？以前訂購的全部都是冒牌貨嗎？
"
5,貓咪喜歡！氣味清新！除臭效果很好！
5,品質好！包裝好！回購多次！
5,已用這牌子多年，係好嘢嚟
5,第一次買，價錢平，多謝店主禮物
5,已三度回購，包裝良好。
5,用咗尿墊之後慳好多貓砂
5,"非常好用，價錢合理。以前用開Puppy & Puppy, 但因為CoCoYo便宜近一半所以轉用，平時放工回家廁所會有一陣尿味，但轉用後反而沒有了。雖然尿墊比之前用開那款薄，但吸水能力卻很強，喜出望外，大家可放心用"
5,優質包裝，已經多次回購
5,特價只需$62，平過平時買?
5,食開 無問題 貓貓喜歡！
5,"但係我上次買左之後 岩岩先開黎用
陣綠茶味怪怪地 之前買係199 x3 
唔知係咪特價貨 陣味怪怪地
有小小甜味  用係用得既
但唔似我係n1 個度買一包包既個陣綠茶味"
5,狗狗喜歡所以回購N次 價錢比市面便宜 2024年到期 推介
5,一股抹茶味好香，又易打理
5,原箱還加薄膜包裝加固 。
5,有雷射標籤應該是正貨，但只寫每天服一粒，沒有清晰指引，貓和狗服用分量也一樣嗎，大家體重有很大分別。
5,倒d粉出嚟撈罐罐， 貓唔肯食。 要成粒食！
5,勁抵$60 再加95折 ，買左2包
5,貓貓喜歡，已經多次回購
5,準時到貨，並且喜歡貓沙少塵霧
5,"原價$21.80/枝，買六件9折$19.62/枝。
"
5,未試過買來試吓跟佢做特價
5,沒有收到肉泥贈品，可否補回？
5,多次回購了，不漏尿，價格合理
5,"OK! 唔會太黐砌盆底, 會繼續用!"
5,十分好用。同寵物店買嘅一樣，但價錢好行多！推薦！
5,最近雨季加左幾層膠套包實紙箱，細心！
5,"咁既價錢, 真係冇得輸"
5,比起吞拿魚三文魚橙罐，呢隻味食得慢d. 不過都會回購的。
5,"轉新貓糧，貓貓接受了。
缺點；沒有密封功能，開了只能再用密實盒存放"
5,用左好多年了，非常除味又方便
5,此產品以住曾經在其他商店購買過 - 品質一如之往之優良；而貴司提供之外裝盒亦很牢固，故很方便顧客自取貨品。
5,包裝乾淨企理，貨品正常，感謝贈送的小禮物。
5,服務態度好，送貨時間準而快
5,雖然份量不多，但勝在品質優良，對紐西蘭出產的狗食品有信心
5,"好好用嘅貓砂！我屋企隻貓每次去完廁所都會勁香😍😍"
5,"養貓之人,回購多次,貨物很好包裝各方面都冇問題!"
5,狗狗一直食呢個牌子，包裝良好，送貨員很有禮貌，會繼續購買
5,明白因為疫情而令送貨時間比較耐，但會繼續支持
5,"仲有贈品 上次送貓砂冇買到
今次竟然送一kg貓糧仲抵啲"
5,包裝好穩妥，價錢仲平過平時寵物店買
5,主子一直食開，追加有特價，回購
5,"兩隻貓貓都食開, 包裝好, 乾糧無見過有問題, 會 keep 住再買"
5,不停回購，我狗狗好鍾意飲
5,之前有喺其他地方買過，好似價錢同喺呢度差唔多仲有得送貨 😁
5,派遞員在到達大堂時才來電通知收貨，並沒有如網頁售後說明會預先WhatsApp 通知送貨時間，並且翻查網頁訂單訊息才知道被認為是染疫大廈！其實，我們座數當時並沒有人染疫！而且派遞員態度惡劣， Rain指出如果不取貨將全部貨品退回公司處理，但是我所定的貨品很多並未能由一人全部處理！如果貴司所收的速遞費用或提供的服務並不能送到指定單位，那麼我還需要跟你們訂貨嗎？或是我需要訂那麼多貨嗎？
5,"折後190蚊買到4kg, 平過寵物店買"
5,"回購物品, 每幾個月都會買, 有時單包買可能會有優惠,要自己CHECK 價錢"
5,用嚟床品衣服除毛除塵，效果好
5,貓貓好中意食，包裝仔細！
5,唔使自己拎！ 價錢公道！ 最緊要隻狗狗鍾意食
5,貓貓很桃食 只喜歡吃這款罐頭😂
5,我的狗狗第一次試飲，非常鍾意
5,貓咪的至愛，不會𨍭其他牌子了。
5,今次終於買咗24罐，無悔，2位主子秒速KO!
5,腸胃炎康復貓貓都食👍🏻
5,用黎溝濕糧，3隻貓受落，補充水份！會一直回購
5,終於真係收到新版oj，會回購
5,用途廣泛， 黐塵一流， 經常回購
5,用嚟溝啲貓唔食嘅主食罐
5,每次用到剩三片才下單，兩天就送到，不用囤積在家！
5,包裝好好，我買咗三樣嘢，送咗袋鼠肉試食，多謝猫犬工房
5,狗狗好鐘意，特價$58抵買
5,貓貓一直喜歡呢個味道。
5,買比流浪貓食，本身餵開令一款貴D，畢竟太多隻，燒糧倒水咁，上網搵資料有解議用哩款，所以買黎試，好彩隻隻都肯食，安心。
5,狗狗好鍾意，相比零售店較平。good.
5,貓貓食過幼貓款，而家轉成貓款都肯食。講明得5個月有效期，所以平啲。
5,狗狗喜歡 每星期兩次D牙白左
5,我會回購此產品，因為吸水力強，十分好用
5,第二次買今次個罐有凹凸
5,需要唔係好平 但主子們好鍾意
5,第一次買大包，之前驚貓咪會食厭，所以都係買2kg裝，今次見4kg平咗
5,"抵過出面買好多！冇穿冇爛 仲可以放好耐 唔係尾貨貓貓又中意食！買左2包"
5,包裝企理！乾淨！食完再回購
5,回購，因主子 like 
5,冇咩大問題價錢又比其他地方賣得平啲幾好
5,"3包食用期限都係20/01/2024
有正貨標籤 新鮮
可以放心買"
5,屋企3隻仔都好鍾意，一開就清囇🥰🥰保持回購
5,"Good, 特價唔使$79"
5,未試，但送貨快。包裝ok
5,貓主喜歡，價錢平過外國店舖
5,貓貓特別喜愛吞拿魚及蟹肉（湯汁），肉質鮮美，加上優惠，平均7元一罐，性價比更高。
5,買一包小食，竟然送個小玩具，好窩心呀！
5,包裝良好，到期日2023年8月
5,有貨會自動通知 非常好
5,主子好喜歡，湯汁都舔得乾乾淨淨，包裝很精美
5,貓貓們很喜歡，不過有啲貴。
5,主子就是要吃 奴才也沒辦法
5,貓哋超愛吃，會再次回購
5,整齊！未開黎用唔知質素
5,不過價錢在優惠社會好啲
5,狗兒喜歡吃，方便健康小食。
5,買開給家中貓婆婆作補水用。好野黎👍🏻 不過係貴啲。
5,朋友介紹，佢貓貓食左無再屙血尿，所以買黎試下。
5,"夠厚，吸水力強
試咗幾款，還是這個牌子好用"
5,今次包裝得很好！ 冇破損 very good
5,十分之好用，尺寸合適！
5,一直買開，本週超值價必入貨
5,"抵, 多謝店家送一條小玩具, 貓咪好鐘意 玩左成個鐘都未停"
5,看評價后入手的，格錢不屬便宜但的確包裝精美，十分満意。罐拉開好香魚味也有很多魚肉，亞B（9個月大）只愛喝湯，魚肉一次是吃不完的，需要分開二至三餐。暫時吃了2罐，便便比之濕潤亦冇咁臭，小便亦比之前多了少許。效果不錯，會繼續入貨，希望此品牌可做更多優惠。
5,堅係有用，食咗1年，小貓已經變大貓，冇再嘔，大便冇咁臭，打好個底，提升防病能力，希望可以長命啲
5,貓咪d毛越黎越靚👍🏻👍🏻
5,貓咪好鍾意食，已經成為恆常購買
5,吸水力強，質量比較穩定，本來幾個牌子轉住用，依家多數用呢款
5,"買了4盒,包裝完整, 2023年5月到期"
5,產品俾我想像中厚，如再做特價會回購，請通知！想問有冇細碼？如有更好！
5,幾香，我隻貓食到碗都舐乾淨
5,貓貓食慣咗皇家糧，呢度買平過好多實體店或者專門賣寵物嘢嘅網店，會一直回購
5,"幾好, 不過官網買乾淨啲, 起碼有個紙皮箱"
5,幫貓咪清潔方便好用，濕紙巾無味，會回購。
5,多次回購，我家主子最喜歡這罐
5,四隻寶貝有兩隻好鐘意食
5,平時買220今次165，都幾抵。
5,呢隻洗耳水好用，貓貓耳仔洗完之後好乾淨
5,這個牌子已回購多次、係貓咪至愛。
5,"已回購多次了, 多湯汁, 貓咪愛吃~"
5,主子超愛，可以將藥粉加進去比較容易餵食
5,售後服務好好 之前醫生推介 這產品 會再回購
5,主子都係最鍾意食呢隻牌子
5,貓咪食左兩盒包了，腸道好好，放入濕糧一起，牠全不覺👍
5,回購咗好多次，貓貓鍾意食，收貨時送貨員有禮貌，包裝乾淨，會再回購。
5,試過幾款牌子的尿墊都話吸濕好，但都不理想。自從選用呢款，真係吸得唔錯，已多次回購，值得推介。
5,貓貓鍾意食，但因佢比較大食，一罐對佢黎講份量少左啲
5,"之前經常試用不同牌子, 試過以為價錢貴D, 話勁吸濕, 但當小狗尿尿時, 發現尿尿停在尿墊面一段時間才吸收。但Golden Pet Sheets這款尿墊除了價錢合理外, 真的迅速吸收，所以已回購多次。對此產品有信心。"
5,這品牌的貓罐罐最適合少飲水的貓咪食用👍🏼🤗
5,用嚟溝綠茶味貓砂，閃購價買，抵。
5,獸醫都係開這款益生菌，有正貨標籤
5,送肉醬包，正！多謝 希望主子食完有改善
5,狗狗很喜歡，價錢又吸引！
5,貓貓年老可幫助消化排便。
5,good～價錢平 有贈品 會再回購～
5,"本身已經食開另一隻牌子益生菌
但近排天氣熱，狗狗胃消化不良成日嘔。
見有好多好評就買嚟試下
食左兩星期已經冇再嘔，大便仲比以前暢順咗！
依家好番哂，唔使睇醫生，我都安心哂！
極力推薦俾腸胃唔好嘅狗狗！"
5,貓咪食得好健康，我會繼續回購。
5,貓貓喜歡吃，已回購一次
5,已購買多次，較果良好，貓貓並不抗拒使用。
5,一直用開很滿意，會繼續選用
5,"狗狗長期服用

真係平好多
送貨人員盡責有禮
貨品包裝非常好"
5,"狗狗keep住食,價錢抵"
5,從Vet到配方此產品，毛孩可以長期使用，不斷回購
5,貓貓食咗之後軟便情況有改善，會再回購。
5,之前買百佳，All About Pets平好多而且品質完全一樣，會繼續支持
5,吸水力強，質素值得推介👍
5,狗仔食完便便靚仔， 十分有效
5,"同customer service联絡後,好快回覆會將上次少送的貨退回mail dollar。 很滿意!"
5,價錢吸引，包裝也很齊整仔細👍
5,Good! 已多次回購
5,是多次回購的！貓貓很喜愛
5,第一次試，貓貓喜歡食，好開心😀
5,一直用開 夠厚 呢隻算係吸尿味
5,一直買開雞肉，而家試吓個魚
5,"開心係HKTVmall 買到，慳返啲時間。
Expiry date: Apr 2024. Very good"
5,贈品，貓貓超級鐘意，瘋狂追捕🤣
5,VIP價$58/1包，還有小禮物🎁👍
5,已多次回購～質地厚，吸尿力強，包裝好好，性價比很高～推
5,"已多次回購，包裝良好，沒有出現滲漏情況
送貨員準時有禮，好評"
5,平行進口有檢測報告都安心很多，收到貨畀貓貓食佢都好鍾意，都係加拿大版，價錢也好平，會回購
5,有正貨標籤，而已2026年才到期，價格優惠包裝齊很妥善！會回購
5,價錢相宜，質量算不錯，吸水力強
5,長期使用，吸水力強，特價$199/4包
5,最重要我寵物最愛罐罐。
5,貓咪喜歡食，有95 折，值得買。
5,還沒開始吃，只是知道貓糧牌子這個是頂級，就試一下
5,貓咪食得開心，所以再回購多次
5,好用，有時平過日本城??
5,味道唔錯， 貓咪好鍾意
5,一如既往的好，好，買過好多次，主子愛吃
5,常買，希望呢隻存貨多點，唔好成日無貨～
5,"已多次回購，價簾物美。
尿片算幾厚身，唔錯，性價比高。"
5,"我的貓咪好揀食, 零食都會揀, 係呢款一開就搶住食, 同埋真係會化毛, 去 poo poo 時會去埋. 我會再回購"
5,包裝很稳固，沒有破損，是法國製造，巳用來给狗狗滴用，沒有問題。
5,細細罐 唔駛一次食太多 多湯多肉 貓咪鐘意食～
5,"主子有得食,連貓奴都有份小禮物.多謝"
5,貓咪好鍾意食、食得健康、長期回購。
5,我家貓貓中意食，會翻買👍🏻
5,"乾爽冇異味, 質料厚, 面料滑, 實在太好用."
5,貓貓很喜歡，尤其是湯，一定會渴光淨
5,掂！狗狗耳仔發炎又臭r到爛，每日滴一次，滴咗两次已經唔r，total 3次好番了
5,貓咪一向食開，已經多次回購。👍
5,之前係送給毛牌子試食，佢哋好鍾意，所以我回購
5,三隻貓食開，次次都清晒，會回購。
5,貓貓食完啲便好臭，但間中俾佢食吓菜都好😂
5,幫襯開all about pets，一如以往包裝得非常好，面罐完好。店主好有心送sample糧，可惜系狗糧來。哈
5,長期客戶，用咗好多年，日本城經常缺貨，有HKTV真好。
5,用來清地板D頭髮、灰塵，好好用，夠黏力
5,"很好收到時是真空包裝，完整無損，而食用日期2025年1月。
會繼續購買此店，努力。"
5,很好，消臭5分俾4分，送貨員服務態度好好
5,一向買開，hktv送埋貨，吾駛自己搬
5,要留意價錢，成日轉價，$90樓下必回購
5,有行貨貼紙，是原裝行貨。$88後悔只買了三包！
5,包裝完整，如果真空包裝更加完美
5,貨好完整 送貨員工態度非常好 抵贊!
5,貓貓🐱好愛吃，營養豐富
5,沒有太濃的味道，噴咀設計很好，不需太用力噴已經噴到很大的範圍。會回購。&lt;br /&gt;
5,送錯咗，我要的不是綠茶味！
5,肉太香，這款濕糧一定食清光。
5,"非常有效👍
貓咪突發腸胃炎，第一二天我都每餐混小量粉末到濕糧中，貓咪明顯止屙嘔！實在效能強大。"
5,我訂了四包貓砂，卻只送來三包！為什麼？如果不夠貨，在下訂單的時候就不要收我四包的錢嘛...這種事情不是第一次發生了！
5,已經多次回購。貓咪食得開心
5,日日用來貼麻單，貼到很多塵，好好用
5,貓砂氣味正常，會再回購
5,貓貓好鍾意食，食完仲想去垃圾桶摷返個包裝
5,不會太多粉狀 塑料情況良好
5,👍🏻回購多次，容易使用。
5,已長期使用，會再次回購
5,"大, 細貓貓都鐘意食, Good!"
5,回購，主子喜歡，凝聚力好好
5,有清香咖啡味，消臭程度幾好，用咗唔覺聞到貓尿味
5,用來除塵，衫褲和床上好多塵靠它。
5,多次回購，貓咪好鍾意食
5,吸水力 唔錯 $85 抵玩
5,用開、夠厚、吸力强，不過價錢貴
5,對比舊款係有少少差距。
5,包裝很好，抵、貓貓很喜歡吃
5,最好用！真係做到除尿味！
5,厚身吸力好$55包，抵買。
5,呢隻貓糧我隻貓食咗好耐啦，會再次回購
5,"用開、好用
不過每次開箱用鎅刀界開都會唔小心界到面個包.."
5,主子至愛Orijen呢隻牌子，而且到貨夠快，加油
5,過期日2024/09  還有超過兩年  讚!!
5,幼貓食大貓糧 大貓食幼貓糧
5,我的貓喜歡深色的不喜歡淺色方塊
5,呢隻牌子嘅零食一直都買開，有品質保證！狗狗10分喜歡💕
5,貓貓用開冇問題，吸味效果不錯
5,以後都買這個貓砂就好，很香的咖啡味
5,3位老主子都好like
5,原味冇貨改咖啡味，又幾香。
5,貓貓沒有抗拒用此新的貓砂，包裝有再封口設計，唔錯！
5,多次回購，比超市平又不用自己拎
5,呢隻尿片我巳經好多年 而且亦都非常好用 一定再回購
5,剛好遇着黑雨，辛苦送貨員啦
5,第一次用呢個品牌，細包 易存放，當用到最底時，完全無所謂嘅“粉塵”出現，所以極力推薦，我會再回購。👍👍
5,味道好聞，吸水力好，結舊後唔會散，屋企位公主亦鐘意用，已多次回購🥰
5,貓貓已飲了多年，會再回購
5,食曬又買😂六包九折👍🏻平過出面
5,小狗好中意食，又健康，一讚👍🏼
5,非常愛吃，好味到我都想食，請問其實人食唔食得？
5,狗狗一直食開！做折抵買！
5,價格便宜，但吸濕除臭的效果不輸大品牌的豆腐沙，奴才可以放心下單。
5,食開罐頭，KEEP住回購
5,一直用開，今次 特價 6 包 $108 抵！
5,"貓貓好鍾意, 水份高, 肉質都好柔軟, 老貓都ARM食~"
5,"第一次買呢隻粗粒, 唔知貓貓中唔中意, 但幼粒果隻就一直用開, 貓貓就中意"
5,好用，不過買早了兩天，貴了很多，正價152╭&#40;╯^╰&#41;╮
5,"毛孩已使用中,如果可以揀顏色就好了。"
5,唔使二百蚊一pack 超抵
5,2023年到期，非常好
5,$206 一箱3包唔知算唔算平，送到屋企唔洗自己辛苦搬。
5,"貓貓愛吃 好多水份
再加水貓貓都吃"
5,貓咪很喜歡吃，不會轉其他牌子👍
5,已回購多次，不過今次冇做優惠
5,"新試，貓咪肯用
很吸味，不過屋企會滿布咖啡味 
大手3包買，但不知道街賣幾錢，唔洗自己台都幾好。因為真係好重..."
5,貓沙好用、以前用的幼沙、經常搞到地下都是塵要成日拖地很麻煩、現在方便多了、只是價錢比較貴
5,十分扺用 味道香 貓咪很喜歡
5,溝cat best用幾好
5,"貓貓只愛飲晒D水，不過都好啦，支持hktvmall,罷買中國貨"
5,"回購，貓貓鐘意飲裡面D湯，支持hktvmall,罷買中國貨"
5,22/我每一隻貓都喜歡。香港加油
5,猫猫吃完後便便馬上有改善，很好！
5,貓咪用左之後，耳仔污糟有所改善。而且無刺鼻的氣味，貓咪都無咁抗拒，值得一試
5,用開，lee隻最好用，夠厚，同實惠、千色同價。
5,多湯多肉 貓咪鐘意食～
5,原本用開綠茶味，但轉用咖啡味後發現抑臭效果更好
5,回購85一袋，加埋星期四5%，再送埋貨。
5,優質產品。給老寶貝吃好一點！
5,一向用開，今次特價。抵！
5,家中挑食貓唔算太鍾意，每次餵半罐，都比面慢食左2/3😆下次可以再入貨
5,用咗半個月狗狗耳仔好返晒
5,主子由細到大都用緊，可直沖馬桶方便處理
5,又回購，避開假貨，只會係代理買，等咗好耐先見補貨
5,回購，好好用，有效清潔耳仔
5,貓貓食Orijen已經差不多兩年，身體一路健康。見到有個別投訴，希望貓貓快啲康復。
5,"回購，指定口味，支持hktvmall,罷買中國貨"
5,貓姐食開， 包裝給100分
5,有效. 但包裝同樽身都冇寫有效日期.
5,狗狗一直用開呢隻尿片，比其他款吸水同除臭力都強好多！
5,"用了新春優惠, 滿$388減$88, 超抵!"
5,一直用開呢隻貓砂，好用。
5,狗狗非常喜歡， 因小狗平時不愛喝水 ，我便嘗試用zeal奶溝水畀佢飲， 佢會同你馬上清兜！平時不愛喝水的小寶貝可試試啊！👍👍
5,回購，用左之後貓貓耳仔少左黑色耳屎，鼻哥的黑斑都甩埋👍
5,罐罐水份充足，有見到完整魚塊，吻仔魚份量算多，聞到有香味，家中兩貓喜歡食。
5,"用了幾次貓耳炎好似有些好轉, 其他牌子的洗耳水貓貓好抗拒, 躲得遠遠的不能近身, 或是死命掙扎, 被牠找傷了好幾次, 牠對這洗耳水比較沒那麼抗拒,只是慘叫, 還是可近身滴耳"
5,因為反耳貓，所以隔日就要清潔耳仔，用完之後一直都冇再發炎，真係幾好用。
5,吸水力強，一直回購中。
5,一直用這牌子貓砂，今次 7月份優惠價 $103.5實在太便宜會再次入貨
5,"見到咁多負評都嚇一嚇，因為我隻貓食左Orijen都近兩年，一直無乜事。睇到All About Pet個聲明都有D擔心，帶左貓貓去睇醫生話無事，醫生都建議我，如果食開無乜事唔好貿貿然轉糧。我都會繼續比機會Orijen。

"
5,準時送到，包裝完好。未用過但見到咁平所以買來試試。
5,食開呢隻，有門市，之前去過佢哋倉自取。冷氣倉，乾淨企理。推薦！
5,😅用開原味~買錯左先用住綠茶先，ok 平。 
5,貓咪😻好喜歡這個產品設計美觀。指引清晰。🙋我們已多次回購這個品牌產品💯，🤔會推薦給朋友😁。
5,一直用這個牌子的貓砂，可是訂了四包收了四包的錢！為什麼送三包？
5,貓咪食得很健康、不會轉其他牌子呀。
5,用過咁多唔同牌子洗耳水，依隻係有史以來第一次阿貓清潔時無反抗，怎至會呼嚕煲水，只睇阿貓反應，依隻應該真係無刺激、氣味容易接受
5,thank you🥰主旨愛飲
5,包裝良好，價廉物美，會再次回購！
5,主子表示：好食可以繼續買！Support！
5,經常回購，吸水力好，抵買。
5,"抵用,送到黎仲係真空狀態, 好"
5,我既狗狗超鐘意飲呢隻奶，見到有特價就即刻入多d存貨
5,二次回購，綠茶味還可以，請問豆腐原味即係豆香味嗎?
5,吸水一般，貴一倍嘅一定係好D，但同同等價錢相比係好D吸得快少少，會回購。
5,見很多人好評，買來試試，的確很好。送達時3包都真空，很吸水，所以貓貓每次尿尿，只用了小量，而咖啡味道，我就不覺似。
5,一直有買，狗狗很喜歡，
5,貓咪自小就食這個牌子，所以沒有得比較。😄
5,"1.非常喜愛
2.包裝穩妥
3.會，平及好用"
5,一直回購中，每次收到貨，包裝各方面都非常好。
5,已經回購多次，質素不差👍🏻
5,貓貓只肯用這款。不錯。
5,貨品没問題，送貨大問題1張單分三日送差，是否叫人不要一次過買太多東西呢？
5,抵食喇....主子好鍾意食..
5,一直貓咪都食開的！今晚價錢抵啊！
5,到貨時真空包裝不可reseal 的包裝應該係商品設計問題，貓貓鐘意食，會再回購
5,第二次訂，吸味好，咖啡味第一包未慣，過兩日就適應咗（我指我）
5,一打開個袋狗狗已經衝過嚟
5,家有4隻毛孩！每個月都回購－次！好用！價錢抵👍
5,日期都OK嘅，暫時食完兩隻嘢都
5,貓貓由細食開，送埋2磅裝超抵買
5,之前食嘅糧貴過三倍，一隻食佐日日嘔佐皇家好佐，物美價廉。
5,食用限期長上，狗狗喜歡飲。同一日在此店買了3款zeal的狗零食，一樣是新貨，至2025年。會繼續幫襯此品
5,All stage 方便大細貓食
5,真空包裝，方便儲存，保持新鮮狀態
5,買完先有折😂貓貓中2食 但唔覺食完有咩功效。 當零食罐罐咁比都ok ge…
5,"健康優質，又新鮮
狗狗很喜歡"
5,狗狗非常喜歡食，品質好好
5,一直都吃這個罐頭~直得推薦
5,"商家做促銷，購買滿指定金額送醬泥小食一包，仲可以用＄1換購罐頭一罐，代我家主子多謝店主送上二包試食裝貓糧！！！
~祝貴店~
生意興隆！
貨如輪轉！
客似雲來!"
5,貓貓中意食 已多次購買
5,狗狗非常喜歡，已經回購多次
5,屋企有隻貓貓好挑食，淨係鍾意食呢款肉泥，之前氣管唔好成日chok chok 下，食完又真係好左好多
5,飲水就好好用，依家仲未係時候換濾芯，應該唔錯。
5,中意食！下次再買多幾包
5,你喺淘宝加埋運費差不多，性價比好，而且比較厚，我繼續購買
5,都算抵用...標明有機應該好過平時個d普通個d喇....
5,貓貓從BB飲到而家歲幾，用黎溝營養粉貓貓比較唔抗拒食用 皮膚同毛都靚D
5,推介，小貓好鐘意呢隻口味！
5,主子長期食用，希望快啲有貨啦🙏🏻
5,貓咪喜愛，貨品優良，送貨員有禮👍🏻
5,呢隻牌子好抵用，效果唔錯。買過普通同咖啡兩種，推薦咖啡味
5,這款狗罐頭家中常備。這店的貨品食用限期好長。
5,開頭呢度無雷射貼紙都有的擔心，但真係好多優惠所以決定係呢度買，呢包貓糧同之前行貨一樣的喵喵好鍾意食到食清晒☺️仲送甘多野！謝謝！
5,容易壓碎，可放進濕糧內
5,"發貨快,價廉物美.
"
5,送咗好多試食⋯⋯ thank you
5,買了六包平均九十元一包 十分抵用 回購了很多次
5,真正真空包裝，回購左好多好多次 
5,"第二次購買
貓咪好鍾意食😁"
5,我的老貓一向都喜歡吃.
5,價格尚可、包裝好好、安心使用。
5,用過幾款，這款算厚而且十分抵用， 多次回購.
5,包裝良好 ，食用日期長， 貓咪鍾意，非常滿意
5,?like....??好味
5,牠的最愛...罐裝拉開即食，非常方便，有優惠就更一理想!
5,抵！有用開，星期二特價買$30/一排有2粒
5,收到店家額外贈送的小老鼠玩具，很細心，貓也很喜歡。以後會在眾多店家中，特意光顧你們。
5,家裹的主子 全部鐘意食 品質感覺良好 會繼續購買
5,"包裝好, 夏天天氣熱貓貓飲水少了, 俾主子食用都好中意"
5,每次有優惠都會買N1， 沙田區，送貨員和司機好有禮貌
5,Good有貨，係個盒花了
5,"$52.80厚度適中，老犬用唔會太跣腳
回購補貨中，買夠$130送腳貼，正👍"
5,未用，一公升$398。消費者委員會的五星消毒產品，貴少少都值得。
5,價錢平，而且藥丸原是太大，貓貓也可容易餵到
5,貓貓鍾意食唔貴，會再買
5,第一次貓很愛，第二天就不愛了
5,已多次回購，貓貓們鍾意食。
5,貓貓食後無任何不良反應
5,包裝好，保質期到2026年👍🏽
5,之前用開比較少機會漏尿＇但上次買個包就漏到地下濕曬，希望今次吾會
5,其實行貨或水貨貓糧都無所謂。最重要日期新鮮無穿冇爛就可以啦！今次最新食用日期為2025年4月份！各位貓奴可以參考一下。
5,貓貓好中意食，收貨包裝良好
5,貓咪很愛吃，今次又送禮物，抵。
5,"原裝$109,9折再95折。"
5,貓貓中意食，品質無問題
5,無飲過 居然都好鍾意 溶解易 味道都應該唔錯
5,不須更換太密，臭味唔大，主子喜歡
5,So far so good ... 連腸胃不好貓爺也可食用👍
5,回購n次，懶人之選，遮尿味好好好好！但我只會係代理購入，因朋友曾係HKTVMALL其他商戶買到唔係香港代理貨，砂嘅色唔一樣同遮尿味唔ok，貓唔肯用變周圍痾，砂真係好重要！
5,"方便， 唔駛鏟尿。
去旅行時，屋企人只需要每日執一次大便即可。
配上多貓尿墊，2貓可以用到6-7日。
貓貓習慣左用就OK。

夏天可能會有味道，會配合埋除臭消毒噴霧。"
5,價錢相宜，有膠貼喺四角，防止被吹起，很好，會繼續回購。
5,首次選這款式開左2罐暫時都幾好 貓貓肯食
5,多減價就會長期買，是最好的 N1，幾好用！
5,多啲discount會更吸引
5,用後感覺真的如產品所說的功能
5,我的其中一只毛孩很挑食，把羊奶加進乾糧，她很喜歡吃，所以，索性每一餐所有毛孩的乾糧都加入羊奶。
5,送給別人的阿貓食，阿貓十分鍾意食，很快 lam 晒，想再食。
5,有特價，再加92折，正
5,包裝完好，使用日期長。
5,貓貓一直食開，對Orijen充滿信心，請努力💪
5,第一次買，放系香薰機用，方便！
5,很好，不油的，加水給貓貓吃👍
5,幾香，但一隻唔食，另一隻原來唔飲得奶，食完肚屙。浪費左～
5,上次試咗，貓貓鍾意會回購
5,"之前買咗另一間,用幾日就發霉；
今次買呢間已經用咗1星期都無事,
品質良好~"
5,回購的產品，除特價外還送了一大包小食，謝謝！
5,"5kg x2 ... as described  very convenience. 強凝結, low dust. & Tidy."
5,諗住10kg八包點知嚟咗5kg十六包😣
5,"主子唔肯食天然罐罐 = 小朋友唔肯食菜一樣, 不過呢款竟然都肯食差唔多八成,  冇「加料 」嘅全天然貓罐頭嚟講,  算非常唔錯, 同埋都算抵買, 總體評分有90分以上, 所以畀五星"
5,"一打開陣味聞得出啲料唔係死魚+味粉既味haha 然後聽朋友講健康野有機會一開始B唔太鍾意食 點知直接食晒 連啲湯都冇滴淨LOL要推!
"
5,好用，夠厚，抵用，但常缺貨
5,巳多次回購，主子好喜歡食👍🏻
5,比寵物店便宜，還有驚喜小禮物送 ——逗貓棒
5,貓貓喜歡吃。之前身體不適，不願吃東西一段時間。看醫生後知道要轉腎糧。轉這罐罐後，胃口都回來了。
5,家中兩貓都喜歡，一直回購！希望快啲返貨啦！
5,"之前在K clean 訂購過了。
今次在HKTVmall訂購。因為可以直接送到達家門口外。方便。
"
5,"貓貓有哮喘問題
琴晚即刻俾佢試食
好快就清曬😄"
5,貓貓好鍾意食呢隻罐頭，好快食完之後，訂貨都好快送到貨，而且包裝整齊清潔。
5,按重量比圈圈重，較抵食
5,價廉物美又有人送貨冇得頂
5,"㭑手紙一向都是買它,質地實淨價錢合理"
5,HKD90，已多次購買
5,消委會證實有效殺滅99.9%細菌，對貨品有信心
5,已經買左幾次凝結力幾好， 包裝冇穿
5,貓喜歡食，補充多啲水份
5,"好用 一包大概用一個月 
配合尿墊比之前豆腐砂用得耐好多
粉塵少咗 砂乾爽咗 鏟砂又唔會一嚿嚿濕哂"
5,我覺得除臭好，啱我多貓人士用
5,好用，吸水力滿意又鎖到異味，已多次回購
5,貓貓唔係幾鍾意食，可能唔同貓唔同喜好
5,狗狗失禁，舖在睡床上面，夠厚吸收力強，方便好用。
5,價錢合理，包裝良好，就算買2粒咁少都得，推薦大家！
5,主子食開，好鍾意，有特價加VIP 95折，比我平時買的寵物店還要平
5,主子轉成貓糧，在FIT 32 和 Indoor 27 之間取捨，因不是放養，室内貓27%蛋白應足夠，於是取決於口味，先試 Indoor 主子已愛上，就轉呢款，趁店主85折兩天，趕緊入貨。
5,超過一年嘅貓仲可唔可以食呢隻糧
5,貓貓一直都是吃這個糧，價格平就回購
5,貓咪每日乾濕糧都吃。乾糧多年來一直是吃這個品牌，因為鮮肉成份高，Carbs較低，是優質乾糧。今次$598/袋，非常抵買！
5,用過幾款，呢隻已算厚，而且價錢平，已多次回購。
5,抵用，很吸，唔過底，會回購
5,送貨快，產品包裝好，good
5,"用開, 平, 唔使捧, 就買!"
5,我幾隻貓貓好鍾意食，80克一罐啱啱好而且包裝精美，會再次回購
5,一直用開，抵用，仲送脫水雞粒，狗狗愛吃！
5,尿墊吸尿不錯，價格實惠
5,估吾到呢款尿墊比想像之中厚身，價錢都算抵用
5,好均真 買$400送兩份贈品👍
5,價錢合理，已經連續多年使用
5,原來呢個牌子喺日本都算出名~
5,貓貓很愛 內裡係有水份
5,多次回購，貓爺依舊愛吃！
5,貓咪喜歡吃，因味道好好
5,"價錢好抵
買咗5盒，全部個盒唔同色😂"
5,由於這個是中size所以只10 有50張。已經是再次回購雖然貴一點，但是真的夠厚吸水力強。有信心保證。
5,不錯 包裝良好 在不同商店買野都會有獨立包裝  希望HKTVmall 可研發環保既packing/服務
5,very good concept !! 年取り迄に分離なし &#40; 陪毛孩一起變老，不離不棄 &#41;
5,我2隻貓不嬲食開呢隻牌子，材料好健康，同埋冇乜特別多加工嘅嘢，所以我會繼續訂佢
5,貓咪非常喜愛，會re-order
5,打開幾香，三隻貓都肯食，會回購
5,有時缺貨，急用情況下轉用過唔同牌子，但最後都用返呢隻！回購N次！夠大張、吸水夠快、唔易爛、無異味！
5,用開，$80 平過之前
5,"再次回購, 主子超喜歡"
5,主人咀挑竟然食晒，會再買
5,之前起拙ktv mall買過唔同類型嘅罐頭，但我隻貓唔肯食， 如果買返嚟全部都係派畀人， 見呢隻嘅罐頭影啲相幾靚試下 ，點知一開真係好香，好似人食嘅罐頭， 結果我隻貓好快食曬😃🤗 終於搵到心儀嘅罐頭下次再幫襯
5,主子至愛，多次回購 👍🏻
5,主子很喜歡食，質素唔錯，價錢又唔貴，會再回購。
5,我家的貓咪很愛吃此吞拿魚小吃，今次己是回購，如未試過，值得一試。
5,"好耐之前日本買過, 但我記得嗰時都差唔多 HK$400 一盒, 應該同官網價差唔多, HKTVmall 抵買 !!"
5,主子非常喜歡，價格和我在日本網站買差不多，抵！
5,"好用，吸收力強, 狗仔踩完上去，都不會踩到周地腳印"
5,貓貓超喜歡，可加水吸引貓貓多飲水
5,"價錢便宜，又不介意買多少包，送貨又快，聰明的商戶
。"
5,食開 多次回購 多謝小礼物
5,好用，夠力吸尿，$119 2包抵買
5,包裝良好，價錢相宜，仲附送乾糧試食裝
5,包裝非常整齊整潔👍🏻👍🏻，已經長期回購。
5,主子很滿意，包裝完整，冇滲漏
5,吸水力好，夠大張，不易皺摺
5,主子超愛！好選擇！超抵買！
5,好用又抵買仲有嘢送，多次回購了👍🏻
5,加小小水變成醬醬質地，貓貓超鍾意。
5,又平又好用，已回購N次！
5,抵用，價錢平，成箱買有送貨，夠方便。
5,貓貓喜歡食呢隻牌子嘅糧，貓砂就主要要吸水好，唔好起塵
5,我家三主子都喜歡，同時貓貓可以吸收多啲水份都唔錯，每次牠們都吃得淨淨的? 加上佢哋個理念都唔錯，希望多啲浪浪貓得比受惠❤️
5,雙11成功以$200買到。品質好好，幾香魚味多湯可以補水。但我隻刁咀貓飲晒啲湯唔魚食肉，肯飲湯都算係咁。
5,閃購300優惠，超抵，貓咪超級喜歡
5,值得一試，平、靚、正  ????
5,年取り迄に分離なし &#40; 陪毛孩一起變老，不離不棄 &#41;
5,我個囡嘅至愛，因為佢唔食罐罐，只食哩隻醬醬，好彩佢有三隻味，我哋早晚一包
5,貓貓一直有食開呢隻，算係比較多貓喜愛既口味。有關包裝，縱使係用bubble紙包住商品，但起碼唔會死命用膠紙瘋狂綑綁，所以好容易拆開同埋將之從用/循環回收。日後如果可以專用蜂巢紙就更好 :&#41;  thank you for trying to keep it simple and sustainable.
5,貓貓好鍾意食這個罐罐，每次見到都眼睛👀望住又貓貓聲叫，巳經番買咗幾次，見到一減價就入貨
5,用開 吸濕量滿意 闢味理想
5,貓砂很好貓貓很喜歡..商家還送了一支貓棒 讚..會再次回購👍🏻
5,CP值高，抵用，巳回購多次
5,好厚，塑水，貨真價實，沒有取巧，不過好多時冇貨😁
5,晚上發現沒有貓砂，馬上在HKTVmall訂了旗艦店的綠茶貓砂，第二天晚上已收到，品質非常好我家的三隻貓貓最喜歡，繼續支持👍🏻
5,有門市部最好，方便唔識上網購物老人家
5,屋企2貓都食得好好👍🏻
5,多次回購，貓爺依樣喜愛的！
5,平過pet shop ！抵買！
5,狗狗好仲意食，價錢又唔貴
5,狗狗非常喜歡吃，會再次回購。
5,"好好，❤️正貨❤️
之前貓貓食水貨會肚痾！"
5,每次都有贈品 ， 今次買咗5 pack 送多一件貓玩具， 氹得貓貓好開心，  多謝曬!
5,我家少爺仔好鍾意食、已回購多次
5,水份充足，加水讓貓咪進食都喜歡食。
5,O2O店員非常好及友善.
5,52.8再95折，質地ok!
5,夠大粒品質好👨‍🍳👍👍
5,新包裝，有雷射標籤，真空包裝冇漏氣
5,貓貓食開。如能夠多啲折扣就好了😆
5,貓咪吃得很健康、我會繼續回購 👍
5,已經多次回購，真正行貨及價錢比其他商店優惠。
5,貓咪很喜歡，乾淨，方便，容易清潔，
5,"已回購多次,兩隻貓貓都很愛吃,而家便便十分好,差不多時間要再購買了.
會有優惠碼嗎?"
5,價格合理，貓如廁後清理時沒有產生灰塵導致出現眼水情況。
5,兩隻貓都喜歡吃，愈食愈長肉 好夠營養
5,"Good ! 厚度足夠的尿墊
會再回購!"
5,"用來防蝨，旅行前把行李箱和物品噴灑噴霧。衣服則用防蝨柔順劑。味道舒服。只可惜噴霧是200 ml,不能帶上高鐵或飛機。建議出100ml,方便旅行攜帶。"
5,9折後額外再有12%回贈 圍返$64x 抵 買2包
5,好多隻，好抵，狗狗超愛！
5,$156 ，因有信用卡做九五折，所以幾抵食
5,第三次購買 好好用既貓砂 易結團 粉塵少
5,貓貓很愛吃，會繼續購買!
5,"Size剛剛好吸水力足夠"
5,夠平 ，夠厚，好抵用👍👍👍👍👍
5,主子很喜歡呢只零食，應該很好味 :&#41;
5,質地厚，吸水快，之前50蚊包1蚊塊超抵，而家係貴返小小，但個幾銀錢一塊我覺得抵，照買
5,包裝細心， 加左張卡，以免啲人唔小心鎅開埋包豆。 一直飲開呢隻。
5,好過淘X 索左尿尿都唔臭👍🏻
5,食開  請問食用期印在那？
5,主子一向食開，多次回購。
5,在這裡買比較平， 還有零食送😛
5,回購，今次仲送零食同玩具比寶貝
5,用開，特價再vip day有95折，抵
5,買左幾次，日期新鮮，包裝妥當，仲有小禮物送，多謝
5,"吸水力強，好l用👍🏻👍🏻👍🏻
已多次回購。"
5,價廉物美，包裝良好，會再回購，貓咪很愛食
5,"🐱至愛🐱入sharehub 經推薦link跟買,仲有Mall Dollar💰回贈添🛍😃, 快d去睇吓啦"
5,"性價比高
抵買

如果可以厚多少少就好喇"
5,毛孩超愛吃，特價買超低😆
5,已經第二次回購及介紹朋友購買。
5,"送貨服務一流
超級有禮貌
安排周到
值得嘉許🙏🏻"
5,長期使用，吸水力強，價錢相宜
5,我家2隻貓咪都喜歡吃，沒有不良反應，糧的size 都可以，小小顆粒容易吃，既方便營養都足夠
5,轉砂，主子初初喺甘試味 -_-！ 幸好冇反抗，乖乖用咗！
5,多次回購，包裝都完好無問題
5,"主子好鍾意，
有特價，已回購多次！!"
5,包裝好，貓貓很喜歡食。
5,價廉物美，超值價，貓咪很愛吃，會再回購，包裝良好
5,我家貓咪淨係鐘意食呢隻味
5,優惠價買入，貓糧首選，我所有貓貓也爱吃，由細吃到大，其中有三隻腸胃好的布偶貓由細食到現在，首選！
5,唔係好肯食。不過市面較少見，可以唔太貴嘅價錢買一包嚟試一試實在太好。
5,已經係第二次買，這款貓砂真的很襟用，而且真的能消臭。
5,貓貓轉用呢款貓砂差唔多兩年，十分好用，但有點貴。
5,"已多次回購, 品質很好, 價錢有時會有折扣, 性價比高."
5,依隻貓糧買咗無數次 第一次幫襯依間公司買 到期日同班裝都冇問題
5,很好，貓喜歡，長期回購
5,好香，細細粒容易食，兩隻貓咪好喜歡食，已回購多次
5,已再次回購 但唔會再購買這個包裝 因為沒有 密實封條 下次都係會買返細胞裝1.8kg
5,"長期食開Orijen, 貓貓喜歡，唔會好油膩重味精，較其他牌子健康"
5,我主子幾中意食，佢好難轉罐頭，所以一直買呢個
5,兩隻貓貓都鐘意食呢隻味
5,用開 $100 平靚正！
5,呢隻牌子已長期回購，內容成份好啱我主人食，以後不斷重複回購
5,"貓貓食開 自少比佢當零食 獎勵用
喜歡的口味"
5,"貓貓很喜歡，以前用日本紙砂，但貓貓隻腳趾有時會卡住紙砂，搞到全屋都有紙砂，同埋紙砂喺潮濕天氣唔夠吸味。
雖然買咗咖啡味，我同屋企人覺得似殼類早餐味，香香甜甜咁，貓貓開完大都蓋到臭味。"
5,貓貓很喜歡，不斷回購👍🏻
5,比超市平很多！ 貓貓喜歡
5,呢個牌子d零食，貓貓都好鍾意
5,"好用,五十入了兩包,全單九二拆"
5,回購很多次。多做特價 便宜些更好。
5,包裝好結實，貨物無損壞，價格實惠。
5,"已多次回購
貓貓愛吃"
5,"品質、成份滿意
已回購多次
是主子的主要食糧之一"
5,包裝很好又有小食送❣️
5,價廉物美，仲送贈品！很好！
5,HKD168 兩位貓主子都好鐘意食
5,難得我隻14歲貓鍾意食，一定會再買。
5,消委會評比最好的，經常性回購，吸入安全，👍👍👍👍👍
5,呢隻好用，不會對寵物或人有害，而且消委會話有效殺死冠狀病毒。
5,推薦左比人，自已咪買唔到！都係靜靜雞自己知算
5,貓咪喜歡吃，已多次重買
5,11 用來混合水餵老貓吃藥
5,主子一直愛吃，已經多次回購
5,氹貓貓飲多d水嘅最佳產品
5,"Ok,整比小動物食營養糊用！"
5,好用，美中不足會痴住d屎😹
5,我家主人食開，仲係好鍾意食呀⋯⋯會繼續回購
5,"看完消委會報告, 改用K-CLEAN, 因原本用開那2款原來無咁高分,我又有用開自動噴機及瓶仔， 咪係HKTVMALL 找下有無補充裝, 原來公價, 唔洗週圍找舖頭買"
5,能結尿，沒有散開，少麈
5,噴出嚟係有少少氯氣味，但可接受。
5,非常值的購買的台灣產品，安全安心值的使用
5,"不斷回購, 每個月一包
寶貝們食得健健康康無病無痛就ok"
5,"呢隻罐罐質素好高、真材實料！
大家可以安心買。"
5,用後砂盤無臭味維持4-5日 &#40;1隻成貓&#41;
5,呢款係金裝系列中最多汁嘅罐罐，主子至愛
5,主子喜歡，價錢唔貴，不過家中太細每次都只買1-2 pack，如果唔係實買多啲～
5,198再95折，長期買！
5,價廉物美，貓貓非常喜歡，正！
5,貓小姐如廁後不起粉塵，減少貓小姐眼部感染。
5,"已多次回購，主子喜歡
包裝很好，沒破漏，送貨同事有禮貌，準時。"
5,寄咗去英國俾個女隻狗狗。個女話狗狗好中意。角切size 好方便作training 用。
5,95折價錢優惠，是次收貨罐罐撞凹咗
5,此款貓砂已使用多次，最緊要係主子們都用得舒暢！粉塵少！**無諗過仲會收到親手寫嘅通告！謝謝您們甜心安排！會繼續購買！
5,"唔算簿, 大狗用都冇問題👍長期回購"
5,品質優良，貓貓喜歡食！
5,我貓非常挑食，但他十分喜歡這個
5,730$ 同出面訂開一樣價，希望以後都多啲優惠，咁就可以keep住係到買啦
5,非常好，已多次回購，有小傷口也可以清潔殺菌又安全
5,貓展promotion，好抵買，仲要有嘢送👍🏻👍🏻👍🏻
5,"初時見係泰国生產. 唔太有信心. 因為食過好多牌子. 都係唔太喜歡. 唯有試下啦. 點知, 第一次已肯食, 真係唯有呢個牌子, 肯食又全部食晒. 仲習慣地等食. 已回購N 次. 加上CP值高. 冇reason 唔買. "
5,長期回購，希望不要加價太快
5,對挑食貓貓來說，味道接受不油膩，食完沒有黑下巴，主要作看門口用上，不常食用。
5,行貨，新包裝，乾淨企理，下次會回購
5,208再95折，用開，抵
5,貓貓愛吃 一直都有回購 係
5,己回購無數次！性價比高！適合我多🐶🐶家庭！
5,CIAO零食你唔需要擔心貓貓唔鐘意，基本上每款味道都好得，質素都好好，買過好多次。
5,好多肉，肉汁有少少未去到話湯咁多，貓貓都鐘意食
5,由M品牌轉會過嚟，主子好歡喜。
5,"貓貓長期食開, 食咗便便冇咁臭, 非常適合室內飼養的貓貓, 價錢比一般寵物店平好多，性價比高，長期回購"
5,疫情初期少數標明能殺滅新冠病毒的消毒液，2020年開始，一直沿用至今，直至2022年年尾才染疫，應該是有效的。但價錢有點貴。
5,貓兒食到lam lam 脷。
5,兩隻猫都一直食開，便便好靚，毛都順滑左
5,我訂吞拿鱼蟹肉，但俾咗吞拿魚蝦
5,狗狗非常愛吃又滿足他口感，包裝非常好，感覺品質唔錯
5,今次原裝袋無穿窿，俾個讚👍
5,有用外箱包裝，乾淨，未知吸力掂唔掂
5,回購到已經唔記得第幾次！希望比多啲優惠大家繼續支持
5,阿貓鍾意食汁和肉塊，有多醬汁和多魚肉塊，蟹肉條，開罐已有香味，阿貓食完一匙又一匙，食完 Lamp 晒脷。包裝OK，完整乾淨。
5,之前有用過此品牌中碼，後來嘗試別的品牌後，還是覺得此品牌的品質最好，以後都會回購
5,出貨期間發现有兩包尿片有缺陷，供應商隨即退款给我。謝謝！
5,疫情期間已開始用，出街後用於消毒衣服，坐車時都用，噴後沒有皮膚敏感
5,貓貓好鐘意，有一條條肉絲見到
5,正 👍🏻👍🏻👍🏻👍🏻👍🏻👍🏻👍🏻👍🏻👍🏻👍🏻👍🏻👍🏻👍🏻👍🏻👍🏻👍🏻👍🏻👍🏻👍🏻👍🏻👍🏻👍🏻👍🏻👍🏻👍🏻👍🏻👍🏻👍🏻👍🏻👍🏻👍🏻👍🏻👍🏻👍🏻👍🏻👍🏻👍🏻👍🏻👍🏻👍🏻👍🏻👍🏻👍🏻👍🏻👍🏻👍🏻👍🏻👍🏻👍🏻👍🏻👍🏻👍🏻👍🏻👍🏻👍🏻
5,已多次回購，試過多款不同寵物尿墊，呢款最厚同吸力較好
5,送了小零食！good！
5,四隻狗都鍾意，想唔回購都唔得😵‍💫
5,兩隻貓咪由介奶後就食喱個。現在佢地分別係4個月同5個月大。我放長糧，早晚就食罐罐。要預備轉食（K36）。
5,"貓貓很喜歡👍加少少水都食乾淨👍"
5,"已經回購無限次
包裝好
打開後即時聞到好大浸魚香味
貓貓又拎罐罐開始就會跟你到廚房
等你開罐頭俾佢食
呢個牌子嘅貓貓罐頭都好吸引
除咗呢個味道，仲會食吞拿魚同三文魚味
裏面有好細細嘅蝦仔
非常吸引"
5,每次用完都喺到訂！平啲有優惠！
5,"比超巿便宜,而且有人送上門！"
5,主子用開，送貨上門服務方便
5,包裝良好，多謝小禮物，貨品包裝上多咗正貨有禮label，可否介紹怎樣換禮品？
5,"正常。
可以在廁所沖走"
5,回購，狗狗好鍾意食，價格比零售店優惠。
5,第一次買，狗狗好鍾意，好香。
5,"我的老貓一直用開, 喜歡, 可以推介比貓奴"
5,猫猫一换砂便衝去便便💩
5,平時有用開，嘉興賣緊$57 呢度真係平
5,50蚊一包再95折暫時全城最平
5,今天8包貓砂，有一包穿了!
5,用開回購，送貨哥哥很有禮貌，感謝搬了這麽多包沙，辛苦晒！
5,好抵！送埋貨唔洗自己拎！又有回贈！仲想點？
5,"清潔屋企一流 唔怕寵物中毒
洗寵物用品 拖地又得"
5,"商品沒有任何問題
買咗62包貓砂，訂單顯示營業時間是10:30至19:30，今早10:30去到攞貨還沒開門，等了30分鐘11點才開門問店員是否星期天會開晏啲？店員覆一向都係開11點，請問HKTV你們咩事？
我住村揀送貨，你哋又要停車場自取你個死人司機到咗先通知我攞嘢，等咗我冇2分鐘就開車走人，你到咗先通知我落樓都要時間㗎，你哋送貨質素差咁我自取囉，自取你哋又要寫錯營業時間，玩我呀🤬"
5,"香氣唔攻鼻, 氣味不大, 吸味ok, 吸水力強, weewee沒有散開. "
5,產品描述寫台灣製，但係樽上面搵唔到產地，不過用開萬潔靈產品，有信心
5,"包裝企理, 價廉物美."
5,"猫猫喜歡這款猫糧,品質好.
包裝安全 , 送貨服務細心."
5,多謝此贈品。我本身都有用佢，氣味不太濃烈，用於廚房料理台及鋅盤，乾淨！
5,"雖然唔知有無效, 但有小朋友同毛孩, 好多野都用唔到, 希望呢款好啦"
5,準時送到，價錢便宜又唔使自己搬，送到門口，包裝妥當
5,淨味幾好，包裝有拉鍊好方便，容易凝固，少粉塵，26.xx價錢合理，唔加價會keep住用
5,價錢公道，而且送貓咪小禮物，好驚喜呀
5,全部罐冇穿冇爛，貓貓又鍾意食，會再回購
5,"有好多零食、今日先開吃，狗狗超喜歡😘👍👍
嚼勁強，吃到刮刮聲好治癒😎🤣會繼續回購！"
5,呢隻貓砂我之前都用過不錯，會再次回購
5,狗狗至愛，已經回購很多次。
5,Good packing $100包，抵！
5,4蚊好抵呀，但係用落普通啦，耐左無剷就臭臭，不過咁平無得要求太多！😊
5,"特價買 非常好 👍 
不過 原價就會貴"
5,阿貓好鍾意食，很快食晒，質地比湯較濃有流動，易入口，顏色是淺粉紅色。一條4包，每次一包，方便儲存及食用。
5,幫朋友買話好抵，抵過淘寶仲要唔使運費！
5,好用 除臭好 尿尿易結塊不會散
5,"今次包裝幾好, 一罐都有個袋包住"
5,是重購。貓咪喜歡食，相信此產品質量。有時會贈送朋友的貓吃。希望價錢可以降低些。
5,品質有保證，無化學成份，貓咪非常鍾意❤️
5,一直有食開 價廉物美！
5,非常吸尿，小狗?小便再小便依然相對乾爽，所以唔需要經常更換，可輕鬆放一夜無問題。 但有機會太多會過底，不可直接放地下。
5,"真空包裝，已多次回購
淡淡香味👍👍👍"
5,"貓貓喜愛，日日都有""金"""
5,長期食開，橫掂都要買，今次買有好多贈品，幾包乾糧，同貓玩具，抵到爛
5,回購，品質良好，Good
5,所以多次回購，而且每次都有試食包，今次還有玩具，謝謝🙏🏻
5,非常好的台灣產品，吸入對身體也無礙
5,少粉塵，易結球，不黏底，減臭味，貓貓最鍾意豆腐砂，日本品牌，價格優惠，好抵用！送貨上門，不用去門市搬搬抬抬，會再次回購！
5,一直用開 但HKTVmall 經常缺貨
5,多次回購 贈品正 包裝穩妥 無漏氣 讚👍
5,回購的。買了6罐，包裝用上吹氣bubble袋，罐罐都好完整👍🏻
5,每次購買包裝都沒有損壞， 貓貓食開這牌子
5,本身貓貓有皮膚敏感，需要長期食處方糧，所以唔會亂咁比其他嘢佢食，除咗呢一款濕糧
5,好用唔痴底👍🏻👍🏻趁平買好抵用，用完會再買
5,猫猫泌尿系統問題後一直用這砂了，不錯！
5,"挑食貓咪愛吃, 吃了80%"
5,"貓貓食都停唔到
包養好實淨唔會爛"
5,天然磨牙零食 非常好 出面售價很貴 呢度買好平品質又ok 沒有漏氣 沒有近期 狗狗細個開始食到而家五歲幾 一路都冇牙石
5,一直買開回購回購再回購
5,價同街舖差唔多，包埋送貨，方便
5,"我的貓貓只吃這牌子這味道的罐罐。
價錢比街外還要便宜，還可以送貨到家，一流。
我已經推薦給好多朋友了。"
5,這牌子青口一直有買開，狗狗好鍾意
5,"全新包裝 
性價比之王"
5,狗狗很喜歡 已多次回購
5,狗狗很喜歡吃。特價很抵
5,用過咁多隻尿片，呢隻真係又平吸力又好！就算毛孩痾左係邊位都唔易漏到成地都係！我隻小比熊一日換一張完全夠用
5,買糧送的逗貓棒，質量仲好好
5,多謝贈品，可惜貓貓太喜歡玩咗兩日就俾佢整爛
5,好味。。。主子表示歡喜😃
5,送了個黑白色的貓咕臣，很合我心，謝謝，一直支持渴望
5,用開，今次多送了一支消毒劑！
5,包裝良好，送貨服務流暢。
5,好幼滑既肉泥，貓好鍾意
5,亞B肯食，比起Mono Petite 果隻，D肉新鮮好多，會回購
5,"貓貓鍾意食 比較油
好重味 貓貓食完多左飲水"
5,不用買多件，也享優惠價錢。
5,能減少室內難聞的氣味，對家中貓兒的健康沒有影響。
5,很香，我的貓貓比較喜歡，因為不是肉泥。
5,多謝送贈，貓貓好喜歡玩 好襟玩^^
5,非常品質的貓砂！讓家裡沒有貓尿擾人的味道！會回購
5,會回購，用過好多牌子，暫時是最好，辟味很好👍🏻
5,用過好好用， 吸味強，耐用，無粉塵。
5,价錢同实体店一样，勝在送貨服務快捷，多次回購
5,貓貓鍾意食，已回購多次
5,Easter仲有禮物送.
5,回購的，包裝整潔，完完整整👍🏻繼續回購.
5,回購其他味道比亚B試，今次有贈品小包貓糧👍🏻
5,我的主子很喜歡吃。會再次購買。
5,非常滿意，市面上鮮少有這麼安全（吸入）對人體無害的，殺菌效果👍⋯⋯經常性回購
5,包裝好好，仲有小禮物送
5,上次買過，性價比高，於限時追加更加有優惠，抵買
5,多次訂購，次次都有贈品～
5,貓咪喜愛。包裝非常好。
5,"勁抵用🤩極度懷疑店家set 錯價
初頭見平諗住買嚟試下 
用落好正 淡淡豆腐香味
原粒唔易碎 超吸尿
一定會再買👍"
5,主子食完有吐毛，又美味值得推介
5,底到爛！包裝靚！品質好！
5,好用！殺菌強！放在公司及家裡用！
5,火雞筋打結棒很香，狗狗很鐘意食👍
5,回購了很多次非常之平同好用
5,主子最愛，每次仲有小玩具送，主子表示滿意
5,試過其它、都是這款好用，會繼續回購
5,是回購。貓咪喜歡食。希望持續有優惠折扣。
5,性價比更高，中碼尿片圖案很好，吸水力比同價高
5,送貨人員非常好禮貌，超讚。
5,"$4.5買來試吓，都幾好用，吸味乾爽，讚，但係如果正價買，就係高價位，因為都幾細包，大給約四包等於出面一包🫣
特價就好坻用🤗"
5,好奇試下新貓砂 超出預期 勁抵 好用
5,"試用價$4.5包！ 好平！真係要試用下。 
原箱包裝，品質唔錯，吸水性強無臭味，
全部長條無塵。
仲有2款洗衣珠試用裝送！"
5,已回購多次. 好!!!
5,價廉物美，品質良好，會再回購，貓咪很喜歡
5,小貓超鍾意 冬天直接用水座暖包糧就比小貓食
5,貓貓都喜歡  我會再加啲營養粉
5,兩隻貓咪一剪手/腳甲我就用依一條零食引佢哋，一條兩份食，兩隻貓咪爭住食😊
5,好適合家裡的老主子胃口，已買多次
5,"$4.5一包真係性價比極高
如再做特價，必定大量回購"
5,一直食開，三隻貓咪都很喜歡！
5,"$4.5 真係超值！
奶香味！快啲再做特價啦"
5,"長幼條型 包裝緊密 奶味😍
羨慕人地落單有sample送 我落咗幾次單都冇 嗚🥲😂😂😂"
5,$4.5 一包。品質非常好，沒有人工添加味道，非常適合小動物。
5,抵用，經濟之選，品質優良，會再回購
5,包裝整潔、性價比高$4.5
5,"砂好乾爽 低粉塵 有小許痴底 
份量比一般小 開4包=其他18L一包 
如果$40/包會覺得貴 品質屬中高品質
有機會會回購"
5,很好，用左無咩臭味，又易清去
5,禮物多两包，代貓貓多謝!
5,主子最chur住要食既小吃。
5,幾好用，唔黐盤，同埋少粉塵
5,貓BB超喜歡 香氣逼人 連主人也流口水
5,貓咪喜愛食!!不斷回購
5,厚薄適中，性價比高，已回購無數次
5,貓B超鐘意食，包裝完好，原盒唔驚錫紙袋係送貨途中整爛，非常好。
5,兩隻貓十分喜愛呢隻濕糧 每次都急不可待衝去食
5,貓貓好鍾意食如果有多啲優惠更好因為我有四隻貓貓
5,一開即食 貓貓非常鍾意
5,貓咪很喜歡吃。是回購。會再買。
5,我家主子很喜歡吃。買了5罐，還有禮品送，謝謝。
5,包裝完善，食品正常，小貓愛食！
5,"包裝很好很貼心,收貨非常滿意"
5,"一買再買, 我個仔好鐘意食. "
5,已多次回購，🐱目前仍然愛吃
5,貓貓鍾意食，回購多次！
5,經常性回購，安全防護，對人體無害👍👍👍
5,肉粒狀，幼貓易食。主子好喜歡。
5,"貓哥以前食開，現再養一隻bb, 比新b食。"
5,貓砂好好，吸水力強! 但常常都缺貨!
5,由罐頭糧轉呢款，好彩肯食
5,回購的，亚B開始轉，食得唔錯都常清碟👍🏻
5,亞B喜歡💕罐罐包裝良好而且常常有贈品，十分贊👍🏻
5,俾各大超市便宜就是其中一包 不過其中一包 穿咗
5,貓貓很喜歡食，比其他罐罐更加喜歡
5,會再回購，包裝完好無缺，貓貓非常喜歡
5,"用呢款副食罐撈雞柳吸引主子食。（主子們唔鐘意食雞肉）撈咗就食哂。包裝唔錯，送咗試食貓糧"
5,貓貓鍾意，每個月都會回購👍🏼
5,貓咪得了過度敏感有點憂鬱，給他買了這個幼貓濕糧加餐令他心情和健康都好些。貓咪非常挑嘴，聞了一會兒終於肯吃。味道很天然肉香不像靠香味添加劑。
5,主子非常喜歡吃，但別買錯jelly，包裝近乎一樣
5,Rc 係獸醫介紹都食咗十幾年我覺得都好專業
5,多次回購，貓咪好鍾意食👍
5,終於搵到貓貓喜歡的，食後便便靚咗，毛色有光澤
5,很好送貨快，包裝很乾淨
5,貓貓鐘意食，價錢比出面平
5,質地細滑，唔落水都唔會太杰，主子愛食
5,完整收貨，每包平過超市$15又唔使抬返屋企，抵
5,比平常抵買，仲送了貓咪喜歡的玩具……主子們好開心
5,貓咪食開，今次更有同款濕包贈品，好抵
5,貓貓至愛🫶🏻 經常回購
5,貓Bb勁鍾意啊，每次都清碟！
5,這是我小狗最喜歡的零食
5,原本食緊嘅貓糧貓咪唔係太鍾意，越食越少，搞到瘦晒，所以決定轉糧。聽說皇家適口性強，而且食過幼貓款，所以買咗呢隻黎試。果然好鍾意，食返多啲喇。
5,貓食開，好smooth嘅肉泥，冇渣冇粒冇絲，好似溶咗嘅雪糕咁滑，我隻咀刁貓淨係食呢個系列嘅白魚味同呑拿魚味，次次清兜！
5,"5位主子甚喜歡,多折就多買喔！"
5,主子食開，依然鍾意食👍🏻
5,多啲做特價🤣 貓貓長期食糧👍
5,貓貓喜欢食，又見長肉，可以一試。
5,貓貓一直食開 改善好尿道炎 推薦
5,88折後比超市便宜👍🏻👍🏻
5,好用，兩隻20kg狗狗用都無漏
5,雖然薄但吸水力唔錯， 會再回購
5,夠哂厚，可以吸好多，粉紅色邊邊，方便狗仔認位置唔會柯出去
5,自從半年前在H K TVmall購買這款貓糧之後，我家4隻貓都很喜歡💕，我家有4⃣️隻不同年紀、不同種類的貓，由2歲到22歲，都喜歡吃，最近我發覺它的價錢比其他超級市場還便宜一些，所以我每個星期都會入貨。
5,見到平均$7.xx一包，即買
5,多年都一直訂購此罐頭，品質保證
5,家中3隻貓貓都中意食，仲有2磅裝送，底買！不過2次購買都係送同款糧，希望下次有機會贈品係其他口味～
5,送貨包裝確實包得好好，好整潔👍
5,品質一樣很好 不過今次紙盒無啦啦爆咗 但對入邊嘅商品冇影響 不過我認為需要留意一下 同埋附送嘅禮品變成了凍乾 不過品質一樣很好 貓貓很喜歡
5,貓貓對Canagan罐頭好瘋狂
5,會繼續回購 狗狗中意食
5,貓咪初嘗滿意，祈望成長期主食糧
5,多用途使用，很方便，已多次購買，無色無味，用後很乾淨
5,"夠厚身，吸水力好
有時星期二$50，多次回購"
5,很適合貓B腸胃吃的罐頭
5,我家啲主子食咗好多年呢隻牌子，一直以嚟品質都好好，不過近呢兩年開始裏面好多細骨。但係試過無數其他牌子，我家啲主子全部都唔鍾意食🤦‍♀️所以要用啲心機時間慢慢將啲細骨攞出嚟。
5,光顧這間店多次，包裝什麼都很好！而且他們的品牌和貨品比其他店多，可以有更多的選擇！
5,209再95折，質素好，抵用!
5,唔記得改數量，買得一包
5,一分錢一分貨尤期是長期使用時吸入身體內是安全，消毒週邊對大人小孩寵物都安全，一直持續購買，不論是在HKTV MALL買或是直接跟商戶買都是很好的服務體驗
5,"BB 猫糧, 都可以分好多餐食, 呢間算係平"
5,貨品包裝整齊！送到手完好無缺！價格便宜！比其他店都要便宜！發貨迅速！昨晚訂，第二晚已經收到了！
5,抵用，好好用。再次回購
5,貓咪喜歡食，已回購多次
5,"唔錯。開頭以為平會唔吸濕唔好
點知竟然無，仲吸得好好，值得回購"
5,基乎每月皆購入這店這款貓糧，品質保證，發貨快。繼續支持
5,之前一直買開 非常便宜，又送小食 但是現在缺貨了 希望快點有貨
5,好用之餘又可以幫助浪浪，價錢唔貴，仲要係3mm大粒砂，減少腳仔夾出砂盤，最緊要係我班細路鍾意，推薦👍🏻
5,仲有驚喜禮物比主子玩? 商户很貼心
5,"Reorder, 每次都收到不同的小禮物好開心。"
5,"主子用開呢隻,及少粉塵。價錢Ok 而又有得送貨👍"
5,買開，包裝好好又有試食糧送❤
5,質量不錯！👍🏻👍🏻👍🏻
5,原盒上+外紙箱，唔知點解有一包爆左，肉汁漏到其他包都有。
5,"回購好幾次了,,不錯的"
5,見到呢到有，就唔使再自己落百佳買，呢款又平又好用
5,$4.5一包真係好抵用，粉塵少，吸到臭，比價性高，品質好
5,用開，吸力唔錯，但貴咗
5,一直買開，見到HKD159，即刻買咗4set
5,我家貓貓超鐘意呢款濕包，已回購多次，誠意推介大家。
5,已多次回購，11歲貓兒每日都愛吃。
5,請問點解經常斷貨，出面仲賣到好高價嘅！可否同經銷商反映一下，要供應穩定呢，謝謝！
5,感覺很細包 唔似17.5L
5,台灣品質保証，吸入對肺部無影響👍👍👍👍👍
5,第一次買，讓貓咪轉多幾款口味，包裝好好，剛剛開了給我兩隻貓咪吃，好喜歡食👍👍
5,多次回購，唔洗自己抬屋企真係好
5,長期回購，比較其他同類牌子，這貓沙，平靜正，老貓巳用了近20年，吸尿力強，容易處理，推介
5,"主子用開這個牌子貓砂已很久，價格抵又少粉塵,而且係度買有得送埋貨唔洗自己拎,👍"
5,準時，包裝好，下次再回購，謝謝你的贈品，貓貓好喜愛喔！
5,"送遞準時，貓砂很重,送遞員毫無怨言"
5,試左好多不同牌子，這個Price performance很好，送到門口最好！
5,會再次回購⋯⋯因為主子指定要用e款
5,貓咪們很喜歡吃👍🏻👍🏻👍🏻👍🏻
5,長期回購，今次價格最平。
5,貓咪食開 補充水份一流
5,如果全部罐一箱過就好，分幾箱好唔環保
5,"非常好用
訂購送貨流程 快方便
"
5,貓貓一直食開，可以幫助補水👍🏼
5,用過好幾個牌子，呢個最有效。
5,非常之方便同好用！已不斷回購
5,朋友家貓好喜歡，而且價錢較出面平少許
5,非常好，送貨即時，貨品包裝完整清潔
5,物流快，第一次購貨，準時發貨，會繼續使用。
5,貓貓很喜歡，但經常斷貨
5,一箱4盒，下次寵物節直接買
5,多謝買家送sample同thank you card :&#41;
5,貓貓愛吃的濕糧之一^^
5,品質優良， 十分好用。
5,"喵喵中意食呢個牌子既貓糧，每次都會轉唔同味道比佢食。
呢間仲會送小包既雞肉凍乾，比喵喵做零食都幾好 "
5,在回購的 貓主子喜歡吃。
5,16歲貓貓好鐘意食呢款肉醬
5,值得回購，可助浪浪之餘，家中貓貓都喜歡用！
5,還送了小玩具比貓貓！謝謝！
5,貓母子食開Ciao 罐頭做晚餐。
5,包裝完好   物美價廉
5,我隻貓貓一直都很喜歡吃呢款
5,一直用開，粉塵少，凝結好，味道不大
5,經常回購買，包裝很好沒有破損。
5,買糧仲送包小食！好正！
5,我貓貓很喜歡這款濕包，一向買開，多次回購
5,我家毛孩非常鍾意食👍🏻👍🏻
5,重購貨物，並贈乾糧，很體貼。
5,不錯，包裝很好，衛生乾淨，獨立一包包裝份量剛好
5,特價我就會入貨，回購無數次
5,貓貓好鍾意食呢個口味，經常回購！
5,感恩，好好用，我家兩隻幼犬，好快學識大小二便在尿墊加厚裝上，乾淨衛生。
5,"吸力好, 挺身, 一直回購"
5,"還未比主子試, 但價錢包裝都好.  "
5,"價錢合理, 唔洗自已搬"
5,有小朋友後就用呢隻，一直回購，唔傷傢具
5,"有雞肉味小食送
主子好開心"
5,貓貓完全不飲水，只愛飲這湯。
5,吸水吸味效果好，但狗狗見到炭既黑色唔係好肯企上去
5,相對其他寵物友善嘅消毒用品，實惠好多，多次回購
5,貓貓從小到大都食這牌子貓糧
5,多謝小禮物，已多次回購
5,貓貓鐘意食👍🏻回購咗幾次了
5,猫很喜欢，是我主要依赖的猫粮。
5,買來俾貓貓試吓，一盒12包包裝乾淨整潔，不錯
5,貓貓愛吃，腸胃便便毛色等等都一直健健康康
5,因腸胃敏感而引起的肚疴，餵食後便回復正常便便，而且貓咪不抗拒吃。
5,方便唔洗自己拎 仲平過惠康！
5,"毛孩用開~ 好用, 是次回購"
5,幾鐘意淡淡奶香，無色素，貓咪都鐘意用。
5,"少粉麈，吸水力強

Good! Good! Good!"
5,長期缺貨，只好另找貨源。
5,貓貓喜歡。$11   2包再95折
5,送貨員好盡責，有禮貌，，所以值得5星
5,吸味好，結到砂，好用過 N1
5,夠厚同真係好吸味，會再回購
5,我買了一袋你們送了10袋，麻煩找人來退
5,我家貓貓好鍾意食，比平日食野速度快左好多，可以一次過食完👍
5,每次都會有小禮物給貓貓，十分窩心
5,好用 我用0黎抹地...
5,第一次使用，但都覺得滿意，因已使用貴公司嘅家居消毒濕紙巾多年，對貴公司嘅產品有信心。希望貴公司的產品能夠保持水準以上！
5,第一次購買 非常好用 無異味 無粉塵 馬桶可以直接沖掉 貓咪出來基本不會帶出細粒 是水晶貓砂的完美替代品 強烈推薦
5,方便易用下次再買平靓正包裝有破損值得購買
5,好用，去臭力強，貓咪也喜歡
5,多次回購！好用！好用！好用
5,回購。$109/2包。
5,好用，吸收力好又無乜尿味，厚薄適中
5,價格合理，訂購方便，已多次回購了。
5,好用，回購多次，價錢較超市低，送埋貨，good
5,同超市差唔多價錢，不過有送貨
5,多次回購，主子很喜歡！讚
5,長期用呢款，平過百佳，又唔使自己搬，讚呀
5,食開...VIP價$750/包...抵買...即買2包做儲備...包裝完好...無漏氣情況...
5,很好，貓咪好鍾意食。會繼續回購
5,已多次回購了 包裝良好，貓貓喜歡，會繼續支持。
5,貓貓幾鍾意 買蝦乾送密實盒 幾抵
5,我家貓貓喜歡吃，好香我都想食
5,有紙盒包裝，十分好。也是真空的。
5,"買個細包無粉塵, 好用, 所以買大包裝"
5,運輸同事很好，客服很廢
5,星期四減價$75再85折 用埋Citibank ...最平嘅一次
5,每次都用8小時內購買今晚直送，2位主子喜歡呢個牌子慕絲，回購好幾次。
5,而家買 2 件半價超抵買。。。好用
5,"吸味能力不錯👍🏻
價錢公道"
5,好好用，希望保持價格不加價。
5,之前食過貓中意 再買返👍🏻
5,隻貓話好食:&#41;
5,"好正,送埋上門唔使去拿！"
5,買開， 五十幾蚊－包，抵
5,推介朋友購買這類產品及介紹送货上門服務
5,貓貓一直食用這款貓粮，腸胃糸統良好，體重控制得宜，貓貓身體健康，會繼續讓貓咪食用。
5,吞拿魚肉能保持水份，我兩貓b很喜歡吃。
5,貓貓好中意食，但呢隻罐有人造維他命K，其實唔建議長食，我淨係偶爾畀貓貓溝嚟食下開心下。
5,多次回購，滿意👍👍👍👍
5,這款貓砂吸水力很好，味道也不錯，就是想再回購的時候已經沒貨了﹗
5,"多次回購, 抵用又好用, 無粉塵不易碎"
5,我家9歲貓貓超愛吃，今次商家還送上一支毛毛棒，3隻貓貓玩到瘋了，多謝！
5,包裝良，貓咪食開，鐘意食，之前成日要換糧
5,貓咪最喜歡食這個牌子，有好多不同口味選擇，經常再次回購
5,方便備用 價錢再低點更好
5,日本一貓砂質地很好，不易變粉，推介
5,奶香濃郁的貓砂，我的小貓用了之後也變得奶香味十足。
5,兩隻貓咪都喜歡吃！會回購！
5,🐈🐈貓貓愛吃這牌子，已多次回購
5,完美包裝！！包糧本身真空包裝再加上膠袋包實，然後仲用紙箱封住，正！
5,少粉末，冇異味，性價比高。
5,主子好鍾意食 包裝有進步👍🏻抵讚
5,已回購多次，味道好 👍🏼
5,主子食罐罐有敏感身體癢，轉食此牌子多年無發生
5,"用返好用,, 抵買,, 是次回購"
5,貓貓鍾意食 一包份量好
5,"買一送一，抵過買N1 ,粉塵少，吸水ok"
5,貓貓喜歡食，感覺比sense/smell/feel 果隻健康一點，已回購很多遍
5,有寵物的家庭簡直一流👍🏻👍🏻
5,朋友介紹我購買🙏🏻我兩隻貓貓非常喜愛食🥰🥰
5,貓貓突然鍾意食肉泥，我未試過唔知好唔好食
5,貓喜歡，我不在乎他是不吃飽，但是我要他喝很多水
5,"一隻肥貓表示：好食到呢...不得了！癲咗。
另一隻唔食蝦嘅：冇興趣。"
5,超鬆軟肉泥，已類近慕絲，溝完水之後差唔多可以當濃湯，舔舔派貓貓好鍾意
5,好用，吸味能力同吸濕力強，會再買
5,唔係長期有貨，賣哂要等2個幾月先補到貨，希望就算買哂都唔好等咁耐，貓沙係長期消耗品，用哂唔等得！貨物送嚟完好無缺
5,有 95折 同街價差不多。唔駛自己抽。
5,多謝貓犬工房的聖誕禮物！我老細回圖！Merry Christmas 
5,我的貓很愛，佢喜歡呑拿魚肉泥
5,請唔好用咁大個箱放幾罐糧
5,原來是肉蓉，常回購貓咪都喜歡
5,味道好……清潔能力強！
5,很好，因有養狗，所以對洗地水有要求，唔可以傷害狗狗皮膚
5,貓咪十分喜歡吃，更重要是幫助多吸收水份。 貨品日期新鮮，包裝妥善，價格較市面便宜。
5,貓貓一直用開，第一次在此購買。貨品包裝整齊完好，價錢比門市平，又不用自己提重，會回購。
5,貓貓好鍾意食，繼續回購
5,"用開好用,, 是次回購"
5,味道似沙甸魚，貓貓勁中意
5,貓貓至愛已經長期弄這個牌子乾淨沖落廁所搞掂晒唔識佢冇問題
5,包鍾意🐈‍⬛🐈食，買多啲⋯食肥啲⋯再次回購，買啦買啦買啦⋯⋯🐈‍⬛🐈包鍾意食😍
5,"平, 靚, 正。有淡淡奶香味, 易結砂唔散, 多次回購"
5,狗狗很喜歡食、會推薦嘅朋友
5,KAKATO既主食罐比較少地方有賣，呢度個價錢仲好抵，貓貓好中意食，不過要注意呢隻罐有加人造維他命K，最好唔好長餵，所以雖然貓中意食我都係一星期餵一次咁多。&#40;人造維他命K危害請自行google&#41;
5,低粉塵好，吸水好用如有3m更好
5,"毛小孩很用開,, 吸力很好,, 加上價錢實惠,, 是次回購"
5,喵愛😆🐈‍⬛👍🥰👌‼️🙏
5,第二次購買，貓咪很喜歡吃。
5,貓咪鍾意食三文魚雞肉味，一直有回購。
5,"Good, 有額外包裝保護。讚。"
5,貓咪很喜歡吃！好香包裝很好！
5,"價錢夠平，我隻老貓鍾意食, 呢一款方便進食"
5,有放殺滅多種病毒，生活更安心！
5,多次回購。好用！竹炭真係好吸味，質地好厚，比市面其他牌子性價比高！
5,聞上去味道有啲臭🤣但貓貓喜歡👍
5,「行貨」真係有分別，大粒啲，好好用
5,"用開, 好用,, 會再回購"
5,"用開~ 好用,, 是次回購"
5,用開，買一箱6包全真空包裝，不太多粉塵，$150/6 都算平宜
5,去到毛球 就好了，當零食比，都中意食，味道都濃
5,主子幾鍾意，好快飲晒。會回購
5,已用了6年，貓咪很喜愛
5,巳經回購N次，真空包裝，細包容易處理，每次用一包，唔會用唔晒受潮
5,趁雙十一特價$7xx買到6魚口味，真空裝，包裝完善，加拿大版，正貨，最佳期限去到2022年1月。
5,貓貓喜歡，但台灣平好多，建議貓奴去開台灣時買
5,真係好用。但多購也沒有優惠。
5,非常好的產品！送貨哥哥都好Nice！
5,貓貓非常挑食，但依隻味佢ok
5,"星期二特價$20, 抵! 浪浪都喜歡吃, 所以再回購"
5,特價$80買，一直用開，多數會等減價買
5,Good，交貨準，快，服務態度很好。
5,用開好耐，會等減價時訂
5,無漏，個蓋仲扭得好實，要好大力先開到。陣陣優香，用嚟抹地，洗梳化墊，貓墊，玩具，好乾淨。
5,主子喜歡食， 喱間店價錢相宜，所以回購又回購
5,"方便, 希望多些優惠."
5,很可惜，已經缺貨了，只係買到兩罐。
5,送貨員好好，幫我放入屋
5,88折～包裝ok全部罐罐完好，貨期長25年12月先到期
5,用過，覺得好用，所以回購，真係少粉塵同凝結得好，剷既時候唔會碎哂。
5,平！包裝好！回賺多次！
5,已多次購買！每次都包裝完整無缺，乾淨👍🏻
5,十分細心既送貨哥哥，知我屋企有貓，到左唔㩒鐘只whatsapp叫我開門，驚鐘聲嚇親貓貓，多謝你。。好貼心又nice.. 讚
5,很適合年老主子，會再回購。
5,好用 地板乾淨 信牌子應該對貓貓無害…
5,"買開，吸力幾好, 亦無咁大陣味"
5,呢隻好用過礦砂，同好用過N1.
5,這牌子的質量高，魚質好
5,"呢隻罐罐質素好高！
大家可以安心買。"
5,貓咪很喜愛食，巳多次購買
5,呢隻冇咁好！ 不過價錢平，依家又貴左啲！
5,每次在此店買四五十罐，每款買兩罐三罐，有時更只是買一罐試食，次次都好準確數量及款式、從未有試過罐頭凹陷、次次包裝也十分好及細心！！今日我專程在每款留言讚一讚～加油～！
5,$80一包仲有95折，幾好
5,多年來一直是貓咪最喜愛的口味之一，今次$9.9/罐，非常抵買！
5,狗狗喜歡，價錢平過超級市場
5,已經多次回購。每一次都包裝原整、乾淨！
5,隻貓腸胃好似有問題，獸醫提議轉食呢隻牌子既吞拿魚，純淨d，食左一排暫時情況都好左。大罐岩2隻貓一齊食
5,我家的布偶貓，只有食呢個牌子，沒有肚痾
5,吸濕除臭好，水溶性，清洗貓廁所唔會造成渠塞
5,呢隻砂雖然唔算好大包，但非常好用，抵用，完全沒有異味，易凝結，所以方便鏟除，之前買其他牌子，60幾蚊一包，但好快就要全盆換，因為味道好大，同粘盆底。本人大大推薦呢隻砂，大大讚好👍👍😃
5,用嚟消毒很好，可用於寵物
5,為什麼底部的DOP BBD 日子是一樣的？24年？
5,價錢平過超市 送到屋企樓下 唔洗拎咁遠
5,老貓很喜歡，會再次回購
5,用開，98蚊2件超抵，平過超市很多，又不用自己搬，會再回購
5,"正,加購平均四十弓包,仲送上門。"
5,全城最平$88再95折
5,試下呢個牌子好唔好用先，朋友推介
5,之前用開2合1，宜家新出3合1效果更加好，價錢又平
5,包裝幾好，送貨快！長期光顧的～
5,我隻貓唯一鍾意食嘅罐頭 已經回購好多次 每日都要食一罐 有時會有嘢送 很好
5,好用， 非常吸味。不停回購
5,用開，送貨哥哥大雨送來，辛苦晒🙏🙏🙏
5,"粗身同2.0幼身版都有用過幼身版太容易被帶出盤外,，經常成身都係貓砂粗身除咗無咁易被帶出盤外, 同幼身感覺上無乜大分別，&#40;貓貓而家4個月大, 唔知再大啲嘅貓有無分別&#41;"
5,每包不同圖案，可愛，貓貓也喜歡的零食
5,已回購很多次，家中貓貓超愛吃！
5,好好用，而且貓貓去完廁所無乜味
5,$80.7一包仲有95折，超抵！
5,正價有9折非常抵，食用日期有一年，真空包裝無漏氣，推薦！
5,貓咪食開；第一次在這店買，包裝良好，冇漏氣，2023年6月過期。
5,"幼貓好鍾意食，佢唔飲水，通常我會加少少水溝埋一齊，等佢順便吸收水份。
啲便便都好好"
5,屋企7隻貓，長期回購，間中捐俾貓義工，如果有多d優惠就好
5,"已回購多次, Good!"
5,品質好味道ok，貓咪開心用。
5,貓貓鍾意食，還有玩具送!會再購買
5,貓B第一次用已經自動爬砂，吸尿力强，可以除味，綠茶味幾天然唔難聞，貓B都唔抗拒，價錢算平，買3包仲有價惠，已經第二次回購
5,聞到幾好味，貓咪又鍾意食！各款味道輪住買
5,今次超抵$80包，買左5包，5包都無上次咁碎！但包裝同上次有少少唔同，多左張黃色貼紙（是新款嗎？）
5,我家主子最愛嘅零食啊！
5,貓貓非常喜歡，包裝方面注水一包餵食，份量適中
5,"送貸員將貓砂與其他單的雪藏貨一齊運送，攪到出晒水，兩包有凝結了，點用?上次訂粟米汁又反而冇雪,攪到變晒...."
5,貓貓鍾意食，可以補充水分
5,特價$80一包，扺！包包真空處理，正
5,想問吓幾時再有貨？ 想買大量
5,"買开好用,希望多点特价。"
5,好香綠茶味，這次的品質好綠，幾好～會趁低價回購
5,有用開的，包得很好又防撞，沒有漏
5,謝謝hktvmall所有工作人員， 對送貨人員特別致謝&#40;∩_∩&#41;
5,有養寵物，回購多次，拖地，清潔寵物玩具都可以。
5,"解凍後,放已預熱焗爐180℃ 25分鐘翻熱, 好方便"
5,貓咪超喜歡吃，就快變肥貓了。
5,特價$80，又包包都係真空包裝，正
5,用開，包裝良好，已再次回購
5,我的貓咪很喜歡此貓砂。
5,已多次購買，貓咪很喜歡吃。
5,屋企三隻貓長期用開，綠茶味好清新，吸水力好，唔多粉塵
5,買開，方便，唔使自己搬返屋企
5,狗狗好鍾意食，健康低脂
5,易用乾淨，除臭功能佳！而且半價$28，覺得幾抵
5,夠厚，吸水力強，好用，但常常缺貨！
5,凝結力好、遮蓋臭味效果好，會持續使用
5,我只有一個貓，但是這個多貓型係十分抗臭，用得安心。
5,洗完衫啲衫唔會一陣消毒液味道
5,我的貓貓很喜歡會在回購
5,貓咪很喜歡，一定會回購！
5,味道不錯，清爽，good
5,物流速度快，落單第二天就收到
5,未吃！但這品牌的其他產品，寶貝好喜歡
5,第一次買，估唔到一包入面有六條咁多，貓貓好鍾意食，真材實料，係比較難用手撕開
5,食咗一塊，囡囡食得都好開心
5,一直用開，味道清新，用於清潔寵物用品
5,吸尿力強，原粒不碎好用
5,長期使用，家人有毛孩岩晒，溝稀拖完唔駛過水。
5,很好用 👍🏼 已回購多次
5,狗狗好喜歡吃，價錢適中
5,貓貓喜歡，貓沙香味亦會減低便便味道🤣
5,用咗都好幾年啦，寵物沒有敏感
5,送貨員有禮貌又準時👍🏻
5,都算好快乾，氣味都係典型彩豐行產品陣味。貓唔抗拒
5,很好，由於家人養寵物用開此貨品所以托我買！
5,品質好，又大包，這店最抵買
5,狗狗很喜歡，優惠更加多就更好🙏
5,主子喜愛☺️已多次回購
5,"Keep 住有回購，用完就會買，鍾意佢有li set 買，官網都無咗li 個set, 所以係hktvmall 買，星期五vip 仲有95 折，抵"
5,用開，第三次回購3包，又平又有送貨，抵用
5,貓貓喜愛此產品，我身邊好多朋友都有用！
5,貓咪猪食左10年這牌子糧了，身體健康，毛色靚，潤滑。
5,貓咪好喜歡此味道的貓砂
5,一直用開，非常值得信賴
5,係獨立一個盒裝，個盒設計精美，而啲雞肉我隻貓追住食，會再回購
5,家有寵物，能殺菌且氣味清香。
5,比街上店舖便宜很多，貓貓很喜歡飲。
5,"猫猫喜歡此牌子。不會太多水。質感容易入口。常購。
現時8個月，由6個月開始食用。"
5,一隻貓好鍾意🤣 一個唔鍾意
5,狗狗最愛這尿布  吸水力高
5,人寵無害!!香味清新!!
5,以前試過好多隻貓砂，都唔滿意。幾年前用咗呢隻之後，就一直都冇轉過。又平又好用！次次減價都大手入貨。
5,狗狗愛吃 感覺上好益 多吃了蔬菜
5,好用，味道好，家中有BB和寵物都可以安心使用，唯一缺點是價錢比較貴，希望可以定期有優惠
5,送貨服務態度很好，貨品質量有保證！
5,"用開 好用 今次85 有九折 低過平時！
換過平d既貓砂 兩隻b情願痾落地下都唔肯去
唔知點解好驚。。所以都係買返依隻😒"
5,貓貓們都喜歡這個綠茶貓砂
5,發貨快，超好用，最重要不用自己拎
5,平時用開的，多次購買都沒有出事
5,貓貓已連續使用N1綠茶味豆腐砂兩年幾，趁有優惠時購買超抵。
5,減價抵買，送貨哥哥服務好。
5,見特價$77 買定幾包
5,"貓貓對kakato無法抗拒
但無比出面買平，bubble紙用得好多，好唔環保"
5,"因用了9折code, 價錢超值,抵"
5,價廉物美，主子喜愛，已多次回購
5,追加有優惠……貓貓又食開！
5,長期回覆，無乜味精，good quality
5,雖然有啲貴 但感覺肉是真的
5,不錯，可繼續回購，如有優惠更好
5,綠茶味完美遮擋大小二便的臭味，貓紗吸水力强，質素好好。
5,"與彩豐行售價相同，呢度有送貨服務，
唔使自己拎咁辛苦。
清潔效果不錯，味道清香，唔會太濃味，
屋企有貓，對𠖥物無害，安心使用。"
5,一向都買開～今次超底價買左四包✌️✌️
5,包裝非常好，可惜3隻貓都say no另外關於H250811004106單號，付款後商家通知沒有貨提供，但沒有提及退款安排，HKTV請跟進回覆
5,包裝紙箱過大，但沒有填充物。物品在內裏搖晃，打開見到貨品凌亂。
5,"特價 80, ，再九五折，低"
5,狗狗好鍾意食，日日都要食，長期食用
5,貨品完整，收効日期與網頁推介一致。
5,好用，低粉塵，吸水快 只係牛奶味重左D
5,價錢合理，最緊要係D貓鍾意食
5,嗜口性極高，非常清香，gel狀，加入貓糧入面，讓貓貓一併食用，加強對身體的吸收
5,如果可以有多些折扣優惠更好！
5,多次回購，好味，做手撕雞，正
5,仲送咗包小食，THANKS
5,媽咪喜歡湯汁，每次都吃清
5,已再回購，有啲同款lysine 貓咪唔食但呢隻會食
5,貓貓鐘意食，適合年紀大既老貓食因為冇楂，會再回購
5,這款貓砂乾淨、冇乜味。
5,長期回購，人類食品級狗糧，狗狗由細食大，身體健康，好少病痛，如果可以多買多平就更好👍
5,"能夠吸尿味好用,多次購買"
5,家有貓夠，不怕他們拖地時踐踏地板 ，會放心使用
5,"我今日買了 104 +75+ 16 還未計160 的spray 
沒有送東西給我?
不是160元會送40元的產品?

其餘幾好包裝可以"
5,有誠意的商店，支持。謝謝細心小禮品
5,狗狗好鐘意食，日日都要食，希望會有多啲折扣優惠
5,"貓貓指定口味，支持hktvmall,罷買中國貨"
5,好用。拖完地還有些香味
5,超愛呢款消毒劑嘅香味，家有寵物又適合使用，五星推薦!
5,不喜歡飲水的貓，非常喜歡吃這濃湯。
5,好用，主子們一直使用綠玉
5,雖然冇香味，但吸尿易鏟
5,多次回購 包裝完好 仲有一包零食仔送
5,價錢比零售店平，4包原箱送貨，還有濕糧一包贈品，貓味喜歡
5,罐頭包庒企理，完整無缺。亞B愛吃，繼續回購
5,吞拿魚肉保持水份，我兩貓b很喜歡吃。
5,養貓仔狗仔必須，抹地洗用具都好有用
5,"貓貓喜歡, 已多次回購"
5,腎貓成日嘔，又偏食，難得佢喜歡食呢款
5,貓貓喜歡，一口氣食完。
5,超級有心，用手寫，支持！已經多次購買，支持香港本地品牌
5,除了買貨或收貨，還得到一件很暖的信。thank you😊
5,自從用咗呢款猫砂後就沒有再用其他牌子了。超低粉塵，好用！
5,我的貓咪近月吃很少食物，今天吃這款小食竟然胃口大開。
5,第一次買這個味道的濕糧，一向吃開這個牌子的乾糧，如果貓貓喜歡吃都會再回購👍👍🙏😊
5,"已回購多次! 好用~
最主要質地好厚身, 唔會過底.."
5,貓咪長期都係用開Good 👍 
5,貓咪食左一罐 慕絲狀睇佢食得好快 應該好好食
5,猫猫非常喜愛 。每日一包 。補水必備 。
5,貓貓喜歡食又健康！多次回購，店舖還送小食 👍🏻
5,貓貓喜歡吃，一次訂不同口味，一味一罐都可以有廿罐，多謝送的試食乾糧，主子也喜歡💕
5,貓貓鍾意食，已多次回購。
5,"常回購,$200箱有3包，乾淨好用無味。可惜今次開箱有一包膠袋破裂漏了氣，冇真空及砂已漏出😔"
5,有肉絲有醬汁，貓貓喜歡
5,"狗狗喜愛食, 會再次回購"
5,夠厚，吸水力強，有特價更好，但經常缺貨！
5,一直買開，都很好（只係上次買嗰包粹啲&#41;
5,除了投訴經常缺貨之外，我沒話說，它真的好用！
5,貓主子很喜歡吃，主食罐，貓貓病左可以入針筒餵。
5,貓貓一向都食開，次次食親都舔舔脷，價錢做到平過出面，讚👍
5,Very long expiration date and good packaging! Recommend!保質期很長，包裝很好！ 推薦！
5,回購多次，家中貓主子十分愛！
5,比起以往用過不同牌子的猫砂，這款猫砂是我目前最好用的，極少粉塵， 值得推薦
5,聞落好似牛奶糖味，完全唔臭，貓咪痾屎都痾得香甜過人
5,貓咪用後幾好，不多灰塵。好過N1....會回購。
5,用過很多牌子，獅子貓砂粉塵真係少，吸收力強，值得推薦👍🏻
5,好用，吸收力強，性價比高，但經常缺貨
5,我有六隻貓，佢哋都喜歡吃
5,"貓犬工房貨靚 價錢好👍🏼
"
5,"屋企有毛孩 
用普通的清潔液唔得
要用依支就對大人小朋友小動物都咁friendly"
5,用開!  平靚正!  给5星!
5,回購，用後味道好清新，又不用過水
5,好smooth嘅肉泥質地，冇渣冇粒冇絲，副罐，細細罐補下水幾好，咀刁貓次次都食清兜，我已經買完又買嫁啦😂
5,獸醫推薦我用。每日都加喺食物入面，貓貓健康好咗。
5,貓貓喜歡💕多次回購，價錢合理👍
5,用開N 數字牌 但粉塵無奈較多 獅子牌 用了一段時間 粉塵明顯較少 而且結塊不易散！
5,我隻貓食咗好多年，超愛
5,非常喜歡👍已回購多次！價錢平易！
5,兩隻貓貓也很喜歡吃，不過這個是小食罐多吃也不是太好
5,買了多年，貓喜愛，主人看見貓愛吃就開心
5,同貓貓乾洗完好香好舒服
5,我隻貓咪，卡卡吐慕絲唔肯食，只吃它，一直回購已2年
5,正 買貓糧成日有好野送 👍 仲要好岩用
5,氣味清新 有寵物小朋友都用得👍🏼👍🏼 不過細支咗啲
5,貓貓一向鍾意食!如果再優惠d會更好!
5,每個月都要購買此產品👍👍👍
5,第一次購買這個罐頭 包裝10分好 貓貓喜歡吃 但不知道七個月大的貓貓可不可以吃？
5,主子很喜歡吃，已多次回購
5,因為狗仔最鐘意呢隻味！
5,貓貓愛食，價錢尚可，已多次回購。
5,夠厚，好用，已多次回購
5,包裝完好，新貨，大包抵用
5,一箱$200/3袋，做緊特價85折，抵買
5,"2貓可用2個多月, 經濟. 無咩香晶味,好."
5,不過包裝手挽很快就斷。
5,買開，味道和質量都很好，繼續回購
5,之前買，每次包裝都真空，今次漏了氣！
5,"用開
好開心可以係HKTVMALL 平台買到
多謝！"
5,沒有如其他牌子，標明原味，但是打開仍然一陣嘅強列粟米香味。
5,一直在用，但每次買的質素都有些微參差。整體使用良好。
5,"夠厚又廷身, 已經每個月回購, 主子很喜歡用。"
5,不會太碎，凝結力不錯，原味好好聞
5,第一次購買 這個牌子貓砂挺好用 包裝沒有破損 會回購
5,貓貓們鍾意食，已買咗多次👍
5,貨係好既，但送貨安排真係令人崩潰，完全唔夠人力囉。唔該加多d送貨專員，否則真係好難再幫襯HKTVmall. 
5,"good, 價錢相宜！"
5,用咗就嚟兩年冇轉過牌子好嘅嘢就費事換啦
5,"貓仔食開綠色嗰款, 不過我覺得佢哋好似鍾意食黑色多過綠色... 同埋黑色睇落都靚啲, 下次會買一盒"
5,天然，好用，無用動物做實驗，零殘忍
5,"用過幾隻牌子,這款最經濟實用"
5,之前在寵物店買 現HKMall都有 用開唔錯125/118ml 202608到期 MIUsa 
5,"真係好啦
可以喺HKTVmall買到！
超級正👍👍👍👍👍👍"
5,電腦運輸時間與運輸時間要改善一下時間
5,回購。 店家還送了小玩具給狗狗，多謝。
5,"原味 17.5L 斷左貨成兩三個星期, 請問幾時有貨? "
5,是回購。送給朋友的貓咪。
5,加購時用$73買，好抵！
5,完整無缺，使用後沒有任何問題！價錢抵
5,收到4+1送多一條嘅version好開心
5,"一罐入邊有4種魚, 愛食魚既貓貓必食!"
5,"一向用开,而家咁平,梗係要買定D啦"
5,材料資素好，貓貓都愛吃。
5,"香香地, 用開呢隻同元祖咖啡, 呢隻香啲舒服啲"
5,我家有養貓及狗所以一定要用這一種天然酵素的，這樣不怕狗狗舔地下。用其他牌子狗貓會中毒！味道也不错工人姐姐都贊好！
5,包裝好，罐頭完整冇問題.
5,家中有寵物都可以用，拖地後地板很清爽
5,見特價$56，未用完都買定先
5,一直有用開，呢度平過出面
5,六包剛好一盒 原盒出貨
5,用開既，無咩問題，幾好
5,幾好用，可直接衝落廁所，無嗅味
5,一次買2包重有乾糧試食裝送👍🏻
5,會回購！係貓咪最中意食嘅零食之一！
5,"回購, 隻貓都幾鍾意食, 將粒藥放喺入面, 反而食咗.. 不過成30蚊罐好貴... 淨係餵到一粒藥, 你哋會唔會考慮出專門餵藥嘅零食"
5,總共買咗3包，係呢度買又平又包送貨，送貨員有禮又凖時
5,第一次買，收到之後即刻比貓貓食，加多半罐水，嘴刁貓秒清！香味唔算大同冇重金屬嘅腥味，質地似沙冰咁，都擔心佢唔食，竟然一口氣清晒o_o
5,希望增加多啲高齡貓產品
5,好用，不算多碎，也易凝結
5,我比這品牌貓砂一百分、凝結度非常高，乾淨企理，用了一星期一D臭味都冇，好開心找到一包我認為完美的貓砂
5,好用，味道沒有太多人工香精。貓咪喜歡
5,非常好用，用濕紙巾抹完，以為已經好乾淨，點知再用呢支嘢一抹，啲污糟嘢即刻浮哂出嚟
5,"長期用家,一袋2貓用成個月 !!"
5,可以沖馬桶，冇加人工味道唔會刺激貓鼻
5,"貓貓超鍾意食,已回購多次"
5,已多次回購，希望可以減價。
5,專門買黎洗狗狗的毛巾床罩玩具，味道清新持久，臭味無曬，而且乾淨殺菌又安全，會再買
5,養寵物用一流！清爽唔粒
5,"方便清潔，氣味清香
"
5,是回購。我本身喜歡這品牌，對質量有信心。有時會送給朋友作為禮物。我家貓咪很喜歡。食得好滿足。希望價錢可便宜一點就好了。
5,沖得落廁所，又平，又癖味，用左好多年
5,回購。做多啲優惠更多。
5,特價優惠時購入，價廉物美。
5,"由貓貓一出世就用到而家，不斷回購！
原味同綠茶味最好！"
5,有優惠，好抵買，買左六包^^
5,"咁啱見有優惠所以先買。 
D貓砂既包裝同相一樣，冇破損。
整個購物過程十分安心，會回購﹗"
5,$720／10kg 價錢可以接受
5,"狗狗食開, 平時賣開超過$8, 今次有特價, $7.3要入手"
5,剛轉用，比用開嘅好及平！
5,價錢比超市便宜 而且貓砂密封好冇漏氣
5,買開用開 有送貨方便抵用
5,貓很喜歡吃，價錢實惠。
5,用開，貓貓鍾意，呢度買又平
5,比超市便宜，又有送貨。👍🏻👍🏻
5,我2隻貓貓都喜歡食，連濕糧我都係買佢哋啲，爭住食添
5,貓貓摯愛！！！！！！！！！！！
5,我都用咗兩年大致上都冇問題幾好啊。
5,一如往常的好，吸付力強。
5,少份量適合老貓，成份單純健康，佢肯食就得
5,主子第一次試飲，幾鍾意，好快飲晒，會回購
5,平時貓貓用開，good
5,減價時$99抵過出面好多，要留意減價時買! 
5,"凝結效果滿意
可放入厠所直接沖走，方便"
5,已回購多次，司機有禮貌，包裝完好無缺
5,貓主子愛用，不過，今次買有點貴 $119
5,除臭，容易鏟起，又價廉物美，會再次回購
5,價錢非常優惠，品質也很好
5,Good，已多次回購 
5,已用了一段長時間，好用 👍🏼
5,好用 價錢同我買開差唔多
5,之前一直有用開這牌子的，最近購買的貓砂在使用時發覺粉塵有變多，貓一用完人就打噴嗤，不知道是否成份有改變？
5,"貓貓鍾意食,已回購多次"
5,豆腐砂可以減少異味，會繼續購買。
5,送貨日子同時間恰當👍🏻
5,上次漏送再補訂 包裝妥當
5,"已回購多次，包裝良好，沒有出現滲漏情況
送貨員準時有禮，好評"
5,"今次收不到這箱蠸頭,請跟進"
5,加落豆腐猫沙一起用，能迅速吸尿，硬化，除味
5,"吸水後結成硬塊,乾爽唔臭,好用!終於試到一隻正貨"
5,"貓肯食, 食呢隻無痾爛屎"
5,"真係好抵,又唔駛自己抬!夾埋D VIP/$40寵物coupon優惠去買真好!"
5,一直用開 平均110蚊 抵
5,貓貓最愛鹿肉，多次回購
5,我自己試食過 真係似脫水鷄所以先比狗狗食
5,貓咪很喜歡吃、己多次回購👍🏻
5,我的主人最喜愛🤩食呢個牌子，又香又脆，繼續回購
5,己多次回購、貓咪十分中意食👍🏻👍🏻❤️
5,家中貓貓非常鍾意食👍🏼👍🏼
5,好用，呢次優惠比我買開商店更平。
5,"單罐貴過日本, 如果啱食, 建議大家比較下一盒嘅價錢先"
5,貓貓很喜歡、己多次回購
5,好用，結果，很少砂化，香的，但可以再平啲就更好
5,司機有禮準時，包裝很好，很滿意
5,用開的，因為有正品貼紙，所以在這裏買
5,好扺，希望下次都有這個優惠
5,貓主子愛用！ $99一包
5,"已再回購， 之前買小包， 現在買大包更抵。
小狗愛零食"
5,"好香cheese味
我家毛鞋勁鐘意食😋"
5,用開，優惠更抵good 
5,吸力強，可直接沖廁所，好用又環保
5,夠濕 從來唔會穿唔會爛 面積又夠大又啱啱好 抹手手抹腳腳一流 
5,"狗狗喜歡食。細細粒。
"
5,我貓貓實在太鐘意食，有時乾糧都唔食，都要食呢隻，我都睇到可以當正餐，但有冇份量限制每日食幾多 ？
5,一直用開，趁減價會購入多些
5,貓貓好鍾意食，回購 👍🏻👍🏻👍🏻
5,店面職員有禮有耐性講解
5,隻貓真係好鍾意食喎，好彩睇咗評價，買咗1罐試食，隻貓食到停唔到口
5,好用，抵用，正貨唔係假野
5,$78. 氣味清新，拖完地唔會黐立立，有寵物都可以用
5,火炭門市bobo同vicky服務態度非常好，一直都好想讚揚他們但不知可以點做為有係度讚揚下他們
5,送貨員很有禮貌，包裝也很好，好評
5,多次回購 用後砂盤真係有淡淡清香 無咁臭
5,再次回購，包裝整齊，特價價錢吸引，好用，吸尿效果理想
5,"噴頭又無事wo, 不過噴貓貓身佢好抗拒"
5,我隻女好偏食，佢竟然食哂，會回購
5,貓貓食左好耐 鐘意食 便便正常
5,"體驗裝冇曬貨, 唯有散賣, 今次好啲, 有個袋包住"
5,主子一直食開綠色嗰罐，今次第一次試黑色罐，好鍾意！
5,"朋友介紹, 第一次買, 個包裝好靚 &#40;一睇就知係貴嘢&#41;, 同埋家中貓貓都好鍾意食... 不過長期食真係貴"
5,隻貓鍾意食呢個多個綠色個罐
5,"官網訂開, 不過唔夠 $500 免運費, 淨係想買幾罐比朋友試下"
5,冇益味， 聞落都新鮮， 一罐有齊貓貓營養 concept 好好， 如果有更加平就好喇。
5,一直都用緊，效果比其他差不多價錢的牌子好！
5,主子鐘意食，好濃芝士🧀味
5,一向用開，請問每月10日寵物折扣優惠是否取消了，我今個月沒有收到通知。 現在連追加貨品也沒有了？
5,"之前有用家反映過意見, 可惜自己後來至見到, 希望有關人士包裝貨物時別選用容易留下痕跡的玻璃膠紙, 若果真的想穩固瓶蓋的話, 請改用不留痕膠紙。感謝體諒、方便用家, 謝謝。"
5,好用，價錢$118正常
5,抵 有4包獨立包裝 份量多 貓貓搶住食
5,订了多次，很好用。有折扣就便宜点，送货上门服务也很好。
5,"貓貓有腸胃敏感，長期食開呢隻罐罐, 已回購數次"
5,抵過現時網上及寵物店買
5,有淡淡清香，凝結力不錯，價錢便宜
5,一直用開，仲要比街價平好多！
5,家中老貓食開。發貨快，會一直幫襯
5,我的貓咪最愛口味之一，尤其加大量水也很喜愛喝這個口味鷄肉魚湯，我用這個牌子和口味讓貓咪喝足夠水的。
5,已經第三次購買，主子很喜歡吃，還有小禮物送！
5, 好用，同寵物清潔殺菌好方便又安心! 
5,價格超平，比市面上都抵買
5,之前漏送包貓糧，已申報退款，之後已送回漏送的貓糧，請取消申報退款
5,好用，無塵。有玉米清香。
5,好用，抵買，一直有回購，幾款味貓仔都試過曬
5,"尔
平過街買，又有得送貨，正"
5,首次購買，見comment 唔錯就試下，$60一包都好抵
5,"用埋優信用卡優惠,VIP優惠,平過出面買。"
5,上次買$80八五折，今次特價$60，希望將來會再有桃味
5,好用。出面好多地方都冇得買，hktvmall 有即入貨
5,平靚正，最重要唔使自己專登出去買再抬返黎
5,沒有任何包裝，感覺超好，在環保方面繼續努力，加油
5,這家的貓砂特別好，用久了也不會有很多粉末，已回購多次，唯一的缺點是常常缺貨
5,屋企7位主子一直用開N1，好用！買4包平均$90/包好抵！
5,"由baby 轉買kitten, 買3次 3次都有贈品 謝謝"
5,未食 唔知貓咪是否喜歡
5,我貓貓最愛，全港斷貨咗成個幾月，買到好開心❤️多謝店家的小禮物❤️❤️
5,暫時都覺得幾好用，吸濕能力不錯
5,第一次買平行進口貨，起初有D擔心，收到貨是真空包裝，可安心下次再回購
5,一對仔女 超鐘意食~❤️❤️
5,貓貓喜歡的濕糧，已是再次訂購。
5,老貓仔超愛吃此濕糧，開始唔肯吃乾糧，要混入濕糧加少許水先可騙佢食少許乾糧。😅
5,"好用！
吸水，無味，唔臭，少粉塵"
5,家裡的老貓好喜歡食這貓糧，而且供應商非常窩心，每次都會贈送小禮物，給我非常好的購物體驗。
5,回購  包裝企理乾淨   包裝
5,"應該幾好味, 17歲幾了，啱食，鐘意食。"
5,家有bb 洗衣、拖地都用淨可立，呢個價錢仲唔需要自己拎咁重！真係好好
5,"用过幾个牌子,以它最好,沙比較柔滑细緻,凝结力很快很好,冲入廁所不用担心,大家可以試吓"
5,多次回購，謝謝禮物包。
5,已經第二次購買，還送小玩具！👏
5,一切正常。每月購買，品牌良好
5,狗狗好中意食 多次回購
5,唔錯，罐頭內冇其他多餘成份
5,"舔舔派貓貓好鍾意食，成份亦健康。

質地係結實肉泥，但易壓碎，半罐溝完15mL水之後會變慕斯狀，已再次回購👍🏻"
5,"牠很喜歡食,比三文魚乾更受歡迎
"
5,貓貓🐱最近確診胰臟炎，所以嘗試轉此配方濕糧，發覺牠超愛，會繼續喂食及觀察腸胃情況，嘔吐是否有改善
5,包裝已經算不錯，但仍有漏出液體的問題，個人認為係製造商應該要處理的問題
5,包裝十分好，有效期係到明年5月，仲有玩具同試食乾糧送！
5,這個比豆腐砂更吸味及乾爽，好用，繼續回購。
5,包裝十分好！有效期到明年5月！ 仲送玩具同乾糧試食包！
5,多謝商家贈送的小禮物！貓🐱很喜歡食，嘔吐也少了點，會再回購
5,優良好，3個星期後開始少粉塵，換新貓砂唔錯👍🏾
5,貓砂非常好用 氣味也很好
5,買開的 好用 抵買 價格便宜?
5,試過其他牌子，獅子砂這牌子效果最好
5,我啲貓貓好鍾意食，胃口大增
5,如果可以希望有提供其他口味試食，等客戶知道貓咪是否接受待下次可以轉其他口味！
5,主子愛吃 有贈品送 包裝很好
5,貓咪很喜歡，送的零食……又好可愛……&#39;唔知邊度有得買
5,第一次換貓砂，真空的包裝幾好，冇沙塵有驚喜
5,貓咪好喜歡食牛肉絲味👍🏻巳多次回購
5,包裝完整無缺，價錢較市價便宜一點。
5,送貨速度很快 包裝很完善
5,又平又好用，吸水好不結團，結團鏟起不會散
5,呢隻貓砂比一般豆腐砂好用
5,我家3 隻貓貓很喜歡用這些產品。吸水能力不錯。
5,$5.6👍 可以幫助到浪浪
5,"已經係度買過好多次，一直都無乜問題。

但麻煩落雨天入面D貨要再套一個膠袋。因為HKTVMall送到黎時，成個紙箱都係半爛，又濕，入面既貨係濕左，好彩係罐罐。但果卷贈品紙巾就要扔。

我估都未必關商戶事，但係物流果度真係唔理D貨品有無淋濕Wor，有D過分。
"
5,吸水力強，能覆蓋貓便味道，可以做多啲優惠更好
5,價廉物美，紙箱外整潔完整，每包都是真空的，加上貓咪喜歡，原味不錯，凝固快速，不黐砂盆底，正！
5,希望價錢可以更平宜一點。
5,貓用得很好，不會有砂入腳
5,"有部分會真空包裝，壓縮到細細包幾得意，好鍾意打開個下d聲😂😂。以往買開17L左右既貓砂，大大包用唔曬又要夾住，呢個就一打開倒一包就用得7788，唔洗夾住放係度又驚佢倒瀉。

呢個混合砂好既位係堅做到除臭，勁過我以往用開既綠茶砂/豆腐砂，而且一打開就有好香既豆腐味，不過當然用左一兩個禮拜就會慢慢無左咁濃既豆腐香味，同埋粉塵會開始變多。

overall黎講，呢隻做到低粉塵，又香又可以除臭，價格又相宜，一pack都用到一個月，呢次已經係第二次買了。"
5,"已多次回購, 好用及抵用"
5,"一向都用N1 - 天然玉米豆腐猫砂&#40;原味&#41;, 家中主子用得舒適, 又索得快又唔臭, 好好用"
5,比市面抵啲啲又包送貨 已經多次回購了
5,貓貓愛食，包裝穩固，又有贈品
5,貓貓絕育後有軟便，食完有改善，最緊要係肯食
5,超級吸水同無臭味，價錢優惠，推薦！
5,家裏三隻毛小孩用，good
5,貓咪愛吃主食，價錢較抵買
5,貓咪喜歡食主糧，方便，份量剛好。
5,"貓貓好鍾意食
收貨開箱先知有多三包送 有驚喜 多謝晒😊"
5,已回購多次，真心好用👍🏻
5,送貨包裝良好同貓貓鍾意食😁
5,一包分量好够，唔会食剩
5,要回購過無數次，混合沙質地良好，乾爽潔淨，沒有太多粉塵，值得推薦。缺點是越用越貴，希望多做優惠。
5,一直用開呢個貓砂 比起其他貓砂除味
5,"貓貓食開，最鐘意食呢款吞拿魚，啖啖肉！
買了一堆貓罐還收到一罐貓罐贈品，謝謝🙏🏻"
5,外有包裝，內真空包裝，穩妥。再回購。
5,包装很精致 保质期没问题！值得信任
5,夠厚，吸得好唔過底，不過灰色睇唔到有冇痾到，要睇個底先知
5,在這間店長期買寵物用品
5,"$100 即買, 抵用不浪費, 沒異味"
5,"老貓B愛吃,希望佢健康！"
5,"原箱6包 包裝不錯
全部真空 第二次回購"
5,用開細包裝，質地好用，遇水結得實，加上有特價$85再有95折，即買。個人覺得綠茶味係討好啲嘅～
5,"轉過其他牌子 貓貓們情願餓都唔食其他😑
睇嚟好好食 惟有繼續買 溝其他糧一齊食啦
不過次次送貨嚟，包裝都好好
咁重送上嚟，辛苦哂送貨哥哥啦🙏"
5,"平均90蚊一包 ,抵到爛呀! 送貨哥哥有禮貌好交帶， 加埋十粒星！
"
5,已多次回購。難得搵到一隻貓糧係啱我已經21歲的主子
5,包裝很好，貓貓一向食開這個牌子的糧，會再回購
5,主子非常喜歡，揾到啱佢口味最滿意。主子都15歲了！
5,$108買，送到上門，抵用
5,N1多年前用過，都幾好，之後有段時間質素差了，就開始不停試其他牌子，但都未有一款滿意，直至最近又再試用返N1，結果有驚喜非常好用不易碎，少粉麈，原味聞落幾温和。希望之後都keep到呢個質素。
5,14歲老寶貝 很喜歡會回購！
5,我家的高齡貓，一隻21歲，一隻17歲，營養需要更豐富。我覺得這種高齡貓糧讓貓貓吃了表現精神，值得推介。
5,"☆☆☆☆☆係比N1 嘅
8/28 做88折，送貨當日至話送唔到，改完送貨日期後前1日仲稱因貨源問題取消張單（但tvmall 網上仍可訂購）。
唔該做好啲物流，唔好要人白花時間等收貨。"
5,多次回購！貓咪鍾意食！
5,貓貓好鍾意食，長期回購。
5,"分別買左幼貓糧同老貓糧
兩隻貓貓都中意食，
仲有驚喜禮物送，下次一定再幫襯"
5,包裝睇落唔錯，其實仲未開俾貓貓食
5,包裝好，送貨快，好方便
5,每次在此店買四五十罐，每款買兩罐三罐，有時更只是一罐試食，次次都好準確數量及款式、從未有試過罐頭凹陷、次次包裝也十分好及細心！！今日我專程在每款留言讚一讚～加油～！
5,很好呀，買2包4Kg送左好多包試用糧，正…
5,價廉物美，貓咪喜歡吃，會再次回購
5,我隻貓好嘴刁，但一俾呢罐佢就即刻食晒
5,主子喜歡！會繼續回購。
5,一開主子就食哂，不過個罐罐有飯，唔算太健康，偶然餵ok
5,老貓好啱食、我兩隻老貓很喜歡食、因質地軟熟容易消化、常回購！
5,已多次點購 貓貓好喜歡
5,貓貓由乾糧轉濕糧，腸胃有改善。PS皇家貓糧用家
5,很滿意，是來自俄羅斯的產品，可以放心相信是天然的。
5,$99+vipday 抵
5,一直用開，抵！仲要唔駛送到屋企，正！
5,"我貓貓超鐘意食, 會長期買
"
5,好，希望多點時間做優惠
5,真係抵 專人送上門 keep住回購
5,"好用，香綠茶味
幼粒比較好用"
5,家中兩幼貓自三個月大食到宜家七個月大，十分健康，一歲前會keep 住食呢款乾糧
5,一直用開，好用，粉塵少
5,平，買了4包，可惜有一包沒pack入箱，收貨時已爆開。
5,2礶貓糧太細，但用咗好大個紙箱，一d都唔環保，唔用紙箱可用膠袋
5,好用，開始養貓用到而家
5,其實幼粒粗粒有什麼作用嗎？貓貓無什麼感覺
5,一直有用開的，好用，價格可以
5,不過錯，還有乾糧試食裝和玩具送
5,很好用的貓砂，會再次購買
5,送貨員態度非常良好，有禮貌有耐性
5,非常好用又抵，謝謝！🙏🏻🙏🏻🙏🏻
5,優惠時平過1蚊1片，抵
5,"第二次購買,非常好用,凝结力強,貓沙質地幼滑,冲厠容易,会继续用"
5,有提供食用期限，日子相符。
5,"呢隻混合貓砂比原本的更好用, 真的不黏底, 會keep住買, 請保持質數喔~~"
5,包裝好，貓咪食左腸胃真係好左，便便正常返，所以我都keep住比貓咪食。
5,一向買開這個牌子。貓貓很喜歡。
5,"沒有送贈品
因為以購物車為準，要留意！"
5,超級好用，吸味－流，完全聞唔到尿味，凝結得好，會再買。
5,買 3 set 8折，VIP DAY 再95折，抵
5,產品很不錯👍🏼直得回購好物👍🏼👍🏼
5,好用，性價比高，已不只一次回購
5,先用细包裝，現試改用大包裝。
5,$6XX.- 價錢很優惠，食用期超過一年，整體理想。
5,我家毛孩好喜歡吃.會再買
5,貓貓們很喜歡哩隻貓糧，會再次回購😍
5,厚度可以，吸味效果唔錯，價格優惠
5,沒漏，不過細支。但係幾好用，我個女年紀大，常漏尿，好臭尿味。依個噴完，沒咁臭，會再買。
5,因主子滿意，所以再回購。
5,包裝很好，主子搶住食！
5,抵用 不過送錯左綠茶味 踩到貓貓腳仔綠綠地
5,"因為呢隻罐有膠, 所以通常只係買幾罐比貓貓做零食, 每次都好快清空。呢個係間唔中會回購ge product."
5,"全部真空包裝，好企理。
推薦"
5,"都幾厚實, 吸水力不錯, 折左$87, 都好抵用! 已回購多次."
5,好用，吸水快又沒什麼味道
5,兩隻小狗很喜歡吃，每餐都要加雞肉及牛肉在狗糧中才肯吃。吃飽便睡。
5,可以沖落廁所好方便  啱啱便便完有少少味之外  完全唔覺得喺屋企養咗隻貓
5,雖然有點贵但我的寶貴喜歡
5,由stage 1的幼貓糧轉到這款stage 2糧很順利，貓咪喜歡吃。
5,1. 冇穿冇爛 2. 冇俾錯貨 3. 喺 hktvmall 買野唔好咁高要求
5,"糊仔濕糧, 啱家中18歲老貓咪口味, 份量不太多, 啱少吃多餐"
5,狗狗嗅覺退化，食慾不佳，但超愛吃
5,"好似越來越貴, 不過貓貓鐘意食, 冇計"
5,訂購多次，好用能覆蓋味道
5,已經持續買好幾年，貓咪愛吃！
5,"貓貓很喜歡吃,會再回購,謝謝店家的試食贈品和玩具"
5,毛主子愛吃。朋友也叫我幫他買。
5,回購多次 真空包裝 儲存容易
5,老貓貓剝咗牙，轉食這款，貓貓好喜歡，清晒碗
5,"貓貓很喜歡吃,會再回購,謝謝店家的試食贈品"
5,好用、抵用、可以掩蓋便便尿尿味
5,第一次買粗粒，未開黎用但我相信很可以！
5,好快，上晏落夜晚到。。掂呀
5,已常回購，貓咪好鐘意食！
5,好用！收到嘅貨完好！無乜粉塵～
5,出貨速度快，品質好，多次回購！
5,"之前在其他地方買要150元一包, 這裏平很多"
5,我用係狗尿廁所，用完一陣就消晒尿味
5,我的貓貓食咗呢個牌子有幾年，會繼續回購。
5,没有渗漏或破裂，包装完美
5,以99蚊一包價錢購入！平及好用！送貨都好快！
5,吸收力唔錯 條邊亦唔易漏
5,"終於買到！行咗幾間都話賣曬, 唔知真定假, 明明星期三先開始賣, 定係留曬比啲識嘅人 😓"
5,狗狗很喜歡吃，特價好抵
5,再回購，最緊要貓貓鍾意食，希望下次有5.4kg
5,多次回購，即使接近1:1咁加水貓貓仍願意食，所以食緊呢隻罐時尿量都有增加，會繼續回購，希望有更多優惠
5,已經買過幾次 每次都送好多野 屋企嘅貓貓都好鍾意🫶🏻
5,我的貓咪很愛吃喲，而且大小片合適貓咪，． 倆隻貓咪會搶着吃！從前買的圓條的還要搿來给他們現在不用了，真接餵就行啦！
5,聲稱含益生菌有益腸道，不過貓貓普通鍾意食
5,貓主鐘意、希望可以照顧到佢所需啲營養
5,我家貓貓鍾意食！已回購多次！
5,"上次買咗包大嘅好多碎
今次情況有所改善改 幾好"
5,家中其中一隻貓咪只食哩隻糧
5,多次回購，初次轉糧時兩隻貓都沒有出現不適情況，一分錢一分貨，值得支持！
5,經已回購很多次了，方便快捷。
5,真係因貓而異，本身有食開其他貓糧。我見呢隻貓糧成份幾好，想隻貓試呢隻糧，但貓貓居然退後兩步，唔肯食，為有食返舊個隻:&#40;&#40;
5,"家中兩隻貓貓超中意食!!! 
包裝良好 大大粒雞肉凍干仲可以一粒分兩隻食 
而且50G 好大包 仲要價錢咁靚, 一定會回購! "
5,包裝乾淨企理，可食用日期夠長
5,主子們超追住食嘅主食罐罐。
5,貓咪一向喜歡吃此牌子👍👍👍
5,"小朋友們都喜歡,會回購,7個小朋友會開兩至三罐再加其他食品,這是每晚的開罐罐時間.
最驚喜的是,不吃罐罐只會吃醬醬的小朋友,都會吃這個罐罐."
5,兩隻貓都好鐘意食，今次再買，上午落單，下午6點就收到👍🏻
5,送貨10分好有禮貌，希望公司俾多啲貨佢送，多啲人感受到佢嘅熱誠
5,食開呢款，只係轉咗去hktvmall選購。原因： 係因為可以清楚預到 收貨時間。
5,已回購多次，抹嘢好方便
5,之前貓貓有敏感腸胃 食完而家有靚便 好開心
5,已經回購多次。近排有特價就抵過係出面買
5,多謝贈品，可惜貓咪唔喜歡
5,因曾用過不錯，今次再回購再買，這次是買是原装3包一箱，拿出來看也沒有破損也很潔淨，今次還送了2件小玩具给小貓玩。
5,包裝良好，價錢優惠，到貨快，值得回購。
5,氣味清新兼具殺菌效能並不傷害小愛竉🐶👍🏻
5,包裝很好，2022年先到期，貓咪喜歡，而且又有貓貓玩具送，十分好。
5,浪浪們都很愛吃。已回購多次
5,兩隻貓貓都非常鍾意，回購！
5,家中三隻貓咪很喜歡吃，已多次多次回購👍👍👍🥰
5,貓貓食開，不過成日無貨
5,送了玩具小禮物，貓咪很喜歡
5,特價抵！回購，僻味效果幾好
5,"隻味唔係咁like，但大半日就散左無味。
噴左好幾度，用得最舒服係門和門把手，用它抹完係感覺幾乾淨。"
5,"包裝完整, 拆開後貨品沒有問題"
5,狗狗很喜歡吃這款罐頭。
5,請問今次送多了一罐😅，我可以如何付款給你？
5,10歲腸胃敏感貓次次清&屙靚💩
5,"產品okay, 安排送貨服務okay"
5,服務員態度優良，整齊企理
5,三隻貓有兩隻都喜歡食，會繼續支持
5,食開。收到的罐頭冇凹，好。
5,多謝商戶小編回覆本人評論時推介可以1:1咁加水撈均俾主子食，除佐可以吸收多d水份外，主子們食得easy 順暢佐，唔再太黏稠黐口。
5,在此看見用家和小編介紹一比一加水撈，真的很好用，我家有一隻不太喜歡飲水的主子，這樣做她便每天都最少食二罐水。謝謝🙏
5,貓主子喜歡食，keep住買畀佢
5,貓咪好鍾意食，再次回購，推介買
5,比寵物店買到既平！希望Meow Meow中意食
5,好少係hktvmall見5lbs雞味，連折扣既話同買開寵物用品店價錢一樣，勝在可以連其他貨同一時間收。包裝整潔乾淨。
5,回購，質量包裝都很好，謝謝禮物～
5,家有2貓，快食完，所以使用日期短也沒問題
5,閒時跟貓犬工房入定乾濕糧存貨，打風黑雨延遲送貨唔駛怕。多謝店家送贈的試食裝和玩具，少爺和小姐有福了。
5,貓咪很喜歡 對毛髮有很大幫助 會推薦 👍👍👍
5,唔需要過水，十分方便，氣味仲好清香
5,一向用開呢個產品，唔錯，因為屋企養寵物，有呢個安心使用
5,氣味唔算濃，用黎噴下外出既袋等
5,撈左上次係你地展會買嘅魚精落罐罐到，bb貓好中意！另外個隻就咁加水撈均都全部食哂👍🏻但好似吾見有，請問邊到買到？
5,我家貓咪非常喜歡吃，牠今年3歲以前試過很多其他牌子的濕糧每餐都食很少，有時還要追着牠餵食；今次貓咪知道開餐已主動企定定等食和很快已經食晒👏🏻👍 我一定會再回購👌😁✌️
5,"益生菌可幫助腸道,膠囊成分天然,可放心給寵物食用。"
5,GOOD ! 必定會再次回購！
5,每個月都要購買的產品👍👍👍
5,"包裝完整，貓貓很喜歡, 謝謝店家的試食包"
5,好抵用，特價88蚊物超所值。
5,多次回購，貓咪喜歡食！
5,比豆腐貓砂好好多。無咁臭 同埋包裹晒d細細粒大便
5,每一包都送一個小禮物，謝謝
5,好乾淨，有小孩有寵物用最好
5,已多次回購 貓貓很喜歡
5,我隻貓咪2年前曾因少飲水引發尿道炎，其他品牌的濕糧水份不多，去年在寵物展買到這品牌的罐罐，貓咪非常鍾意食，於是就改食用這種濕糧了。
5,品質不錯！貓咪也喜歡！
5,包裝好妥當，貓貓好喜歡，直接換糧😂
5,已經回購再回購，有寵物分解尿味非常得
5,多湯汁 貓貓好鐘意 是次回購
5,挑食貓也喜歡食太好了👍
5,貓糧真空包裝，贈送的肉干貓貓十分喜歡
5,主子用得好好，亦冇乜粉塵
5,"除臭＾勁＾，塵又少
貓咪長期用家👍😊😊😊"
5,包裝良，貓咪食開，好鐘意食，之前成日要換糧
5,"包裝好, 冇凹, 貓貓好鍾意食"
5,主子超愛吃所以已回購多次，包裝優良，產品質量很好，送貨員有禮和準時將產品送達，會繼續回購。
5,"我d貓鍾意用礦砂多d！
（我同時用緊豆腐砂）"
5,微塵，不是無塵，可接受，一直用開
5,貓貓用開呢隻，每次都係係呢間購買
5,小狗經常肚屙，大便帶有血，食了之後，腸胃改善，沒有在屙血
5,貓貓喜歡吃，都不肯吃別的糧。
5,"有效去除貓貓如廁後異味, 不刺激貓貓."
5,貓貓一向很喜歡這個牌子的糧食。第一次網上購物光顧此店。包裝良好。還有附送小零食。貓貓超愛～多謝店家！下次會再光顧
5,"貓肯食，糞便冇咁臭
啲糧冇想像中油立立
好平🫶🏻"
5,今日買$110.希望下次買到平啲
5,包裝密封性好 貓肯食 依個牌子ok 會再買
5,多次回購，其中一隻寶寶好鍾意食佢，好香味道。繼續回購。
5,睇過街舖，都係呢度最抵，雖然都係加左價
5,真心想讃呢間公司，每次都係真空👍🏻👍🏻👍🏻
5,24件罐罐嘅贈品（吞拿魚乳酸菌）到期日：11 ／2024 ~good
5,包裝得好好， 罐罐唔會凹，又平，我家主子好鐘意食，已多次回購！
5,貓貓好鍾意食，包裝好好，仲送咗小禮物，5星！！！
5,通常打開後，面頭的濕紙巾偏乾，底頭既紙巾就夠曬濕。anyway…佢有陣蘋果味，又幾香。👍濕紙巾厚度夠，唔會太薄，擦眼仔擦身體同手手都幾fit，價格黎講有兩包係抵買！
5,每天會用來幫狗狗清潔耳仔好用
5,貓貓很喜歡 會再次回購
5,"幼粒（2.0），好用過粗粒
$85/1 抵用"
5,貓仔幾鐘意食 包裝得很好
5,已多次回購了，因為太好用了，紙質柔軟又唔會容易難，尺寸啱啱好，所以會繼續回購
5,"買過多次包裝外觀都係整齊靚仔，又有試食送👍🏼令人想再幫襯⋯⋯
希望貴公司增加多啲品牌嘅罐罐or貓糧選擇 會回購"
5,貓貓好鍾意食，一直回購
5,價廉物美，包裝良好，會再回購，貓咪很喜歡
5,Best by至april2024，5lbs我隻貓食大概3-4個月，唔會囤貨，食完一包買一包，包糧best by 6-8個月我覺得都無乜問題🤨
5,貓貓好鐘意食，食用日期2025年
5,有淡淡綠茶香味，多次回購。
5,第一次購買，包裝外觀良好，比較我之前購買的細粒，貓貓容易進食，两位主子都很喜歡，會再回購
5,包裝好，評價很好，買來給狗狗試試
5,貓貓好鍾意食，已再回購
5,第二隻我家两個囝唔食㗎_
5,紙盒包裝乾淨衛生，貓咪一直用開，綠茶清香，抵用品質又好👍🏻
5,氣味清新，噴洗手間好好用
5,包裝得好好👍🏻呢隻好用
5,粉塵真係少 試過幾隻 呢隻最好
5,貓仔很喜歡吃，獨立包裝很貼心，食完一包再開另一包，不用擔心受潮。
5,好用 凝結得好快 又唔洗成日換
5,包裝完整，雖然不是真空但沒損毀都ok。仲有一包貓砂送價錢又係最平。非常好。
5,貓貓只愛吃這種，不停回購
5,"多次回購！
好用，抵用！"
5,"已經多次回購！
好用！"
5,品質良好，包裝安全，會再回購
5,餐餐清碟，黑帶系列貓貓好中意食，多貓家庭，隻隻都喜歡食呢個牌子嘅罐
5,我家兩位主子好鍾意食😋
5,幼粒真係又襟用又包便便包得好
5,"15罐有5罐凹左, 要改善 ! "
5,第一次買，肯食哦，一對一開水，等明天食埋另一隻味，睇下係未又係好鍾意食先
5,貓好鍾意，已經回購好多次
5,性價比高，質量好，已多次回購
5,貓咪鍾意食呢個牌子乾糧，包裝很好，已多次回購！
5,O2O自取排隊等左成粒鐘先拎到😭
5,貓咪好鍾意，不斷回購！
5,長期用開，今年價錢好似比以前平咗
5,"主子好鍾意, 一包可食好耐 幾抵"
5,d仔好鐘意食，食完便便無問題
5,粗粒綠茶味貓砂，可以大大吸收貓尿味同遮到屎味。凝固快
5,毛毛鍾意食，good。
5,我家主人長期食咗一年有多，好喜歡食，而且好鬆脆，值得推介
5,多次回購，貓貓非常喜歡！
5,味道清新，用後乾爽，會回購。
5,長期用呢隻，主子係家用黎做清潔
5,一直有買開、但今次送咗個400g乾糧、好驚喜、謝謝🙏
5,"109/18
謝謝樣品
每天晚上都要抽針筒三筒睡前給老貓吃。大約三天吃兩罐。"
5,用開的，已經是回購多次＇好用
5,乾淨企理.  謝謝試食裝潔齒餅。貓咪喜歡會購買。
5,我家18歲的老貓很喜歡吃
5,貓貓第一次食，幾鐘意，湯汁多，好香
5,"貓貓好鍾意食, 減價抵買"
5,一大包入面有4小包獨立包裝，令我唔洗驚開完放太耐，雞肉粒細小，寵物容易食用，比佢哋平時當零食都好開心，我家兩主子都好中意食
5,"呢隻貓砂好好用～
又除到臭， 凝結力好好

買貓砂仲送玩具❤️🐈
代表貓貓多謝你地🤗"
5,好用，有陣花香味，送貨準時有禮。
5,朋友介紹，有養寵物嘅啱哂，去除到狗狗尿味
5,一直有用開，除臭好好👌😊
5,由第一轉第二代，跟齊野。
5,貓貓非常喜歡吃，會再買
5,貓咪好開心，食左幾日，日日清。眼睛少左分泌物，唔知有直接冇關係???? 會繼續支持?????
5,非常好的貓罐，貓咪非常喜吃！
5,"打開個罐好香魚味, 貓貓鍾意食😍同埋好掛住忌廉哥!"
5,價錢合理，品質優良，回購首選
5,很好，我買了4支，還未嘗試它的消毒效果，希望會好用
5,猫猫完全唔食!可能佢食開連鎖店脫水鷄柳比較濃香味!呢隻比較清淡味!我仲買咗2包點算呢
5,"家貓有時除地疴, 香味能蓋過尿未。好用"
5,"好用，抵用
已多次回購"
5,家中兩隻貓貓都好中意食，一粒粒易處理，碰巧做折買更好
5,主子們鐘愛的零食，已多次回購補貨，超贊。
5,我家隻超挑食貓貓都無法抗拒 已回購多次
5,回購。覺得幾好，貓貓喜歡，食呢隻罐頭後貓既便便臭味減少了。
5,我買的是第一代，幸好有這款濾芯可以替代，不用買個部新機。但是記得要另外買個托盤，否則用唔到。
5,寵物展有優惠，送咗好多禮物😀間唔中俾我隻老貓食，好似飲吞拿魚雞湯咁 ！
5,1 比 1 加水效果最佳，主子最喜歡的❤️
5,狗狗食用後改善腸胃問題，值得推介
5,長期購買，這個價錢這個質量在這網站已是最好，當然內地網大把平貨
5,好用 又平 送埋上樓 非常正
5,好用，平，抵用，再次回購。
5,主子很喜愛，唔知係新鮮感還是真的美味！可惜而家嘅價錢比其他店貴咗啲
5,主子至愛呢隻牌子，而且到貨夠快，加油，還會復購
5,吸收都快及好集中，唔會話散到好大範圍，都值得用，下次都會再回購。
5,多次回購 性價比高 不過近來好似唔同左質地 要再睇睇
5,唔算特別平，不過就唔使特登出去買。自從有咗網購之後，都好少出去行街
5,用咗冇咁大味，貓咪都很喜歡👌
5,非常好用，吸味力強， 會再次回購和推薦給朋友
5,Plus $62一包，回購！
5,一直用開，抗疫要用佢先夠勁，尤其噴坐廁消毒氣味持久。
5,貓咪十分喜歡好快有貨交
5,等咗好耐先等到有貨，而且仲做特價$129！
5,品質優良的消毒噴劑，只是價格較高！
5,貓貓喜歡食，但始終不是配方糧，只聲稱適合腎病貓，所以唔敢做主食糧
5,便宜好用，已多次回購。
5,寶寶小便後立即成團，很好鏟👍這次是回購！
5,減價12/罐，再95拆，抵
5,性價比高，完全唔黏貓盤同貓剷、尿後快結癖臭。
5,17.5L $69真係好抵用
5,好用，抵用，不過成日無貨，一有就買定先
5,兩隻貓貓都喜歡食，會再次回購
5,2025年才到期，非常好！希望多做特價$165。
5,啱用。但送件用的包装過量，建議減少，不太環保
5,味道不大，唔算多粉塵，貓貓都肯用
5,"貓貓很喜歡, 平時只吃日本罐的喵一開這個即清光光的~會再回購"
5,食開……有更多優惠更好！
5,直播價$165，再有95折
5,非常好用，回購很多次，一有優惠就入貨
5,"朋友返英國, 佢冇 account, 臨走前叫我幫佢買… 自己冇養貓, 幫佢買左幾款, 呢個 design 最靚, 好啱送禮用~"
5,我喺愛護動物協會 &#40;SPCA&#41; 嗰度買咗你哋嘅貓罐頭同埋貓醬，我隻貓食完真係好多尿球，希望真係冇咁易病，專登上嚟回購
5,"貓貓放屁左幾日 同埋 柯完便便後個屎眼好臭， 
食左3日就無再放屁，第7日後個屎眼無再臭臭."
5,"高質平民價天然糧... 仲平過喺日本買, 好抵, 希望 keep 住, 唔好加價 !!"
5,無限回購，呢次有價格優惠更加抵
5,"濃濃白3吞拿魚味好香
內裡還見到有些蝦肉
咱家寶貝很喜歡吃"
5,首先，送貨服務態度非常好，好准時，已經無數次買這款貓砂，趁活動價又有95折，75一包入了13包還送了貓咪零食，我家的三只小可愛特別喜歡😘聞綠茶味的，3只貓一個月要用3大包，所以趁有特價大量入貨！這款貓砂目前是最喜歡用的，價格可以說是物美價廉，沒什麼粉塵，去臭味，凝結力特別強，我3只貓一星期換一次貓砂，一包貓砂分2次倒的，從來就沒浪費過貓砂，我是真實用戶推薦大家買，物美價廉還送貨上門超級贊啊👍👍👍
5,貓咪十分喜歡吃 又淋又多汁
5,猫咪好喜欢此沙，此沙能迅速消除臭味，我会介绍朋友们用
5,第一次買，未用，包裝不錯！
5,正常，最緊要係送到屋企，唔使自己拎👍
5,沒有膠質，水份很多，唔咸，可以放心俾貓貓食
5,貓貓喜愛呢款罐罐，已多次回購
5,好用，不過包裝好脆弱容易整穿，要小心搬運，吸水都算快，唔多粉塵，不過要勤力換貓砂，因為佢好快會有臭味
5,"家中貓貓呢幾日突然嘔, 去咗城大動物醫療中心, 但咩都check唔到, 獸醫靜靜雞叫我試下呢隻罐罐"
5,重購貨品 很好 店家還送玩具
5,包裝精美、包裝保護力強
5,回購貨品，$198/4包完箱，連送貨，比實體店還經濟
5,"星期二閃購價60， 抵到爛
少粉，吸水強， 最緊要冚到味， 一屋十幾隻貓 真係恩物🥹🫰"
5,用咗2星期，感覺唔錯，好似黑左d頭髮。。
5,非常好用，吸水及吸味力強，一定會回購
5,優惠價$165 ，包裝完整，有效期到2024/2025
5,見好多貓友買，買黎試下罐罐勁多水，補水一流！兩隻貓貓都好鍾意食
5,原箱包裝完整 ! 貓砂好用
5,尿墊厚身和吸味，會再購買👍🏻
5,長期訂購，好用吸收加強，價錢比較低用
5,"好用，夠厚，吸力好，價錢ok，供貨穩定。
長期買。"
5,有隻仔唔多飲水，佢好鐘意食依款罐罐，順便可以比佢補水份
5,一定會再買﹗坊間好難搵到D安心用又可以唔會傷害到寵物既清潔噴噴﹗
5,"非常之好用，吸氣味又吸尿味。
"
5,多次回購，每日開一罐比貓貓加餐補水
5,3隻貓都好鐘意，水份充足，唔會好味精
5,吸味一般，主子用慣繼續用好了
5,奄尖貓都食得好乾淨，所以一直買🫰🏻希望有機會出老貓濕糧啦🫶🏻
5,請問是否低磷配方？貓貓腎病初期也需低磷控制 🙏🏻
5,試過好多牌子挑嘴罐，連ciao醬醬任何零食都唔食嘅煩貓都肯食，會一直回購！
5,已多次回購，我家公主很喜歡這罐罐
5,嫲嫲第一次叫我幫佢買嘢
5,我為Bibi翻譯：佢話好味道&好喜歡！
5,"上網見到有 KOL 表演食呢款貓罐頭, 我都試咗一啖, 真係鹽都冇加, 似白烚吞拿魚, 同埋啲肉都係中間嗰啲位, 唔係頭頭尾尾"
5,禮盒裝非常齊整，見呢個罐評價唔錯，希望可以幫我兩隻貓貓補水。
5,貓貓超鍾意食，其他罐一晚要分兩次先食哂，呢個罐一開秘殺！加少少水佢都係清埋， 最開心係有大大篤尿！
5,準備回購，但因為住在村屋，HKTV MALL 不提供送貨服務，最近又忙，冇時間去自提點取貨。好彩我上網一search，發現你地有網店，滿 $500 免運費，註冊成為新會員仲有9折優惠 以後會係你地網站買，唔洗再自己搬番屋企
5,"touchwood, 我隻貓食咗呢幾年冇病過, 淨係嘔過一次... 靚屎, 多尿球, very good"
5,參考過其他店舖，這次特價真的抵買，這種豆腐砂非常方便，好用
5,原來買一盒，Petcake factory 會捐出一個罐罐給本地貓狗義工團體支持流浪動物救援工作！
5,連平時唔食罐罐個隻都食一大半，最重要係飲哂啲水，掂!
5,"貓貓成績表, 好嘢一定要畀多啲人知！ 已經買咗好多盒送畀其他貓友做聖誕禮物 ~"
5,"已經多次回購。
好用，抵用。"
5,"好用，抵用。
已多次回購"
5,魚肉冧 多湯汁 牙齒唔好嘅貓都食到
5,相同一樣的貨品，但價錢比外出商舗便宜，推廌。
5,家裡貓主子很喜歡吃，已是多次回購
5,屋企啲貓貓喜歡用。好少好少粉塵。
5,"吸水力強，亦都沒有非常大嘅異味.
好用嘅產品"
5,一直用開，$220 比市面平
5,"獸醫朋友叫我買呢款貓罐頭, 乾糧先至買 Hill&#39;s 同 Royal Canin"
5,貓貓鍾意食，價錢唔貴，值得回購
5,"已多次回購, 貓貓很喜歡, 多湯汁, 暫時未知道指數有冇改善,  但想請問多一些資料，請問 "" 磷 "" 及 ""蛋白質 "" 成份有幾多？謝謝 "
5,原味成日都無貨，見綠茶有貨都用住先！ 質量唔錯吸水凝固力強。
5,用過好多隻貓砂，暫時覺得呢隻最好，希望多啲做特價🙏
5,好用，低粉塵，吸水力強，趁減價又回購咗幾包。
5,味道清新， 很清爽的感覺，用完再購
5,有尿漬，寶貝依然會去屙，清理尿墊時都冇尿味，吸濕力OK
5,買過好多款尿墊呢款選吸力最好，不過尋日$76今日竟然變咗$87，想再回購都要諗吓了
5,"真心有用, 真係病唔起吖, 每睇次醫生都一仟幾...食咗半年, 大部分指數都去返正常水平, 獸醫哥哥都叫我 keep 住"
5,"主子鍾意食呢款罐。
每日開一罐再加少少水當係補水"
5, 依家終於明點解 d 人話買禮盒裝好啲
5,相信味道應該很好吧，因為我家的老貓非常嘴刁，但佢好鍾意食；另外店家好窩心，送贈的小禮物都讓差不多已零活動的老貓，願意郁一郁！?
5,唯一貓貓開餐要求食夠兩罐才滿足的罐，
5,目前為止，貓咪能連續食5日的就只有這個品牌的羊奶系列！混進保健品（粉狀），也能1分鐘 KO了貓碗，滴汁不漏！😄 打算入12罐裝了！
5,"利用罐罐幫貓貓補水, 日本人諗埋 D 方法真係 ""唔同D""...順帶一提, 如何判斷貓咪是否攝取足夠水分？各位可以拉拉貓貓脖子的皮膚, 馬上彈回去表示水分足夠 !! "
5,貓仔們大愛?瞬間碗仔已照鏡
5,我的寶貝貓只吃乾糧及一款mouse吞拿魚罐頭，怕牠水份不足，試過多隻牌子罐頭，都不成功，呢隻很多湯汁，非常愛吃，終於搵到了。
5,我家貓咪好中意，支持！
5,主子差唔多食咗半年，健康好咗好多👍
5,回購好多次，兩隻貓依然鐘意食，每晚開一罐加啲熱水幫佢哋補水，冬天更加需要
5,貓沙不刺鼻 貓咪接受到，經常回購
5,多湯無添加，阿女好鐘意食
5,多次回購 貓貓好開心 因為次次都有玩具收😂
5,"6.7 一罐,  比超市平,  多次回購"
5,貓貓好鍾意，回購過好多次了
5,貓貓10分喜歡這款罐頭，會一直購買
5,"全世界都話呢隻營養高所以忍唔住買咗兩盒嚟試 呢幾日加菲餐餐清到個碟都差啲食埋咁滯XD 好食又有營養 推爆!!!!!!!!!!"
5,"呀囝食左幾日都仲係一開就清晒 平時飲水少但佢飲曬啲湯! 好好!!!!"
5,好用，而家 hktvmall 好妥當，之前買過其他店嘅試過戒爛包裝
5,主子好鍾意食，期待佢個腎指數變靚仔
5,一向咀刁的愛貓超級喜歡，食不停，見到都開心。
5,同係呢隻牌子嘅旗艦店買嘅竟然有分別。冇粉，滿意👍🏻👍🏻👍🏻
5,"樓下舖頭得返一盒, vip day 買定幾盒係屋企看門口"
5,未使用，包裝良好。期待優良產品。
5,包裝良好完整無缺，味道好香貓咪喜歡食，等減價一定回購。
5,"有行貨雷射標籤
仲有凍乾贈品送"
5,很滿意真空包裝沒有漏氣
5,真空包裝，很好，但係我要上網看看人家的圖片，評論才知道個Expert day放在哪裏
5,给貓貓愛吃的食物比一切重要
5,長期回購，我家挑食狗狗最愛。勁香，人類食用級質素，我有試食過架，真係無咸味。坊間已經加價至$21或以上。今期特價$20，追加$19立即大手入貨。
5,第一次購買，家中3隻毛孩也非常喜歡吃！最重要是毛孩們年齡漸長，即使不是腎貓，預防勝於未然。
5,"會回購
比出面平 貓咪喜歡"
5,我隻貓貓成日唔飲水，呢隻真係啱曬佢！試咗兩日都係餐餐清??????like??
5,好用！每月都回購！除咗可清潔狗仔手手腳腳！又可以抹地⋯！香味清新！
5,已經回購多次。真的好好用。粉塵幾乎零！有小小綠茶香味，唔錯👍🏻
5,未食 但包裝得好好 冇爛
5,閃購星期二$300買2盒有95折，再有突發95折，$270一盒24罐好抵！！呢隻罐係呑拿魚罐，水很多肉唔多，應該唔係主食罐，呑拿魚肉唔係柴皮咁，碎碎地易入口，湯汁唔係杰身，唔油唔咸唔腥唔臭，我隻貓本身食厭咗罐罐，竟然追住要食呢個罐，飲晒d水，都應該飲咗超過70ml水，加埋紙盒包裝乾淨企理又可以回收返，會再買！
5,"食咗三個月, 又好似真係冇嘔同埋暫時都冇睇醫生, 希望可以 keep 住"
5,貓貓好鐘意食，已經第3次回購💕
5,第一次購買，貓貓好鍾意食☺️ 但想問吓 可以當係主食罐嗎？定係另一餐要餵乾糧？🙏🏼謝謝
5,"貓貓喜歡食, 會再次回購"
5,"我隻貓而家好似鍾意食你哋款貓醬多啲, 請問會唔會話 貓罐頭 or 貓醬 會對貓貓好啲 ?? 希望可以回答, thank you"
5,紙質煙韌柔軟，很好用，而且價錢合理，已經回購多次
5,聽到罐頭聲貓咪最開心，美味
5,產品本身冇問題，但我唔需要無謂贈品
5,大粒好用，包裝沒有漏，質量好，沒有粉塵
5,"買給貓貓用的, 氣味清新的蘋果味, 用來清潔貓貓用品安全放心不含化學品. 這是第二次購買了."
5,原來有送貓貓小食，多謝晒?
5,家中之貓婆婆之前只喝魚湯汁，宜家開始食埋d魚肉嘞。健康好開始。
5,一直用開呢款礦物砂 結團效果同除臭效能都好好 超低粉塵 超讚
5,"家中貓貓年紀大, 腎功能輕微衰退, 超多朋友都話食幾個月已經有用, 腎指數真係好返好多... 呢 D 錢唔慳得"
5,平過出面買 會再次回購
5,喜愛，設計使用方便、會推薦朋友
5,很好用，雖然貴了點，但已多次回購
5,已經多次用，如果開口可以隨時封鎖會更好
5,主子很喜歡，加埋水全部飲晒食哂👍🏻
5,真係有分別，明顯嘔少咗
5,咀刁嘅貓都鍾意食，有貨會再訂過
5,抽真空包裝，商家送的兩包零食貓主子很喜歡，良心賣家，會再回購👍🏻
5,皇上以前得閒無事就會嘔，轉左呢隻糧之後就嘔少左好多，三款我都買齊晒，可以日日唔同款。
5,猫猫喜歡，送左猫猫手抓杯，非常漂亮，好喜歡。
5,老貓食慾差 好多乾糧/罐都係食幾啖就唔食 呢隻一開罐就食唔停 每晚都食得曬 好開心
5,批貨好新 &#40;生產日期: 2021.06.10&#41;
5,貓貓很喜歡，今次仲特價$300，抵買。
5,"轉左呢隻糧之後嘔少左好多, good"
5,貓貓鐘意，吞拿魚肉同水份都好充足
5,第一次購入...包裝完好無損
5,貓貓好鍾意食，已多次回購
5,好用，不易碎，值得回購產品
5,坊間好少見呢個牌子，俾過一罐貓貓食，佢都OK，今次大手購入。
5,黏貼度剛剛好；切線位做得很好，很容易撕除
5,"呢隻罐罐好香，質素好好👍🏻
大家可以安心買。"
5,貨品價廉物美，以前養的哥基已是吃這品牌，現在收養貓貓也購買這品牌，一如以往的好，包裝亦都非常可靠，有保護膠，盒中央亦有防界爆貓糧的紙皮隔著。
5,第二次回購，貓貓喜歡，真空包裝，第一次購買有紙箱送貨，今次沒有，建議下次送貨加紙箱更好。
5,包裝好企理，有紙盒有晒泡泡紙保護，好乾淨。仲送咗包濕糧試食俾我。非常好。
5,試新糧。好大魚腥味，貓貓好鍾意但擔心太濃味。
5,d水會集中係底，要反轉放，比較難一張張咁抽。係好平
5,紙質很堅韌，非常好用👍會長期購買
5,同其他比較我還是喜歡這款貓砂，無塵，用得放心👍👍👏
5,"我懷疑我家主子已經認得個包裝, 都未開已經咁樣...."
5,"特登用一個紙箱去裝包裝好的罐罐，這個送給貓貓的紙箱，主子玩得勁開心，thx
"
5,"食咗三個幾月, 腎指數有改善, 好開心, 想問下有冇機會可以食到好返, 唔使睇醫生 ??"
5,"之前喺 Takashimaya 見過, 好抵買呀！"
5,"多次多次回購！
送貨快哥哥仔又Nice 
價錢優惠👍🏾👍🏾"
5,主子喜愛，包裝好好，零食好大粒，2位主子搶住食
5,主子🐱非常喜歡 good 👍
5,真係要比100分，主子食極都唔厭，但唯一問題係成日缺貨?
5,已多次回購但係冇送磁石貼
5,"呢隻貓砂好好用
除臭之餘， 凝結力仲好好🐈

買貓砂仲送玩具🐈
代表貓貓多謝你地🤗❤️
"
5,"食咗三個月, 腎指數竟然正常返, 真係好神奇, 爲了「荷包」著想, 真心覺得唔肯飲水嘅主子可以試下, 希望我呢個評論幫到大家~"
5,"真係超有用, 仔仔 keep 住食咗四個幾月, 腎指數終於去返正常水平, 其他指數都冇咩大問題, 真係好開心, 睇醫生真係好貴 !! 我之後應該會領養多隻貓BB, 想問貓B食唔食得 ? 我想貓B由細細個開始食你哋牌子"
5,"主子好中意, 只係見我倒湯汁比佢飲都好興奮, 由廚房跟到出廳係咁叫我快D, 好快飲晒D湯"
5,香味自然，啲沙襟得住臭味，直接toilet 沖走清潔容易。
5,方便易食，蒸熱即可食用，好味道。
5,"個紙盒好靚靚，好乾淨，黑B超鍾意，罐頭就食咗兩個幾月, 大便真係有改善 &#40;乾淨咗好多&#41;, 同埋冇咁臭, 有點小貴，但值得！"
5,包裝完好，如期送貨，貓貓很喜歡吃。
5,貓貓很喜歡，食包裝非常穩妥，看到有些客戶說，貓貓吃了肚屙，我就沒有這情況，反而在另一個寵物購物網內，購買這款貓糧，貓貓不肯吃，所以轉到hktvmall這裡購買，就沒問題，好肯吃。今次送的小吃是有兩款，一個是雞肉一個是鴨肉。
5,不用溝之前食開的糧，已經能正接轉糧，真的好
5,比豆腐沙好。 貓砂包屎包得好D
5,"之前買N1點之伏到爆，完全唔可以單獨使用，痴底情況嚴重，基本上啲尿吸唔切，會形成火山型底部極黏底！

因為唔想浪費，後來買咗日立綠玉混合，情況先至有改善。綠玉完全唔癡底，基本上左右搖擺貓砂盆已經成個波浮上面，吸尿快，唔似N1咁變咗火山

如果覺得貴可以混合其他貓砂使用，希望幫到大家"
5,主子鍾意～ 經常回購！
5,有 1/3 係湯汁，我仲要再多加咗 D 水，我嘅貓都仲好鐘意食，真係是一個非常好嘅貓飲水神器，砂盆多咗好多個貓砂球，好開心！如果唔係全天然健康罐，我仲以佢裡面放咗誘食劑㖭
5,"一開始用覺得啲濕紙巾好快乾，但用慣咗都覺得ok，經常攞嚟抹嘢，回購多次。
都試過直接幫貓仔抹腳仔同pat pat，都冇異常反應👍"
5,價錢相宜，包裝外觀良好，會再回購
5,真空包裝 ！ 完美 !
5,減價時底買，好用，會繼續用此產品
5,氣味清新不刺鼻，very good
5,今次買左3包，3包內都有驚喜貓預3食👍🏻
5,"已經感覺ok
再沒有其他意見"
5,一向買開，方便一次買曬所有買唔洗分開唔同地方。
5,貓仔肯食，這個牌子食開，見平就買！
5,$11，抵買！用來畀supplement加落去，主子肯食
5,我隻貓，第一次一口氣食曬，勁！
5,我隻貓扮大要食成貓糧，唯有兩溝俾佢食
5,獨立包裝，方便衛生，更有贈品，會再回購
5,第一次回購，見到減價，所以嘗試，貓貓很喜歡吃
5,"Good packing,冇漏"
5,比起街舖購買成本低 更加可以買夠金額免運費 幫我送到屋企
5,主子未試食 但包裝唔錯
5,貓咪很喜愛，多次回購，獨立包裝方便食用。
5,無限回購♾️，貓貓歡喜
5,性價比超高，粗條型，不易碎，吸水幾好，凝結一嚿幾好剷
5,"已多次回購！品質非常好！價錢好抵又好用,性價比高！"
5,價錢優惠，包裝良好，貓貓很喜歡
5,當零食餵，外觀似貓糧，效果唔清楚，但三隻貓都喜歡食
5,撈一粒藥落去，貓咪肯食，但多過一粒就苦唔食
5,毛孩自小用此品牌 。有信心
5,多次回購，屋企兩位貓貓搶住食。
5,貓貓非常鍾意，上次仲送ogato story試食裝👍🏼
5,"貓貓很愛吃
包裝很好，容易保存"
5,good主子用咗冇敏感
5,$69 17L超級抵用
5,貓貓鐘意食，繼續支持會回購
5,肉泥罐，偏結實，溝水最多變鬆軟肉泥，唔會變慕斯，舔舔怪鍾意食
5,係幾好嘅。小貴。細罐。
5,喜愛！你哋做到今訂明取👍🏻！包裝好！
5,超好用，貓貓很喜歡，味道也很香
5,"很好用, 對每日要多次出街的狗狗來説很有幫助"
5,營養豐富貓bb很喜歡吃。
5,好食，正貨，呀女食開！keep 住回購！營養充足！英國短毛幼貓岩食！
5,"我貓貓用嚟清潔, 好用, 100張, 唔貴"
5,貓貓十分十分叼嘴，呢個佢食光光??
5,貓貓鐘意食，下次可以買其他味
5,平時買開混合味道果隻，但今次無貨所以揀左雞肉，貓貓好鍾意，會回購
5,"物流很快，包裝很好，送貨員很有禮貌
產品第二次回購，好評"
5,3隻都Like👍🏻👍🏻👍🏻
5,"剛剛收貨雖然未試,但係見你公司包裝好有誠意 ，包裝得好體貼好乾淨 ，再次回購"
5,老寶貝吃不了固體食物，試過一次這個這款肉泥狀的罐罐後， 胃口好了一點，所以今次回購多一點不同味道給他試試。
5,今次買3包貓砂，3包內都有驚喜貓醬小食😆
5,很多種味，大王歡喜，多次回購
5,食品良好，幼貓食左冇不良反應。🙏🙏
5,"轉呢款俾喵喵試下，鐘意食
水份較多，可能無其他牌子80g咁夠飽,食完要再餵多少少餅"
5,好食，如果特價會繼續買嚟食。
5,貓狗同樂，已多次回購👍
5,大大粒雞乾 ，而且無蘇味
5,厚實，吸水量多，回購產品
5,長期回購 沙比豆腐砂好 貓貓每次最期待就係佢啲玩具 一玩就停唔到 多謝
5,已經回購很多次，放雪櫃隨時攞出來加送
5,貓貓都好喜歡食鴨同雞柳，連屋企最挑食嗰隻都好鍾意食，已經買咗幾次了。雞柳份量好大包，每次半條比兩隻食都好足夠。剛剛呢次個紅莓餅餅估唔到佢哋都爭著食。多謝呢個試食裝，下次又多一個口味可以買。
5,貓咪喜歡吃，巳多次回購😊
5,囡囡食開一年 感謝你們的玩具 十分好玩
5,價錢好 包裝合適 呢個價錢會長期回購 貓貓餵藥吱少少引下佢地
5,我的狗狗只喜歡吃它，無計。
5,紐西蘭產品有保證，狗狗愛吃，
5,雞粒完整，性價比高，貓貓至愛，健康零食。
5,用開，厚實，吸水力強，多次回賺
5,好好好好好正正正正正靚靚靚靚靚平平平平平
5,口感很好，肉質鮮美，會再次購買。
5,貓貓好喜歡呢種貓砂冇味
5,依隻牌子所有味貓貓都好中意，啲成分都較其他牌子健康，不斷回購！
5,貓貓很喜歡，有優惠會回購！
5,貓貓鍾意食，經常回購！
5,"家中貓貓的最愛品牌, 但吃過後不肯吃其他品牌, 只好不斷回購"
5,"我屋企主子全部都好鍾意食，
一打開罐罐啲香味引到啲主子癲哂😂
真係啖啖都係肉！
今次已經係第三次回購！"
5,質量很好，吸水力強，很少粉塵。
5,有兩粒裝，對於迷你狗非常之好，因為每次只需食半粒，一盒已經可以食一年👍🏽
5,好食，今次係回購，會再買
5,狗狗很愛吃，我也覺得不錯，但係價錢也頗貴！
5,煮熟後都夠大隻鮮嫩，已多次回購
5,"貓食開

有至少1 年期"
5,第1次買就比較咸，呢次買味道剛剛好!   手撕肉後，食幾多蒸幾多，雞油炒菜，雞骨煲湯30分鐘加冬瓜或白蘿蔔再煲15分鐘加鹽即可 &#40;味道好似海南雞飯 附送既雞湯&#41; .    ~ 三食抵玩 !!!
5,"貓咪超喜愛, 已經回購了很多次了。值得推介推介"
5,非常易鏟 凝結力強 唔會黐底/邊
5,"品質好
方便、極速出貨"
5,味道可以，一般加熱後播拆肉做人手撕雞
5,$78/包。吸水力強，已多次回購。
5,呢隻貓砂應該係暫時用過最好用，不過貓餅加價加得好快
5,食開好好食，特價會再購買。
5,我家三隻貓咪都食到乾乾淨淨，會繼續回購！
5,咸雞 送飯一流 $38買
5,回購物，作儲備，假日探望院舍家人時，弄個麻辣手撕鷄作手信！
5,好味，整手絲雞方便又好味，一流
5,翻熱即食， 味道好， 推介！
5,非常之好，很吸味及吸尿。
5,貓貓鍾意食，最緊要係對腎臟好
5,經常回購，好味方便！👍👍
5,味道剛好，一直回購，就咁食又得，加芝麻醬整手撕雞都好好味好方便。呢邊既送貨哥哥都好好，送到都仲好凍。
5,價錢平過自己買隻光雞自己整，雞味係咸啲，不過用嚟煮咸雞粥就啱啱好。
5,方便隨時加餸，味道唔錯，肉質嫩滑
5,已回購幾次，家裏的貓喜歡吃
5,"用開呢隻lysine, 貓貓反應同之前買的一樣反應抗拒再無奈咁食証明係同樣味道😀"
5,味道剛好，肉質鮮嫩，已回購多次
5,罐頭包裝得好好 但30罐入面都有1罐凹咗
5,"綠茶味好濃, 除臭一流. 但有黐鏟情況"
5,美味，肉質鮮嫩，簡單方便，會再回購。
5,長期購買，性價比高，整熱撕開做手撕雞，味道啱我，會繼續回購
5,好食，蒸完食又得，手撕雞又得👏
5,方便， 解凍再用微波爐 加熱至暖暖地， 雞肉仍然保持嫩滑， 調味適中， 會再回購
5,好食，睇評價個個話好食，又滑又入味😁👍
5,買大包貓糧額外送細試食裝，謝謝
5,吸水力強，無臭味。多次回購?
5,吸味力強 也是貓貓的至愛
5,巳經多次回購，家裏幾隻貓都鍾意食
5,成箱買平啲已經回購咗好多好多次
5,"新裝比舊裝更好, 吸味效果更好！"
5,3⃣️日GVIP日加星期三95折，一箱都唔使$184。正👍
5,好用👍希望可以做多啲特價
5,"$50隻OK, 放便好食"
5,之前試過好多牌子，呢款好好用，已經係第二次買，除臭效果亦好。
5,除臭效果十分好！很少碎屑，用了這款貓砂，地下乾淨好多！沖落馬桶亦沒有沉澱，價比之前用的日本豆腐砂平得多，會一直回購！
5,訂左12罐都完整無缺，而且優惠價抵買:&#41;
5,第一次買黎試下比三隻貓，三隻都肯飲，仲要清晒，仲有D魚肉可以比佢地咬下，會回購。
5,用開個款無貨，剛好呢隻曾經用開，見佢做 gvip 150一包  就入手（平時180到190一包。）
5,貓咪很喜歡食，簡單快捷
5,好香，好用。不過不可掉廁所。
5,狗狗十分喜歡吃，很新鮮，會再購買。
5,喜歡飲，一罐可以加水，三隻貓飲
5,原本狗仔十分揀食，但超喜愛呢款鴨仔小食，每日都要餵兩、三次佢先肯罷休
5,我家兩隻狗狗超鍾意食，已回購多次
5,"狗狗很喜歡吃, 但買過很多次內包裝都沒有了真空, 有點擔心品質問題"
5,狗狗好鐘意，包裝好好，會再買
5,狗狗冇得食呢隻鴨片會發脾氣咖，所以長期keep 住入
5,用過咁多隻尿片，呢隻真係又平吸力又好！就算毛孩痾左係邊位都唔易漏到成地都係！我隻小比熊一日換一張完全夠用！
5,"多次回購, 貓貓喜歡食!"
5,主子鐘意食，巳回購多次
5,貓貓很喜歡食！長期回購👍
5,"貓貓喜愛，定期回購，8折立即入多些貨！
"
5,睇左好多評價話包裝有問題，但今日我收到個包裝係入紙箱的，好好👍👍
5,猫猫很喜歡，每次見到都會跟住我以討吃。不過食物體積較大，我要分開小粒方便貓貓進食。我買的時候特價，價廉物美，下次會再回購。
5,"1.非常喜歡
2.包裝穩妥
3.會，價廉物美"
5,用左好香 剷屎既我好滿意
5,$20超抵價，好味，多次回購
5,包裝好好，貓貓都愛吃~
5,用開 多次回購， 幾好
5,"吸水力及厚度都好。
"
5,味道很好，炒後仍頗大粒。
5,Petkit的豆腐沙凝結度很好，粉塵少，不停用了幾年，值得推介
5,咸味適中，口感嫩滑，蒸熱便可。
5,品質非常好，有幼粒選擇，㩒用好多，綠茶味又可以辟臭
5,非常之好食連骨都食盡煲湯或煲粥都一流好有味道，已經多次回購一定要試
5,品質極好，所以再次買！
5,$60買，加購係$57，都抵食既
5,"$20又抵又好食, 我同工人姐姐都鐘意..."
5,狗狗很喜歡，已回購多次
5,再次入貨，方便又好味😋
5,"好食,60元包抵食
"
5,買2送1好低，忌廉哥客服很好，有耐性解釋，搭貨正確，好很幫忙照顧顧客既需要，收到3箱了，貓貓愛吃，謝謝你們的貼心服務。
5,鮮甜程度完全無得輸，一包10粒，$60/包。
5,好大粒！又夠甜，價錢又唔貴，定期回購
5,今次好似咸咗啲，不過都好食嘅
5,"包裝好, 冇凹, 貓貓鍾意食。"
5,真帶子，粒粒形狀不同，好食喎😋唔明點解樓下話係假帶子😆特價會再回購
5,在HKTvmall平台選購此 藍牙耳筒性價比極高！
5,貓貓至愛，一粒粒正方形好企理，唔似有隻大牌碎濕濕。主人要求，無限回購。
5,猫猫十分喜愛，價廉物美，一包可以吃一個月，會不停回購。
5,已多次回購。希望可以回到以前特價2包$99😀
5,貨品質量好，送貨員值得一讚，雖然第一轉送貨未齊，但當日已補送齊，不用再改送貨日
5,多次回購，星期二$60先買，繼續有優惠就會買。
5,方便加餸，蒸熱嚟食，味道適中又唔咸，肉質嫰滑，口感非常唔錯
5,打開很香，睇到係一條條雞絲，會回購
5,阿貓超 like!! 
5,星期二$60，有折就買
5,又大只又好味用炉烤卅分钟后，好吃又好看黄亮亮，望客人们試下。
5,"有折扣優惠,好扺! 平均 $12.3/罐, 扣埋mall dollar平均$12, 一次過掃左56罐"
5,商店用了兩個紙盒包好罐頭。罐頭表面外觀冇問題。滿意！謝謝！
5,"3包 $162.
比較17.5L 豆腐砂, 不理品牌, 只計容量及格價, 多間網購及都貴過HKTV.  HKTV內比較各品牌, 這款也是最平 性價比最高！"
5,好抵! 貓貓鍾意食～會再回購！
5,"已回購多次,解凍後仍厚身,品質佳！"
5,"多次回購,口感佳,不會好腥,包裝穩妥👍"
5,good！優惠價時經常回購！
5,"高營養無添加優質貓濕糧，
可惜我家挑食貓唔食，
給隣居貓貓全部清晒，無浪費😂"
5,再三回购的产品，只是太咸了
5,"貓貓食開 , 做特價比平時自己買開既寵物店更平，可以大批入手👍🏻"
5,"原裝行貨,安心放心
"
5,原裝行货，貓貓喜歡，多次回購。
5,主子們每一隻味都好鐘意食
5,包裝好，送到時完整無缺無凹，價錢抵
5,方便，好味，會繼續購買
5,好味道不太咸，肉不太硬，有折扣減會再買。今晚即開即加煮熱即時吃。
5,$49/6，平過其他鋪少少
5,用來整手撕雞，非常方便，味道適中
5,即斬，無翻熱，凍雞都好好味。
5,試轉新貓罐頭，經過箍選後選了Feline Nature 嘅貓罐頭，最初仲擔心貓貓唔鍾意食，所以小量購買，收到貨後即刻試試去，兩兄弟吃這罐十分高興，暫時觀察咗三日，便便都靚仔，補貨時會再回購！
5,好味，方便，熱咗即食。
5,$49買，見到hktv店舖一樣賣$49
5,品質幾好但太大粒我唔係幾喜歡
5,第一定買， 方便易用。
5,員工有禮貌，樂於幫助老人家。
5,鮮甜，可煎，炒我用來蒸水蛋，女兒特別喜愛
5,好入味，又不肥我是放入蒸焗炉蒸焗25分钟@190度，待放涼后，便自制手撕鸡
5,個人覺得不錯夠大粒，60一包可以試試
5,貓貓喜愛，會再次回購，推介
5,幾好，細細包容易放冰箱。
5,這已經是我不知道第幾次回購了，價廉物美，我家主子十分喜愛。比起三文魚，我家主子更加喜歡雞肉味。每次只要我拿起這個，他一定會雙眼發光，跟着我走，只能説明他真心喜愛這個。小小的一包有50g，打開有陣陣的雞肉味，四四方方一粒粒，不過我們還是會再分小一點，免得主子一下子吃得太多。這是一款可以無限回購的小吃。
5,方便簡單，用熱水浸熱，便可以食，逗號味道剛好，不會過鹹。
5,牛油蒜蓉香煎配意大利粉，Good 
5,鹽焗雞雖然有啲鹹，但加咗芝麻生菜和青瓜做手撕雞好好味，雞頭雞頸雞腳可以做湯底煮米粉食啲鹽味啱啱好不用再加調味料
5,呢隻貓砂正在特價期間$50一包 性價比不可謂不高 然後相比之前用開嘅N1貓砂質量差不多 結團嘅程度比起N1更好 大力鏟下去也不會碎 除臭力亦很夠 起碼六隻貓一天的糞便味道也不會讓人受不了 不過唯一嘅缺點就係貓砂粒太細容易帶出 但係同價格比呢個缺點可以無視
5,兩隻貓貓都很喜歡吃，會再次回購
5,濃淡得宜，夠晒味，用嚟整手撕雞一流，必定會再回購
5,肉質很好，又好味，真系好大隻啊，半隻叮熱食有啲咸，但可接受的。另半隻做涼拌手撕雞，啲骨仲用來煲粥，一雞3食，超抵。
5,"宮琦白雞蛋蛋味香 👍🏻
帶子口感不錯，價錢相宜，已再次回購👍🏻"
5,"性價比ok, 第二次買"
5,包裝精美除臭就是份量有點少
5,已回購多次，方便又好食👍🏻👍🏻
5,成隻雞都好滑，夠味，小朋友都食得好開心。
5,有多種口味，貓貓都很喜歡，已多次回購，品質有保証
5,貓貓食開、長期回購，送貨唔使自己拎。
5,第一次購買方便煮食，而且雞非常大隻
5,比一般超市和專賣店都平啲
5,品質好，送到家中仍然是冰的，保鮮得好好。
5,味道鲜，有雞味，不似雪藏雞
5,用完香噴噴…..整體唔錯，係沖唔到落廁所🚽唔方便！
5,真的很不錯誒~下次回購
5,"貓大人表示喜歡小禮物，謝謝！
$463.xx 購入, VIP day 有 95 折
之前購 2kg包裝
貓大人喜歡，所以回購
4 kg 包裝"
5,貓咪喜歡，會再買，唔知會唔會有優惠
5,$145／1箱3包，仲有 GVIP 95折，平均1包$46，超抵。
5,"吸水快,無粉塵,已經是再次買買。"
5,相隔2日貴左7蚊，購買時57，點知而家50
5,展銷買後貓咪非常愛吃，吃了半個月毛毛亮滑，便便唔嗅，必回購👍🏻
5,"貓貓食開，支持hktvmall,罷買中國貨"
5,紙質不錯，價錢合理， OK
5,"回購，支持hktvmall,罷買中國貨"
5,呢個牌子較平，質素又唔錯，做特價時更抵。
5,吸臭效果非常好 換了這款貓砂之後貓砂盤完全不會臭！
5,貓貓好愛，因每次食完都有嘔毛，所以見意一至兩星期先餵一次，清下腸胃既毛髮，最緊對腎臟好，一般貓狗多數飲好唔夠，衣款岩晒
5,貓貓已用了多年，回再回購
5,"主子喜歡的品牌，
$8.1罐，比外邊的便宜"
5,真係feel到洗完頭髮乾淨好多
5,"较瘦,不多肥肉,入味我用蒸焗炉以190度蒸焗25分钟"
5,毛孩已經十二歲關節唔好跳唔到上枱，吃咗忌簾哥大嘅2個月，活潑了有彈跳力😆～再次回購👍🏻送貨快👍🏻包裝好👍🏻
5,蒸之前用水沖咗一陣，所以唔算非常咸。方便！包裝穩妥清潔。隻雞是連雞頸雞頭的，估計是方便需要拜神的家庭。
5,一直用開 少灰塵 不錯用
5,幾好食，有好濃咸味，不過冇乜肉食，比較細隻
5,"這貓砂的品質真的有驚豔到我! 不得不讚的是超強的凝結力-- 我家主子喜歡尿在盆邊 舊的貓砂很難剷 剷到也會散開一小塊 這隻完全不會 都是一大舊剷起的! 另外, 除臭效果也很棒 剷屎時無臭味真的給剷屎官一個新的體驗哈哈~ 比起其他貓砂是貴一點 但我覺得值得回購啦!! 用得很爽, 會繼續用~~"
5,一定係用過最好既貓砂，濕左癡得好好唔會有粉好易清理
5,落完單好快就送貨 推薦
5,加熱即食，方便好味，特價$50時更抵買。皮香肉嫩，一隻雞另炒一碟菜，足夠二人食量。多次回購。
5,不經不覺已經買咗幾年，狗狗鍾意食。
5,這是我用過的貓砂中最好用的一款：吸味、少粉塵。留意貓砂較幼，不適合在雙層貓砂盤使用
5,真的消臭👍👍👍，但貴😪
5,很好用，吸味，易鏟，少塵，用過返唔到轉頭
5,比買開寵物舖頭便宜，還送零食和玩具，包裝很好，用紙箱裝，收到時紙箱仍完好無缺
5,成隻雞都好滑，夠味很鮮美，翻熱便可以食很方便。
5,好吃，嫩滑，方便，不過略咸，但都值得回購。
5,"一袋約10粒，宵夜首選。
已多次回購。"
5,吸水能力和除臭能力都很好👍🏻
5,益生菌消臭條型豆腐砂👍🏻👍🏻
5,剪成雞件， 放入電飯煲同米一齊煮48分鐘， 嘥咗鞋曬😭
5,好啱口味，雞肉嫩滑，可以做手撕雞，又可以做青瓜雞𢇁烏冬，方便易食
5,貓咪喜歡吃，已經多次回購
5,夠厚，吸水力不錯，已多次回購，2包起有折好抵買，希望可以多啲做優惠
5,一直用開，希望多啲做折扣。
5,真空包裝，乾淨並且吸力強，沒有粉塵，貓貓如廁後腳趾縫沒有多餘的貓砂和粉塵，容易打理，會繼續回購。
5,"貓貓很喜歡, MOUSE狀, 我自己親自試食, 不咸, 幾好味!"
5,貓貓們鍾意用，凝固好，一直都有回購買
5,換糧順利，主子十分喜愛
5,好食 夠味 好滑 拆袋解凍 蒸5分鐘熄火再焗一陣
5,再次回購，吸味，吸水力強，少粉塵。
5,"貓犬工房嘅包裝真係無得輸! 

需然買2.0嘅因密度包沙會重啲，感覺仲抵啲，但一直用開3.0，呢款17.5L 吸水量容積啱用，還會繼續用。"
5,各款味道嘅罐罐給各位主子都超愛吃，仲要係香港品牌👍🏻，會回購+推薦。
5,貓貓鐘意食，第三次回購
5,立即清新芳香，不刺激貓咪眼睛。
5,一直購買這產品，是正品，貓咪也愛用，會再回頭購買
5,食前必須完全解凍，然後連內袋放入大滾水浸18分鐘即可，既嫩又滑，下次再有特價就買👍
5,"我的貓咪好鍾意食，我自己都試過味道ok
"
5,"已多次回購, good!"
5,已經回購了很多次，貓貓吃了有很多年，有充足雞肉和水份，好適合每週補水用，每次牠都吃清光。
5,狗狗很喜歡，已回購很多了！
5,6元加購很抵食，狗中意
5,"Good, 狗狗鍾意食"
5,很好的購物體驗，會再次購買
5,非常好的品牌貓食左毛色靚曬
5,貓貓好鍾意，食開皇家唔想轉其他牌子。               另外之前買過皇家幼貓糧，問過廠商原來換過模具，但冇得轉返好評，呢度補返
5,之前試咗烏髮配方，頭髮柔順咗甩少咗，今次買呢款試下。
5,"送來仍然frozen
滿意!!"
5,N次回購，冰箱常備可隨時加餸。
5,消委會介紹，買嚟試下。
5,兩位大佬滿意 我就滿意 氣味ok唔會太俗
5,好味，很方便隨時加料，不過最近加價多了。
5,非常清爽，岩夏天用！味道舒服！good!但一定要用護髮素否則會有啲乾～
5,一包兩片，一片正常，一片非常細好似兒童餐份量
5,見comment話好食，買黎食下，氣炸後堅好食，雞肉雞味重，唔鞋唔柴，肉是實的有彈性，汁又好好味，食到平時BBQ炭燒的味，雞肉有皮，如去埋皮就仲正。炭燒味同雞味有無食品添加劑人造出來的？
5,好大塊，鐘意開邊分幾次煮。
5,長期訂，最好味嘅三文魚。蒸都唔腥！
5,試了多款豆腐貓砂，這款性價比高，凝結力好，粉塵可接受。
5,一向有食開。沒有問題。貓咪喜愛吃。
5,試左好幾款，都係唔呢隻質素最穩定。回購好多次，
5,用來整手撕鷄好味，鷄骨仲可以滾湯，一鷄兩味
5,"包裝好, 仲有小禮物，多謝晒"
5,常回贉，特價$59超值！
5,"商品送到,出貨快,包裝良好沒損壞,品質不錯,用上合適."
5,貓貓唔抗拒，用少少就好香
5,好用，見有優惠，即回購。
5,"$60, vip day 再95折"
5,長期用開，追加項目特價，即時回購
5,其實我一直用開好多年，但一轉用其他就感覺頭髮容易脫落好多，結果現在又繼續使用它。
5,"用後頭髮比較乾旱（所以要再用其他牌子護髮素）
但用完頭痕問題有改善
脫髮問題好似有改善，（不過我壞習慣經常濕頭梳頭）
氣味正常"
5,感覺用後頭髪清爽乾淨，尤其是我剛剛電完髪，本應會較多掉髪，可能因為用咗這洗髪露，掉髪比預期小，幾滿意
5,香味幾好，試吓得就再買。
5,肉幾實，幾好味。特價$40一pack， 抵食。
5,有用～真係吸到味，不過唔可以沖落廁所！
5,香味可蓋過便便的難聞氣味！
5,暫時未用，但內外包裝絕對100分，久違了嘅購物體驗絕對不錯👍
5,未食，但賣相ok，大大件。
5,"仍未用,但開箱時有強烈的秀味"
5,倆件大小平均，一直回購因為好食
5,買一罐試食，貓貓喜歡，趁特價回購
5,贊，今次係百分百正貨，沒有任何攻鼻化學味道，包裝完美所以沒有壓成粉未。
5,"已不知買了多小次, 基本每次落單都有這款, 方便好食用來做手撕雞, 骨頭用來煲湯無浪費."
5,用過最好的貓砂！一直回購
5,好好味呀，真係👍👍👍👍👍😋😋早唞
5,煎完好香，好食過一排兩件或四件嗰款三文魚
5,包裝好、大枝、希望有用
5,味道幾好，加熱即食方便
5,50蚊幾抵～如果keep住有特價會不斷回購～
5,"好用, 不過頭髮會有少少kick."
5,長期用開，追加特價最抵
5,回購多次，好味，也方便隨時加餸
5,比優x3x0更平，貨品一模一樣，下次都要在HKTVmall 買
5,試吓這款，望落去都唔錯
5,見評價話幾好食，價錢又優惠，甘就買黎試下，又真係唔差，夠味
5,鍾意形狀統一，魚味重，煎最香！
5,貨到時還是❄的，很好，抵
5,"都ok, 不過如果冇色素仲好"
5,肉質不錯，加少少鹽同胡椒煎，好味
5,一直用開，用$61.75追加係最抵嘅一次
5,在香港地春夏時啲貓砂唔夠乾爽會有異味，呢個辟味唔錯
5,用完甩頭髮問題有改善！
5,已經訂購多次，質量不錯
5,一包兩塊大小平均，另一包一塊大一塊太細
5,味道幾好，肉質都唔錯，50蚊隻好抵食，買定隨時加餸
5,一直用開，洗完頭髮清爽，不會過份滋潤，最重要係減少頭髮掉落，髮質健康。
5,閃購星期二$40，包裝完整冇腥味，解凍後加少少鹽、黑胡椒，放入氣炸鍋180度10分鐘，十分美味。性價比高，方便，值得回購。
5,一直用開，洗完後頭髮不乾不燥，柔軟順滑
5,一大一小，煎香拌意粉吃一流，稍貴
5,用開，買兩件75折，抵用
5,"經常購買,幾好,但近期的魚扒一塊好大一塊好細"
5,"多次回購,今次仲$30隻,真係認真超值👍👍👍。有雞味,味道吾錯😋😋😋"
5,好大件，好靚，Good
5,30蚊試下，足秤，呢個價錢冇得投訴呢。
5,$30好抵食，肉很滑，味道不錯
5,再再次回購，夠味，好食
5,好食，新鮮！買左兩包，不過其中一包裡有一塊係魚尾部份，不是腩位。
5,包裝袋好大陣腥味，但唔影響，煎黎食好香！好味！
5,真空包裝，冇融雪，只雞都幾大隻，價錢合適會回購
5,"今次特價$30, 味道仲好過以往，唔太鹹，又有雞味，D肉又滑，太抵啦!"
5,"特價$30, 好味又抵食"
5,我家狗和貓咪都很喜歡食。👍
5,很好，偏瘦，但煎完唔會好鞋，啱晒減肥食，魚鱗係要自己刮嘅，但喺百佳惠康買果d都係一樣要自己刮鱗，所以唔覺得有咩咁驚奇，買左4包，包包都好平均，送黎果時有一包已經開始溶，其他3包ok
5,味道很好，肉質嫩滑，會再回購。
5,英短貓咪媽媽&#40;3年大）同貓仔仔 （9月大）都喜歡吃!
5,價錢抵！三文魚大件質素又好！
5,雖然係中藥但味道清香無中藥味，油性頭髮洗後亁爽，甩頭髮有明顯改善，會經常回購！
5,第N次買了，但越買越貴。
5,"送到啲凍肉非常之凍很好?
"
5,巳購多次，每次特價都會入貨，中藥味可以接受，最初用效果明顯，改善脫髮。
5,一直在用，見有特價買來放着
5,食開，唔錯，門市自己簡就兩片腩位。
5,味道有中藥味，但好聞，喜歡
5,番熱就食，味道適中，唔會太咸，家中各人很喜愛吃，回購無數次
5,"這是這裏最好食的三文魚扒,墊豆腐蒸蒜頭豆鼓,非常新鲜嫩滑,我只食呢种."
5,包裝優良，送貨服務好，送貨員有禮。在購買前有提問最佳有效日期，商戶回覆快。建議HKTVMALL 在銷售產品明細中註明在銷售產品明細中註明相關產品的最佳有效日期。那客戶就不需要每一次購買也提問，因為不是每一個商家也會回覆。
5,急凍食品，也能運送，包裝挺好，送貨員有禮貌，讚
5,"口碑很好，多個朋友介紹他，所以買來用。
感謝你們🙏很重視我所買的貨品，把他包裝得好好，好保護他，收到所有貨品時，每件都保護得好好，感覺你們很尊重每個客人，很用心去做🙏🙏祝你們每位身體健康🙏幸福🙏快樂🙏"
5,感覺唔錯，很少掉髮一直使用
5,食開，新鮮嫩滑，已多次回購
5,閃購星期二$40 好抵.
5,多次番購冷藏食物，今次最好。
5,特價平，這牌子消委會都有推薦
5,味道唔錯，又方便，50蚊好抵
5,定期入，一星期最小一包。比其他超市平同質量好。唔腥夠厚肉！
5,狗狗好中意食，仲有小包贈品小食，會回購
5,好味，又夠味，嫩口，介紹咗俾同事食，係咁回購👏🏼👍🏼👍🏼
5,正，下次再大特價一定再入更多貨！ㅛ.ㅛ!
5,用開，但TVmall平D
5,多次購買肉質美味冰鮮保存較耐
5,唔錯，2件裝大小一樣，幾靚👍
5,有兩塊，共約500克，很大的肉，應該是7K - 8K的大三文魚。
5,已多次回購，品質優良美味！
5,未食，但望落靚仔，同圖片差唔多
5,用開， 明顯減輕脫髮問題， 如果買兩支有折或可以再平D，下次一定會再買， 因為之前P仔超市賣六十幾。
5,包裝完整，價格優惠，未用
5,覺得挪威三文魚最好食，已多次回購
5,用了位元堂此洗頭水已有幾年時間。中藥味唔太濃。的確用了後頭髮質素變好了。今次有優惠，所以一次過入貨三支。
5,買咗好多次，懶煮餸嘅時候一定揀佢
5,本訂單到貨時間太長了，所需時長2周
5,試正，包得好好，雖然同其他嘢一齊，冇事
5,用咗幾日，掉髮真是少咗！勁！
5,"一值食開此狗罐頭, 會再次回購"
5,無得頂！頭髮強韌咗好多！
5,用開，用後滅少脱髮。$69 VIP再95折，扺!
5,打邊爐好食，熟了不太縮
5,貨品滿意，但由訂購到收齊所有貨品足足12日。在收貨過程中大部份貨品未能在指定日期內收齊妥當，當再次安排日期補發後因供應商缺貨及物流團隊人手不足為由又再取消，到第二次安排補發才全數貨品收齊，這裡需要改善。
5,回購好多次，真係好食，唔太縮水，但越黎越貴。
5,用開，送埋上門，當然幫襯哩度
5,魚質新鮮冇雪味，已多次回購。
5,用開，好用，用咗無再頭皮敏感，繼續返單再買！
5,狗狗喜歡，已多次回購。
5,回購，但仲糸老問题，今次買三包，有兩包是二件魚裝，餘下一包是三件魚裝，這様也算是貨不对辦。
5,未用，如果好用會再次回購
5,"多次回購
不錯的
放在冰箱,隨時有得食.."
5,肉厚，多次回購，屋企冰格長期都有。
5,好好呀，今次好大片，好厚肉
5,長期使用，追加特價超抵
5,第2次返單了。真的甩少咗頭髮，而且是消委會推介安心使用。訂閱返貨通知且特價即買！
5,收到仲要冰凍，已經好感恩
5,品質同包裝都好好，多次回購
5,特價$50，2大塊，有魚味，不腥，煮到好熟都唔“鞋”，會重購。
5,用了大半瓶，不錯，適合中性偏油髮質，用了一個月頭皮不再癢。
5,好用，洗髪後髪質和頭皮唔會太亁丶唔會好油
5,$68 &#40;VIP 95折）
5,其實一啲都唔覺得腥， 落少少胡椒粉醃味，最緊要煎耐少少， 煎至金黃色就唔會腥！
5,已經用了十天，感覺上脫髮情況有所改善。值得一提是它的香氣十分好聞！
5,長期用開，追加見價錢好抵，入貨備用
5,吾知係米真係烏髮？當一般洗頭水用，都好用。
5,頭皮有改善，而且真的不痕了
5,屋企人都好鍾意食😋😋😋
5,好用又實惠。已固定購買，今次有貓糧及砂摌送。多謝！
5,多次回購，可以平啲就更好
5,睇落就唔錯，應該會好好食
5,$30一隻！不買過咁平！超值👍🏻
5,雖然咸咗少少，但係翻熱後食用雞肉都似鮮雞 。 外面買嘢都貴， 自己屋企整又方便又衛生。
5,減價必買，用黎整手撕雞方便又好味。
5,回購的。有鲜味，大小合適，炒飯配搭最岩
5,好食，  懇請持續做特價，  雞入味，  雞肉柔滑而不霉，  真的不錯，  會回購，  做儲備菜。
5,好味方便，家中常備，多次回購。
5,好好食，肉質嫩滑；又方便，浸返熱就食得，價錢仲超級抵
5,再回購，可以再平啲就好
5,"呢個特價買得好抵, 如果店家可以將包裝廢物減少更加perfect!"
5,消委會話呢款洗頭水安全，所以試吓，生完小朋友長期脫髮多年，用後真係有改善，脫髮問題減少咗，原來有出護髮素，呢度買到真好，因為出面冇見過護髮素
5,信消委會測試來買的，抵用、頭髮洗完後順滑不乾，不錯可繼續用！
5,一直用開，因為特價$68
5,用戶已設定此評論內容為非公開
5,"特價購買
雞肉雪白，味道也不錯
扺過吃雞亦
"
5,"牛油蒜蓉香煎配意大利粉，Good 
"
5,"今日收貨仍然結冰的.都幾大隻㗎,30元,非常好,"
5,首次購買，即晚打邊爐用。有驚喜，帶子很鮮甜，滿意包裝及品質。
5,直接切件後放入電飯煲和白飯糙米一起煮，成為簡單方便美味的鹽焗雞飯，常常回購，方便的午餐或晚餐
5,好好味，長期買黎做餸，好抵食，超贊
5,"好多藥房都冇貨, 呢度有仲要特價, 正!"
5,用開，包裝很好，3支價錢便宜。
5,"50蚊抵食，買定隨時加餸
肉質唔錯，唔會太咸"
5,"好食，方便已次回購 
拆肉起絲用嚟煲粥一流👍"
5,味道好好聞，冇話好大陣中藥味，好用，重點係洗頭時甩少咗頭髮，有效。出面keep住$68，呢度都應該至少keep住價格睇齊。
5,大粒，鮮甜，又唔會太縮水。
5,"真帶子，粒粒形狀不同，好食喎😋
唔明點解樓下話係假帶子😆
特價會再回購"
5,"不錯
放菜底加熱蒸就有肉有菜
"
5,魚扒厚薄適中，煎和蒸肉質都唔錯。
5,未食用，作儲備，怕夜宵沒佳餚！
5,用氣炸鍋焗，加上黑椒和鹽，好味！
5,好大粒，鮮甜，就咁煎香佢就好好食
5,時常回購，呢隻真係唔錯，有鮮味唔縮水，請客都見得下人㗎。👍🏻
5,沒什麼可以說，就是好食👍🏻
5,回購多次，美味，肉質爽口，方便番熱就可以食
5,一雞兩吃！脾肉作手撕雞，胸肉和雞殻煎湯處理，兩者都美味！
5,上次星期二諗住買點知冇貨，等到下晝五， 六點忽然間見到有貨即買2pack!全真空!抵!
5,貓咪超鐘意 但有少少搖散咗個罐
5,門市自取後買再95折，抵食，冇雪味
5,第一次買，好好味，唔算肥，入味，下次特價再回購
5,抵食! 經常回購 ^_^
5,好食，貴咗，多啲做特價就好
5,一直用開，追加特價購買
5,很好 我是放湯煮 容易熟 
5,味道好好👍🏻買過好多次袋子都包得好好👍🏻
5,"再次回購 好用 到貨迅速
"
5,多次回購，味道適中，肉質嫩滑，夠方便，浸熱20分鐘，便可吃
5,好食，細細塊，共有3塊！
5,冇落護髮素嘅話，洗完有啲 “click”
5,帶子大粒好味 煎香就得配意粉食
5,之前有食過好食，見特價所以買兩包
5,粉塵少，香味自然，會再回購！
5,$20 超抵，必回購！
5,回購再回購，但今次比較細小小。
5,"好食,軟滑,品質優良, 多次回購"
5,買過2次，覺得味道都幾好食，雞嘅size都正常，所以再回購。
5,好食，  請多做優惠。
5,即晚已食了但却忘記拍照，很方便而且好味，再回購
5,已多次回購 做手撕雞好方便
5,"$50, 好味，性價比高，會回購"
5,咸味適中，吾會咸到過火，好好味，會再買
5,"$50，加埋洋蔥放入電飯煲，用煮飯模式，完成後鷄油同洋蔥汁用來煮菜。
雞肉質地唔錯，味道鹹香。"
5,好好食，已經係第n 次回購... 用微波爐整會juicy 好多，好過用焗爐，又耐又乾?
5,好食，但最近d雞好多肥膏，好肥。
5,方便，味道幾好，$20 抵
5,好食，但愈來愈貴，等咗好耐先做特價。
5,星期二 $20 抵過aeon
5,"好味又方便,回購再回購"
5,用嚟做手撕雞好方便，有足夠味道肉質唔太錯
5,終於無溶雪！！一如既往咁好味
5,早前反饋的問題今次有改善
5,特價購買，回購多次，每次都係熱水浸熱，手撕，今次改為放氣炸鍋，效果唔錯
5,性價比高，好鮮味！煮熟也不縮水👍🏻
5,帶子好味道，尚算大隻，但數量再多些更好。
5,好味，翻熱即可食，亦可做手撕雞凍食。
5,好食，放雪櫃溶咗雪再煮效果更佳
5,時常 購買，分量適合，食完可以再買
5,味道適中，簡單操作，便可以食用。
5,係懶人救急餸，快靚正！👍👍
5,美味，煮熟後，不會縮細很多
5,回購 加熱後味道不錯??
5,好味，用水煮完都好有味
5,好好味！回購再回購，好抵食
5,Ok 方便煮。。門市服務態度一般般
5,回購再回購，通常都係$99.2包300 g！用牛油黑椒岩鹽就咁煎佢2分鐘少回縮，簡單又香口👅
5,$50一隻，味道唔錯！多次回購，雪櫃常備，隨時加餸！
5,過年前回購3隻用來開年拜神之用，蒸熱就食得，簡單又好味👍😋
5,方便又好味， 買完再回購
5,味道幾好，雖然部分雞肉有啲鞋，但翻熱就食得，好方便而且價錢平
5,買過其他牌子有啲會有苦澀味。。呢隻買過好多次都爽口彈牙。。好食
5,2塊魚都好厚身，顏色紋路都好好，一定會回購
5,不大不小，剛剛好，有帶子香味，不錯，有優惠時會再回購。
5,雞入味，肉質嫩滑，但比以前细隻，不過好食，OK啦。
5,回購多次，可隨時加餸，味道唔錯，但有時較鹹，整體可接受
5,用平底鑊反熱都沒有問題，有一般日本風味
5,氣炸完做手撕雞， 好味
5,一直用開，亦有介紹朋友用👍🏻
5,肉質口感不錯，會再回購
5,又抵又好味！諗唔到食咩就解凍一隻黎食，熱返就可以食，簡單方便，正！
5,"性價比高 口感十分好 已回購了好幾次
 非常值得購買👍🏻"
5,味道不錯 比想像中大包
5,翻熱做手撕雞，味道很好，雞又不太肥。淨低的雞殼就咁用嚟煲白粥，煲成三至四飯碗粥，都仲好夠味，抵!
5,"周二特價買, 抵食好味! 已回購多次"
5,"包裝好好冇溶雪，但係解凍之後，肉質感覺好 梅笛笛！但係都照用廚房紙吸乾佢啲肉質水份後，加咗牛油,黑椒 海鹽 煎到佢兩面金黃 香氣撲鼻 皮脆,肉質口感好好 好味， 如當初一時衝動就會浪費咗呢件咁美味嘅魚扒啦^^"
5,送來的時候落雨，紙皮箱濕晒，幸好貨品沒有損毁
5,帶子好大粒， 鮮甜， 煮完都唔會縮水太多， 雪櫃長期備有一包打風落雨都唔怕冇餸，值得回購
5,"好味道不太咸，肉不太硬，有折扣減會再買。
今晚即開即加煮熱即時吃。
"
5,已多次回購，鮮甜好味， 煮完唔會縮水
5,120/2pack 超抵呀！門市簡仲好靚，又均勻
5,就咁煎都好好食，帶子肉唔會軟冧冧
5,2塊大細平均，下次會再買。
5,常吃，買多次，價錢平繼續買
5,"新鮮, 美味, 多汁, 脆皮! 正!"
5,"今次幾好啦,一大一中,總算見得人,謝謝"
5,"買左3包，2包都平均大小，1包差別較大。
大塊抵食，好味，易處理。健康餐首選"
5,雞肉嫩滑，雞殼及湯可加水作為湯底加以利用。
5,"口感ok, 已多次回購"
5,拆袋，切件，蒸熱，味道OK
5,剛到貨，仲冰緊，good~
5,"本人用蒜蓉炒,無論食飯食麵都適合,烹調過程簡單時間短,就算很忙碌都可煮到"
5,價錢合理，方便好味，剛才用焗爐翻熱食，現在又回購了。😋
5,原隻雞，已全熟，翻熱就食得。乾爽，唔會切時搞到好多汁彈到周圍都係。很好處理，D骨都易剪開，我懶只用雞剪剪開之後叮熱，覺得好方便。味道也不錯，都算嫩滑。性价比高。
5,"味道咸香,我用來作了手撕雞, 非常好吃!"
5,好食，$120兩pack
5,來到好冰 仲有幾好食 屋企人中意
5,食開，在門市自己簡就好啲，可簡兩件平均的腩位，否則一大一細尾位
5,三文魚不錯，看了好評才買的，希望不失所望
5,已多次購買，食開更覺抵食！
5,方便，翻熱就食得，好味道
5,30蚊一隻抵到爛！👍而且味道係ok既！由於雪櫃唔夠位所以我只能一次買4隻⋯⋯再有特價一定再回購！希望會出30蚊一隻豉油雞～
5,平時有食開，今期買凍肉有特價，所以落單買埋
5,方便好味，肉手撕雞骨架煲粥好好味😋
5,送到黎仲好凍，幾厚幾大塊
5,未食，包裝唔錯，望落去幾大塊
5,貨品遲咗幾日唔通知，人哋寫評價都要刪？可恥
5,貨品價格相宜，服務態度又專業誠懇，所以也特意多買了很多貨。原本只想買三重套餐的組合，但無貨。
5,好好味！$30超值！翻熱後整手撕雞小朋友好鍾意食。
5,買2包其中一包已經唔係真空包裝。
5,回購貨，比五豐行乾淨冇毛，味道兩者都好味👍😋
5,又好味又方便，冰箱必備。
5,做手絲雞一流，經常回購
5,"已多次回購, 非常好！"
5,全港最平$14，貓咪愛吃，經過入貨
5,很好、有用👍🏻會再回購
5,間唔中俾貓貓食下，美味
5,用這麼多牌子的尿墊，感覺價錢適中長期購買。
5,好味，稍咸，淡D更好😋
5,就係一啲鹽同胡椒調味，返焗爐12分鐘就可以食得，方便、好味、有益⋯⋯推薦
5,雞肉肉質嫩滑。我以買了幾次
5,魚扒好食今次共買6份 上次送來還有溶雪 今次開始溶雪
5,貓貓好鐘意，但份量比較少
5,每次都係手撕雞！方便好味
5,味道ok 可以再小點鹽更好
5,"好味道,用薑.蔥.炒.正.下次再回購"
5,夠入味同多汁，夠晒兩個人食
5,貓草易種，主子也喜歡💕
5,口感很好，有海鮮味道，小孩子很喜歡吃
5,口感味道很好，煮完唔會縮水，會再買
5,"尺寸ok,有帶子鮮味，會回購！"
5,"會再回購,可息....一件大;一件細 !"
5,今次是回購星期二$50
5,"包裝很好,商品指引清晰,味道很好,我多次回購。
"
5,"係貴啲, 但係疫情之下收到靚貨已經好感恩"
5,食過好多次今次價錢$60回購
5,"凝結得好好，好易鏟起，唔痴底
最欣賞係綠茶味，調得好好。。
唔會太濃唔會太淡👏🏻"
5,買餸日有九五折$59.80 兩件三文魚扒，好正。
5,不錯，很大片，比某某超市的更便宜
5,追加有特價，於是買多盒
5,請接受獨立義工的衷心感謝
5,肉質好滑，好夠味，好食👍會再買
5,家中主子們喜愛，又多種味道。水份適宜。多次回購。
5,食開，但今次真係好平👍🏻
5,好好味，回購左好多次... 但係d size可唔可以平均d... 2片個size爭左3倍
5,$50抵食！不過偏咸，做手斯雞或沙律好正
5,回購多次，肉質爽滑，味道咸香剛剛好
5,"食開，好好味， 今次好彩送來的是魚腩， 薑汁豉油蒸或煎加檸檬汁都好好味， d 肉唔""鞋"" ， 我老公勁鍾意 "
5,包裝十分好 冇漏氣 除臭功能挺好
5,",有13.14粒好抵,食得過用蒜蓉粉絲蒸,好味"
5,狗狗很喜歡吃、方便進食節省時間、已經多次回購
5,不錯 貓喜歡 特價$28買入試下
5,"食完真係有改善氣管問題,, 所以很好呢!!!"
5,"毛孩有氣喘
食咗之後好咗好多
換季必備"
5,食完少左咳，有一條條肉絲～
5,已經回購幾次，不過今次啲肉粒切得太大了，明明揀咗細貓狗合用，希望可以切翻之前嘅size
5,多次回購，雞隻份量適合，味道鹹香，配飯佐酒亦可
5,見特價$50買嚟試吓，係客家鹹雞，唔太大隻，亦唔肥，味道好餸飯！👍
5,見減價$50 👍 再買。
5,平靚正買多啲團貨在屋企下次有平再買唔使自己搬直接送貨到家一流
5,呢個價錢算係咁，凝結力強！
5,"大大塊, 經常回購
味道正常 "
5,雞肉嫩滑5大隻，有雞味，好吃。👍
5,"暫停喜歡吃,沒有抗拒,希望對狗狗有幫助"
5,自從做完剝牙手術，以前食開嘅雞肉乾對貓嚟講太大粒，有時咬下咬下會跌返出嚟，見住佢想食又食唔到⋯好彩搵到呢度有細粒嘅雞乾，貓食得開心，我都好開心！多謝你地！
5,見到店方好努力收集顧客意見，所以試買了一桶，我唔知道好唔好食，但見到貓貓的反應，就知道係好嘢嚟。希望不要加價，多做特價，讓更多貓貓可以分享。
5,暫時未用，但價錢很便宜，比淘寶更便宜， 用過後再評語 質量
5,咁啱再補貨，轉呢隻試下，未拆箱，希望啲砂冇漏哂出嚟
5,很好，主子12歲十分喜歡！
5,"回購多次,好味道,有雞味,正👍👍👍"
5,好用，吸水性強，折後$70，價錢不貴
5,好食，比平街市凍肉鋪買嘅肉味濃，魚脂香味重。值得再買。
5,"不斷回購, 猫猫大愛!"
5,已回購多次，包裝很同肉餅沒有碎，好整齊☺️今次減價即買到備用，而每次都有小食送，近2次送的小食狗狗最開心，是凍乾肉粒
5,"無乜塵，
會推薦俾朋友，
主子喜歡
"
5,第一次買70，95折，今次75，9折，岩岩再入75，88折，總括都係便宜，砂又夠粗，蓋便便味好好，茶味又唔重，会繼續回購。
5,喜歡用粗砂，這個十分好，回購的。
5,見88折回購兩包，有折扣抵好多，可以返番去岩岩買果陣个價錢。
5,"本人貓貓體型不大, 所以分量剛剛好, 不用浪費, 一定會介紹朋友購買"
5,一直都有用來給我隻狗杜蟲，每三個月一次。
5,"貓咪喜愛
味道喜歡
好"
5,貓3款口味都好鍾意，會回購
5,貓咪食開，外觀設計美觀，都是別人話好食先買
5,狗狗一聞到，超中意食；另外，十分感謝店家贈送的小禮物🎁，讓狗狗可以嘗試其他口味的零食，謝謝=]
5,買咗好多次，貓貓好鐘意食
5,一包10-12粒左右.. 甜味夠但煮完縮得比較多..
5,味道及肉質都唔錯，而且價錢合理！
5,五星值得擁有！再次返嚟買！但係希望桶裝下次可以出一包包嘅補充裝😂😂😂因為屋企已經五六個呢個盒😑😑😑
5,狗狗好挑食，但肯食呢個鴨肉凍乾😇會再回購
5,喜歡。可以加水三隻貓飲
5,送左個波波球貓貓玩得好開心
5,送抵時，貨品冰凍。包裝完好。大塊好食。會回購
5,一開個包裝袋，🐶🐶已經衝埋黎，俾左一塊佢試食，一瞬間就同我清哂，碗到俾佢舔乾淨😂 
5,第一次買，但阿貓超鍾意食！
5,貴官網少少，但勝在方便可以一齊送。貓貓食左兩個月，都ok，有明顯改善咳。
5,貓都喜歡吃這牌子嘅罐罐，如注明主食罐定副食罐更加好
5,貓咪喜歡食，所以買一桶夠經濟！
5,家中三隻貓仔都喜歡食，呢個品牌嘅肉泥零食佢哋都食開，不過就唔係每一個味道都會接受，幸好這個桶裝設計Lee內的幾個味道他們都很喜歡吃，減價時最好，推薦購買。
5,一次過買12罐 12罐都完整👍
5,貓貓們都很喜歡吃， 這已是多次回購了，抵買
5,貓貓很喜歡，打開盒蓋都好香鮮雞味，持續回購。
5,長期購買，貓狗都搶住食😂
5,耐用，氣味很好，會一直回購
5,"貓貓喜歡, 價錢十分相宜. 巳經一再回購"
5,抵買 咁大桶我收到都開心😂
5,秒殺價99/50支，勁平，主子一定喜歡！25年先到期，正呀！
5,"用開好用不敏感, 返單購買。"
5,1半用來煲粥，好好味。1半就水滾後焗十分鐘。不要蒸，會無咁滑。會再購。
5,咸左少少。但真係好方便。特價就會入貨，放冰格備用。
5,之前都有食開呢隻貓草，好易種🤩
5,貓咪好喜歡，已回購再回購
5,狗狗非常喜歡，而且售價比其他店舖便宜，買六件再有九折，節省不少！已是再次回購。👍🏻👍🏻👍🏻🐶😍
5,性價比高 雞粒大小適中 貓貓容易食到
5,之前買過其他香港品牌但中國做的，貓食完嘔，呢隻冇事very good
5,"第一次買，見特價試試。用開2mm,呢個3mm好似差唔多粗，希望好用。"
5,草生得又多又好好，主子十分中意食
5,希望呢個價錢再次會做多次 這個優惠，想再次購買已經冇優惠了
5,冇多餘浪費的包裝，貓咪鍾意食
5,貓貓食左冇不良反應，2粒庄非常好，價錢合理，會定期回购
5,貓貓好鐘意食，尤其當精神唔係咁好時俾多啲營養佢地，精神會好返好多。會再購！ 
5,17蚊一支， 主子喜歡食
5,有士多啤梨味夠厚好吸味，屋企兩隻小狗，每天早晚只換一次，價錢唔貴👍
5,包裝乾淨，打開好香，狗狗喜歡
5,狗狗好鍾意食，125g包裝，好快食晒啦
5,因為貓貓太喜歡食，所以揾到價錢合理相宜嘅都會買多幾枝。 
5,商品顯示有贈品送、但沒有收到
5,之前嗰啲都唔肯食呢個肯食
5,平時用開原味，見特價勁抵就試下綠茶味，好彩貓仔唔抗拒。呢隻倒到尾都竟然冇粉塵/碎！隻味似草青味多過綠茶，唔會難聞既，但係都係鍾意原味多啲。同埋隻貓仔會插貓砂屙尿會痴到砂，綠色好似冇咁好。
5,份糧多 夠我隻貓食幾餐 我隻貓都會食呢個口味
5,無殘香，感覺良好，最怕一啲又假又濃郁嘅香味
5,貓貓只肯吃這款罐頭，一打開，超香
5,好吸味，凝固好，冇乜塵粉
5,貓咪好喜歡這味道，未飲，只係聞到已經會衝過來。
5,寶貝好喜歡，回購再回購
5,"取貨後立即使用,希望對狗狗的耳朵有用吧"
5,$29 一直用開 易長出貓草 貓亦鍾意食
5,"去毛, 等貓貓試一試, 有效會再買"
5,貓咪好喜歡，驚喜嘅係食用日期去到27年，呢個價錢，咁嘅日子，抵
5,狗狗好鍾意食，不過啲肉餅上一袋質地一樣，今次有啲硬身有啲係林身，唔知咩原因，但係唔係變壞
5,"貓貓很喜歡, 己多次回購"
5,回購 買過幾隻 呢隻最好
5,很好，還有乾糧版送，多謝！
5,味道幾好，噴霧粒子很細
5,我家貓咪非常之喜歡食，已回購
5,屋企貓咪淨係用呢款貓砂
5,貓貓食開，Ziwi品牌一向質數高
5,買開，今次仲有小禮物送:&#41;
5,在同一包裝其它兩欵各有一罐凹了
5,比門市平，吸水力都幾好！
5,"好用呀！ 好辛苦滴到一兩滴入佢耳仔 ，按摩耳仔， 佢fing幾下都已經可以用棉花棒輕鬆清咗好多污垢出嚟，nice！
"
5,"狗狗食開 
抵買仲送小禮物 多謝！"
5,28蚊特價買，感覺很好！
5,價錢幾平 貓有時都食開 幾鍾意
5,貓咪超喜歡，有時唔食干糧就比湯包佢轉下口味，多次回購
5,送貨快，已回購數次👍🏻
5,包裝有箱裝好，非常整齊企理 ，你下次再幫襯
5,冬天用乾  夏天用好乾淨
5,第二次回購啦，呢間店發貨快，包裝好好，之後會再買！
5,這是我家狗狗最喜歡的零食
5,屋企既主子好鐘意食！會再回購！
5,方便，屋企兩貓 每隻比半粒，每三個月一次👍🏻
5,狗狗好中意咬，包裝良好
5,Tasty! 😽鍾意食
5,"貓貓一直都用開, 大粒好用"
5,"貓貓中意食, 一次一條, 唔會多"
5,"包鍾意食🐈🐈‍⬛買啦買啦買啦🐈‍⬛🐈罐罐
買啦買啦買啦🐈🐈‍⬛包鍾意食"
5,"貓貓中意食, 每次攞一包仔, 剛剛好"
5,"很好用。
今次打開包裝後，發現係大碼50片。
但包裝上顯示33x45xm 細碼。
可能原廠在包裝上出錯。已要求更換"
5,用了10年都是用这猫沙。好用。
5,唔該曬 送貨哥哥🙏🏻🙏🏻
5,"貓貓中意食, 已第三次買"
5,"多次回購俾兩隻大佬, 可惜雞味經常缺貨。"
5,好用，吸水快，多次回購
5,一聞到香味，貓咪瘋狂搶食👍
5,"本身已經用緊，仲要趁活動超低價入手
應該係市面上性價比最高既貓砂👍🏻"
5,家中貓咪最愛，值得推介！會再回購
5,大大粒，煮意粉好好味！
5,味道OK，5咸，雞胸都入味，👍
5,狗狗好鐘意食，大舊小小，要整開一半先咬到
5,第一購買希望好用，包裝很好👍🏼
5,貓貓好鍾意食，值得推介
5,貨品特價超乎！取貨地點方便
5,回購，有折扣，又有送貨，抵
5,香港行貨，價錢公道，保質期長，主子勁 like !
5,🐶🐶喜愛呢個牌子嘅小食💕💕
5,吃得很快，主子的眼神很滿足！
5,一向用開，吸水力强，猫猫喜歡👍
5,good！我家毛孩非常壴喜歡
5,好用，但有時買到幾包啲貓砂好細條，好易變粉塵
5,吸力好，如果可以粗條啲更加好
5,貓貓鐘意食，通常都清晒
5,本應想買幾包 但見寫住6月到期 說買一包 收到後發現下年一月先到期🙂
5,Ok好用，但呢度買貴左少少，如價錢低少少會買多D
5,用左一次 已見紅同甩左毛既地方冇左甩皮 同冇咁紅 真系睇到好似殺左菌咁 會繼續用期待毛毛生番出黎 但真心系貴左 同埋目測用多兩次都應該用完。。。
5,這款是相對多湯少肉的。因主子只愛喝湯，所以選擇這個。回購因為此套餐便宜。
5,水份相對多，作補充水份之用
5,滿滿的湯好啱貓貓補水，謝謝店家的贈品，再回購
5,貓咪很愛吃，每次都秒速清哂！
5,請問尿墊袋外的日期是 生產 or 到期日?
5,貓貓🐱鍾意，可以補水，料又充足
5,"買了穆第6樽了,平過激X之X堂好多.平過人地一半有多"
5,家中喵星人大愛的罐罐，可以試試各種味道了⋯⋯
5,五隻貓，得一隻好鐘意食，一天二罐，已多次回購
5,好用，多用途，最常用很抺玩具、網床
5,吸水力強！貓主子尿尿完，立即形成一塊，非常方便清理！好好用！
5,對唔飲水嘅貓貓嚟講係一個補水的好選擇
5,貓貓早前病了，擔心佢飲水小，於是買了給貓貓試。很喜歡，所以已是回購再回購了。
5,"Ok la, 不過N1始終係粉塵多，以價錢嚟講，都好用嘅"
5,第二次訂購，貓咪腳甲內側有微損，用它清潔一次後就痊癒了。亦很耐用，儲存很久紙巾水份依然濕潤。
5,"家中老貓至愛,keep住購買
"
5,經常回購!  價錢平! 最緊要係屋企2隻貓咪非常喜歡食!
5,屋企兩隻貓 每隻半粒 幾方便
5,主子們鍾意食，仲有佢哋最愛嘅小食送。
5,商戶很好～2kg無貨，送了4kg的給我，還沒有要我補錢👍🏻👍🏻感謝
5,非常好的包裝，送貨員有禮貌，一定再有下次購物
5,送貨服務很差，三件貨先送兩件，第二日再打電話喊我出去攞，差到爆態度唔好
5,未開始用，希望吾會漏尿
5,比寵物店賣得平宜！厚度尚可！吸尿快！
5,養貓14年，用過最滿意的貓砂：襟用、無臭、極易清理（尿結團，便便不黏砂）
5,做優惠時買的，$96有一pack 2包，非常抵買👍👍之前已買了這牌子的貓砂3年多了，但因為市面的超市已經加晒價了，所以今次在這買是非常之抵👍👍
5,非常吸味 非常抵用已經回購非常多次
5,"多次回購！
質地厚，吸水量很好👍🏻"
5,常回購，呢個抵食，好味。
5,"好用！吸水力好，不回漏，無尿味
淡淡士多啤梨味香"
5,本身係用緊呢隻獅子砂，低粉塵又好用又抵買，今次又甘抵即刻入貨
5,貓貓喜歡食MON PETIT 雞肉醬伴粒粒鰹魚肉唧唧醬
5,特價買，非常底用，冇味小粉塵
5,"抵用
包裝良好沒有漏出"
5,刁嘴貓都超鍾意食，但包裝太細份！
5,"沒有過多包裝, 主子喜歡!"
5,貓貓鐘意撈落乾糧度俾佢食
5,之前用過幾好，今次做大優惠特別買了2包，希望多啲做優惠
5,平靚正，主子鍾意，介紹埋俾其他奴才入貨
5,貓主子只喜愛這款貓砂，而且在HKTV mall便宜過超市，還可以送貨，不用自己辛苦從超市抬返屋企。
5,價錢便宜，包裝完好冇裂冇漏，剛使用未知道吸味情況。比之前用的貓砂便宜接近一半，如果好用會一直回購
5,點解柴灣區沒有實體店？我哋呢區有好多民居，照計生意額應該係好的。要出到去小西灣才有實體店，太不方便！
5,好產品，服務，已多次回購
5,主子大愛，吃完飯要再追加🤣
5,所有罐罐都好好，包裝很用心
5,主子愛吃，細細包好方便！
5,平靚正⋯⋯試過好多款，呢個牌子貓砂我覺得最吸味，完全唔覺有貓便便味！大家可以試試
5,"我貓貓十分中意食, 一袋裡有14包, 每次我一包分兩次食"
5,貓咪喜歡吃， 會再回購
5,包裝良好，但貓喵有點挑食，對此濕糧不算太大興趣
5,"之前試咗200g, 主子好鍾意食，就買750g, 又好快食哂，將會再入手。"
5,狗狗吃得很開心！咬得很有勁！已回購！
5,這次比較碎， 希望有待改善。
5,包裝良好，送貨準時，貓咪喜歡食！再回購
5,我家附近沒有大型寵物用品店，在網上買方便。
5,雖然同淘寶同一隻牌子同款式，但係質量完全不同，尤其是粉塵這個問題，我試過所以我知道
5,一直都係用開佢嚟抹地，因為狗狗都可以用
5,用開此款產品，會再訂購。
5,貓貓好鐘意，多d 做特價丫….唔該
5,尿墊厚，打開有香味👍🏻
5,這是我們小可愛最喜歡吃的零食。
5,冇異味而且不散開，好用
5,貓砂質量好，無起粉，易凝固，貓貓愛用。
5,幫隻貓定期用，耳仔無再發炎！
5,能夠遮蓋臭味，而且比超市平，又唔洗自己搬返屋企。
5,"品質OK, 可惜越買越貴"
5,氣味清新，夠厚，如果可以再濕啲更好
5,如果可以出大包裝就咁加好
5,好用。貓貓okay 接受。
5,"這個是十分值得推薦!
用淨可立溝水,軀蟲殺蟲僻味都要一流的
減低異味,不用再過水,使用超過三年
一直都是支持者,最近發現亦能去膠紙漬
雖價錢偏貴,但用小量淨可立溝水,已可以用到好耐"
5,用緊好幾個月……如多優惠價更好
5,疫情開始用到現 已補多次 可消毒歺具
5,回購。真的能瞬間分解氣味，而且氣味清新
5,貒咪喜歡，沙質黏性高冇臭味
5,我一包都抬唔起，辛苦晒了
5,本身用開綠茶味，唔小心買錯左，但意外地發現更好用
5,經常回購， 不過宜家越買越貴🙂‍↕️
5,"特價$50買來一試
懶得煮飯咁岩就可以來個快餐
味道雖然咸左少少 
但入味同送飯一流
雞大細夠兩個人食 算抵食"
5,8號風球竟然有八八折，正👍
5,"good, BB野用得，洗衫去臭襪味十分好"
5,"我家有6個寶貝,
除臭功能非常好"
5,估唔到又幾好味，所以回購。
5,"Very good! 話說家中貓貓耳仔長期發炎有異味，睇左好多次醫生食藥滴耳都攪唔掂，醫生隻耳水仲要係油性質地每次滴完都攪到耳仔附近啲毛好lup, 依支用咗個幾星期竟然好番仲要係水狀又爽又唔lup!"
5,"這款貓沙, 一直用開, 貓貓又中意, 又唔會太貴"
5,重購。越用越看到優點，而且價錢平！
5,2位主子喜歡呢個牌子慕絲，回購好幾次
5,"回購回購~ 我屋企個大少爺超級鍾意食，呢款蝦夠晒大隻, 所以我一日只准佢食一隻，最緊要係食完無痾爛屎。"
5,"貓貓超級喜歡這款蝦！
貓貓本身只喜歡吃雞肉，基本上對海鮮類產品均不感興趣，我想主要是因為海鮮的腥味令它覺得很抗拒。但這款蝦不會有很重的海鮮腥味，一打開口貓貓就直接衝過來吃。有試過買其他款式的凍乾蝦，貓貓過來聞了一下，就直接別過臉走&#40;´▽｀&#41;"
5,比較用次氯酸水製造機自己做效用更持久
5,平過寵物店買，帶淡士多啤梨味，可蓋到狗狗小解完嘅味道，以價錢來講算幾厚
5,貓咪喜歡，以台灣製造的話這價格合理，多次回購
5,"唔知係咪 work, 但係氣味ok"
5,經常回購。貓貓食開，唔係好多地方買到。
5,下次試下3.0，今次買左2.0手感好似有D幼，但係都覺得好用，性價比高
5,茉莉花香 拖完地好乾爽
5,用第六枝，下次應該買2公斤掋D
5,"我對狗狗很喜歡食，已多次回購～誠推
"
5,"呢袋貓砂大包價錢最平,而且非常好用,值得買再買."
5,已經食第二箱，細細粒啱晒八個月嘅貓，用嚟溝貓糧，質量好貓貓好鍾意食！
5,好大隻凍乾蝦 朋友推介 貓貓好鐘意食
5,价錢抵，好用，今次第二次回購，
5,我家主子超愛，長期食，最近食的特別快。
5,"我見到有特價 嘗試下購買, 希望好用, 整體包裝 妥善, 送貨員很有禮貌細心"
5,寵物非常喜歡 不停回購
5,我隻貓好中意食呢隻牌子 價格比外面優惠 會回購
5,又平貓貓又鍾意產品已多次回購
5,很好用，品質好，推薦使用
5,"3隻貓都好鍾意食
包裝好"
5,"再回購
貓貓好喜歡!
貨品乾淨👍"
5,缺貨幾個月，最後一支都用晒，終於返貨再買到，喜歡花香味不刺鼻。
5,"很好,氣味夠清新,好用。"
5,主子已經認得個盒雞。。。
5, 比起其他貓砂貴但係好用乾淨冇沙塵對貓貓唔會有壞嘅健康影響值得推薦。
5,回購，好用，附送的小玩具貓咪很喜歡
5,貓貓見到個桶已非常雀躍，給牠雞粒更是吃得津津有味。
5,一直用緊，幾時有貨呀？
5,呢款size餵貓一流，大小剛好，唔會太大粒
5,衛生／消毒物品大購入。試左，好似都幾好
5,細細粒，小毛孩食得更安心。
5,抵用好用。已是固定購買。
5,用左淨可立幾年 因為屋企有寵物 味道都好舒服
5,第一次俾我位高級主子試，佢大啖食喎，真好！
5,"一直用開, always good!"
5,貓貓愛吃，希望多做特價。
5,以後維持$42一包就最好
5,我隻貓真係好鍾意食呀，keep住回購，溝落乾糧度食一流👍🏻
5,味道很好! 用開。 VIP 價超抵!!
5,一直用開，今次減價超低👍
5,"其實已經不斷買了很多
質素唔洗講
4隻貓s 一樣愛吃"
5,已多次回購，質量非常好，很少粉塵
5,品質好👍👍一定會再回購。
5,用過好多款，暫時係呢隻值得再回購，吸力ok，都阻隔到啲味道
5,殿堂吸尿墊非常好用，癖味吸力強。價錢又抵。
5,我喜歡沒有香味，而且白色感覺乾淨
5,"特價嘅時候買
比寵物店買平，仲送埋上嚟~~~nice"
5,"very good, 清香去味"
5,好用、抵用。已是固定購買。而且賣家經常送小禮物給毛孩。多謝！
5,物流速度快， 已經幫襯了幾次。
5,但再購後🐱咪不大喜歡食了
5,特價買，好抵，養寵物用呢個品牌好安心
5,好好，吸力好， 但冇減價就冇咁抵買。。。
5,"自從選用芙莉爾貓砂給我家主子使用後,  已經冇需要再找其他代替品了。"
5,"用咗地下真係少咗貓砂， 正!
今次送咗支cattyman lollipop, 主子好like, 店內搵唔到有得買嘅?"
5,"買左好多次 唔比5星對唔住自己
但屋企真係好多個膠桶啦。。。"
5,"貓貓很喜歡吃,已是第二次購買的"
5,"貓貓中意食, 有14小包, 每次食一包, 份量啱啱好"
5,今天用來浸狗仔的玩具， 10分鐘，不需要過水，味道清香！很喜歡！
5,川貝鱷魚肉粉加強版搭配鯊魚魚骨粉一齊，狗狗平時氣管唔好，成日乾嘔乾咳，抬頭又咳，跑兩下又咳，加強版鱷魚粉+鯊魚骨粉一齊食左第二日即刻見到咳少左，過多幾日咳都冇咳喇，快見效又健康，狗狗唔洗再甘辛苦咳，食完會再買👍🏻👍🏻
5,好抵$117 3包， 好用
5,已多次購買，每次包裝都非常完整妥當
5,罐頭日期新 正貨行貨 下次會全部在此購買 但係物流有問題 說好了到貨 遲了一天又一天
5,無咩粉塵👍🏻綠茶味都幾清香🍵最重要夠平💰👍🏻
5,包裝很好，好用，長期回購
5,食開～主子鍾意，所以今次買大罐～～ 品質好，之前大型連鎖「樓X」買凍乾俾主子食完又嘔又瀉… 所以食開這一隻就唔換了！
5,我只係借啲意post我隻貓
5,小狗好喜歡 細粒適合老年狗狗
5,貓主子好欣賞呀，日日都追住要拎食，健康零食，乾啪又得加水變雞肉湯又得，大大盒抵食
5,好用及實惠。巳固定訂購。
5,價錢高左明既，KEEP到高質就無問題
5,狗狗好鍾意呢隻火雞片，我自己打開都覺得好香，平時只有狗糧甚少雜食，但每日都會俾佢一條火雞片佢做零食，最主要喺呢度買平過出邊
5,兩位主子開箱認證好食，急不及待就清哂雞雞，一定會再回購，抵食！
5,"有肉在內, 唔只係汁, 可以"
5,我的貓咪是雞肉控，喜歡吃雞肉罐
5,長期捧場，食家表示非常好味
5,這個產品很不錯，我的貓很喜歡 我全家都很喜歡他的質量不錯包裝也不錯
5,貓貓食到jep jep 聲
5,狗狗超鍾意食，覺得比較健康既小食👍🏻，已經多次回購
5,特價好抵。殺菌除味，而且味道清香又無需過水
5,吸味好好👍，屋企完全無味
5,多次回購！是美味下午茶點
5,個女好鍾意，已經唔記得買咗幾多次了，次次3~5包。其實係比小朋友石磨牙仔多d，不過真的很香。
5,"買過好多盒， 貓咪很喜歡。 回購原因是夠細粒， 啱貓食。

"
5,"超好用👍👍
超低粉塵"
5,原來又加左價， 之前$250，今日睇到$269
5,貓貓愛吃，細細粒方便貓貓食用
5,好用。貓貓帶砂出廁盤外數量好少。
5,又再購買，因為貓貓非常愛吃。
5,比外邊價格便宜，品質不錯
5,"貓貓鍾意食
細包有zip 位..
如果大包都有zip位會好d..方便收納"
5,轉糧比貓貓，貓貓好鍾意食，價錢比寵物店優惠
5,貓咪喜愛的小食、通常都會爭住食
5,唔會香到頭暈。噴嘴夠力
5,曾經買過一次煎黎食，好好味，今次再買！
5,多次購買，貓咪好喜歡👍🏻
5,主子一直食開，十分喜歡
5,"這款帶子回購很多次，不會縮到好細粒，味道鮮甜，不難煮。
蒸蛋、豆腐、炒菜也可加入。"
5,這款很好用黏貼得很好，比較容易清理，已多次返單，而且送貨包裝也非常好，值得推介
5,"有粉塵，會小小痴底，但除臭效果比一般豆腐砂好得多。

當然，最除臭緊係礦物砂，但係超多粉塵。呢隻Petkit 5+1既砂，算係攞到個平衡。&#40;可接受&#41;"
5,"竟然加5毛
五毛舉起白手投降"
5,"平靚正
出面500 gram仲要貴過呢度
我會瘋狂介紹俾所有朋友"
5,貓咪愛吃……併貨購入……
5,不太肥的雞，味道也很好，容易處理。
5,買第四支喇！有寵物是需要的。good！
5,之後加價了，應該會減少回購
5,自取店哥哥好好人，幫我執拾好放落手拉車
5,狗狗好鐘意食，又可以消磨時間
5,經常買，因為肉質鮮甜，但價錢愈來愈貴
5,比出面買平，好好用，吸水能力又快又強
5,價錢幾平 貓貓有時都食開 幾鍾意
5,唔錯 噴出來够均勻 香味又清香
5,店舖出貨快速，貓喜歡吃，只係食左三日效用未知，希望有用。
5,食jo咗一段時間  到gin效  狗狗喘氣少咗
5,"貓咪喜歡的肉泥條
已多次回購"
5,暫時試了smell，主子超愛
5,好大罐，包裝好，未開個紙皮箱貓貓已經聞到香味想食😂 雖然碎碎比較多，不過$230再有95折，性價比高👍🏻
5,好食.鹹咗一啲.淡少少好
5,"越買越貴
但狗狗愛食
而且一星期兩次後牙垢減少了"
5,已經多次回購 產品品質有保證
5,狗狗們一向都食開，今次買的那包沒有太多碎小的，很好。
5,好大桶！好抵！會回購!
5,比左我BB仔試，佢好鍾意食，希望食左會有改善
5,"我兩隻貓最貓吃粒粒雞肉
下次會再購買呀！"
5,包裝穩妥，收到時結冰狀態，沒有溶解非常好。
5,好用抵用，已是固定購買了。
5,細細粒很適合貓貓，我家三只都喜歡
5,方便好用 沒有香味 又有除菌効果
5,回購多次，方便味道也不錯
5,"$230 VIP再95折，抵！保質期都有半年！
貓貓鍾意食，細細粒方便餵👍🏻"
5,Good 不過好似細粒過之前
5,第一次買，睇見品質幾好，試吓先
5,"狗狗喜歡吃,會再次回購"
5,我隻貓中意食，長期回購
5,有用開， 寫明有嬰兒都可以用得。
5,"good, 等減價特價再回購。"
5,"狗狗食開,, 食完真係令氣喘有改善~ 而且成份天然,, 非常好"
5,貓貓食完咳嘅情況明顯少咗
5,家居除菌病毒安全而較平宜實際。
5,蒸熱就可以食，很滑，家人都好鐘意。
5,"鮮甜大粒，最愛煮法：蒜蓉帶子豆腐或粉絲
美味，簡便！"
5,"有效~ 高齡狗狗食開,, 真係對氣喘有改善"
5,"回購再回購，通常都係$99.2包300 g！
用牛油黑椒岩鹽就咁煎佢2分鐘少回縮，
簡單又香口👅"
5,味道好吃，用來配搭粥或白飯也十分好，方便在雪櫃取出馬上便可以吃。
5,鮮味好食 抹乾水用易潔鑊煎香，就可以做餸，多次回購。
5,狗狗超中意，火雞筋好咬口，可以釋放狗狗壓力
5,種到好多小麥草，貓咪喜歡吃
5,好味，抵食，多次回購。
5,比預期好，4-5日已長到可食用高度，一條草剪開三段俾貓貓改善腸胃
5,老狗必須進補，已經購買過幾次，也介紹了約家中有毛孩子的街坊。
5,狗狗喜歡此食品，所以keep住買
5,估唔到依個系列仲有新產品出，仲要一出三種口味，一盒可以試齊新嘢，方便，三種都咁受歡迎
5,唔會碎晒👍👍經常喺呢間店回購，每次品質都好好👍👍
5,可以幫助狗狗潔齒，值得一试
5,50蚊抵食，方便，隨時加餸，肉質幾好，咸咸地都幾好味
5,包裝穩妥，除臭效果唔錯，淡淡綠茶香
5,好味入味，隻雞 size 都 ok，唔洗自己煮，方便抵食！
5,"以前很咸的, 今批雞味不會很咸, 很好, 希望保持水準"
5,好用～希望有補充裝買～
5,長期回購，great seller，值得推薦
5,狗狗好鍾意食，每日一條
5,無殘香，噴窗簾和沙發非常好
5,"我隻貓就係鐘意食, 會不斷回購, 直到佢老"
5,包裝企理，多謝小食禮物和心意咭：）
5,"用開，good, 日本製真係好d"
5,易種 送左個波 我隻貓好中意
5,易種，7日已長到可食用高度。貓貓鐘意食。我聞過好香
5,貓貓喜歡食（希望貓貓維持健康平衡）
5,好香雞肉味，貓貓中意食。
5,一直食開，追加有特價就入貨了
5,幾好用，抹完地板係除到臭同乾淨
5,貓用開，除臭幾好，福袋只係一個罐，其實係贈品
5,感覺我貓仔都好鍾意食唔錯
5,貓仔勁鐘意食蝦，已多次回購，今次蝦都算大隻，有淡淡海水味。30g 一包賣48蚊，超抵食👍
5,第二次買，好香好新鮮，貓貓超喜歡。
5,"多次回購
貓貓超級喜歡食蝦，一打開袋就聞到好濃蝦味同海水咸咸地的味道。因為一隻都比較大，要用較剪剪開3段，會方便貓仔食用。貓唔應該只食用單一動物蛋白，每日都只可以俾少量，通常3-4隻就夠。"
5,Good~! 看到評論好用買來試試
5,$39.90 入手用來消毒外套
5,貓貓食咗氣管比較好，少咗咳
5,有厚度嘅帶子😂，煮食前感覺只係比兵乓球細少少🤏🏻，煮熟後都無縮水太多👍🏻，目測大過一個$5硬幣，有睇頭又好食😋。
5,包裝優良，罐頭冇凹👍🏼
5,貓貓都喜歡，剷起來都容易，但包裝外觀不理想，送到來有2箱紙盒已爛了。而且我買的時候沒有第二包的優惠，買完第二天就做第二包有折扣，有點兒激氣。
5,好味，性價比高，做手撕雞最正。
5,"多次回購,多貓家庭,暫時呢一隻係全部貓都肯食"
5,貓貓喜愛，乾濕主糧吃皇家，毛色亮麗，呢隻濕糧好香，多謝店家還送了試食裝和玩具，少爺和小姐有福了
5,紅腫擦傷地方搽咗好見效⋯⋯會回購👍👍👍238再95折
5,之前一直食開Fit 32，但係要溝濕糧貓貓先肯食，打算試下轉呢隻英短配方，估唔到貓貓鍾意食，仲唔使加其他嘢引佢食，非常好！
5,貓貓好揀飲擇食，食厭左另一牌子，好難得換呢個罐佢超鍾意食。推介俾大家試下
5,為什麼這款沒有12包優惠買？
5,回購，五星信譽店，推薦! 
5,好好用，隻貓耳仔冇再發炎
5,價錢平！包裝好！已多次回購
5,"腎病老貓牙齒又唔好，流質方便進食，貓貓鐘意食

開盒唔小心介爆左，運到黎所有罐罐同濕糧都熱辣辣~_~; 下次入貨都要睇天氣"
5,除臭效果優，用到後期砂有啲散
5,Great seller! GVIP DAY 5%，再加店主5%折扣，少爺同小姐一直食開，就購買了
5,唔錯，家裏的幼貓沒打噴嚏反應
5,兩個主子一直食開貓犬工房嘅乾糧、泌尿護理濕糧和呢款貓感濕糧，呢三種貓感味道都愛瘋了，隨機都食唔停口；今次出了點意外，店主另作安排可以了，但店主太客氣，經營不易，邊際利潤少，實在感到唔好意思，乾糧已再下單，順祝生意興隆！
5,狗狗非常挑食又經常肚屙沒有原因， 轉左呢隻糧情況好轉冇再肚屙， 另外佢又鍾意食， 已經再次回購， 細細粒非常好👍
5,132再九五折。罐罐完好無缺
5,慕絲是偏流質狀，我的老貓貓非常喜歡，搶住食 。
5,"價廉物美
多次回購
盼其他口味也可以有同樣優惠價錢"
5,狗狗好喜歡，快樂地咬完，口水都流到一地上了！😂
5,我隻狗仔好鍾意飲，包裝外觀唔錯，都會介紹給朋友
5,狗仔喜歡喝，包裝唔錯，會推薦給朋友
5,收到未用，但賣家送埋小禮品，十分好！
5,除臭不錯 亦結得好實唔會散
5,特價-比超市便宜，追加更抵
5,貓咪很喜歡食、常回購！
5,我家2隻貓好鍾意而呢間價錢比其他店平啲啲
5,"多謝贈品, 2位主子表示好喜歡"
5,吸味除臭、凝結力好、唔易變粉、真空包裝
5,"好用 再回購 價錢合理
"
5,由n1轉用呢隻吸濕吸臭效果好，貓貓仲唔會踩埋啲砂出嚟周地都係，6L一包剛好一盤用量，之前果隻用唔到10日要換，呢隻20日都得，貴買平用仲要係好好用！仲有全部真空包裝易存放，會繼續買但係唔使買咁密！
5,真係有用！脫毛地方會長番毛，最緊要係會快速令傷口好番！
5,主子最喜愛😻，多次回購
5,"包裝有zip,方便保存"
5,果然減到磅，我隻肥貓瘦左一個碼！🤣會繼續買入💪🏻
5,貓咪喜歡食，撈乾糧俾佢哋食
5,好好用，沒有塵埃飛揚，吸水快，夠實淨！
5,"回購! 少粉塵, 淡淡的奶香味, 貓貓愛用!"
5,包裝好，收納方便，常回購。
5,貓貓十分喜愛產品！很快便吃完一包喇！🙈🙈
5,收開箱到勁多禮物，多謝晒！
5,清潔消毒貓狗身體、物件……萬用
5,送貨員好有禮貌 而且起指定時間內送到
5,"VIP$50勁平。~咁啱3月買貓用品等有滿$600再減$40就更加抵呢～送貨員有禮貌準時送貨,雖然落雨。但貨品冇咩濕已經好好!"
5,使用了2年的貓砂品牌，品質很好，比實體店便宜很多，並且還送貨上門，還會繼續回購👍
5,唔錯，夠幼滑，主子鍾意食。
5,一直食開，貓肚內有時鐘，每日定時嘈著要食，每日添加濕糧，希望可以多吸收些水份
5,貓咪最喜歡的小食、常回購！
5,用過幾隻牌子，呢個牌子除臭效果好好，讚！
5,貓貓鍾意食，通常會兌水喂，以免太濃味令主子更加嘴刁
5,兩隻1老1嫩小狗好鍾意，得返好小牙仔的10歲小狗也食到，棒棒軟腍腍啱食...
5,已回購很多次，非常好用的貓砂
5,我隻貓很喜歡，用了後沒有再整到四圍都有貓砂
5,3 隻貓貓超喜歡食、常回購！
5,"星期四VIP價$238再有95折所以再回購, 買多一支看門口都好"
5,"真有效, 貓主子pat pat嘅敏感損傷好番好多"
5,好貴但放在家看門口必備希望能更平
5,"價廉物美
多次回購
盼望其他口味也可以有同樣優惠價錢"
5,非常好!我的寶貝很喜歡
5,抵 明明選了2-6送貨 結果早上10點幾送左黎，好彩有人在家
5,未用。如可有多D discount 就會買多D。貨到準時。
5,用左幾支神x水都反反覆覆斷唔到尾，依支雖然細細支，但起碼有效！
5,用過好多牌子醫生又睇過，得依隻先攪得掂狗狗長期的皮膚問題
5,"1包2隻貓用約2星期，比其他條狀豆腐砂不易碎，不易踩到變粉，結得也很好。
每包倒出黎底也無粉塵。&#40;已多次購買&#41;"
5,用呢個砂對貓貓健康有保障，連家中肥狗也安全🤫睇唔切會偷食㗎。HKTVMALL嘅價格又平，少數怕長計，慳返唔少。
5,很好用，傷口一天就埋口了。
5,好欣賞呢間店舖，會將客人嘅貨物包裹得好好👍🏾👍🏾👍🏾
5,雖然貴左，但性價比仍然高
5,小猫1歲。自4個月開始食用。非常喜愛。
5,真係消臭，一禮拜加五六粒完全唔臭，好好用。一杯可以用好耐
5,貓咪就只喜歡吃這款吞拿魚， 其他品牌都不吃
5,已多次回購，品質非常紮實
5,如果你貓貓喜愛食慕斯，極力推介此產品
5,一直用開，好用，138 3包真係抵
5,好用，氣味吾太濃，少粉塵
5,"用開,再次回購,價錢平過出面"
5,"吸收力很快, 方便易用。"
5,"用過好多隻貓砂 e隻最好用!
少粉塵又吸味
不過出返7kg就好了18kg好大包"
5,你個牌子包裝 味道 都高級
5,之前買左細包裝試用，覺得同小白係同質素，唔錯，趁優惠買定多D
5,貓貓喜歡，已經多次回購。
5,貓貓很愛吃，不用半小時便吃光
5,已經多次回購，貓貓喜歡食。
5,已經多次回購，價格合理。
5,經常性購買， 貓貓食慣
5,凝結力非常好，貓貓本身好鍾意尿係盤邊，以前用開嘅貓砂勁難鏟，散開晒又勁多粉塵，用到包裝底嘅貓砂會全部變成沙。轉左呢隻貓砂解決晒所有問題！希望以後都keep到呢個品質
5,"我的兒子很愛吃這味道
"
5,"貓貓肯用,又唔黐底,比同類型平好多,抵用"
5,挺好的，擦上宠物也不会不适
5,貓貓很喜歡，已是回購了多次
5,貓主子極嘴刁，試過好多牌子都唔食，呢款罐好鍾意食，平時溝水食幫助補水
5,"特價試吓。真空包裝有盒。
味香乾爽， 開咗成個星期都冇潮濕。
同意樓下， 貴買平用。
有特價會再回購。"
5,呢款貓砂好少粉塵！同埋原味嘅豆腐香味好濃，可以覆蓋到啲貓屎臭味！推薦！
5,一pack pack 好哂，無錯無漏！啱哂唔肯飲水嘅主子！
5,貓貓從RC轉依隻糧，估唔到隻貓好鐘意食依款新糧. 轉糧時候便便都無大問題👍
5,"狗狗喜愛食此罐頭, 會再次回購"
5,貓咪好中意食，食用後便便正常
5,貓主子非常喜歡，對海鮮敏感既主子非常好既選擇
5,好好用，冇粉塵好乾爽，用得耐都冇咩異味
5,"我家那食物敏感而不能吃魚的貓貓大愛,很香,醬醬滑質地牠很喜歡"
5,用過好幾款的貓砂，依款感覺最好，無咁多粉，雖然比傳統的貓砂幼細好多，但真係覺得好好用，而且家中五隻寶寶都喜歡，值得一試
5,好用抵用 個人覺得好過n1
5,主子們好中意食，啲湯汁好濃，通常會加1/3罐水溝淡啲，等主子們飲多啲水。間唔中俾佢地食下佢地好開心。
5,"之前一向訂開paparacy尿墊,見hktvmall有就搭單一次過買，今次送左個淚痕sample，好好用，下次會訂大包！"
5,我兩隻小朋友都中意食，已經回購左好多次，希望多啲優惠🥹
5,我的洛威那非常嘴刁，只愛肉，不愛包、餅類，今天收到一包送嘅鴨肉曲奇，正在想送給牠也浪費了，即管試吓比佢聞，一開始一定吐出來，但跟住就再食，於是比埋餘下嘅曲奇，佢食乾淨，立即上hktvmall search，但搵唔到😮‍💨
5,好用 易清理同蓋到貓貓便便啲味
5,貓咪很喜歡；包裝份量適中，我的一歲4.9kg貓咪能三小時吃完一罐😆；暫未找到其他罐罐有此效果。會推薦給其他想開始餵貓咪吃濕糧的貓友。
5,真的喜出望外，比起以前用某綠茶豆腐砂更少粉塵，貓貓去廁所時打噴嚏問題有明顯改善！淡淡的豆味，好舒服，性價比好高，會繼續訂購。
5,無塵，不黏貓腳，值得推介
5,"狗狗有食開. 另外送既鴨胸cookie狗狗超鐘意. 但唔見有得賣,"
5,適合中高齡貓，可混合其他濕糧
5,兩隻狗狗都好喜歡，連一向偏食個隻都肯攞住咬咬咬 : &#41;
5,貓貓有腸胃敏感，長期食開呢隻罐罐，已回購數次，包裝和品質沒有問題
5,肉泥味道佳、貓咪喜愛🤩
5,回購，小狗超喜歡，軟腍腍，冇乜牙仔鬆鬆都啱食...
5,"氣味幾好, 用咗空氣感覺清新, 非常除味"
5,同出街去酒樓吃沒有分別!好味道!
5,狗狗好鍾意食，所以唔斷得貨
5,價錢有點貴，但有用所以再回購！！
5,之前都有買過，兩隻狗狗都鍾意食
5,幾有效！落少少已經可消臭，貓貓亦無抗拒，會回購。
5,品質好，但可能太香，貓貓便便後竟然不再去埋便便😅
5,雖然價錢比較高，但真係好有用！
5,"好用, 小粉, 多次回購"
5,今次用優惠價購入，好底食。
5,包裝得好，送到時完整無凹，價錢抵
5,出面買既鴨胸好多都好油，狗仔食完好易肚屙，但呢款冇呢個問題，推薦????
5,兩條友仔腌尖腥悶都肯食，非常好！
5,自己都想食，感謝咭很貼心 ~
5,🐱🐱肯食，但未至於好鍾意
5,"養左貓十年，泡泡靈係真心好用
已多次回購，天氣潮濕，佢地好易有皮膚問題，每次都係用泡泡靈搞掂，每日都搽，幾日就好返曬，慳返睇醫生錢，最緊要唔洗嚇親啲貓（最驚出街😂）
我比佢地抓傷都有用，好快消炎！
今係買多枝旁身，真心推薦！"
5,貓咪合用，清潔容易有效防止皮膚發炎或破損傷口。
5,好好對有養寵物人士非常適合消除臭味非常好
5,有折，仲抵用，幫我送到媽咪屋企，下次一定再回購
5,"雖然是大粒一些, 但勝在貓貓用完走出貓砂盤時不會掉在地上. 吸水力很強"
5,之前寵物展買過 主子好鐘意，今次再回購👍🏻👍🏻
5,送貨準時，貨品包裝📦好
5,貓貓好鍾意食，下次要買大量囤貨先得啦!
5,"幾好用
已經多次回購"
5,"$103 較貴,希望之後有優惠"
5,真的好好用，清潔之餘氣味清新，且對家中的寶貝無害！已回購了數次！
5,用開，，氣味清新，有寵物都可。減價抵用。
5,貓貓很喜歡，罐頭水份充足，為貓貓補水一流，已多次回購
5,good!仔女好鍾意!
5,"謝謝你們貼心的包裝，不會令罐罐受破壞。非常好！"
5,貨品食用日期佳，由於我是長期訂購的，希望可以給予更多的優惠再平一點
5,帶子厚身，夠好味，是我淹得好啫，哈哈。
5,"隻貓有少少真菌引致既皮膚病,噴完之後真係有改善所以再回購"
5,"試過用其他牌子, 感覺還是GK 好用"
5,多次回購寶寶好喜歡吃😘😍
5,價錢抵，包裝良好，食用限期超過1年
5,一直用開的，品質保證👍🏻
5,我的狗狗超喜歡吃鴨肉乾
5,"哩個品牌, 一直買開比狗狗食, 香港製造安心好多!! 之前要係寵物店買, 而家係hktvmall買完送埋上門就更方便, 唔駛再專登出去搵"
5,狗狗超挑食，出奇地鍾意食呢款，肯定會回購啦！
5,大细狗狗都喜歡吃 已多次回購。多謝商店贈送這款以下這款小食 想買比狗狗吃 不過無label 吾知小食名稱 
5,三隻主仔都愛吃，一直重購
5,運送很快，職員有交帶，服務很好
5,貓哋好鍾意，亦好多謝店主送嘅小貓棒，貓仔好開心，又有好嘢食，又有得玩。會支持同回購，希望夠保持呢個價格。
5,好清香，咁大瓶，好抵用。見評價咁好，所以買來試下。
5,無添加味。吸尿快。不易變粉。沖廁方便。
5,"貓貓剛剛病完, 好多野食開突然唔食, 好彩有呢罐mousse 幫佢開胃"
5,貓咪喜歡吃的零食，經常回購，減價入貨更抵買！
5,謝謝hktvmall所有工作人員， 對送貨人員特別致謝&#40;∩_∩&#41;疫情期間辛苦晒各位
5,貓砂綠茶味道濃厚可以遮蓋貓貓便便和尿液的味道，而且碎砂粉塵很少，便宜包裝厚實已經第二次回購。
5, 消臭效果唔錯，keep 住有回購，送貨都幾快。
5,香港直送方便過得台灣寄嚟
5,"由n1 轉呢隻，雖然貴d ,但冇咁多粉"
5,我腎貓喜歡吃!已經幾次回購!
5,"未俾主子食, 但感覺唔錯!!!"
5,竉物喜歡和接受，繼續訂，不過貴咗少少
5,見咁多人買我都買黎試，暫時食左幾日poodle都會食，便便正常冇肚痛。
5,"轉左新包裝紙箱
有麻煩論盡
不好搬運
紙皮箱又唔夠硬
容易整爛

希望店舖留意"
5,讀到兩位狗友的毛孩進食了這款dogdog糧後大便不正常，相信有些毛孩會對市面上某一款糧的反應，事實上，除非到獸醫診所給獸醫看過並食處方糧，那麼會比較不容易產生敏感，但也不是絕對！我的兩只小毛孩，其中一只已經試盡天下狗糧，但都不大喜歡，唯有這一款令她傾心，而且一切正常，對於早年的皮膚病亦有幫助，所以多次購買。
5,唔係厚型，薄既。但印象用開呢隻size+差不多價錢質素都係咁上下。之前淘X買開，價錢差不多，重點送貨上門，唔洗自己托。
5,長期用，又寵物又小朋友
5,價格有點貴，假如能提供多量折扣優惠則更吸引
5,新鮮運送，一盒接一盒訂購，省時又沒有壓力，便可享用，會長遠飲用，👍🏻
5,清新香味 而且多用途，5L賣628 所以試一下
5,再回購，主子非常喜歡食
5,我屋企隻忌廉哥第一次試忌廉哥呢個牌子，估唔到隻隻口味佢都ok喎
5,回購多次了，品質不錯，性價比高。
5,"送貨快速,送貨員態度良好"
5,已回購多次，貓貓好鐘意食
5,"貓砂乾淨無味，吸尿一流！
價錢便宜～抵用👍🏻👍🏻👍🏻"
5,厚實、吸水快、抵用，正👍
5,第一次購買，值得一讚店家沒有外加紙盒包裝做成浪費，會回購。
5,原來係分開3包，每包6L咁送。
5,貓咪鍾意食控制體重唔錯
5,"多次回購,有特價抵買,仲吾洗自己拎"
5,"回購了 好好用 味清香 手用後都不乾
"
5,多次回購，但有時會好碎，希望會改善
5,用左好多年喇，狗狗3歲時突然爛腳皮膚敏感，睇醫生食保健品都搞唔掂，後來先發現係拖地水既問題，原來佢唔可以接觸滴露產品，有朋友介紹用依款拖地水，一直用到而家都無事，非常推介！
5,見咁多好評，都係諗住試吓，估唔到挑食主子好鐘意食，仲要細細粒，啱晒細狗，好開心呀！
5,"屋企有寵物好啱用. 送貨快, 好過我落街買"
5,買開另一隻牌子的，付款時冇貨，所以購買這隻試吓用，都不錯，以後又多一個選擇
5,比goldenpxx 薄好多！但吸尿都幾好！而且唔臭！60蚊包真係好抵用！
5,耐用，可以清除汗味。已經第二次購買
5,好用而且5L裝抵用。氣味清香，用途多。
5,"用開 
用來拖地同洗衫，5L可以用年幾兩年"
5,好好用 香味舒服 猫咪冇敏感
5,"長期用黎洗衫,辟味一流~"
5,回購多次，狗狗好鍾意食，不錯！
5,多謝商店送的試食包 有興趣買芝麻吞手魚餅 似乎係HKTVmall 揾吾到此產品
5,合我的貓咪口胃，他很愛吃這零食。
5,好用，真係可以吸味，吸濕力都唔錯，會回購
5,夠厚身吸水力強，好用，只係狗狗回踩時會濕到腳掌，令地面有腳印要跟手抹，但問題不大～
5,好用又吸得好，高勝價比
5,買左好耐$190 但而家HKTVmall出左個咩Everuts 回贈就加價10% 回贈翻落去Everuts   。
5,貓罐頭係好好，只可惜不是每一隻都食，有隻完全唔食，佢哋好鍾意mousse 嗰隻
5,一直用此貓砂. 方便，可沖落廁所
5,"非常好用,用嚟洗衫去味一流,
已回購多次了~"
5,貓咪超喜歡吃！！謝謝！
5,狗狗喜歡，但size比超敏感糧更細粒
5,用得耐都冇乜沙塵，又唔會碎曬，仲要好香豆腐味🙌🏻
5,早一星期，$7xx，已買一支，$599， 趁低存貨，又唔洗自己拎，讚
5,五貓之家，奴才有潔癖但又怕主子對其他清潔用品敏感。早幾年Pet Expo用过sample巳經好想買，但實在好貴唔捨得。 近日貓貓生癬所以決心要加强家居清潔，特價$599買入。 推介!!!
5,用開，產品氣味清新。係永安買有送支泵，HKTVmall 就冇跟。另外借個地方講下個收費，明明自己計左係$892.3，點解購物車題示係$942.2？有冇人可以回覆一下？
5,以前用開，疫情時間常缺貨。但真係比較貴，但為毛孩著想，最多慳d用
5,第二次買，岩有寵物既家庭用，用來洗衫、拖地、抺傢具；好大樽，都用到成年～
5,"第2次回購, 抵, 包裝也很緊實。貓咪很喜歡, 可以讓貓咪吸取更多水份。"
5,貓咪好喜歡食，但這是副食罐
5,好用，唔係度度買到依個size，依家有送貨同折扣，非常方便及抵買！
5,我家貓咪很喜歡 湯多 可補充水份
5,兩隻貓貓都非常的喜歡。佢哋一隻好胃食，一隻就好挑食的。罐罐內見到好多帶子肉，好香。
5,多次回購，家中老貓最愛
5,狗狗好揀飲擇食，不過這款一直都鍾意。
5,多次回購猫咪鍾意食，包裝很好
5,未用，但非常有份量，有信心
5,Good 除左香味有點重
5,"因有養貓貓,用來洗地~
有時貓貓懶尿在衣物上也用它來清洗,可除尿味,十分好！"
5,一包4條，每次開2條放一碗，比貓食下，當多啲水比佢飲下咁
5,$768再95折，貴但用到差唔多一年，洗衫同拖地用；沿用多年，會再買。
5,豆腐香味好香，粉塵很少！
5,好用，尤其洗走汗臭狗味一流。
5,好香，好鍾意呢隻味，幫狗狗抹完手腳 即刻香噴噴
5,狗狗用左之後原本成日抓抓抓的位置好似真係好返
5,"自己都試過好幾隻貓砂，呢隻目前係我用過入面最好用 凝結力好好，唔容易散開又真係辟到味 冇咩粉塵，價錢都合理，會再回購。
如果有3mm粗會更好"
5,貓貓有耳蟎後，貓友介紹用
5,混合凍乾一齊食，一打開香噴噴，非常吸引！
5,第二次買，呢個價，不過不失，會回購。
5,包裝好，在6月寵物用品展用清水試用覺得幾好，結得實，粉塵算少，打開包裝沒有鼻痕，未真實用過未知遮味得唔得
5,貓貓喜歡食 已多次回購
5,回購再回購，主子喜歡！
5,雖然貴，但係能夠去除二味，乾淨。如果平啲就最好，再回購
5,可靠 用開 有時會做特價
5,已經是多次回購！對產品非常有信心！👍🏻
5,吸水力尚算可以，價錢合理。
5,用開！浸洗衣服、洗地板、噴鞋消毒，一流！HKTV Mall 可免費送貨，包裝比 Familove 還仔細！星期四還有95折 & Mall Dollars 實在太好了！
5,香氣淋漓， 潔淨能力高， 萬用清潔劑
5,家有寵物，小朋友，已用多年，非常好，減價平
5,狗狗很喜歡，比較合適小型狗食用，大狗食用會比較細粒
5,持續回購，挑食柴犬都喜歡食。
5,唯有這個馴服了挑食女王！
5,自從屋企養狗後用過咁多清潔劑，佢係安全得來又有效清潔同除異味！用開兩公升，而家見大家折仲唔洗自己拎Good!
5,各款味道都好好，狗狗全部都喜歡
5,好用，今次特價更要入貨
5,一直用開，第一次跟貓犬工房落單，三袋滿一紙箱，紙箱外打帶令包裝更穩固，箱内貓砂包裝袋平滑亮澤，感覺是購得產品最新鮮的一次，像剛從生產線下來就到手一樣。
5,唔大麈！方便，可以沖落廁所
5,主子很愛吃 😋 已回購多次 👍🏼👍🏼👍🏼
5,貓貓喜歡吃，為佢健康着想要減肥啊！
5,之前消委會有推介過，今次買俾主子試吓，又好似幾鍾意食🐾
5,貓主子愛用！吸水力一流！
5,粉塵小，吸水凝結強，原味有陣豆腐清香，沖厠十分順暢。
5,主子愛吃 👍🏼 已回購多次！
5,在HKTVMall買嘢，如果出現問題，好難找到渠道去跟進，因沒有一個客服電話。
5,比外邊的寵物店便宜一點，而且仲係行貨，抵買
5,"以前狗狗用某隻出名洗耳水好重香味，莫講話狗狗抗拒，我幫佢用完, 洗完手都仲聞倒, 覺得好chemical。 然而都係每幾個月就發炎一次，沒完沒了。
無意中試用過第一支，完全冇果D假香氣，
狗狗不再抗拒洗耳而且再冇發炎。
一樽衹可以用4次左右，雖然感覺係貴但其實平過每3個月去睇一次獸醫"
5,狗狗很喜歡，因為細粒又方便，因為剛試著慢慢轉，未知日後感覺如何，要再多日子觀察。但仍感覺良好，👍👍👍👍👍
5,"我的貓很喜歡這款魚湯, 這裡買比店鋪平宜. 已買了幾次."
5,"猫猫鐘意食, 不停回購"
5,貓貓嘴刁買過好多不同牌子不同味道都唔食，得呢隻食
5,比其他尿墊厚，好襟用，試過好多隻，還是這一隻最好
5,已多次回購此減肥糧，貓貓喜歡吃！
5,"貓咪巳吃了1包，輕咗0.6kg, 希望再減多少少。"
5,包裝好，送貨員送貨前亦有打電話通知我，不錯
5,"尿墊吸力快, 能鎖住水份及固定尿尿範圍,最重要係佢僻味效果唔錯, 唔會令尿味揮發, 尤其係換尿墊時, 唔會聞到一大陣尿味. "
5,"長期回購
家中老貓只肯食呢隻"
5,"貓貓喜歡，多次回購
"
5,已經不知購買了多少次，夠厚夠吸濕力，惟一投訴，長期缺貨！
5,所有罐罐都是在這家購買的
5,多次回購 我家14歲英短唔鐘意咬野 呢個溝水打碎好好
5,睇簡介咁多功能&#40;試試&#41;幾清香
5,買咗好多次了！次次都係幫襯呢間
5,猫猫十分挑食，各種罐頭乾糧都吸引唔到！轉食 F9 就狂食，還要求添食！
5,細細粒，小狗很愛吃，本身食配方糧，便便很臭，呢隻狗糧便便唔臭，轉糧成功！
5,味精貓全部鮮食都唔捧場要俾晒狗狗食，但好鍾意呢個，仲大反應過ciao
5,"貓咪喜歡吃的肉泥條
多次回購"
5,好用，唔會太軟，吸水又冇過底👍🏻會回購
5,多次回購。有買過其他店的，平幾蚊，雖然同樣標示為原味，但有濃列的雲呢拿味，貓貓唔鍾意
5,貓咪不吃魚塊，只吃慕絲，這款廉價物美
5,"貓貓喜歡吃
會再回購"
5,有效吸味，價錢合理，性價比高，已回購多次
5,我已購買了數十次，團結很好，不會鬆散，沒有粉塵是值得購買的。
5,送貨哥哥服務優良、一直保持水準、非常之好！
5,"聽講日本牌出口既肉泥對主子身體唔太好, 呢款放心好多... 至於肉泥品質, 係貓都抗拒唔到😂 主子食得開心就好"
5,寶貝長期食開 品質有保證
5,"很開心在All About Pets買返正常的N1貓砂!

在此之前我於11月10日在【貓犬工房】買了一箱同款N1原味幼砂, 打開竟然有濃烈酸臭味, 而且粉塵極多. 至今平台及商戶【貓犬工房】尚未給予回覆及解釋. 

由於擔心貓貓撥完貓砂舔爪子時吃進肚裡, 會影響健康, 趕緊另行在All About Pets 另買一箱, 並另購一包日本品牌以備不時之需.

及後看【貓犬工房】商品評論, 發現原來不止我一個發現【貓犬工房】貓砂有酸臭問題. 

以往從其他商戶購買從未試過有臭味, 高度相信是假劣貨. 【貓犬工房】公然售賣假劣貨品, 除了令消費者損失金錢, 還帶來困擾和浪費時間. 

如果平台及商戶【貓犬工房】不作出適當跟進處理, 我會拿剩下未開的兩包給第三方化驗所檢測, 並向相關各部門、及各媒體作舉報及投訴!
 如果我家寶貝主子用貓砂後生病, 我會保留一切向平台及【貓犬工房】的追究權利!

特此感謝 All About Pets 提供優質正貨, 令我恢復對N1貓砂的信心."
5,"$216/3包 
包裝📦細心👍🏻👍🏻👍🏻"
5,3期腎貓非常刁嘴，難得呢個佢好鍾意食，再回購
5,已多次回購，味道不錯 👍🏼 貓公主愛吃
5,貓咪愛吃，差不多食完會再購買
5,用開，細狗用幾篤尿無問題，又吸味。大狗唔推薦。
5,"送貨同事有禮貌,制服整齊。而且搬貨時很小心~讚! "
5,挑食王之首選！內分多個小包以保香味！
5,用紙箱裝起一箱3包，貨品乾淨，打開仲見到係真空包裝👍之前喺Hong Kong TV定第二間唔係真空嘅，今次真係好滿意.
5,主子一直用開長期回購👍
5,送貨哥哥好好人，貓玩具好靚，多謝
5,我10隻貓，有一隻超愛這口味
5,用開，獸醫介紹。依度最平
5,"一隻貓貓鍾意 一隻貓貓只肯食原粒唔加水
成分唔錯"
5,"好包裝,不過份用纸。
自取点好細心好服務"
5,"買成貓糧，但贈品送了一盒""幼貓務絲罐&#40;贈品&#41;""，只好掉了。
建議不要送，或送合適的，以免浪費。"
5,一直買開此店，常有玩具及試食裝送，很滿意。
5,真的夠細粒！亦征服了我家的極度梗頸執著專挑食煩惱女王貴婦，如果你的毛孩有同樣情況，可以一試！
5,貓貓很喜歡，已回購多次
5,真實用家。用完耳仔可以keep乾淨耐d.值得推介。
5,貓咪天天都好鍾意食，已回購多次，會一直購買
5,"已經買第三支,係有用,不過根冶唔到,只好一路補反D皮膚一路查.貴左幾十,不過送到屋企,唔洗煩."
5,長期回購，一次三包，有排食，明年年底先到期👌🏻另外見到仲有隻蝦清防敏感狗糧，可否例明大粒定細粒，隻狗唔食大粒糧。🙏🏻
5,"這疑洗耳水已用了很多年，寵物護理師推介的。
狗狗用後耳仔發炎減少,用清潔很乾淨。"
5,貓喜歡吃此產品，包裝良好，到期日耐，貓咪食完冇敏感肚痾
5,我隻貓幾鍾意食 份量適中 之前買嗰啲罐頭都一係就太多，一係就太少 次次一係就食唔晒，一係就食唔飽Kakato呢隻就啱啱好
5,用了9年，價錢平，粉塵小，可以剷向厠所沖走
5,"三隻貓都鍾意當原粒零食咁食，感覺較健康，支持hktvmall,罷買中國貨"
5,一直用開，非常抵用👍🏻
5,清潔猫猫耳仔，很乾淨，這次是回購的。
5,貓貓昨晚走了，我訂的罐頭未送貨，請問可以退貨嗎？
5,很好吃 比之前試過的台灣牌子好
5,好用，價錢好抵👍再次回購😊
5,貓咪鍾意食，天天都食，所以一直回購多次，品質包裝都好
5,用過幾種貓砂，都係這種好👍
5,"一直都買開, 貓貓都中意, 而且平, 抵"
5,包裝完美，又有驚喜，多謝
5,貓貓鐘意，包裝好好，是值得推薦的一款濕糧。
5,20歲的貓咪表示唔夠飽，太水，食完一罐一陣已經要求食其他比較杰嘅罐罐🫠
5,多貓家庭，好用，已多次回購。
5,"商品好，無意見。主要想HKTVmall 平店重視帳號安全問題，我第2 次購物，帳房就被盜用了，被逼要致電card centre cancel card, credit card 本身bind 很多自動付款，有多麻煩就不說了，沒客服電話，投訴無門，線上客服等了很久不斷重複按bot, 也無法接觸到，平台體驗非常差。在此要求平台客服直接聯絡本人。"
5,已多次回購，3mm比較好，少粉塵
5,貓貓一直都用，佢哋都鍾意用
5,包裝很好，送貨準時，很快，送貨哥哥很有禮貌
5,主子喜歡吃，價錢ok，會再購
5,長期使用。電動厠所買幼粒2.0合適。
5,貓咪很喜歡，又可補充水份。
5,"貓貓一直用開, 粗粒好用, 用完再買"
5,主子喜歡得不得了，每次可以吃一整罐，我一定會推薦给朋友
5,貓貓超級鐘意食，健康無膠，每包份量少，可以氹到貓貓，又唔使一次俾太多，會一直回購
5,價錢平就回購，貓很愛吃的
5,主子挑食問題一律建議這款
5,"回購，貓貓指定口味，支持hktvmall,罷買中國貨"
5,好好用，傷口痊愈得好快
5,回購 還有小禮物多謝！
5,又是三包！回購再回購🐶
5,每個月買一包，貓貓鍾意食
5,已回購多次，$76再95折，應該係最平
5,夠厚 早上第一尿都唔會濕腳
5,"貓咪食開，價錢跟店差不多，唔駛抬送到家, 還有兩包濕糧送，正！"
5,"價錢合理，如覺尿味仍有，清走便可以，粗用也能用很久，比較用豆腐砂更合化算
"
5,貓貓最愛的乾糧，已多次回購
5,唔錯，洗得幾乾淨狗狗亦冇唔舒服感覺
5,貓貓用開非常有用，呢度買好方便！
5,可以幫貓主子補水、唔錯👍
5,回購~ 本身想買多d，但唔夠，希望會再返貨。
5,抵用兼好用，已多次回購
5,平靚正👍🏻，吸水之餘更吸埋味，比貓貓用絕對足夠😽😽
5,唔錯 貓咪喜歡食絲狀嘅罐罐
5,吸水力強，已再次回購。品質良好！
5,"好用,價錢便宜，上次我選購2.0幼粒，不適合大貓，容易會踢到週圍都是，這次選購3.O粗粒装適合好多，會再次回購"
5,好好用，一直用開，獸醫推介
5,狗狗腸胃差，之前都吃腸胃處方狗糧，顆粒太大，換這款能適應到，而且小顆粒適合小型犬
5,我買俾兔兔用的，size啱，比之前買開嘅便宜，一次過買一箱，方便唔使自己拎
5,"份量for細食嘅貓貓啱啱好
長期回購"
5,"回購, 狗狗傷口快速好返"
5,性價比高，價錢合理，因為狗狗出街都要用尿墊，會再入購
5,一直用緊依個牌子都成一年幾，但第一次係依間店買，估唔到間店包裝得幾好，希望可以長期做優惠，咁就會keep住幫襯
5,這款已經回購第四次，每次都買三四包！吸水力強，品質夠厚可惜的是價錢貴能平多$10更好！
5,價錢平 好用 多次回購
5,$659 I think good buy！又唔使拎🤗
5,味道很香，貓咪超喜歡吃。
5,又平又好用又唔洗自己搬
5,"又再購買，價錢合理！包裝完好！
老狗腎唔好，不停去小便，小便位置亦不準確，要不停換尿墊，好彩尿墊夠厚身，充分吸收。好用。"
5,包裝很好。滿意👍🏻 謝謝店主贈送貓糧樣本包。
5,第一次買呢隻罐 幾香 貓都鍾意食 有機會會回購
5,已多次回購，吸水強，品質好，推介
5,第一次購買貓洗耳水！看過很多牌子，最後選擇在HKTVmall上購買，因這牌子是一款不錯，相當有實力的品牌。
5,買了好幾次 very good
5,多次回購 抵用 吸水力好
5,一直選用 吸水力強 價錢便宜
5,回購，不錯，但最近兩次好像薄了，沒有之前的厚、剛收貨寫評論時發現今日仲平！
5,多次回購 兩隻貓貓都好鍾意食
5,"大小姐剩係食呢隻乾糧
一開始加咗水唔食
乾比就狂食"
5,多次回購 狗狗喜歡！！
5,超好。即使狗狗𠻹到亦無問題。狗狗皮膚病，我要求獸醫不用給予药膏，我會用泡泡靈，獸醫亦無異議，只給予口服药。
5,試過很多牌子，始終還是這個牌子好用，價格也算合理，所以一直回購。
5,"包裝好好, 貓貓好鍾意食。"
5,回購多次還可以有優惠價，抵，正👍
5,"買嚟服侍主子,一定要佢肯用&#40;雖然對貓砂最奄尖嗰隻過咗身&#41;呢隻砂抵用,係多塵D,最好用有蓋嘅砂盤"
5,用咗幾日，皮膚明顯冇咁紅啦，希望佢啲毛真係可以生番出嚟啦
5,每包接近2kg重（眾多家在此價位範圍內的淘寶寵物尿片，皆約在不足1kg至1.7kg不等，重量相等於厚度，對於選擇尿片是其中一個十分重要的條件）。本地買直接送貨上樓，以此價錢及品質，當今天下無敵矣！
5,"家裡20歲老貓致愛,keep 住回購

"
5,吸水力強 用開 價錢抵
5,"猫很喜歡, 特別是鍾意汁"
5,拎了恒生$800 送$80優惠，再加呢個$659嘅特價實在太好啦⋯5L而係冇流出黎囉踢得好好用個紙箱xpack得好好個蓋都冇任何漏⋯啊之前嗰啲再嬲到周圍都係
5,折扣後平過巿面買好多， 仲有一卷廁紙送
5,好方便乾淨，好好用！ 最緊要係我隻狗狗聞到唔會打乞嗤，唔會咳。
5,多次回購，各種口味都試過每款味都好好，尤其牛肉味很香
5,唉，双11狂歡過後帶來的衛生隱患每次都杰過王杰。。。每次d紙箱都有蝨。。。搞到家裏四隻貓都全部中了伏，一次買兩盒，咬到佢哋條頸同個頭一嚿二嚿，又係咁R痕。我個心隱隱作痛，嗱嗱聲掉晒啲箱。如果呢個OK嘅我會繼續買因為都算係平過出邊。上次出街買一盒都要260至280。希望繼續保持呢個優惠幫助更多嘅人。
5,適合本家老貓，樂意食，買咗好多次
5,"猫猫很快就已经涂上了
希望他唔再俾害虫所害
快快乐乐四围跳😂"
5,狗狗係petkit 用家 👍🏿👍🏿 滿意
5,"如果可以更好的話，可加贈送狗產品嗎？
因單一贈送貓產品，用不著是很浪費🙈"
5,用過幾隻牌子，都係哩又平又抵用，今次買仲有9折👍🏻👍🏻
5,常買，試過咁多款，始終呢款最好用
5,"$200 盒 買4盒減$25 全場最抵
2027年2月先到期，讚👍🏻"
5,家中有寵物，一直用開。
5,吸尿很快。吸味也行好。重點是不易有粉粉。已經第二次買了。
5,產品日期非常新鮮！包裝完整無缺！
5,"狗仔尿片以重量及吸水能力為考量。這個片上磅每包足足2kg,係淘記買，以咁嘅價都冇咁重，吸水性能合格。$220減$15再95折，四包都吾洗兩百蚊，平通全港，加上品質，真係唔洗去淘記咁麻煩。哈！今次見佢減價，想買多一盒四包既，點知原來第二包冇得減！"
5,很好，沒有異味，多次回購
5,"無比較無傷害
用完先發現之前用開果隻洗得唔乾淨
最重要既係呢隻洗耳水無味
以前用果隻一拎出黎主子們就會聞, 聞到係洗耳水味就會逃跑 lol"
5,狗狗喜愛，這款汁液豐滿
5,包裝良好，幾欣賞賣家有標註到期日，好多店都冇
5,第一次買，比想像的好，薄厚合用，下次會再考慮買。
5,貓貓鍾意食，而且又抵買！
5,用開，如果再平啲就好，咁細支兩星期就用完💸💸💸
5,回購N次了，最好用既洗耳水
5,"我隻狗好挑食,大D又唔食,唔香又唔食,硬D又唔食,幾貴都比佢試過,唔食就唔食,食開脫水糧食到皮膚病,周身痕,好難先找到細細粒又肯食,覺得香料無咁利害,一開始以為佢唔會食,點知肯食,食左幾日已經無咁痕,食晒會回購.thx"
5,送貨上門唔使自己抬，快靚正！
5,買過2包， 會再買2包 希望有用
5,用開的牌子冇貨，試吓這款，非常好，會回購
5,貓仔用開，有效用清潔耳仔污垢。
5,狗耳有發炎皮屑異味，試了幾天，略見成効，要再繼續用才知真正成效
5,有效果，但比其他貴同埋容量小
5,"收到貨心諗 咁細支特價左都一舊水
點知個女耳仔情況經常好反覆
睇埋醫生都唔係話好哂 洗左兩次耳仔好左6成！
貴得有道理 快啲好返慳返啲洗耳水😍"
5,用咗好幾隻牌子，都係哩隻最好又平又好用👍🏻👍🏻👍🏻
5,"好用, 冇塵, 所以再買"
5,"超市成日要連買 6到10罐先有優惠。
呢度 6.70一罐， 方便我 唔洗入貨太多。
遇上會員折扣日 仲平過超市。爽。仲要送貨。開心。"
5,9折後再95折，抵買好用！
5,Keketo新產品，小犬好歡喜
5,質量非常好，價錢優惠！
5,貓咪愛吃，份量雖然比較少。
5,洗衫又得，清潔家居又得，抹地又得，還對寵物沒影響
5,合主子胃口，會再回購👍
5,包裝完整，性價比高，推薦
5,轉左新版，感覺一樣，貓貓亦冇抗拒
5,方便，不用去獸醫診所買。
5,會回購，但這次收貨包裝破爛
5,"猫猫like, 多次回購"
5,買嚟看門口，傷口好得好快
5,已多次回購，係hktv買可以選擇送貨時間very 👍🏻👍🏻👍🏻
5,見好評很多，第一次試用這牌子，比想像中好。同用開的薄尿墊比較，摸上手原來都幾厚，吸水幾好，平、靚、正！會繼續購買。
5,睇評語話好於是買嚟試，狗狗用左2-3次，真係好咗好多！😍
5,幫襯左你3年啦，貓貓都好鐘意食，記得keep住水準啦，合作愉快
5,細細罐好啱我啲貓宵夜啦，或者係下午茶😻😹😸屋企三隻貓全部都鍾意食。
5,"價錢比其他網站平
豆腐味香 吸臭力唔錯"
5,"貓咪一直用開
價錢優惠
會繼續支持"
5,唔多塵幾好用，係價錢比較貴
5,貓貓食開的，日期很新鮮又可以送貨到屋企
5,"貓貓非常喜歡, Good!!"
5,用開 。 如果可以大支啲就好 。
5,可以入口都唔怕，所以見狗狗𠻹手腳，即揸。
5,幫傷口埋口仲勁過醫生開啲藥膏，已回購
5,我的狗狗不太喜歡吃蔬菜
5,因為身邊個個朋友都用緊，我就買黎試下，好好用，會長期回購，希望多d promotion…我可以囤定👍👍
5,"狗仔 耳仔懷疑有酵母菌 
用咗之後大概三次左右 差唔多好返八至九成
唔使去睇獸醫 
建議買嚟看門口一流"
5,幫猫咪轉糧，未知食吾食。
5,主子愛吃 👍🏼 已回購多次
5,我隻貓耳仔長期污糟，用過好多牌子都搞唔掂，試用泡泡靈3次之後，耳仔乾淨左好多，而家係一個星期洗一次做護理
5,貓貓用咗無蚤！Good！不過比較貴！
5,好用喎，洗左一次耳仔keep住尼兩日都乾淨，用開某牌子洗完第二日又係好污糟，認識得太遲
5,"主子大愛, 多次回購了"
5,"貓貓有嚴重耳蟎，用了韓國品牌的也未見明顯起色，見有評論話雖然細支又不便宜但非常有效。我就試在貓咪耳裡，用了兩次已能清出好多大大小小的黑色塊狀物，非常驚訝。。 之前貓咪一定好唔舒服。。

希望再用多幾次就能幫到貓咪回復健康"
5,比起其他產品較多南瓜，而南瓜對腸胃有益。
5,一直用開，今次買三枝 比超其他地方便宜
5,寵物必備，安全可靠，已回購無數次！氣味香、用來抺地一室清爽
5,好用，用左幾年，有寵物辟味好
5,狗狗用了2天，皮膚沒有那麽痕
5,對炎症有用 第二次回購
5,粉塵不多，凝結力也好，而且價錢比以前便宜了，會回購。
5,貓咪喜歡就是份量好像比之前少了？
5,好用，大粒，貓咪冇咁易爬到周圍都係
5,$109平！一直用開呢款，試過其他牌子又臭又唔好用
5,21歲老貓愛吃，長期回購
5,呢個係我隻British Short Hair 貓女喜歡的正餐。
5,"用開好用, 吾會油立立, 仲有少少清香"
5,冬天給主子補充水分，非常好，好鍾意飲
5,"朋友介紹,貓貓都好鍾意食"
5,水解蛋白糧吾系度度有得買，希望岩狗狗食
5,吸尿不錯，包裝正常，會再回購
5,品質好！沒副作用，不傷害貓貓。已重購。
4,有雙層膠袋包住，衛生企理，熟食方便，經常回購。
4,送到貨的時候已經溶解左
4,一如以往，夠大塊！真空
4,第一次買比貓貓試，收到貨後，原來有贈品送
4,多次回購，咸香惹味，今次特價5O元好抵希望以後可多買多折扣
4,已回購，做手撕雞一流，仔女鍾意食。 
4,夠肉，有三文魚味，已多次回購
4,用開，已多次回購，從來無問題，不過今次6包裏面有兩包沒有真空處理包裝，雖然沒有影響品質，但怕搬運時有啲砂會碎，我最怕啲粉跌到周圍都係
4,用開 但越嚟越貴 由6百幾蚊加到而家7百幾
4,帶子解凍後，加少許鹽 用牛油煎香，原粒size 冇縮水，好味😋已多次入貨放冰箱，以備不時之需！
4,第一次買比主子試，貓貓鍾意食，不過覺得好似唔係太健康，醬汁太多，價錢係好吸引。
4,我家主子好鍾意食呢隻糧。
4,"好味，而且算足量。
做手撕鸡可調多種味道，方便快捷！
推薦俾大家！"
4,收貨單與訂單不相符，所以費神去研究和跟進！應用訂單説明什麼缺貨，在檢核時會清晰易明
4,特價回購多次，味道不錯
4,送到來的時候有少少溶雪了
4,回購加餸氣炸方便，但最近肉質鞋左点
4,含有菜膠，雖然對貓好壞意見不一，所以都是試下就算。有待觀察后再決定是否回購。其他兩款👍
4,三文魚包裝一大一細. 感覺上69.9唔係特別抵。
4,中size都夠用，又靚又可以慳返啲
4,雖然貓貓喜愛，但價錢太貴。
4,第一次試，OK啦。貓咪喜歡。
4,看似較大会縮水好食但不宜煮太久方便煮烏冬
4,對我嚟講比較鹹咗啲， 但都好味
4,比以往買開嘅多左好多細骨同好油，油到成個袋都係
4,包裝整齊清潔 會再次回購
4,剛剛用，如再便宜會再買
4,肉質嫩～等特價$399/2先回購
4,一直用開，減價立刻再入貨
4,略為加熱即可，方便，但稍咸。
4,味道適中，$50抵食，用氣炸鍋焗返熱比較用原袋返熱好食，多次回購，冰箱必備
4,未食，以前買過，希望品質無變
4,好吃，性價比高，會再回購。
4,已經多次回購。先解凍，然後用牛油煎香。好美味
4,我记得第一次购买试食后，已给予了极高的评价。但回购后质量不稳定，原本嫩滑可口，变得咬不动，或许焗的时间不够，请改进。
4,  包裝良好， 家裡人覺得好吃，氣炸後香氣四溢非常咸香，似食乳鴿。本人覺得偏咸左少少，5O元性價比高，這價格会回購的
4,我對這品牌有信心，雖然還未使用，但希望價錢可再便宜一點。
4,回購 最好有到期日 及優惠
4,買得太多，貓貓有少少食厭
4,過份包裝，一支洗頭水用一個十幾寸大紙箱裝。
4,唔知係咪我唔識煮定解凍有問題 有陣怪味我係用牛油煎 熄火前落香草葉碎下次試下解凍時間唔好咁長或落蘇打粉洗洗佢 睇下有無幫助煮好老公話好細粒其實還可以 煮好就大概$1咁上下大加單買 12粒/$51 呢個價錢仲想點如果價錢仍是$51一包我會繼續幫襯
4,有兩舊半，算大塊，質素吾錯。唯一缺點係魚鱗冇去除
4,$50/隻&#40;約900克&#41; 方便，翻熱就食得
4,第一次購買99HKD價錢加得太快啦!
4,愛貓都非常愛食，已回賺多次。
4,價錢吸引 味道唔錯 會再回購
4,都幾好，但感覺以原味來講都好大味
4,今次$78幾貴，點知一個禮拜之後VIP又價$68☹️
4,咸左少少，但送飯送粥就一流👍🏻
4,入面比較滑，水份高，綿綿的，有少少類似肉塊咁
4,今次再回購，狗狗好鍾意食?多謝小禮物
4,味道剛剛好肉質嫩滑價錢合理
4,以前都食過，夠味，肉質都ok!
4,味道不錯，有鹹香，雞肉有𡁻頭。
4,好食，但一大一細，分唔均勻
4,非常入味再回購，其他商舖好似平多，期望呢度買可以多買多折扣
4,"好味,方便。價錢合理。"
4,用後好像掉少了頭髮，而且每次需要使用的份量不多。這裏的價錢比起其他商店略高，不過購買時有贈品送
4,挑食柴都喜歡，已經多次回購，持續食用一年以上，希望可以再有3件組合優惠。
4,放落膠袋翻熱 會冇咁變鞋
4,$56隻，黃油，切件生滾雞粥，ok夠味。
4,"包裝完整、送到時都仲係冰👍
價錢越嚟越貴，一包15粒只係正常大小，煮熟後再細啲"
4,味道唔錯，翻熱即可食用，方便加餸
4,長期食材，但而家愈黎愈差，成日揾啲頭尾搭。講開又講，而家hktv 好似成日出啲蘿底貨比客戶，有時真係唔開心。
4,用開的，見HKTVmall 比其他商舖賣的還平一點，所以在HKTVmall 訂購
4,包裝好，食用期長，只可惜主子不欣賞，唯有送給知音貓
4,比貓當小食，細細包剛剛好。
4,家人喜歡食，不過有時鹹咗少少，買了放在冰箱做預備，隨時可以加料，又放便翻熱就食到了。
4,1大1細，都好味，不過送到嚟已完全解凍，多次買凍貨都係呢情況，始終唔係即日就煮，希望HKTVmall有改善！
4,打邊爐同炒嘢都啱用，係覺得細粒少少啫…
4,味道很好，另我訂購韓囯迷你杏鲍菇，狀態顯示已取消，錢已收取，還未退回。
4,每次買幾包，希望有做特價
4,味道好，吾會太多油，我仔鍾意食，我地常常手撕雞
4,"好用,價錢平小小更加好"
4,我用氣炸鍋，整成鹽焗燒雞，好。
4,未必回購。不辟味。亦找到另一款更辟味。價格更吸引
4,味道啱我，唔太咸，雞皮下無脂肪，肉質彈牙但唔韌，翻蒸熱就食得，隨時加餸。建議手撕再加芝麻仲正，已回購第二次。第一次買50元，回購56元，貴咗少少
4,總共好多牌子！呢個都算可以用得味道可以！貓貓都喜歡
4,"常有貨在冰格內,平、正"
4,回購多次，不過比之前細粒左
4,其實佢標價算有d貴（藥房會平d）但用落錯，我頭髮好幼好易洗洗下好啜咁，但用呢個冇事，洗完滑d，冇咁易kick到。防唔防脫真係唔見得，後正都係普通洗頭水價錢，比冇指明防脫嘅好掛應該。（我係男）
4,清蒸都幾好味， 幸運地今次送來魚腩部份，真空無漏氣
4,好用而且無乜香味，已是多次回購
4,未試，但看到評語非常好，所以先試用看看效果
4,👌猫咪喜歡食，最緊要健康。
4,少粉，蓋味好，但吸水唔快，容易痴底
4,整得脆口，我地四個寶寶都好鐘意食，今次回購繼續有送小食
4,比一般貓砂好用少少，但多貓家庭用幾日好大味同好易散：（
4,不知道是否貓砂用得久了，貓砂盆底的砂會變黑，似發霉的狀況。
4,我第一次用，用後香味可以分解決到尿味，可以 值得一試。價錢可以評D啦？
4,比想像中好用 吸濕力強 唔會倒出黎好大粉塵
4,味道有點濃網店較貴還好不過未見效
4, 除味道有點濃烈，其他就正常一支洗頭水。
4,"超正
可以捐入沙發底
好靈活
不過D濕巾有D貴
8pcs/$24
隔日拖就一星期玩完"
4,相當輕身靈活，在全屋地板處理後，手臂都沒有明顯疲勞感覺。
4,對易斷的髮質有所改善！
4,可能近期潮濕，所以感覺結得晤太實
4,肉質味道可以 翻熱即食方便 唔會留過夜再食個人要求唔高 人人口味不同 ... 唔會推介朋友 
4,"常常回購,吸水力好,在厚
少少仲好"
4,陣中藥味都幾香! 不過應該唔岩長髮用，太乾，好明顯打晒kick
4,平和好食，已經多次再購買😋😋😋
4,好用，頭髮較簿，用了一年多，頭髮比之前多左
4,貓咪喜歡，但原來不是主食罐，是副食罐。
4,貓咪好喜歡，食用日期又很長，價格比其他商店貴些小，要保持competitive price 和貨品新鮮喔😊
4,628，無特價。用開好用，對貓仔安全啲。
4,一直用完再買，質素穩定，好過T B。
4,店舖男員工服務態度很好，協助我執好貨品落購物車，感謝！值得讚賞
4,Size唔錯大細岩岩好，品質良好。
4,多次購買，希望做多啲特價
4,"1 貨物品質好, 我己多次購買"
4,"雖然係自家用, 商家都有用紙盒包裝, 但本身膠樽質料比較薄, 有少少凹, 但不會影響實際用途."
4,"用開。吸尿及吸味一般，適合細狗用，整體感覺ok , 會keep住回購。"
4,價錢較貴，但寵物專用的又選擇不多，拖地後味道不錯，看見訂購3件貨品有88折就叫做平返啲啲啦！
4,"呀女試過好多款糧都吳肯食，係呢款先肯開口,會keep住回購"
4,買了給三個月大的貓貓！要搣碎給他吃！三個月大是否可以吃？因沒有清楚說明！謝謝你！
4,貓乾糧包裝外觀整齊清潔，會再次回購。
4,"第一次買，好用，冇乜粉塵，吸咗尿尿貓砂又痴到實，好容易剷走，而且都幾吸味

我見資料寫產地係日本同台灣，所以先訂購，但係包裝上又搵唔到產地資料，希望產地資料係真，唔係MIC

"
4,用開的，不用自己帶回家，正
4,幾時會返貨啊？我個女冇得食呀！
4,買呢做麻辣手撕雞，肉質ok
4,有特價就入貨，送貨都準時
4,一直有用，養貓貓就用得放心，有優惠就更抵
4,不是厚型，很薄，可能因為我養小型狗，吸水力很好，不會化到整張墊都係👍🏻👍🏻
4,稍咸，但間中食可接受。抵食，特價$50，自己都整買雞都唔止。全真空。我用microwave解凍再加熱，方便!作為煮婦，間中偷下懶，爽!
4,味道好食，方便，都大隻
4,我食開重味野都覺得佢咸！白食唔得！煮粥一流！
4,價格便宜 品質保證 值得推介 我已回購了好多次
4,回購已很多次，但這次買的有些問題，開第一包有十多片有膠黐住塊墊，打開時因黐住塊墊爛咗。第二包冇問題，用緊三包，暫未有問題，第四包未開，希望冇問題。
4,$100 包不是太平，不過送上門 ok 啦～
4,太大粒糧，貓貓進食有難度
4,"這次是我本人第三次購買這個貓草
我屋企兩隻貓都好鍾意食
但最近呢一罐貓草，我見我兩隻貓都唔肯食
聞完就行開咗，已經試咗幾日都係咁
加上收貨的時候，我發現罐上的蓋不是密封的狀態
我懷疑可能貓草變質了
請問可以安排換貨或退款嗎？
謝謝"
4,濕後發大成碎片，易清理，滿意。
4,狗狗鐘意食，食咗對皮膚敏感有幫助，但係大便屙爛屎，以為過一排會正常返，但已經食咗2包仲係咁😰
4,已經再次回購包裝完整送貨準時
4,第一次試用，未知效果如何！ 貓砂送來時沒有紙箱，全放時有點不放便，可有人跟進嗎？ 送貨人員很細心同有禮貌。
4,第一次買好新鮮，第二就冇咁好，不夠新鮮，可唔可以貨品穩定D要才可繼續回購
4,"之前我隻貓都中意食, 可能已經食厭左!     產品無問題, 只係我隻貓太咀挑."
4,味道及肉質都Ok，我以為是凍雞，不用解凍就可以食，點知是成隻冰雞，解凍兩小時啲冰仲未溶晒，大失所望。
4,好味道，多次回購，正👍
4,"包裝穩妥,完好無缺。 用開原味，綠茶味未用過。 聽講闢味幾好 ,好用會再定。"
4,貓貓喜歡用，吸水力強，價錢還可以
4,品質好，價格便宜，多次回購
4,綠茶味不太好聞，下次買返原味
4,貓主子喜歡，希望可以减肥成功。
4,"好用~ 
只不過香味比較強列..."
4,不厚但超小型娃娃狗都可以
4,已買過多次，但比上幾次買的細排了！
4,貓s接受有食，但未到好鐘意
4,用過咁多隻，呢隻常做特價，而且易溶解，冲多兩次水不見了
4,平時揀食既狗狗都好鍾意食
4,其他零食添加劑較多，呢隻較天然。
4,價錢比較貴，現買3件貨有9折，所以要立即購買。
4,貓貓很喜歡吃 會再次購買
4,貓貓好快食厭一種口味，這個產品有多款味道，可貓貓嘗到不同味道，而價格合理。
4,"初次試用，有細包試非常好
有少少香味，貓貓都ok"
4,Ok 但未至於好食到令到我想回購
4,很入味不太咸，已全熟做手撕鸡方便
4,再次回購，今次收到貓砂幾好用👍
4,獨立包庒更不怕近排咁潮濕的天氣
4,"可以, 但係好貴. 要等有平先會買."
4,一站式服務 如果每月有 產品最低價 咁就更加好啦
4,肉質非常嫩滑，六歲孫仔都食到唔停得口，如果可以一排獨立包裝就更加好，因為兩排不能分開解凍，每次要人多才可以成包一起解凍食用，2人晚餐真的唔洗諗。
4,這個很好用，價錢亦不貴
4,今次真係令到我幾煩，訂咁多次貨都無問題，最近呢次 真係攪到我不知所措，訂嘅貨同收到嘅貨係唔一樣，不是我家三隻貓食開那款，而我又準備離港幾日，好在有預早一啲買，才不致我家貓貓無貓糧，因為你哋換貨比我嘅日子 要在21號，但21號我不在香港，今次貴公司擺了個大烏龍，希望你哋要double check🙏講真 真的對貴公司有點失望
4,不好意思～暫時未用 比價格吸引所以買了。
4,"家中三隻貓貓都很喜歡食😀
會再次回購😀"
4,"質量好, 放心用, 我會回購"
4,我訂8包只收到7包!還欠我一包!請問幾時補回?!
4,因初次購買，暫時送貨收貨及產品各方面都滿意。
4,比平時的條條細支，但我家主子都幾中意食👍🏻
4,袋有少少欄左  但都不大影響
4,都唔錯，凝結幾好，吸味都還可以
4,味道好香，貓喜歡食，但偏油
4,貓貓喜歡食，比之前食得多
4,店舖自提都要收運費！好似唔係咁好👎🏻
4,回購。今次未食，如果同上一樣，應該ＯＫ
4,用起上黎砂比較乾身👍但係唔夠團結，一剷即鬆開，睇黎唔係用好耐先需要更換
4,有用開 回購 這次送貨有滲漏情況出現 要關注下
4,"1 包大1包細
細的好食好嫩， 大的始終有蘇味雖然大件。
買過多次"
4,結塊同消臭效果好好，會再回購！
4,尿片冇問題 但包裝好污糟而且仲穿咗幾個窿 下次可否攞膠袋包包
4,一齊良好！平 ！抵用 ！
4,一定要買粗粒先有綠茶香味～之前買錯幼粒唔掂！又碎又粉又冇香味
4,價錢合理，味道清香，送貨準時
4,VIP價199買，有兩排，一排都吾夠18cm長，慢煮1小時再烤10分鐘，好食，一排只夠兩人食。吾叫抵食，但還可以接受
4,貓貓喜歡原味，價格平，好用
4,貓貓喜愛這品牌， 幼砂凝固力也很好。
4,一直用開，通常我會戴口罩先倒貓砂，係倒嗰吓大塵啲。
4,貓鐘意食  不過有d太水  就咁拎住餵有時會滴落地
4,買21罐，凹6罐，但包裝盒是完好的🤔
4,比預期細塊，但味道ok
4,貓貓喜歡吃 今天再回購 謝謝小禮物
4,兩件羊架包裝在一起，很難分開解凍，但一起解凍又太多，吃不了，所以很麻煩
4,買了好多次，肉質唔錯，抵食
4,"肉嫩，小朋友鍾意食
"
4,$20 抵食 多次回購
4,199 加95折，等很久。
4,買開。好食。已經回購數次
4,包裝完整，羊架唔肥又好味
4,砂幾好，小粉塵，但唔太吸味
4,目測今次好似細排左，其他ok
4,比想像中細件，但煮完d肉係林同好味既，特價既話會再買
4,今次阿媽都話好淋，佢牙無力都食到。好食到一包十幾條，7個人食都唔夠食。
4,未食就要評價，不停唔同信息要你評，咪囉
4,做緊特價$628就買，唔係特別平，係因為貓仔唔聞得漂白水而用，隻味都幾清香，唔會令人作嘔。
4,諗住$723/3件都算平就買左，依家$458/2包仲抵！肥唔肥好主觀，看圖判斷
4,比較細件，若價錢低一點就perfect
4,"低碳食物非常健康，今次買咗之後再有特價係$92 
10包、超抵買，有特價不停買😂"
4,冇多餘包裝只係用bubble紙包品質好滿意多次回購除咗做沙律煙點去到190度煮食都放心
4,好味 減價及有送貨所以買了三盒 不過75X減至33元兩盒! 這裏偏貴
4,第一次食，口感有點怪但可以唔駛放雪櫃保存幾好
4,回購，再有折扣優惠就更好
4,紙質好，不會易穿和紙屑
4,價錢同出面買差不多，但勝在送到屋企唔使自己拎。
4,今晚試食， 2個人，食8支， 剛剛好！都幾多肉， 咁既價錢， ok! 會再落單！
4,仲未食用，包裝完整，送貨服務好好！
4,肉質嫩，有鮮味，雖然肉就少的，但整體都不錯。
4,"肉質好, 有羊味, 如果怕羊騷就唔好試"
4,好、味道特別、不錯°°
4,肉質鮮嫩， 只是太細舊啦，1家4口可以一次食曬16枝
4,須然細，但夠嫩。好食。反單幾次
4,勁流心，小朋友喜歡，不過大人就覺得稍為甜了少少😊😊
4,懶人恩物 煮麵帶飯做餸都好方便
4,肉質不錯。細細條，不用焗太耐。最緊要，無蘇味
4,無次前$199 平，但好味，回購
4,金鼎米最好有八公斤壹包！
4,$121 有兩大樽，有用開其他牌子米糠油，今次因減價吸引我試用這款。
4,門市買$219，size比較細，比較薄
4,長期使用此產品，喜歡它的紙質。
4,可惜日期太近，希望能食用完
4,包裝好好，未食先like!
4,大大樽，每樽有2L，未食用，見油色金黄清沏，日期去到2023年7月。
4,好好 - 大細啱啱好，調味然後只係放入氣炸鍋好方便
4,多次回購，今次兩排羊架比先前訂開的細件咗。
4,好食，一特價先買，經濟不好，希望價錢減多啲
4,上次買過幾好，今次係第二次買嘅
4,$199 抵食，香草一晚再用200°c焗40mins.
4,肉質唔錯，價錢都唔係特別平
4,包裝非常小心和整齊，可考慮再次回購。
4,"$30。
以前口感爽口彈牙，今次呢包又軟又淋，配方改咗？"
4,用黑啤醃味，再煮 ，非常不好味!
4,幾抵嘅，但個包本體唔算好食一般般～個餡就幾好😗
4,"送貨單上收貨人寫生日快樂X小姐, 如果送貨員在致電送貨交收時, 都讀出生日快樂X小姐, 那就更好了~"
4,雖然肉比較少，但非常之鮮嫩，鋪面219蚊買比較抵
4,一直有用開，好用。 不過今次送到嚟發霉發黑，已申請退貨
4,"多次回購,ok好食,肉質嫩嫩"
4,味道香濃，辣度適中，回購
4,"$199,  還未食用，看上去肥膏較多"
4,"因為送黎唔係真空， 要即時處理。 因第一次買，暫時感覺ok.  聽聞 nmic,  希望係真"
4,好味，唔羶，已多次回購
4,包裝非常企理，第一次選購，還沒有開封食，但賣相非常OK，暫時看賣相及呢個價錢都很抵食
4,"味道十分好,若果送貨上門時沒那麼容易爆就更好了"
4,雖然同其他超市同價，但同雜貨店比都係有d貴，不過唔洗自己搬都ok嘅
4,又是已答覆了，故不作重答。
4,氫得回購，已經係第二次買
4,包裝好... 煎黎食幾香
4,試過幾隻吾多食，但尼隻就好鍾意食。
4,有羊肉味有啲肥但好食😋
4,味濃 肉質好 size適中 2-3人食兩餐
4,已是第3次回購。味道還算不錯，不太咸。
4,肉質鮮嫩 pan fry 或者放入焗爐都可以  如果價錢再優惠些 就好
4,"容易撕，方便，大小適中
品質良好"
4,the staff at 北角健威坊is very helpful and nice
4,好味！還可以再有優惠價
4,份量幾大，焗完都幾好食
4,質量同藥房一樣，價錢貴1-2蚊，但一次過買就唔洗自己 carry翻屋企。
4,唔駛自己搬返家，真好！
4,未食，方便，放在冰箱，想食隨時可以蒸來吃
4,"追加價$199, 抵食"
4,見特價$229 才再次回購！加咗好多價。
4,"估唔到真係好細支
味道就未知仲未食"
4,45元貴D，其他人之前都是40。40可再回購
4,品質好但價錢優惠些更好己再次回購
4,肉質鮮嫩，味道不錯，但收到貨的時候，差不多已溶冰一半了，不太理想
4,剛試用味道幾強烈，的確去到味，我係養狗，狗又成日周圍小便
4,一直回购，但是没有塑料瓶装的价格好
4,用開，好用，係回購商品
4,好吃唔會好肥，做多D优惠會再購，切出來有的厚有的薄，不過不影響吃
4,出乎意料外好食 好冧有羊味
4,包裝完好，仍然在冰冷狀態。未食唔知味道好唔好。
4,"都好飲既，的確係生津開胃👍🏻不過糖份比較多，如可以少啲糖或用羅漢果糖更好。

個人較喜歡雙檸米水同蜜桃米水。"
4,幾好食，推介！但不是太juicy，依個價錢算係咁。
4,家人喜歡，經常回購👍😋
4,"有飲開但送嚟膠袋已爆口,好咗無影響"
4,唔算大件但質好嫩同唔羶，雖然面有少少肥焗完還可以。
4,"送左5支 
差 Milkis 忌廉溝鮮奶 &#40;樽裝&#41; 500毫升 x1"
4,399兩pack，抵既
4,好乾淨，又嫰滑！二百零蚊，平靚正！已再買。
4,N1 是我貓貓常用的貓砂
4,第一次試，可以。會再試。
4,好用！一直用開，吸水好，吸水後不容易爛開。但喺無半格款，抺細少地方，就要用一大張，不想浪費只好自行用手撕開。
4,抵食，做早餐一流，價格便宜，味道也不錯，方便
4,"味道冇問題,不過送貨時冇雪袋有d擔心 .....其他公司都會包好先送,希望會有所改善"
4,折扣後$208抵食，肉質鮮嫩，不過肥咗少少
4,雖然肉比較少，但肉質嫩滑，唔騷。細細件容易控制生熟度，切件後每邊各煎3分鐘剛剛好。骨架位亦清理得乾淨，多餘脂肪已清走。買2件唔駛400蚊，性價比ok。
4,比預期好，價錢折上折，好抵，一定再回購
4,"399/2pack, 星期四VIP x Citibank信用卡計返85折，好抵"
4,"抵買又送貨, 不過客戶服務部就真係幾趕客"
4,"價錢是很便宜 但品質吸力 比最初買的時候差很多 吸濕弱等於沒用
最初買的時候 吸力強勁 不知道為什麼越來越差"
4,店內員工服務良好。👍👍👍
4,香煎羊架簡單方便，比一田買嘅係細件好多，煎完會再細d，係一口羊。
4,好食係可以，但價錢不合理！時時加價！一星期前和一星期後的價錢都不一樣！應該反省一下
4,可高溫煮食，美中不足係塑膠樽易氧化。
4,未食，但望落冇圖片咁靚
4,"Size 太小了，但肉質還可以的。
這個價錢應該可以買些再好些的。"
4,羊架好嫩滑氣炸或者燒烤都好好味👍😋😋
4,是購買滴露衣物消毒潔劑的贈品抵用
4,肉質嫩滑，不太咸，幾好味，50元會再回購。
4,品質OK，味道稍咸，不過放在雪櫃，加餸時用，是方便的。
4,夠味，方便加餸，包裝衛生，有特價更好
4,回購多次，鹹味剛剛好，又沒有太多皮下脂肪，很抵買
4,"係有點鬆，但紙質ok, 一分錢一分貨，感覺唔差"
4,"贈品 is ok, won&#39;t buy at original price bc it is thin"
4,品質不錯，包裝整齊，會再回購。
4,相對健康之選，是煮湯麵的恩物， 味道不錯，愛淡味的人甚至放半粒入碗已經夠。
4,商品完整乾淨，2月17日訂，到期日年尾12月，會回購。
4,幾好味
4,已是n次回購，如果不是好吃又不會多次購食啦。
4,已食了很多很多次，$50 不錯。
4,不停回購，鹹鹹地幾好味，焗完雞肉仍然很滑，份量剛剛好，不大不細
4,好滑，略咸左少少，淡返少少就完美了。
4,"鈣思寶高鈣燕麥豆奶 250毫升6包裝 x 2排 $44, 現在我買4排反而要$89"
4,這次買雞味較淡味，魚味的味道較濃的也買過！這英國牌子較其他品牌的深色圓厚大粒. 我會混合的給我心愛的貓孩子🐱
4,食開西莎想換下口味，買咗幾款試下，狗狗愛食。唯一係運送/包裝形式希望店家注意，6罐有3罐都有凹陷
4,已多次回購，因為無糖，會較健康，加上有淡淡豆味，加入煮原片麥片，好味又健康
4,訂了2 罐這個味道，但送了24罐.....。如何處理及跟進？
4,回購品，但今次終於証實金色裝比其他同品牌4層紙較窄0.5cm，我家廁紙架沒中軸，導致廁紙滾動時有機會跌出來，唯有小心啲扯廁紙，將貨就價。圖1是金裝廁紙同爽身粉味廁紙筒，圖2是金裝紙筒，圖3上是金裝，下是爽身粉味。
4,"生酮早晨，好味又飽肚，
可惜價格高了些!"
4,樽裝上perfect for沒有指明可以即食，沙律等。我購買原意是做沙律。請問可以嗎？
4,我覺得味道都ok，不過好似其他用家咁講，冇乜牛油香味，口感係好脆唔係鬆化嗰種。不過始終唔係真曲奇，做到呢個程度都收貨了，都夠用嚟頂住曲奇癮。
4,維達4層立體衛生紙一直都有用開，今次見到HKTVmall 買一箱27卷有做優惠，比起平時買一卷平少少，喜歡這款衛生紙夠厚身。
4,"好有豆味, 飲落都幾滑, , 比起香港牌子既無糖豆漿濃味得多
下次要試埋premium果款"
4,$149.8 品質良好，厚薄適中，香味可以，不過個人喜歡同品牌爽身粉味多D
4,唔會笠，用左又好似真係冇咁毛糙，目前都ok
4,特價買3箱$225.70，平均約$75一箱，另外也有贈品送
4,"解凍後， 用氣炸鍋 煮大約17分鐘，完成。
煮出嚟嘅雞翼 ，鹹鹹脆脆，有少少乳鴿feel, 好味。 雞髀肉就稍嫌韌 咗少少， 但可接受， 總括嚟講， $40 抵食。"
4,放大門入面邊位，屋企冇小強，但大門外見到兩隻，呆呆滯滯唔點郁，之後睇睇效果...
4,包得好好有bubble紙包，食開花生覺得好味試吓芝麻，個人覺得花生好食啲，不過呢個都有香濃芝麻味同個面有芝麻香口啲
4,"實幹的銷售公司
我會再次回購貴司的貨品
亦會推薦給別人"
4,用2層泡泡紙包著，尚算可以，如果有紙盒包裝就更安全。牛油果油味清淡，沒什麼油煙，瓶口有膠咀，倒出來用很方便。
4,"廁紙品質唔錯，好厚身。
但收到貨時，紙箱外面已損壞，睇到入面既廁紙，感覺唔太衛生🤔有待改善"
4,價錢與外面店鋪減價時差不多，但年期理想，最快過期的一盒是 2020年7月
4,好飲 $58 三包，平！之前買貴啲，已回購！
4,取貨後，第一次開蓋後，但蓋已經滑牙，再扭唔返實。
4,"已經多次回購, 但是今次包裝有問題，一邊有封口膠邊但一邊無, 過往都是兩邊都有封口膠邊, 依家唯有用夾封住, 有排先食曬, 希望改善包裝"
4,適合作烹調用，可以再平點就更好了，阿信屋77折不用$18，雖然貴了點，但勝在有人送貨ok啦
4,用第一次，小貓只有少少抗拒但沒有大發脾氣。口氣立即變好了，但發現有一隻爛牙立刻掉了出來，請問這是正常的嗎？
4,肉粒偏大，5.5月貓貓還未適應，要撕開。肉質類似魚蛋質地，食完冇軟便問題，會試晒全部口味
4,用開，紙質柔軟無味，但質量感覺比之前下降，薄身左
4,第一次購買，贪佢價格便宜些。 以前未用過，抹手時係有纸粉碎。因𤔡粗用，下次可以考虑其他牌子。
4,"一直用開此牛油果油,味道很好,價錢吸引,食開有信心,會繼續回購！"
4,包裝穩妥，沒有滲漏，有效日期人2-5-2026，滿意。
4,這是直送物品，但沒有收取時間的選擇，本來選定2月7日收，變成2月6日送來，還要在便利店取，真好笑
4,"可以除味, 但香味麻麻地, 佢話係green tea fragrance 我又唔多覺係green tea味"
4,定妝效果亮澤，不過睫毛液會染渾到下眼皮，可能都係要落少少碎粉
4,"最近2次購買， 有啲貓砂染上了淡淡的紅色. 
初時令我懷疑係貓咪問題，後來才發現係最近2次所買的貓砂都係咁 "
4,還未使用，用過再給評語。不過我也是看評語好才買。應該不錯。
4,一直飲開呢隻，有優惠又唔使自己拎 當然回啦🤭
4,買20罐有平，所以選咗不同口味，有些罐凹陷，大部分到期日係2021年12月。
4,以低糖無麵粉零食嚟講，味道算可以，開封後建議放雪櫃，可保持脆口感，食完冇罪惡感係賣點。
4,"回購多次………
之前買少量都一堆贈品……
但近幾次每款20-25罐買………
一包試食贈品都無…………"
4,唉 買貴左，上個月買113 今個月99-105
4,包裝良好，有雷射標籤，雖然每次expiry date都好難揾，我就信佢
4,貓貓一直用開，已習慣這質感和味道。唯獨有粉塵，有時包裝漏氣。
4,原來買8件才有贈品送，養1隻貓，成100 罐罐，何時吃得完！
4,"家有6隻貓其實好搵一個牌子嘅貓糧係隻隻貓都食，食咗咁耐只有Royal canin 係6隻貓都肯食
屋企有6隻都係長毛貓 定時定候需要幫佢哋排吓毛 今次就比佢哋試咗呢一款濕糧 都願食 食完又冇話佢哋屙 會keep住買"
4,會，但係產品非常👍🏻之後我想問一問話購物滿$500捨有一個公仔送點解冇
4,店員樂意協助開箱，並提供地方予把廁紙轉放入自己的購物車，亦表示可代清理包裝紙箱。
4,$250買多一件半價，好抵用。其他冇得測試比唔到意見。
4,"一直有用開K-Clean 產品, 安全, 有信心, 如果有優惠套裝更好."
4,"品質都OK,不過有時啲香味有少少唔同，但貓咪都喜歡食！"
4,"良好的銷售服務
我會推薦给別人及會再次回購"
4,一星期前主子嘔吐漬算起到，但好耐之前嘅漬就唔係好得，氣味ok!
4,吸水力眞係強👍揀咗綠茶味，仲可以驅除臭味～用量減少咗好多～而且冇傳統沙咁大塵，性價比好高，一定繼續用落去
4,厠紙品牌有用過，不錯。剛見有優惠價，所以訂購
4,$40一隻好底食，肉質唔錯，調味都幾咸，用嚟煲雞粥或者湯粉麵非常合適
4,吸水和吸味能力好，無臭味，3cm長條不會咁容易黐住貓爪子帶出貓廁所外
4,滿意，味道不會濃，皮膚不會感覺乾， 用來清潔手袋也不會變色
4,貓貓肯食，快5個月大，每次只食一半。7蚊40g唔算抵？！
4,因有濕疹，不適合用酒精搓手液。不過價格略貴
4,齊貨，第一次購買，貓貓終於有得食。但係有一兩個罐凹咗，希望下次可以小心啲。
4,我們的毛孩子每天都吃兩條做睡前獎勵品。已經買過幾次了。
4,"1.喜歡
2.会再次回購
3.会推薦给別人
4.以往我購這商品.在纸盒內,貓罐頭会再有一層透明防撞膠來保护貨物,但近来這幾次已沒防撞膠來保护貨物,如大力碰撞,有很大機會会使纸盒內的貓罐頭凹陷.小小意見.
亦謝謝貴公司的良好售後服務"
4,主子長糧。包裝非常整齊。價錢$630，好抵買。
4,紙箱包裝有兩處損毀，幾乎可以望到箱內的廁紙
4,庫存差不多吃光，最近疫情超市都沒有promotor 推廣優惠，剛好這裡價錢尚可接受，每天早餐都愛吃！
4,價格比平時買的還要優惠，送貨到家，包裝完整
4,價錢較其他商店較便宜，但貓貓吃了有軟便，不知好不好！
4,"第一次幫襯 包裝完整 班主子都食得好歡喜
會再幫襯"
4,僻味效果顯著，但產品本身的香味濃烈刺鼻，需要很長時間，香味才散
4,買了多次，由過年到依家貴了14蚊，加幅太大，會轉用其他牌子
4,論味真的是最好，綠茶味比大粒的勁。但容易成地都係，大粒的比較不會。
4,"呢間舖我係用hktvmall 嘅服務前已經幫襯
服務好 速度快
但今次只比4星嘅原因係hktvmall呢個愛講大話嘅客服扣嘅
唔關呢個商品同供應商事



"
4,"第一枝好快個頭壞咗用唔到, 呢枝係第二枝, 希望耐用個頭冇事"
4,很厚，不錯，如果底部有顏色更好，全白好容易底面掉轉放置。
4,好味，$40買，淨係兩隻雞脾都要啦。重要的是 同之前o係hktv買另一牌子$120既鹽焗雞一樣味道，仲一樣咁大隻。會再回購這款。不過唔會成日食，因為咁大隻驚多激素。
4,買開野就會買下，有唔同味道，都會買少少🤏🏻，反正貓貓好多
4,"貓咪寶貝很喜歡吃！如🈶️170g 裝更好⋯
但價格頗貴！"
4,$77/包最抵  用左兩年左右 但比最初初用明顯差左 唔知係咪轉左原材料
4,此尿墊是用開的，但近期發現防漏白色尿布位置比之前少咗有1CM以上，希望生產廠可以改善吓！
4,三個味道，這款鱷魚川貝大貓也愛，但細貓嫌棄！
4,"1,喜爱
2,包装實用
3,我會再次回購
您們是實幹的公司"
4,終於買到啱主子用既貓砂😍，呢款貓砂乾爽極少粉塵，吸味唔算易散，可能主子尿太多最底會有少少痴底盤，但好過之前試過貓xx同Cool xxxxxx，前者送嚟已潮容易變粉同淋，後者算抵用但秋冬天用會適合d
4,抵用，包裝細包真空乾淨易儲存，味道好好，遮蓋臭味非常好！痾完尿仲有豆奶清香，唯一缺點係太細粒，用慣粗粒砂，希望會推出粗粒版
4,"貓貓好鐘意食，但由$20包漲價到$45包未免升幅太多
"
4,"包裝，外觀完好。
只係我隻衰貓咀挑唔食。"
4,"我貓咪也喜歡這個食物，如價錢有優惠必買。
"
4,$52.5/3條/6包 抵，早前仲抵$45/3條，一日後，價錢已回升了很多。
4,主子好鍾意，每次一攞出黎就跳到腳上伸手要。
4,原箱3大包＄249.9 GVIP再95折 好抵買～ 品質唔錯，無真空包裝所以唔可以囤貨。   如果有埋真空包裝就5星完美喇。
4,試過買其他牌子既膠底有啲溶左，呢個牌子之前用左四包、塊塊都好質量好好
4,"我家的貓貓很喜歡吃。
可惜魚柳太細條，
又不便宜，價錢要便宜點先考慮再買"
4,仍然感覺比之前薄，但未找到吸味交好的炭尿片
4,"黃色膠手環 設計有問題
膠手環會同貓砂袋分離
間接令貓砂袋手抽位斷
"
4,"若能引入更多商户；在良性競爭下！可使商品價格有所降低；更加實惠
！"
4,一直都用開呢隻，但係拆出黎會發現每包數量都唔同，有時擺落去個抹手紙架，個蓋係難冚埋，有時擺入去，好明顯無少左
4,"很好的銷售服務
亦持續保持產品質量
實幹的公司"
4,貨品平靚正，但今次應該係hktvmall包裝方法問題，2包尿片用大膠紙困綁，中間無故挾了一盒甘草欖，拉開原來尿片袋穿了，下次可否用文明些小的方法包裝出貨？
4,"小朋友大部份都喜歡,現在是嘗試階段,所以每種味都試食,這款給他們選了,再試幾罐就會入貨,但packing總會有碰撞,如果型狀不太差會先用,6罐有3罐撞甩,唔見你們有原箱出售,因為三送貨情形都一樣.
"
4,貨品很好，應該係 HKTV 出貨時包裝問題，尿片用封箱膠紙捆綁，中間無啦啦挾左一盒甘草欖，拉出甘草欖原來尿片袋已經穿隆，希望下次可以用文明的嘅包裝方法出貨俾客人，唔該哂。
4,"送貨服務好好。
今次因太多大件物品，送漏茶包鐵觀音25片2盒，贈品圈裝筆記簿及掛曆"
4,"價錢非常合理，質素好好
吸水力好，又唔透底👍🏻👍🏻 會再買"
4,"用過一次work, 宜家買黎幫狗狗定期杜蟲。"
4,在香港購買， 還送貨， 這個價錢算可以了， 質地也厚實 ，吸水性不錯
4,狗狗喜歡，不過見到以前評論說有活虫好驚，餵食時都反覆看清楚，但暫時開了兩包都乾淨衛生，如其他好評一樣，風乾雞肉狗狗很喜歡。減價中打算回購
4,按指示用熱水浸軟後，大部份都有少許異味，用清水沖洗2、3次後，就好好多，味道唔錯。
4,請問十送一仲有冇架，點解冇左個聯絡電話，咁問換吖？
4,因為實在太貴 所以都係間唔使用吓， 始終都係消毒藥水較平
4,碎咗d，多啲優惠更好，因為份量少⋯⋯ 10分鐘都可以食完
4,暫時只有這款比較好用，吸味，如果再做厚身啲較好
4,確實比一般牌子厚，濕咗唔過底，要減價才入貨👍🏻
4,樣樣都唔錯。吸水都ok.價錢如果平d就更好。
4,鷄肉鞋，瘦瘦地唔肥，整手撕雞唔錯，買左十隻
4,可以減少包裝嗎？用紙皮盒包裝貓罐罐已足夠，無須以充氣塑膠包裝，謝謝
4,回購，價格同出面差不多，又不用自己攞 Good
4,"狗狗鍾意飲～
開封後放室溫只可以保存5日左右，下次會放雪櫃試試"
4,好用，但這是第二次送貨時包裝袋破了，要想辦法避免再次發生！
4,"免費贈品👍🏽
可惜這個牌子的貓砂勁多粉塵"
4,1/7 收貨、23/7 到期、尚算新鲜。不過部分芝麻餡溜左出黎。可能太熱、已立即放入雪柜。
4,味道幾香，但個人問題，我用的時候少許鼻敏感....
4,Order 數量4件/箱，夠成箱送貨，唔明點解要另外加$1蚊膠袋嚟送貨？既唔環保，個盒又容易受擠壓。
4,今個&#40;12&#41;月買，找不到期限，請問幾時到期？
4,15歲的貓咪很喜歡吃，因為魚肉軟諗諗，易吃和消化，但有2罐頭凹咗，希望下次改善吓！
4,準備母親節吃此東西，見到多人食過及好評，即管試試。
4,夠幼幾好，如出多啲味道，咖啡，蜜桃，櫻花！又多啲優惠，會繼續支持！
4,與另一間網購到的 包庄上有點不同 別家的有銀灰塗層可刮 見到參考編號
4,訂2，缺貨缺一包， 未知補送/ 定退一包$， 如果會有方法聯絡N1轉其他味就好，咩味其實無所謂，只係聯絡唔到改一改
4,問質較之前差，無之前咁厚，但仍然對比其它牌子吸味
4,其中一隻貓貓喜歡吃，湯汁比較多，幫貓貓增加水份吸收，不錯
4,又話買一箱有零食送，根本都無，其實如果無得送就唔好寫話有得送啦
4,外面包裝有爛，幸好裡面的貨品包裝沒受影響，但見包裝款式與之前連砂盤附送的有少許不同，不知是否新包裝
4,"包裝完整，一次過買平
不過依款比較稀，個人鍾意濃少少嘅口味"
4,已回購幾次，但係總係有一兩包貓砂霉左。摸上手係濕濕地嘅感覺。🫠🫠🫠
4,氣味清新但較淡，沒有粉塵，性價比高，會再買。
4,"狗狗很喜歡此零食，包裝衛生。感覺良好。
如可在「常溫」狀態下保存，就真的「無懈可擊」了👍"
4,買咗12包紙送11包，原箱6包，另外1箱只有5包，還用吹氣膠袋墊高， 不是送完整2箱，便可嗎？ 真奇怪， 雖然可以退款， 但亦要浪費時間去處理
4,雞肉偏大粒，比貓貓食比較不方便。建議食用前浸軟 or 撕細先比。
4,貓喜歡食但HK TVmall物流太慢要幾天
4,"原來是水蜜桃味，好在貓們不介意。
還要感謝C S幫忙"
4,好，初次試用，貓咪都肯用。有綠茶香味，可冲厠所，方便！
4,買左兩部機，屋企4隻貓，一塊用3個月就要換，希望會有多少少折扣
4,厚薄適中，吸水力良好，價格便宜，多次回購~
4,兩只腊腸狗用上了90×60剛好，厚實吸水。
4,雖然貴左啲，但有消委會做過測試，感覺有多一點信心，而且對人體無害，幾好用。
4,質量不錯，貓貓喜歡，不過太過度包裝了，一個罐頭都要用保鮮紙包包包。
4,回購，但今次包裝問題，其中一包抽取式厠紙爛左，希望供應商留意下。
4,"網上寫係貓狗零食 但係個袋寫for cats, 唔知俾狗狗食岩唔岩…"
4,老貓幼貓也很喜歡吃，有魚骨但一壓就碎成粉末
4,真心吸味，同豆腐砂比贏幾條街，最緊要唔會惹蚊滋仔。不過雖然無乜塵但全屋都會出現砂粒，而且要從底部剷起，如果唔係尿團會好易散。最大concern係太細粒，貓貓會脷毛會落肚，因為都幾痴腳
4,之前用過幾好用，而家做特價27卷裝買兩箱$118，計起來畀超市一條裝會平啲
4,"2主子+浪浪甚喜歡,唯獨是貴,希望有多些折扣或優惠"
4,回購 產品包得太近盒面 一界開連裡面既濕紙巾包裝都戒爛埋😢
4,"用開返唔倒轉頭! 鐘意佢比較厚身又唔硬. $79/27卷一箱唔算特別平, 好處係唔使自己拎"
4,"今次好彩原包裝沒在「裸送」過程被勾破，可喜可賀。產品性價比本是ok的，唯獨沒包裝下運送…

以前曾留言反映過「裸送」不理想，但不獲理會。

平台曾說有指引給商戶賣家，但是否跟從就沒法控制。

門市店員說可向客服反映，但像我這些低級會員原來是不能直接與客服對話。"
4,比較市面的已發的成品，味道較似薯粉，好飽肚
4,我於飯後開水比隻狗飲，佢好鍾意。啲咳同氣喘有改善。
4,新產品，都幾好用，不過貴D，平D又好用D既都有其他選擇
4,$39.9 日本製造 價錢合理 淡淡清香噴霧
4,"用開回購, 不過真係有啲係真空包裝有啲就唔係 ! 希望下次送嚟嘅全部真空咁就好嘞 ! 同埋$115一包係平過普通寵物店 !"
4,幾大包，內有4個獨立包裝，狗狗喜歡食，亦無任何不良反應，食後大便亦正常。可改善：食物包裝上無任何成份、製造地點等食品標籤資料。
4,很似米線，完全沒有罪惡感！但不頂肚的很快會肚餓，建議加入肉碎和蔬菜！
4,天竺鼠用，換咗呢隻牌子係冇尿味，但本身塊墊有陣淡淡人造嘅香味，本人唔係咁接受到，但各方面係唔錯
4,品質好的 只是牛尾骨大多數都很大件 要用刀砌細條狗狗🐶才可咬食。
4,每天有喝，價格和超市買差不多，在HKTVMall訂購能送貨上門，會再次回購。
4,第一次買，紙質唔錯，有个牌子4D厚但好容易穿。
4,贈品 並無cushion效果 只是壓線橢圓
4,比較其他同類產品，口感味道也可以，沒有怪味，但價格略貴了，以一般食量只可2碗
4,"都幾好食！口感似粗粉絲
最好係唔會有陣味"
4,品質一如既往，但運輸紙皮箱如果可以變返一箱過3袋最好，環保啲。
4,"回購
其中一貓咪食咗幾日已好轉，另一貓咪氣喘情況都減少了🙂"
4,通常在超級市場買廁紙的，今次第一次在網上購買，感覺很方便。會繼續回購。
4,同本身用開品牌直徑差少少，但價錢算平買來試下啦！
4,易穿但感覺柔軟。點解無tempo壓紋既？有啲似係外國用過既廁紙
4,呢隻波會面嘅質地幾好食，食落去好似米線咁，煮嘅時候又快又方便，減肥的朋友可以買來試吓
4,Tempo 紙巾一向用開，最近兩次送來後，我都發覺有昆蟲（應該是衣魚）在紙箱附近，未送來前屋企完全沒有的，送來後大概半小時便見到兩條，我擔心再將它們帶入屋所以暫時唔敢再訂，我估計是tempo 的紙箱，是否存放紙箱的倉太熱太潮濕？
4,本人10分不滿意在限時追加貨品上，購買了左顯記潮州辣椒油，價錢比貨品網站高一倍有多（$20.9），比其他超市更高陪半（19.50），價錢十分之不合理，這叫做限時追加價嗎？本人十分之不滿意要求退回這高價貨品，如貴公司不接受退回我就會向消費者委員會反映你們的價格是多麼的高。實在受騙，希望得到貴公司回覆
4,218/6條 雖然貴過之前99/3條 但係疫情之下送到門口 都算抵買
4,買給家人及朋友的，他們也說質地像粉絲，很滑，好味，已再回購
4,有些卷紙的柔軟層底面掉轉不知道這些是否次貨但整體來説以這優惠價錢和質素尚算滿意！
4,第一次吃，像極了煙煙韌韌版的粉絲，可以幫助減肥的話，會回購。
4,平時用開既黃色c&s無貨趕住買，都係唔夠c&s厚實。最怕上下幾層d cut線位唔對！
4,"貨品好用，多次回購，但實際送貨內容與優惠推廣不一，沒有送到贈品，誤導消費者。

在此提醒各位消費者：本以為購買後會附送【維達 Pro-X 3層抽取式特吸萬用廚紙】及【掛牆式面紙】，因為貨品頁面顯示有贈品，但實際收到貨卻沒有附送。售後客服只以“贈品缺貨”敷衍回應，拒絕補發，但連checkout頁面也未有明確提示庫存不足。各位購買前務必認真核實贈品資訊，免受誤導。"
4,好似粉絲，煮幾分鐘就食得，不會變糊，優惠價格就回購幾次了
4,第一次買黎試，的確係無糖的，好香芝麻味，感覺更健康一啲！
4,買咗兩碌兩碌個蓋都未蓋好漏晒嘢出嚟，連紙皮都濕埋……..不過送咗條紙巾就算啦⋯⋯🙊
4,"呢隻款品質ok的，軟硬適中
呢個size嘅紙巾，得好少選擇
樓下超市又經常冇貨"
4,我買給媽媽她很喜歡。之後再回購，也購一樽給自己，發覺質地很幼滑，冇糖更冇負擔。
4,食落口感煙韌似韓國炒粉絲，仲幾飽肚👍🏻👍🏻
4,感覺不錯，但比其他牌子輕，一卷只有150g，輕咗20g，超市賣緊每卷3.70，不知道是否將貨就價
4,27卷x2 $108 價格吸引，但未開始用，未知品質如何！
4,好用，原箱買，比起超市卷裝（同樣金鑽系列）嘅紙質好好多
4,第一次試用爽身粉味，但相比下，我比較喜歡無味
4,抵用。 家中小朋友用好多紙巾。 買呢隻就好。。。一家幾口用佢啱晒！
4,一個字。。。抵用！&#40;≧∇≦&#41;b
4,"味道好，品質正正常常。
初較抵及大隻厚肉的，最近幾次雞細了瘦了，望能保持舊日水準，會再回購"
4,打開蓋時有股油溢味，隔左一陣就好D，自己試過味道可以，唔咸
4,氣炸，正反各5分鐘，點BBQ醬。風味不錯。
4,11376  九折再八折  有咁筍  得咁筍
4,老人家很喜歡食，好順滑，質感同粉絲一樣，沒異味
4,味道唔錯。 配包咖哩醬汁又一餐。 簡單味美
4,回購，不過有幾包麵條係 U 型，另外幾包麵條就係直條。U 型麵條好難分開，如果可以全部直條就更好。
4,"下單時,顯示有一支茶,結果沒有,次次如此,無奈
"
4,肉質是可以接受的，可能因為是鹹香味，所以覺得鹹了少少
4,屋企2隻貓都鐘意食，但我試過味道偏濃同咸，個人黎講唔會回購
4,"價錢可能與藥房相若 , 但以盒裝加送貨可算貨真價實"
4,"產品正常, 只不過網上購物非常差的體驗,關於O2O優惠碼."
4,絲開一條條加麻醬 辣椒油 自製麻辣雞絲 唔錯
4,同超市買一條裝的比較， 好似真係輕啲， 有少少分別， 但勝在唔使自己攞， 以$2.7一卷嚟講都抵用。
4,好香，但香過頭覺得佢加左好多野。清潔力與另一大牌子相差不大，但平啲
4,見到其他食評讚好，買來一試。。味道濃厚，食吾停口，芝麻醬功效好。會回購。
4,"乾的蒟蒻麵真的很方便、易煮、好食, 有飽肚感, 唔似濕的又要倒水沖水而且有怪味, 推薦大家買來試下."
4,易碎玻璃瓶只得泡泡紙保護極易破碎，請將包好泡泡紙嘅玻璃瓶放入堅硬紙盒內確保安全。
4,73元，看似平但很成舊紙很輕，所以仍喜歡另一款維達紫色2000g
4,"味道係好好既，包裝都係好既 &#40;嚴實&#41;
但個樽 & 蓋真係唔得 😂
好采未至於漏好多油
唔該請生產商正視吓，感謝"
4,$74.9 + 會員折，平過附近藥房，最正係唔洗拎得咁辛苦，紙質幾好，而且厚
4,比IG shop貴但勝在夠方便，HKTVmall長期客戶
4,仲未試 睇下貓貓中唔中意，反正貓貓成日都轉口味
4,"OK, 但點樣可以唔令佢ZIP住底盤啲LAR"
4,四層衛生紙堅韌，但面積比起三層的較細，雙手比較大的人較為不容易
4,比起陶寶寵X思厚好多 第一次係呢度買寵物尿墊整體理想係貴左d
4,一分錢一分貨，雖然貌似價錢便宜，但比較細卷，品質OK。
4,抹手紙吸水力强，有柔韌度，不易穿！比同類產品平。
4,急凍貨品沒有冰袋包裝，水滴滴，已解凍。對包裝好失望。
4,"多次回購, 但每次開新罐都需要不停攪勻才可以用"
4,"這張定单有兩項貨品被你们取消了,但架上仍有存貨,真不明白為何被取消.最不好是又不退款,等了一周都無退回入ViSA,又無回覆去到什麼程序,真令人失望"
4,都算滿意，但感覺紙質有點濕...不像維達金裝般乾爽...
4,用咗幾十年廁紙，而家唔使自己去買😀手痛冇所謂了，全靠HKTVmall送上門，真好👍
4,不能郵到家  所以在店取  教育路及建業街工作人員態度友善親切  是回購原因
4,購買後才知道箱裝跟條裝的質地不同，條裝的質地比較好。
4,"紙質比最初差咗，不過唔洗3蚊就有1卷,都算係咁。"
4,一直用開，希望可以再平啲比VIP買就very good
4,口感很好似粉絲，已多次回購，但越賣越貴😬 
4,相對‘’X購‘同樣貨品推廣價HK$65有36卷，貨品價錢應該有下調空間’
4,平過出面，味道都係有嘅，不過一包真空，一包漏氣。
4,雖然較細卷，但相對價錢低一點，都可接受！紙質不錯
4,真係好原味無添加，冇糖冇鹽，搽麵包都覺得太苦，唔知可以點食用？
4,抵買，方便過去超市買，一大箱送貨來可以慢慢用。
4,好味，但加價到$37.7實在太貴，未必再回購
4,因為早上當早餐食，易消化。因為揸車10個鐘要坐，所以冇負擔。
4,未用，但消委會五星之選，有信&#39;心。但價格徧高
4,這個一箱27個，跟平時在超市買一條12個相比，質地較粗糙，唔明白點解會有分別😅😅
4,其中一個紙箱濕了，幸好裏面的廁紙沒有影響（只是今次有些問題）
4,48蚊買過到而家53蚊再買，質地okay好用嘅
4,"成份天然 
但適合性一般 
感覺對貓貓健康有幫助"
4,如果是一箱會無咁平，現在用袋入住都是平均$10.25元。
4,唔知係咪因為紙巾上有壓花，令佢賣得貴過四/五盒條裝。如果唔係市面缺貨就唔會考慮。
4,期待再有$48優惠！唔知新包裝會唔會好似同款[4條優惠裝送盒]咁變咗草紙質量?
4,真材實料，雞肉、牛肉粒粒分明，狗狗愛吃。個人意見，如果蔬菜不止單一紅蘿蔔就更營養均衡，所以我會自行多配一類蔬菜。
4,用開呢個牌子，今次試吓另一種香味，一樣咁好用
4,"猫咪一直中意食這個牌子. 比起在超巿買貴小小, 但送到家, 算合理."
4,本人今次回購4包貓沙，其中3包是漏氣的，真係好失望呀。香港咁潮濕，貓沙真空處理係好重要的。不知道這是供應商有心把巳漏氣的貨品送到網上用户吖，還是送貨部的問題，請你們跟進上述情況，不要再再再次發生。
4,前後買咗3枝，本來覺得幾好用，氣味同清潔效果都滿意。但頭兩枝都係用多幾次個樽就會漏水…搞到一邊清潔一邊漏到成手都係…好呢hea！本來補充裝係抵好多，但個樽質素咁差搞到要買完一枝又一枝…已經考慮買其他牌子試。
4,"有雷射標籤並是遠期貨品👍🏻
謝謝贈送小食👍🏻
紙箱包裝得很好，可是發現袋貓糧入氣了，不是真空！今次就算了，麻煩倉務員包裝貨品前檢查才出貨給客人吧！相信無客想收到疏氣的貓糧啊！"
4,散裝，每27卷一箱，共兩箱，紙箱質量差，可能當天下雨，霉味令人感覺不好。因這些都是衛生用品，基本要求便是衞生的感覺，這次真的不好！😟
4,第一次試食，兩個主子都好鍾意，唔食慕絲罐嘅都食晒😂
4,有用開，第一次喺HKTVMall買，送貨完整
4,好用，不停回購，如果折扣優惠多些就非常之好
4,我的貓貓之前有嚴重牙周病醫生建議電所有牙齒，我每天用這個凝膠跟貓貓刷牙，牙周炎好返了，所以keep住每日都用，但容量太少，一隻貓一個月要至少一支，價錢相對也頗貴
4,兩粒裝夠食一年 &#40;每3個月食半粒&#41;，吾洗買10粒裝咁嘥 &#40;通常1年期，食完2粒，已經過期&#41;。
4,很小罐，比平時小一半的分量，但貓主子很喜歡喝湯。
4,回購多次，可惜係大陸造然後價錢又唔係特別平
4,"貓貓用開
請向供應商反映D 貓砂愈來愈長，同埋顏色暗左，以前用係米色"
4,貓貓愛食的，但可以再細粒啲，比較硬，但會回購，會介紹朋友
4,"第一次買時 送來 一包破了


第二次回購
打算買三包有盒子送來會很安全
16/9送來
但係 打開盒竟然得兩包 
真係好 有點兒失望
"
4,買咗幾次，暫時用過4包，有一包好多粉末，其他都正正常常嘅
4,第三次回購了～貓貓好喜歡食，而且上次同今次都附送貓玩具，好開心🥳 不過今次訂24罐，有一罐陷了......😅😅
4,個味太濃烈， 冇綠色個隻咁清香， 麻麻鍾意！
4,可除尿味，但香味略嫌濃烈。特價$99時已加購
4,凝結力OK的但時間要長啲。一包好快一丶兩次就用完。整體都算Ok。
4,貓貓好喜歡吃，細細粒可以控制佢哋唔會食太多！如果平啲就最好喇！
4,$168有10 ％回贈，用Citi Bank再有8 ％回贈
4,貓咪會食，因為貓咪好多罐都唔食呢個可以食少許期待佢食多啲
4,剛剛收到貨附送的小禮物 罐頭下面日期係生產日定係到期日？？23年即係過咗期
4,貓貓喜歡用這牌子貓沙，每次都回購，會介紹給朋友，而且有贈品更加抵買😊
4,以為係肉絲點知係肉凍，罐頭冇問題不過貓貓唔中意
4,唔太大味，好似生果味，貓咪對呢隻味都唔太大掙扎，幾好。
4,未試，但有埋個盤種草，方便！多謝條貓棒玩具，貓咪即玩??
4,六袋也不是真空，較難擺放，其實本來一個紙箱可放三袋，為何供應商要拆箱，貓砂入曬氣只能放番兩袋?
4,貓貓只係食小小。要用匙羹喂他就全部吃曬，會繼續購買和其他味道，貓🐱很揀飲擇食，已經試過很多款罐頭也不吃，現在很吃已非常開心
4,"唔覺臭係真👍🏼
送貨員辛苦了🫶🏻
不過美中不足係貓貓痾尿後 鏟尿個陣會見到啲凝固咗嘅貓砂會有少少癡住個貓砂盆
我係養貓新手 可能買嘅鏟唔好 留言只作參考🫣"
4,貓兒喜歡食，只為牠開胃作小食食用。會再考慮回購的。
4,已經用左呢隻濾芯好耐，原先差唔多一個月先開始變色，而家剛過左半個月已經變色，我已經裝左濾水器，奇怪。
4,因為佢比較多粉塵，所以我隔咗一排冇用，最近又買返一包，粉塵少咗（都係有，但少咗啲），希望佢keep住啦
4,一向買開此牌子，在此訂貨仲有人送貨上門，不用自己搬貨回家添。Good
4,本來抱住試一試既心態 始終對$65/包 冇乜太大期望 唔好薄到吸唔到就算 點知打開質感非常好 性價比算高 對得住個價錢 👏
4,"貓貓喜歡吃
包裝整齊
性價比高，會再買"
4,多次回購，片片吸濕後不會過底，價錢平抵用👍🏻
4,"不太濕又不太乾, 好用!舊價係平, 所以呢半年不斷回購...正想回購, 但發現個價加左 80%...如果分開兩三次加去 $18, 會易啲接受囉!"
4,"$25.6 第一次用台灣產的, 跟超市買到的比較細卷其他品質一樣, 如同樣有跨店折扣會回購."
4,煎香後簡單嘅鹽和黑胡椒已很美味，有時點芥茉醬，牛油果乳酪青醬配沙律菜等，亦試過原架孜然粉等綜合香料慢焗都好正
4,買完先見到全店8折，唔抵！
4,"未食, 比想像中大包, 希望好味。"
4,"食乾糧始終都係會嘔, 食罐頭就冇事"
4,"好細件,迷你版。不過肉質係ok既。"
4,貓貓因為食物敏感，所以選擇鹿肉！騷騷地，似乎佢都幾喜歡💕
4,"天氣太熱有大雪袋亦溶雪中,如無我想更加。。。"
4,"砂夠大粒，冇咁易帶出砂兜
頭幾日十分滿意，吸味同吸水力都得
不過落砂落多左，用多過一星期左右就開始臭
正常唔過一星期就洗係冇問題"
4,"貓貓一直用開，綠茶味道吸引，基本上都ok, 唯獨係粉塵多左d,希望可以改良一下"
4,一直訂購，一定見到特價$89就入貨，每次包裝很好
4,之前試過蜜桃味，今次買綠茶味，除臭ok，好抵用。
4,"氣味好俗，只開半包、混其他貓砂都好勁味
不過確實硬淨無粉塵"
4,家裏的主子喜歡用這隻砂，吸味及容易凝結，好用
4,用咗好多年了！快速吸濕，除味，性價比高，會繼續回購！
4,貓咪喜愛，試過轉其他，唔 like，冇辦法
4,普通辦2貓用要3、4日換一次，試下複數會唔會襟d
4,"包裝好好。
對狗狗有用，用一、兩日就好番！
會回購！"
4,貓貓最愛，不過藍色嗰隻更加好，細粒啲更方便
4,買的Sapporo 啤酒本身包裝不好容易散，雖然每一pack都有用橡筋，但有幾pack都散開及撞凹變形，希望下次能用紙箱裝著
4,厠紙很細卷， 比不起藍色4D立體壓花的那款維達厠紙
4,"第二次回購
拖完地快亁爽🤓
竉物友善👍"
4,"不用自己搬,用埋折扣後h加vip95折,就可接受"
4,"幾好，我狗耳仔本身好易發炎，做過兩次手術，要成日都食藥，
用左幾日，我見佢抓小左好多，無咁痕，耳仔裏面都小左好多黑色耳屎，
會繼續用"
4,"好用!厚度對貓隻好適合,好吸尿液同確少異味。"
4,份量適中，貓咪一次飲一包。比起其他牌子的罐頭湯，無須考慮飲唔晒要保鮮等問題。
4,未用，用過好用會回購，不用自己搬，送貨哥哥好有禮貌態度好好
4,用左咁多隻貓砂，以呢隻最好用，而且仲有好香既綠茶味添！
4,一平少少會買，一共3款口味，呢款最中意食，每次買少少
4,底部日期是製造日期還是到期日呢？ 同一品牌另一支產品是2021年應該是到期日吧
4,"用了幾天
我的貓我的貓耳朵年紀大耳朵油抓到流血
每天起床清潔一次
用rem""s choice時污垢較多
每天油垢明顯變少
但仍然抓破已有傷口無改善"
4,凝結力優、但太細粒，易夾在貓爪間的空隙，帶到周圍都係。有大粒就好了。
4,"$95一包方便抵用
但一時係粗粒一時幼粒
我只想買粗粒完全要撞手神"
4,猫猫有早期腎病。食後毛毛滑滑的，每天求吃！對不肯進食的猫，是一種吸引！
4,服務質素良好及產品質素ok，我隻貓貓非常喜歡，同時送貨服務良好
4,買開野就會買下，有唔同味道，都會買少少🤏🏻
4,1.凍乾包裝很好，都是挺香的顆粒，沒有粉末，價格也算便宜，但是凍乾太硬了，我家正在換牙的小貓貓吃不了，我自個徒手碾碎都挺難
4,老狗好喜歡加落糧一起吃，或给牠一條作讚赏!
4,"好用, 中意呢隻厚D,  用1張就OK, 平嗰D除塵紙有時要用2-3張  "
4,95元包，未算便宜，不過呢隻幾好用，起碼可以闢臭，會繼續選用。
4,"貓喜歡食 $285 
如果多點折購，會滿分"
4,一直用開，比其他牌子好用，當日本城/藥房都無貨，就會上HKTV mall買。
4,氣味芳香，近期經常用佢全屋清潔！希望佢真係做到包裝上的清潔功能🙏🏻🙏🏻
4,中碼同細碼對我哋隻狗狗都好Fit用，尿片質地比較厚身，可以吸好多次尿先換，已經回購咗無數次了🙏🙏🙏
4,"結團都OK
不過比較鍾意啲香味淡啲，如果白色原味會唔會淡一啲？"
4,"最近我隻21嵗咀挑貓 有時會食呢款.    買開野會入定貨.
慕士 岩老貓食,  
"
4,"今次買的貓糧，大致都ok,只有大罐中有二罐外表有笠陷"
4,"浸味唔會好香，我覺得可以
聽人講酵素拖地好好就試吓
暫時冇同消毒水比較"
4,我買綠茶粗粒，俾錯咗原味幼粒，希望賣家留意番，下次唔好再執錯貨
4,夠細粒可以用係電動貓廁所，吸臭結團都ok，混合砂相比其他用過既貓砂無咁黐底
4,"

真空包裝,粉塵唔算多,不過比較細粒,我隻貓成日攝住腳趾帶埋出廁所 🤣"
4,"冇膠已經好好，夠健康。
包裝需要改進，六罐凹三罐；多啲優惠更好"
4,買咗10罐唔知點解10罐肉醬層裏面都係係空心嘅？？ 之前買過多次都冇咁
4,用開，對品牌有信心及比較高其他牌子，個人都是喜愛這款。
4,"我隻貓一向咀挑，
第1次食  都食到8成，算OK.
會回購 。"
4,"消臭很好， 凝結力都很好，會推薦給朋友
"
4,"呢隻幾好, 不過如果唔減價時買, 覺得好貴!"
4,貓出現氣促 立刻噴一下給牠吃 之後沒再喘氣  但要keep住吃 效果好
4,開第一包，包裝完好，見砂盤有啲啡色就拿出黎，愈揀愈多粒，全啡色個啲濕濕地好似紅泥咁，但成包啲味又冇乜問題，又暫時冇生物活動跡像，之前用過同一牌子兩包都未見過咁。睇下隻貓用唔用。
4,油品質可以，送貨服務亦好，唯一就是沒有任何防撞包裝，所以罐身有凹陷處，幸好沒有影響油品質，可以食用。
4,"間唔中買 比貓貓食!   有特價先買,  無折時有D貴!!"
4,細細粒幾好，易入口，買過細罐貓貓肯食先買再大罐嘅🐱產品包裝外觀簡潔乾淨，雞肉粒亦唔會太多碎屑，大致幾滿意👍👍會再回購
4,貓咪要減肥，所以轉食呢隻，效果好好，真係瘦咗啲，會Keep住食。
4,一向訂開N1這款豆腐沙，吸濕效果算好。不過我家兩隻大主子尿尿較多的時候，砂盤底的貓砂有時會發霉，那一盤砂就要徹底換了。後來改用綠茶味2.0，情況改善了許多。
4,無寵物，用過幾支，倒出嚟用有d香味，但拖完地唔覺有味，安心。
4,"不斷回購。
家中有寵物所以選擇這款地板清潔劑，品質可以，氣味不濃烈。但價錢稍貴，很少做特價。"
4,我的貓貓很喜歡這個味道，在市面上很多時都會缺貨
4,以往有紙箱包裝，感覺比較整潔&#40;今次散件放貨&#41;。
4,已经回购左多次，现在$399?两包，抵食
4,我在和富店買嘅到到分店我都唔去㗎喇呢間分店呢啲職員非常好服務一流 男同事女同事呢都好幫手嘅態度非常好嘅雖然間舖擇細啲但係都唔會嫌棄我哋買嘢嘅
4,沒麥騷味，价格公道，買完又再帮稱。
4,以前用開過，好用，大張厚實，最近 VIP $56 / 2 件，希望紙質同以前一樣。
4,找不到exp date
4,回購多次， 不過越嚟越細嚿， 不過而家平均二百蚊一嚿，都可以接受（＾ω＾）
4,回購，就算煮老咗肉質都好易入口，羊味重。呢次用VIP價更抵
4,"40蚊24盒, 深圳廠房製造的， 不知道味道同香港製造有冇分別，但好抵!"
4,$398x2不用$200蚊，疫情時買算抵食，但係我還有貨未收齊，麻煩幫忙跟進。
4,因為好飲，所以長期訂購，已經不須講多幾次，－個字掂
4,這次加購買，比門市實體店少點肉，送來仍能保持冷凍，值得讚
4,399 for 2 抵
4,價格終於回落返$199
4,買得到已是最好，價格ok
4,特價$379/2 pack好抵，雖然細支少少。
4,好嫩。氣炸窩十幾分鐘搞掂。
4,指引清晰易用，不過如果產品內能附加一個棄置密實袋隔離用過的配件就更好了。
4,價錢比藥房貴d，勝在唔使自己去買
4,回購，冇臊味，不過越食越貴，有特價$238以下才入手
4,四次購入，一字記之曰:正！
4,好味！唔錯。二十蚊兩支。
4,可以擺至21年，但應該很快用完
4,$399兩件，仲要有9折，平均$160，抵。
4,味精味不太重，整体唔錯，如減價会重購：&#41;
4,多次回購 希望有特價 及有到期日子 否則唔敢多買幾包
4,微波爐4分鐘好方便，味道幾好味
4,點氣炸雞塊超夾，好味道！
4,有小朋友同老人家用來看門口
4,"買開嗰隻冇貨, 試試呢隻, 好似仲抵啲"
4,"已經在此店買了很多次，3隻貓貓都好鐘意食。
第一次送漏左，等客服幫我跟進吧！"
4,之前$99好抵，希望做多啲
4,之前買過再回購、今次199
4,一直用開，第一次係hktvmall買，有野包住，好！ㅛ. ㅛ! 
4,當然知道係中國出品至會咁平…我以前買過食過都是日本的！Anyway都收貨。今次就咁蒸嚟食…味道肉質連有雞皮食落係唔錯！
4,好有羊味，件頭較小好嫩滑。
4,貓砂好用，冇味。但係原箱送貨，都有兩包漏咗氣😅
4,多次回購，好食，但比之前細件
4,老人家煎咗簡單調味，已經買了好多次一樣咁鮮軟多肉味。👍👍👍👍
4,個包裝袋真係要改善下，我今日收貨係4枝&#40;7.2L&#41;、3枝&#40;5.4L&#41;、3枝&#40;5.4L&#41;、2枝&#40;3.6L&#41;，總共用咗4個大膠袋，全部水都只可以碌地沙咁放曬喺地。用膠袋裝唔緊要，最好係訂造哩款水專用嘅膠袋，要厚D，韌力好D，易拎D，可以疊起，4枝一袋應該會企得穩D。咁D水就唔會喺個袋入面四圍碌。宜家送嚟裝水用嘅膠袋，真係大而不當，又易穿，放喺地重會碌到成個袋都污糟邋遢。
4,之前訂三包有原裝紙皮箱，今次居然沒有
4,"質量好好，夠厚身，買3包45x60,竟然有2包錯size😒"
4,"都ok,冇特別碎
價格比出面貴"
4,之前買過很好味，今次再買，但其中一盒發現底部漏！
4,"質量ok, 特價就會買"
4,特價時候買...一包有排用!
4,貓貓超喜歡吃，價錢較其他超市便宜，已多次回購
4,"回購。
希望買兩包都有優惠"
4,比一般凍肉店味美，價錢不貴。
4,我貓咪喜歡呢款豆腐砂味.粗粒可減少比帶出貓砂盆.唔錯
4,雖然薄，都算吸力正常，性價比高
4,"未用 未知效果 朋友介紹話好
但十分非常之細支"
4,"星期二$60/&#39;300g, 一包有11粒，用牛油輕輕煎香食 好味！"
4,貓貓中意，但這次訂5罐，有兩罐凹咗，希望以後改進，
4,每次都有送貨問題，希望送貨員提早通知大約送貨時間，然後貨物放門口應放閘門側邊，不要阻開門
4,"真的吸臭不錯，也結砂有輕微韌度，主排隊去尿尿都不會沾到上一手的尿結砂。

要購入大量才價錢變得相宜，希望可以平價點。

沒有強烈香精豆腐/牛奶味。"
4,$30特價，都幾好味，超值。
4,原味1.5mm蓋氣味效果比3mm好
4,如果有嘢包住保護住先送貨會好啲 本身尿墊品質唔錯 就係咁成包咁送黎所以外包裝袋有啲烏槽😣
4,煎又得，碌又得，有鮮味，不錯
4,不錯，拖把質量好 只是除塵紙有點貴
4,貓咪喜歡，但價格較貴！
4,"產品唔算特別好,只是呢個價錢都算唔差。粉塵比想像中少。"
4,好細包&gt;Q&lt;
4,最近呢箱d湯同以前一直食開唔同左，以前d汁好似湯咁，依家一打開係淺黃色既水咁，到底係製作方法唔同左定點？因為都食左好長時間，一直都唔係咁
4,"一直用開, 但最近發現粉塵嚴重, 已改其他牌子"
4,因為有優惠第一次用，綠茶味最好聞，但幾粉，好快積咗啲粉喺角位
4,我買件數是兩件，但係服務員只係畀得一盒，當時我沒有睇到，欠一盒點算好？一
4,包裝整齊，防止罐頭凹陷導致損毀，會再次回購
4,罐頭批次是否有問題？剛回購的貨母貓三小貓吃了也肚疴，可否跟進一下….
4,狗🐶喜愛🤩 （因為主要是很大件 要用刀斬成小件給狗狗吃。）
4,"主子稍為喜吃一點,但有時又不想吃太多,總之不知牠的胃口如何？"
4,很多好評所以試吓，可惜主子不愛吞拿魚味，舔一下就不要了。勉勉強強的逼他吞下去，吃了三星期，沒注意到有很明顯改善。
4,"貓貓中意, 冇味比較好, 唔易散開, 已推比朋友. "
4,貓砂是朋友界紹，第一次用，貓貓沒有抗拒，會繼續購買。
4,"貓貓很喜歡呢款慕思罐罐，一直買開。
不過最近買的10罐（已開了5罐）份量都縮水了，之前的慕思都是會填滿罐罐的。"
4,"我貓咪食了很多不同牌子的猫罐頭,这欸最適合我猫咪了."
4,已回購多次，此一款除塵紙，係我暫時用過咁多同款產品中最好嘅。
4,"一直用開、有泰國 同 中國包裝都有買
但今次包裝有漏風情況、見唔嚴重冇穿漏沙冇影相
呢個牌子多貓奴買、應該好好注意有泰文包裝質量、有機會影比其他顧客睇都有5%沙發黑、大家可注意一下
"
4,此商店價錢須比其他店做特價高，但看評論話貨品外觀良好，沒有發現不良問題，所以貴小小向該店購買。
4,以往有紙箱包裝，應覺比較整潔&#40;今次散裝件貨&#41;。
4,"產品品質一貫良好、不過綠茶味好似小咗
？產地唔同
但貓貓都算適應、"
4,白色狗狗 ，去街後用 、非常方便！腳仔毛唔怕變啡了
4,見消委會推介便買來試下，但三隻主子不是特別喜歡
4,"寵物喜歡食，混合同款乾糧一起食，很好。
會觀察多一些時間，合適食用會再回購。"
4,昨天雖然黑雨，送貨時間只是遲了一個鐘，期間送貨職員有致電通知，辛苦哂！多謝 hktvmall良好服務
4,很軟熟，主子一開始有點抗拒，但放在食物碗中，過半小時，都接受。
4,"貓貓腸胃敏感, 經過醫生推薦, 要食腸胃糧,  但去 診所 買, 非常貴, 於是在hktv mall發現同一款 牌子的腸胃量, 價格 合理,  會繼續購買給貓貓吃。"
4,$20罐同買開間誧一樣，唔使自己抬送返屋企
4,貓咪喜歡食，常回購。但係今次有一罐凹咗，上次購買有一罐爆開發臭
4,$364.8，買完見到有店賣$307；一開始唔食，後來加濕糧就食，宜家淨乾糧都很喜歡吃。
4,貓砂聞落去陣味偏甜？請問本身係咪都係咁？
4,包裝良好，浪貓同家貓都愛食
4,好多湯汁，我隻貓好喜歡食
4,再次回購，這次比上次鹹。
4,價錢比街市、超市都要平很多，非常抵食...?????
4,貓咪喜歡食，我會一開四剪開加落乾糧度，佢哋就會食晒乾糧！
4,多次回購！煎唔縮細！好味 😋
4,貓咪食開，做多D特價會再買多D
4,買嚟擺喺屋企看門口，不過價錢有啲貴，如果再平啲更好
4,貓咪喜歡吃，乾糧必添加此雞肉凍乾
4,"$220-4包一箱，價錢平，會回購，但比某牌子相對薄一點點不是分別太大，但價錢相對平！
之前用另一個牌子$85-100一包，吸量需比這個明顯多，厚一點點，但價錢差太遠如沒加價會繼續選用這個"
4,見特價買給貓貓試食！都喜歡食！
4,是真空包裝，有綠茶清香，手抽一提即脫落。特價買係抵用的。
4,無乜士多啤梨香味，吸水力好
4,3個主子都有食，如果平d就好，同出面門市價格差不多，用不著網購囉
4,大粒好味，買貴了，下次有特價先再回購。
4,兩包都係一舊大（靚）加兩舊細（唔靚），有啲失望。 不過啲魚肉唔錯
4,不知道原來入面成份有這麼多非天然的化學元素，有點擔心會影響貓咪健康所以我只會一星期給他們吃一次
4,買6包，有2包唔係真空包裝，首次購買有discount，好用過N1好多，鼻敏感人士友好
4,用開米粒砂好好，今次試吓呢隻
4,"好香，
但大和幼貓均不大棒場，吃2口便走貓，幸好浪浪也喜歡，否則浪費我的心機和錢。"
4,$70 4排 • 唔駛自己托 🙌
4,已經買過幾次 比較粉 冇綠茶味 但因為平會再回購 支持
4,質料適中，可以接受，優惠多點會更好！
4,"包裝有爛開， 擔心廚紙會整污糟...雖然唔環保， 但考慮衛生問題，係咪要再多個外袋，以免送貨時整爛"
4,包裝完好，2022 年到期，價錢可以
4,貓貓 喜歡 價錢 優惠
4,"youtube有片拿Hktv和百佳比較，請代理商上youtube看看，澄清，我買了但没變味
"
4,一大一細，同相不乎，兩包都係咁，但係品質好既。
4,買貓罐頭 有贈品小食送 但係俾狗食 我冇養狗
4,味道ok，細隻，唔夠juicy，不過$199有8支都ok嘅
4,真空處理如果可以再好啲就好了
4,見特價便買了一包，收貨時發现包裝破裂，带子外露。經反映後，已很快得到跟進，感謝hktvmall真的做到以客為本，對日後的網購更有信心了。
4,我家主子喜歡吃，會再次回購。
4,貴過藥房但勝在唔洗自己咁重攞
4,之前買$60，今次VIP 買$68，但有95折，貴少少，不過品質不錯，好大粒
4,我的2貓由細食到大，喜歡😻
4,糧袋完整 沒穿 :&#41;
4,湯罐組合跟之前不同了，三文魚味不太受歡迎，希望能改回之前的組合
4,如果早知道食用日期是2025年 就一定買多2包 所以？？？
4,"小貓喜歡吃，價格優惠
"
4,收到貨試用中，包裝精美
4,到門市取貨，原箱沒有破損
4,職員服務態度好價錢都合理，希望再平啲
4,貓砂唔算多粉塵 但係新包裝比舊包裝易爛
4,偏濃味 雞唔鞋 可以接受 $28
4,貓貓喜歡吃。價錢便宜些會更好。
4,$20/ 包，價錢平值得購入
4,買過好多次，今次有少少腥
4,纖維高，混合白米煮食，很不錯
4,唔錯但希望出炭味可以更吸壓味
4,多次回購，阿媽屋企貓咪指定用佢，每次都準時收到貨
4,價錢好抵，聽好多人話好用買黎試下，不過吸小便後結團好黏，抹砂盆好難抹，較難清潔。
4,"看似較大会縮水好食但
不宜煮太久方便煮烏冬"
4,20蚊一包抵食，味道太甜。
4,貓貓指甲受傷用後康復進度良好👍🏼
4,多謝送了小禮物，不過5分鐘內已被主子玩甩了兩條羽毛，𢭃貓棒上羽毛全部濕了，哈⋯⋯
4,個別幾包疑似有少少漏氣 但冇影響品質 不錯！
4,好食，有鮮味，多次 購買👍👍
4,"已經多次回購。先解凍，然後用牛油煎香。

好美味"
4,第一次用希望有效，包裝非常完整，但價錢比出面貴，如果有折，下次會再訂
4,大粒，好味。每次特價必回購
4,味濃，不是很甜，加杏仁粉，很美味
4,在門市以优惠价$25購，抵，味道稍甜，但還可接受
4,電梯突然壞左，但員工仍很有禮貌👍
4,一直用緊，有特價，抵買
4,"有6罐有芝士我的奄尖貓貓不喜歡,要送人:&#40;"
4,狗狗用咗有效果，推薦，但容量很少價錢偏貴，希望會做吓特價
4,汁好鹹但雞有雞味 20元ok
4,煎香好味，兩塊大小頗平均，最緊要係佢無乜腥味
4,大粒，來貨雪藏做得好，未食
4,Size 適中 • 加牛油煎一下 😋
4,上次買$507，依家買$547，但送咗條貓棒仔。主子要食，無辦法。
4,爽滑彈牙，只要在煎pan煎1，2分鐘可吃，_減價會再買，
4,不錯少食！$20 回購
4,送了細粒裝既比我...懶得退
4,有炭香味， 已是多次回購
4,"主子們很喜歡,當然有優惠便要好喔"
4,"都算大隻既，覺得幾好，
如果價錢可以再優惠就好了。
包裝冇問題嘅。"
4,有特價$60/包，回購
4,品質不錯，size細了一點
4,貓貓鍾意食，可以幫助補充多d水份
4,"$50價錢好吸引
但品質差左，好多粉塵"
4,"夠大隻 ，多次回購
"
4,見評論好多人讚，買來試吓，真係唔錯，少少鹹味，雞皮又薄，皮下脂肪唔多
4,味道不太咸，長者價$50好扺食。
4,雞味唔錯，雞肉嫩滑，有特價會回購
4,柔軟、夠厚👍
4,有野送都觉得平
4,收貨快
4,紙質都唔錯
4,第二次購買很好用
4,包裝很多箱，實在覺得唔夠環保，腰果杏仁糖略有點貴。
4,"抵用,品質好
"
4,"紙質不夠軟
但不錯
都幾大圈
扺用所以會再回購"
4,紙巾Ok
4,"方便,肉質軟滑,但稍為鹹了些！"
4,用完又買，沒有斷，如果不是好用，第一次用完便找另外一隻牌子用啦。
4,回購，好用，數量適中
4,好味，再回購
4,好厚，但唔算柔軟
4,幾好~ 都抵用既~
4,紙質幾好，大卷
4,品質好，都算厚。無俾5星係因價格浮動
4,好大卷底用！
4,減價買OK
4,好用good
4,環保包裝，很好走膠。
4,我會再訂
4,厚身 唔易爛 吸水力好
4,質素好，唔太貴抵買
4,好用，價錢平
4,紙質好，但其中一箱穿左窿。
4,夠靭又柔軟
4,好味！調味稍咸，要送飯。
4,唔錯，如果平啲就好
4,多次特價時回購
4,紙質比某牌子好，不會見水即溶。三個女人，一卷可用兩日半。
4,紙質比其他牌子更厚實，但個人認為不夠柔軟
4,包裝衛生， 價錢合理， 唔使自己拎
4,品質良好包裝整齊送貨服務良好會再次回購
4,不錯，如果厚少少重好
4,會继續購用
4,長期用．價錢合適．
4,"包裝原好, 但一大箱提取比較困難, 建議分店提供繩子作打包使用。"
4,味道不錯，又方便
4,"就是將太少張數,想快用完."
4,有點鹹。
4,品質很好👌但我買二只，大小區別太大，希望比足分量
4,好評
4,一直用開，感覺質量比以前差了.
4,"紙質比較薄, 但還是可以的"
4,👌 抵
4,已第二三次回購👍🏼
4,"味道好
但肉質不夠滑"
4,好食但越嚟越細隻
4,未食，但包裝整齊
4,Good!送貨員細心！
4,每次買兩隻放冰箱非常方便手撕雞好味
4,味道一般
4,真係夠鹹香好食，一定回購
4,已回購多次，不過今次係差左，唔似有咁多層紙張，下次應該唔會再回購啦⋯⋯😓
4,有d牌子就算係四層都好薄，呢款四層係有厚度，好用，屋企樓下嘅超級市場無呢款，所以用哂就喺度訂，又唔使自己抬返去，已回購過。
4,紙質越來越薄，將貨就價😒
4,用開，但今次紙箱爛左
4,唔錯，細粒少少，打邊爐、韓燒、蒸豆腐都唔錯👍已多次購買👍
4,公價價錢，送貨快速，今日買第二日送到。小失望，無禮物送。
4,味道是不錯，肉也嫩。就是吃了後打瞌睡，表示調料有糖。
4,有用，方便，已再次回購，平啲更好
4,綱上説很有效，雖然比外面貴20元，但送貨才是重點
4,價格低，主子愛食，會再回購
4,味道不錯，價錢合理！且方便食用！
4,回購再回購，今次比過往細了小小，不太過分，可接受
4,包装醜樣！边位踫凹晒＞＜
4,"一直回購,用嚟炒餸，方便好食"
4,"回購多次………
之前買少量都一堆贈品……
但近幾次每款20-25罐買………
一包試食贈品都無…………
"
4,比大包裝那款細粒，但都可以
4,新鮮好味，有縮細少少，價錢略貴。
4,唔知點解，貓咪不太喜吃？
4,"有優惠很好
貓貓很喜歡吃"
4,好係好，但用左幾次好似就快用晒。。
4,"份量比想像中少。畢竟唔超過$100 ，都係咁上下吧。
未煮，未知會唔會縮水。"
4,加餸方便，20蚊一包，抗疫恩物
4,今次有2罐凹陷，不過唔係太厲害，可以接受範圍
4,除臭功能不錯，但好易黐底同有時沖一次廁會沖唔晒
4,見特價第一次買，未食，但望落外貌都幾靚
4,已經多次回購 但呢二種品道&#40;中骨）貓貓唔食  掂都唔掂 可否換其他味道 又或者有冇人可以可以交換？
4,比較細粒少少，但都滿意
4,用開，特價補貨，希望多啲做特價！
4,我喜歡大成的串燒，好味！如果有特價會再入貨。
4,新裝比舊裝較粉，聞起來亦不同了
4,方便，快捷，好味，再回購。
4,方便 味道好 份量也夠2人吃
4,味道唔錯，翻熱又簡單會再購買
4,煎焗都方便，好食，加餸快捷方便！多次回購！
4,好食，但比上次買貴了十元，價格太浮動
4,感謝祭＄151 抵買～除咗原裝紙盒幾污糟之外其他一切冇問題
4,貓貓喜歡吃❤️❤️❤️
4,顆粒大小適中，亦有效掩蓋味道，推好的，但消耗得比較快。
4,大大粒，鲜甜，多次回購
4,太甜，氣炸後加了黃芥辣也算OK。
4,"煑後不會縮太細, 口感不錯"
4,還未拆開用，包裝企理，價錢合理
4,雞串中配的醬汁甜得合理，烘熱可食，方便又美味。
4,需然此供應商價錢不是最平，但包裝精簡，罐罐無穿無爛，連塵都無，放心購買!
4,多次回購，不過今次比之前的差，溥咗好多
4,"買兩件$3399/平均$199,特價買"
4,有少濃咖啡味，如果加檸檬汁會好味一啲
4,好爽口，不過最好等有折先買，$45少少貴。
4,收貨時如圖，覺得隻雞“好膠”…。放雪櫃一晚，仍未完全溶雪。剪開用微波爐加熱3分鐘，驚喜變返隻靚嘅鹽焗雞！雞汁待涼後結成啫哩狀，連雞胸肉都嫩滑，只係個人覺得咸咗少少。會再回購。
4,包得太多膠袋唔環保呀，冇圖!
4,雖然貴咗啲，但比好多牌子好用，好吸味，已回購多次，每次送來都Keep到真空包裝
4,吸水。不過因為細粒，所以容易被貓爪帶到成地都係
4,買了六包，但有兩包不是真空包裝，漏了氣
4,包裝幾好。平時寵物店買一包7L普通豆腐砂$90，除開每L要$13。而家$159有18L，除翻開先至$8.9。加埋VIP日再有折，都抵。雖然未用，但睇落都唔錯，密封包裝、有活性碳、又係細砂。如果有埋密實袋包裝方便保存就更加好，方便開黎加砂
4,容易清理，無異味，高評價的一款貓砂
4,係一款可口狗小食，又薄又脆，狗狗肯食
4,"用開, 優惠價所以買咗3包"
4,今次包裝有改善嘅空間。
4,肉質軟，多汁翻熱方便送飯孩子大愛
4,已回購多次，好味又有汁
4,仍然太多汁。但味道好。已經多次回購。可會有特別感謝給忠實fans like us😜😜
4,貓貓喜歡吃，會再次回購
4,"好食 方便 回購
今次比較咸"
4,方便，用熱水翻熱，雞好滑。
4,用100度水浸20分鐘，是否需要開住個火，如唔開住個火，啲水就越浸越唔熱。
4,"要比 惠康 百佳 平 特價, 才會買。"
4,味道好好，減價$30真是物有所值！
4,包裝很好。祇希望能把兩排分開，因家庭食用，一次不能吃十多支骨，而溶解後再雪又不適宜
4,好味道，只是碎件較大，完整件相對較少。
4,"整箱購入, 方便. 第二次買, 價格吾穩定, 令購物滿意度吾高"
4,$69.9 有24包，packing可愛！
4,好耐之前買過覺得ok好用，適逢今次買開野又做特價所以回購。
4,未食，因喜爱紫薯，買來嘗試
4,整體OK，少部份包裝可能受壓明顯變形。
4,一向用開不錯！抵用！香味不濃！
4,收到貨品，還未試食，但包裝上的食用日期為24年3月11，同描述上的5月11有出入
4,特价$199再95折，已经回购多次，好吃，值得推荐
4,"$60 ok, 好食又大粒"
4,未食。優惠價錢👍🏻👍🏻
4,聖誕平安夜煮嚟食， 有十六條， 冇乜肥膏 ，但比較細件
4,已經是第二次回購，好用！
4,如果可減輕甜味，口感會好些。
4,不太耐用，很快就用完了
4,非常好，而且價錢很便宜。
4,"飲開ok, 今次送齊貨"
4,增量裝，如果一箱30包會更抵買
4,加餸好幫手，味道稍咸，淡少少更好，不過都OK。
4,味道真的不错，但你切割每件比較细少。
4,未開，不過包裝印刷好檬有啲怪，到期日2022年11月okay呀
4,$219 有兩排，再有VIP 95折扣
4,"N次回購, 但這次品質差了少少, 只有圍邊厚啲, 中間好薄"
4,"水味道正常,但樽是斜的,還好可以放穩"
4,"未試, 不過好似細包D"
4,麥精和維他奶都係四排散開的，只有最底嗰Pack檸檬茶係完整四排裝，原本拎起入櫃三次變左9次，麻煩咗，但可接受，有待改進。
4,無粉塵，包裝十分好，吸水力強，但有少少痴底情況，份量相比其他牌子6L就細包左啲。
4,性價比ok. 正正常常咁啦
4,28.50/3罐 每罐170g 未食 MIChina
4,算抵用！$69.9/24包，讚！👍🏻
4,用戶已設定此評論內容為非公開
4,好好飲，已經回購了N次，不用再說，好飲
4,tasty tasty! 但原來係細包裝，之前係零食舖買過大包
4,"送旅行貨其實是想要pink colour, 可惜送來是blue, 失望，如果可自己選擇會更好"
4,沒有想像中好，還是喜歡藍色包裝一種。
4,有一包穿咗，已即時收回及安排換貨
4,抵，仲有利是封和袋仔送
4,最吸引係送貨唔使自己搬
4,"有啲縮水,13粒,一粒仔要$5"
4,未食。size 不錯。
4,味道不錯，但某些部位較鹹 
4,不錯，肉色鮮明，夠新鮮，回購多次
4,包裝良好，不過食品味道偏甜。
4,真係唔止一次好評，又平又好食，焗咗咸香好食
4,今次貴過上次少少，$179三包
4,雖然未到少少偏甜，但整體質素OK
4,ok 小孩放學後當點心 !
4,"味道ok,但不大隻，拆成手撕雞分量一般。"
4,一盒24包分開，未如超市一袋4包
4,放在雪柜，隨時可以加餸，好味道
4,一直用維達４D印花系列，價格合理，品質一向良好。
4,有特價更加好，上次$25一包
4,肉質唔錯，蒸、煎都可以，不過有魚鱗要處理
4,一箱箱原整送到，冇穿冇爛，但分散送的就凹晒
4,"價錢超優惠但原來係細包裝, 不過夠新鮮"
4,貓咪大便完的臭味仍揮之不去
4,已回購好多次了 但咁次有優惠 儲定咗好多貨 正😄
4,雞肉幼滑，好，若醬汁的甜度稍減，更好。
4,骨頭軟，肉質有咬口，幾有雞味，加熱即食慳功夫，吾錯。
4,味道正常，包裝緊密使得保持新鮮原味。
4,雞肉嫩滑，會再購買食用。
4,好食，特價$50/2包先至抵買
4,價錢適中，至少唔會好似其他包裝咁漏汁
4,好味，方便，叮一叮，再配日式烏冬，前菜，簡簡單單的日本晚餐
4,用開，頭髮無以前用其他牌子咁油，又小甩頭髮👍👍
4,方便，味道不錯。如果可以再淡口d更佳。略略咸左d
4,唔錯，夠鮮味，不過細粒咗啲
4,魚味濃郁，肉質佳，三文魚油豐富，煎出來好香口，小朋友愛吃。
4,我會再加工（辣椒🌶️香茅、檸檬葉、南疆）
4,味道有少許鹹，肉質可以浸熱水，解除包裝即可食用，方便加餸👍
4,來到包裝穿咗個窿，不過HKTVmall安排咗退款，質素是沒有問題的
4,方便好食， 星期二做特價$20，幾次俾錢遲少少都被剔走，今次終於買到
4,價錢合理，但用完唔覺防掉髮。
4,味道較其他急凍三文魚新鮮
4,煮熟好好味，煮粉滾一滾就食得，方便👍
4,味道可以，以為用焗爐焗會變乾身啲，變串燒feel。原來唔可以，可能太多醬汁，都係好濕嘅，或者要焗好耐先啱卦！？
4,  上次食到有啲苦味 但今次很好 食到鮮味
4,麻麻地 解凍完 有2粒爛哂
4,還沒有食，但包裝很好，簡單慳位易儲存。
4,不停回購，鹹鹹地幾好味，焗完雞肉仍然很滑，份量剛剛好，不大不細
4,呢個size易收藏起來 已經用咗N1豆腐貓砂五年了
4,有鮮味但產品比之前細，可以回頭買希望下次會大粒啲
4,送來的時候有幾罐罐頭已經凹了
4,回購，有魚鱗比較麻煩，其他ok
4,今次冇上次咁好品質，有幾張條邊栽到好貼，亦有穿底膠情況，不過數量唔多。本身產品吸力夠，濕咗亦冇乜臭味，幾好用
4,第一次買，有900g夠晒大隻，醃得入味，不過略嫌咸咗些少，適合配淡味嘅河粉/米線/米粉，買定放在冰箱都係方便之選。
4,米~再購買的！鷄~第一次買！好平！但有好重香精類的添加濟~一滴香！價格平！不會再購買。
4,今次未食 希望保持水準👍
4,很方便，不用加調味料，即蒸即食
4,包裝完整、送到時都仲係冰👍價錢越嚟越貴，一包15粒只係正常大小，煮熟後再細啲
4,近排發現好多肥膏或雞皮，同以前好似有點兒不同
4,雞味唔錯，雞肉嫩滑，有特價會回購
4,"簿簿地,煎就散,可以切厚D,就好好多"
4,切得夠厚，沒有魚魚腥味
4,还没用，效果未知，但是包装很好有专门保护囊
4,有3件魚塊，不算大！未食！
4,好味！調味稍咸，要送飯。
4,肉質和味道OK，但比較咸，如果淡番D就好。
4,3支全部2026年到期
4,一直用，幾好，用咗唔敏感，中藥成份，無化學嘢，減價會再買
4,頭髮用後減小掉頭䯭，減小頭髮油份，經常回購！
4,"非常喜欢用,不过加价後就少買左。"
4,"未食, 目測魚塊整齊."
4,size 細細隻，味道屬於偏咸口味，合適做手撕雞配搭粉麵沙律特等等
4,份量比想像中少。畢竟唔超過$100 ，都係咁上下吧。未煮，未知會唔會縮水。
4,不錯的，因65元才會買。
4,好有交帶有信心。準時送到。
4,經常入貨放雪柜隨時可吃好味
4,好香魚味，貓咪喜歡，如果平D會買多D
4,"未食, 但樣子100分, 又厚又大片"
4,"整體都不錯, 值得回購"
4,貨品用白色膠袋裝住，慶幸原出口商以3罐包裝為一單位，罐頭沒有太多凹. 但如客戶訂貨品夠一箱數量，建議用原箱提供給客戶以免罐頭被撞凹
4,"煎焗都好味多次回購"
4,好夠味，兩層膠袋衛真空衛生
4,好味，方便加餸，多次回購，不過加了價。
4,回購多次，鹹味剛剛好，又沒有太多皮下脂肪，很抵買
4,品質OK，味道稍咸，不過放在雪櫃，加餸時用，是方便的。
4,好用！洗完髮後頭髮很爽！
4,肉質嫩滑，不太咸，幾好味，50元會再回購。
4,買個好幾次，但係今次呢隻有啲雞肉腥味。
4,見評論好多人讚，買來試吓，真係唔錯，少少鹹味，雞皮又薄，皮下脂肪唔多
4,由於要解凍及自己起魚鱗，所以大家記得預多些時間準備。這個包裝完好及足秤，2塊size 平均加一塊小的。我配搭左香草、海鹽、日本帶子、小蕃茄，加意粉便很好味。 提提大家清洗時不要用力擠壓魚肉，會變形， 基本輕手略為沖水便可以了。
4,一包兩塊，經常一塊大，一塊細
4,這款薄餅質感和味道都很好，只是比平日食開既略甜，除此整體都很好，用黎整卷餅好好味。
4,強烈建議蒸好過煎……因為煎起黎口感唔及蒸好食重點點整都係嫩滑
4,已經多次回購，打邊爐、煮白汁皆是唔錯的選擇👍
4,$20包，抵買，長期 keep 住買
4,"好好味,放入氣炸爐5分鐘就有得食,超方便"
4,一直食開仲要$20/pack，抵!
4,煮好也不變太小，可接受
4,"1. 味道有點偏咸&#40;個人&#41;. 2. 建議用熱水浸完放一陣先好食, D雞皮會無咁影爛開3. 會推薦給朋友, 畢竟放便. "
4,帶子熟後不縮水！鮮甜！正！
4,多次回購、但都是等到$20才買
4,之前買900g那份，第一次買700g，未食
4,都幾好食而且20蚊都算抵
4,回購，加餸方便，仔女喜歡
4,偏鹹，但味道都幾好食。
4,送到時仍保持雪冰，希望可以再平的
4,好滑，略咸左少少，淡返少少就完美了。
4,$40/包。肉質較結實。主要用來煎或者焗。買咗三包。有一包只給魚尾部位。
4,煮完唔會縮到好細粒 ~ 已多次點購 
4,用熱水浸20分鐘就有得食，非常方便。味道𢜟𢜟好不會太咸，成為一家四口晚餐必食餸菜。
4,中藥味重，但ok好用，減少脫髮
4,"朋友介紹用,感覺甩小咗頭髮,頭頂有密咗,會繼續用"
4,"方便,肉質軟滑,但稍為鹹了些！"
4,多次回購，價錢跟街外門市差唔多，不過唔使自己拎！
4,冰箱必備，肉質咸香，完袋放落凍水至滚起收火焗半小時，肉質剛好，常常回購
4,都算大隻既，覺得幾好，如果價錢可以再優惠就好了。包裝冇問題嘅。
4,買了2包。平均77一包。不滿意今次有一包已經不是真空。另一包是真空，但好似有血水。
4,好食，份量適中，合小家庭
4,一隻分量都唔少，做雞絲粉皮，食咗兩餐！
4,幾好味，不過流到一手都係！
4,好味，希望雞可以再滑的
4,趁減價先買，平時唔算抵
4,"比較抵食, 但係煎出來唔夠隔離牌子的冰島三文魚柳咁正, 一分錢一分貨"
4,梅頭肉軟，味道好，會再回購。
4,有啲扁咗，但都可以接受
4,真空包裝，但沒有食用到期日
4,特價會回購，味道不錯，方便
4,"品質良好,$59 平宜。"
4,"由20年開始多次回購, 但今年差左, 換左包裝之後魚多骨, 質素無以前咁好"
4, 我個人覺得啱食 好味 用嚟煮粉麵  炒餸 簡單方便一流
4,"這款貓砂3包為一箱，我買9包，為何是9包散裝？給我3箱不是更好嗎？產品有紙盒包裝的話可疊起存放，變相鼓勵人買多些。希望供應商考慮這個問題。如果這個問題不解決，下次我不會買這麼多。
"
4,每次買兩隻放冰箱非常方便手撕雞好味
4,"勁邪, 原價買完後幾日, VIP on sale 到$200. &gt;_&lt;"
4,"買了兩包 一包真空一包梳了氣 
吸水好 沙塵不多 抵！
其實幾好用..
味像奶粉，但勁濃味 個人不太喜歡..

可能會繼續買但溝其他貓砂時用.."
4,唔想煮餸既時候好方便，不過品質時咸時岩，撞運氣，經常特價$50
4,"係比起市面同其他寵物用品網站貴,但送上門同埋唔曬特登湊錢買其他寵物用品,呢格價格都接受."
4,"用來撈乾糧, 貓貓愛吃."
4,"相對而是稍鹹, 幸好沒有太多香料味, 雞的皮下脂肪不算多,如果可以淡一些會更好."
4,貓咪🐱都幾鐘意，會介紹俾朋友。
4,回購，今次買三包，有二包是三片魚，一包是兩片魚，有貨不对辦的感覺，因辦是兩片魚的，此問题已反影多次，但你地没有重視。
4,"加點開水,小朋友喜歡."
4,好用，不過粗粒比較耐用😊
4,貓咪第一次食，都肯食，便便冇咁嗅
4,買左兩包 分開買 一包真空 有比較
4,第一次用，訂完睇返之前睇到好多comment 話啲砂又粉又碎，令我好擔心。今日拎貨又冇，好彩！會唔會唔吸味呢就未知，用過再追加評語。
4,經常買今次$94/包，以前粗條D，依家幼咗要用多D，味道都淡咗
4,我的貓經常用上述貓砂，質地十分好和保持平均
4,"貨品OK, 仲有88折, 抵入貨"
4,真係夠鹹香好食，一定回購
4,包裝睇唔到生產日期食用日期？
4,今日喺萬X見到賣＄63，平成＄15，覺得蝕曬
4,用開，品質有波動，在可接受範圍內
4,會不會包裝啤膠封口有問題？根本有一逿係冇啤到封口膠邊
4,🐶like！雖然係碎啲，不過佢哋唔介意🤷🏽‍♂️
4,29.9， baby swipe 平替，屋企有小朋友每日都會用嚟抹玩具playmat
4,"無味黎講算好，唔要求蓋得好勁（主子唔鍾意蓋便便）
易清理，不起唔易散
個牌子有幫浪浪嘅話更抵讚"
4,"好平, 唔使自己拎好方便, 有啲大塵"
4,比較細粒及碎化，不過🐶🐶唔介意😄
4,用完出奇地滑 試過用其他中藥洗完頭一般都比較乾，立即想睇下樽身有咩化學成份，但d字太細無帶眼鏡， 放棄睇了整體也滿意 清爽
4,今次好彩，一包兩件大小平均，唔腥，味道也很好，就係貴咗啲。
4,我幫朋友購買，未知好不好用，但係價錢上真的很吸引，可能下次自己都會考慮使用
4,帶子都大粒，煮熟又不会變得細粒，好味!
4,很久前試過。今次回購再試用
4,味道不太咸，長者價$50好扺食。
4,包裝沒有問題，價錢平，抵👍🏻
4,"
平及抵，又有人送上門，太好了"
4,每次見到貓貓吃時好開心！
4,"這個價錢及品質真系幾好, 直得買,"
4,长期回购，但要先弄碎肉粒喵星人才肯吃
4,"今次30蚊一包, 都好抵買"
4,抵用，真空包裝，份量十足，不過有啲幼細
4,包裝好，唔洗自己搬 ！
4,比較除臭，可能因為混合沙，所以好多粉塵，但粉塵比較大粒唔會周圍飛都係沉底，所以可以接受
4,"有抽真空, 正貨, 較錢合理, 唔使自己搬, 好"
4,"加單再平啲啲, 平過出面好多"
4,相對超市做的「特價」，這裡的單買價更划算。不過經常缺貨，而有時阿媽話這裡買的貓砂吸水力較差（可能和貓砂的存放環境有關？）。
4,"品質好, 已是再回購!"
4,有雷射標籤，包裝很好。但找不到到期日子及生產日子😓
4,平價礦物沙不二之選。 凝固得好好。
4,包裝整潔，功能達标，价錢合理，--定重購。
4,"包裝很好。新裝原裝行貨，有雷射標籤。但揾唔到日期!
可以提供日期？"
4,今次d沙好似大粒過以前買落🤔
4,煎香放意粉 好過出街食
4,"貓貓喜歡吃。

但建議商家可調整包裝，送貨label直接貼上商品上，感覺一點也很不好，回來盒子也不能再用，要把所有湯湯包拿出來，有時買家也想保留貨品盒子。希望賣家能在包裝上改善，也可在外加多個盒子，讓買家收到時感覺是整潔。


貨品價格合理，商家態度也好好的。

加油💪"
4,用開粗砂，未試過2.0，不過睇落唔錯
4,同黃色濃湯款比較，呢款更水，要搖幾下先倒出，唔係會水油分開2層咁
4,細包易提取，儲存方便。
4,用了很久，味道清香，就是用了三天後會產生一些碎粉
4,"貓咪like,可以回購。方便"
4,"味道維持很久,吸濕力強."
4,請問仲有一包冇送黎 顯示已取消啫係點啊？
4,"我会推薦你公司给別人
實幹的公司"
4,用開回購，不過近排粉塵多咗，唔知係運送問題定原本已經係咁
4,是往常回購貨品，因為有養寵物，比較適合自己使用，推介。
4,幾大粒，味道好，但有點貴
4,閃二平購 留意係細包裝
4,減價55元抵用！會長期買
4,對唔飲水嘅貓貓嚟講係一個補水的好選擇
4,唔算太厚，每日要用兩張
4,猫咪钟意，价格合理，--路回购。👌
4,幼貓喜愛食 還多送3包 謝謝
4,"超特價時買了很多箱。（家有多貓）
包裝質量很好。塵粉不多.結實還算可以。
如果平均30都不算太平。再平一點可能會再買。
再做特價必回購。

現在加了益生菌或減壓的別牌都是差不多價

洗衣上了新的紫色花。濃多一點點會更好。剛洗完有一點香。不需太濃但洗完過段時間就沒味。"
4,之前買有贈品，今次無，扣一粒星🤭
4,今次很好三包都冇爛袋…價錢仲很惠康啊
4,好用，會回購及推薦給別人
4,家中多年使用，品質好。
4,"貓砂較大粒,粉塵不算多
香味濃烈,不是花香,是甜香,不太喜歡
便宜大袋,還好吧"
4,之前購物時滿額送過一包比我試，確得不錯，需然我本來仍有其他存貨，但見有優惠價滿300有贈品便及減10元便購6包滿額加入購物車，初時是有贈品顯示有2個罐送的，但後來到付款後就沒有贈品了，只有10元優惠🤔不知是否送漏了贈品，因現在仍看到是有得送的，能跟進一下嗎
4,不是厚裝，但都吸到尿，平價尿片首選
4,"還可以,25年1月到期"
4,臭屎喵試食中，價錢優惠，又可以轉換唔同味道
4,"好食，$50, 多次回購"
4,"用咗一段時間覺得幾好一直回購
但今轉好奇怪，倒出嚟有唔同顏色既砂，又紅又藍又灰又綠，唔知咩情況？😓
上網有人話係HKTVmall買到假貓砂，今轉貨搞到我懷疑會唔會係假⋯⋯"
4,不過收到時嚇親，以為係假貨，因包裝唔同左，見你而家先至改番新包裝張照片，期限去到今年8月
4,家人買左覺得幾好 咁我就落單啦 包裝封密 整齊乾淨
4,確實係少粉塵，團結效果還可，但未能除臭。
4,防撞膠泡泡最好将整袋猫糧包裹，祇蓋一面，效果差了一點點。
4,貓咪好鐘意，再次回購，由於是脱水的，貓咪會飲水多D，所以要準備水比貓咪。
4,有特價便買，送貨都準時。
4,"包裝無問題,  只係我隻咀挑老貓唔食!"
4,比較用開的薄啲，但都好用good
4,非常好，多些做減價仲好！
4,回購的，幾好用，係使用第一天大味D
4,蓋雖然用膠紙包好，但依然有留出黎
4,一直用開性價比高，可沖馬桶，缺點就是竹炭太深色觀察唔到貓貓便便嘅顏色，下次會改用翻原味
4,$40，比想像中大隻，夠入味，抵食，會回購。
4,貓貓愛吃yummy.....
4,品質很好👌但我買二只，大小區別太大，希望比足分量
4,价廉物美，猫猫爱用，怎能不购。
4,特價$80.7/包，抵買。喜歡咖啡味。
4,第一次比貓貓試，平時唔食濕糧既貓肯飲一半
4,"吸收強，但灰色粒粒容易便成粉狀，所以之後未必再回購
"
4,有些罐是凹的，罐頭很香， 營養成分如照片
4,"1&#41; 喜愛
2&#41; 好得意
3&#41; 會回購"
4,一直有回購，但是最近三次的訂單收到的罐罐你內的肉都是硬身、湯汁成為啫喱狀，貓貓吃得很辛苦，而以前的都是軟身的肉和很多湯汁。為什麼會這樣呢？是品質有問題嗎？
4,初次選用，暫未知效果。
4,很適合動物食用，推出更多動物產品更佳
4,"買左好多次，本身陣味我接受到，相對其他用過既，覺得客廳無咩益味。

但粉塵太勁 。貓用完成間屋好多地方都有粉 日日返屋企第一時間就係抹台，搵緊少粉塵 又可以辟味既產品。"
4,貓咪接受到，已經回購多次
4,"使用方便, 但噴頭很粗, 消耗很快"
4,包裝良好，只係漏咗送贈品
4,我長期用的，因我狗狗中意用佢，品質都ok。
4,$20抵用，但一日後變左$30
4,猫兒非常愛食，追加$26.xx，都抵，訂咗幾支。
4,吸味好好，減價時買抵用
4,這個牌子嘅尿墊吸力唔掂，吸得好慢，狗狗vv時會漏到落腳仔
4,猫猫很喜歡但有些罐罐打開發現中間有個大窿，這正常？
4,"$40超抵, 已多次回購"
4,$95包，不過屋企人話無咩塵，好用
4,之前買有香味，今次有種怪味。。好難聞，搞到屋企都有陣味留係到。。暫時未諗到換邊隻貓砂好，唯有用住先
4,"價錢好抵, 但比平時用開同牌子同味產品唔同味道, 主子唔習慣係砂盤外柯左2次. 唔知係batch問題定點. "
4,好用，有真空包装更好！
4,"唔該唔好成日玩價。
8月22號 做vip價$95，諗住平就入貨，點知兩日後就做$90大手折扣 ，好難捉摸。
 其實貓貓鍾意用嘅話，貓奴好少會轉牌子， 如果呢度keep住個靚價，就大把人喺度買，唔該唔好要我哋好似睇股票咁，成日住個價。我唔信供應商成日轉價，我有留意其他寵物平台㗎。"
4,貓貓幾鍾意食，會再買。
4,一直食開，貓咪很喜歡吃
4,不是太小那款，方便使用後用鏟子鏟出來去厠所沖了去
4,再次回購，3隻猫咪搶食。
4,質素0k，多次回購，做多啲特價更好
4,"幾抵用, 不過有啲大塵"
4,一直買開，價錢便宜，小粉塵。
4,主子喜歡用，吸水效果良好，已回購多次
4,送錯左貨，俾左12罐tuna同4罐tuna white fish我🥲 個盒一入屋掉左，之後先發現，換唔到貨…
4,"我都是回購這貓砂的客戶,  看到下面投訴的客戶, 客服有否更換同牌子貓砂?或已轉用另一牌子? "
4,價錢平，質料厚實，吸尿強不易過底，好用
4,比較濃，貓貓便便大味咗，但貓貓喜歡吃
4,收貨即拆一包，好彩這個批次沒大問題，有少少奶味，主子唔抗拒
4,用開！今次特價，好抵！
4,初用豆腐砂，吸水力好，剷起時沒有飛起塵，好環保。
4,我覺得吸水幾好，但係吸臭味就一般，如果做特價都會回購的
4,方便易煮，小朋友都鐘意食。偏咸，但可接受。
4,見個個都話好 所以都試吓 真係兩個寶都食
4,貓貓喜歡食，食了幾年沒有問題出現
4,價錢公道、包裝美觀整潔，品質良好
4,貓貓食了幾天，未知效果。膠囊💊細，不難吞服
4,"好處就係比較平，貓沙係消耗品，長期用，價錢都係考慮因素之一。

壞處係小便好癡貓沙盤，初初以為唔夠沙，就清理完大大力咁倒曬餘下半包貓沙，但第二日check都係癡底，以前用N1無咁既情況。

同埋唔辟味，我日日清貓砂盤，中間要用空氣清新劑去辟味。"
4,唔係最好嘅貓砂，但勝在平，都吸味同會凝固。
4,包裝良好，2022/12到期
4,貓的尿尿和便便都結得好好，乾淨易剷
4,包裝很好，未有用後報告。
4,貨沒壞很整齊，紋路很清晰
4,"好少牌子有出兔肉罐, 這個牌子比較貴, 但要用到都無辦法.
另外, 我看另外的留言說罐頭有豬肉豬肝, 但成分明明只寫有兔肉及青豆, 不明白為何 A___l Ch_ 這樣評價."
4,未開來食，但都有真空，2022年到期但沒有鐳射印，唔知係咪水貨，見平過其他店就買包試下
4,用開，好用，大特價再買
4,下單時寫的到期日為2025-1。貨品是2024年到期。
4,"價錢優惠,厚度可接受。"
4,買了三次，都是幼條，但第二及三次較第一次粗。
4,"商品需要加上粗貓砂或幼貓砂
方便選擇 
此款是幼貓砂 不是我想用的款式"
4,平均$55 除咗貴啲，吸力都幾好，一日換一次都可以
4,做特價買，品質好，已回購多次👌💕🐶
4,畀其他牌子抵用.質量唔錯.已經多次回購
4,"超喜愛 我只賣這牌子，我貓咪敏感
吃了這版子，眼睛像波子一樣
愛你
"
4,到期日31／07／2023
4,貓咪鍾意！湯水多間唔中可給貓咪補水！
4,粉紅尿墊加分😁包裝良好貨品潔淨、雖然未及puppy & puppy 般厚、價錢$55.6 一包取勝、也不致於太薄小狗用仍可接受！
4,已多次回購，貓咪喜愛的。
4,價格吸引，較薄，適合小型狗用
4,"包裝冇問題
只係散裝表面比較多灰塵"
4,送貨員好大力敲門，非常冇禮貌，包裝箱爛晒，叫我簽收，同佢講爛箱，送貨員不作一言就走了
4,貓沙不易碎，包裝能加上黏貼就最理想！
4,為了購物滿$3000的優惠推廣而購物，但誰不知由12/5登記到現在都未能收到成功確認，當中16/5客戶服務回覆說已幫重新登記，等7日內看是否收到信息確認，但到時都已過截止時間了。
4,適合老貓吃，我寳貝每日都吃👍
4,已經多次回購，很適合年紀大的貓貓，我的寶貝很喜歡吃👍
4,貓貓食開 ， 668 算抵 
4,"兩隻貓都願意食,很好!"
4,產品本身沒有問題，挺好的。只是贈品tempo變了「迷你」 逗貓棒！！！！得物無所用，送人了！！！
4,用開，價錢合理，包裝可以，吸力理想
4,用開，薄啲，但質地都可以冇乜甩毛，多啲做減價更好⋯⋯
4,只有一個罐頭，但用了個大盒⋯⋯
4,OK，暫時只有呢隻罐罐係冇牙老貓可食😜
4,每包有一塊麵包，中間是預先切開的方便夾其他食材。質地比其他牌子的蛋白麵包乾硬，但味道還是可以的。
4,貓剛足4月大，should I purchase baby &#40;1-4 mth&#41; or kitten &#40;up to 12&#41; collection?
4,3m在香港大家都知好唔好啦！
4,一直都食這款，價錢平就回購
4,貓貓非常鍾意食， 不過吞拿魚肉泥間中會有 魚骨
4,一直買這個牌子很放心。貓咪喜歡
4,"多次回購,價錢比超市平"
4,已回購多次， 但今次送貨日落大雨，外箱濕了。貓糧都忌受潮，建議同貓砂一樣外箱再包一層膠膜會比較好。
4,結得好，吸味，但係多粉塵
4,小狗非常喜歡吃，下次減價再回購
4,雖然薄，但勝在夠平，一次換一張，換多幾張都唔會肉赤。
4,貓喜歡食，第一次買嚟試吓
4," 包裝非常整齊,貓咪又喜歡吃,會推介給朋友"
4,暫時除了蝦罐罐不吃外其他都吃
4,入面有啲一點點 係咪正常😅
4,貓咪喜歡吃。再平點更好
4,我買咗兩會，都無雞柳送🤨麻煩跟進
4,主子喜歡，相信無榖物比較健康
4,香港售賣較澳門平，下次有優惠卷我會再買
4,貓愛吃。罐罐完整。滿意。
4,同一間公司購買四種不同貓罐貓糧，也不需要給我分開pack四個細箱，給我同一位客人吧！?請下次努力環保啦！
4,如有優惠，會再次回購！
4,我家貓貓食orijen好幾年， 由最初見到有評價話貓貓食完肚痾後開始停食，停左大半年，見到呢度有行貨買， 再重新試下食。食左超過半個月，我家8貓暫時無嘔（不過我是溝糧的）。
4,貓咪喜歡吃，但沒有zip設計不太方便。
4,好方便除走衣服上嘅塵及寵物毛毛
4,係HKTVMALL購買方便
4,主子食厭左另一款餅餅，唯有轉，1年前食過，都鍾意食嘅，但唔知半年後佢會唔會又厭😅
4,未用，但隻味比較假，選擇另外兩隻味可能比較好
4,冇特別平，勝在有送貨服務
4,產品質素氣味都不錯。但同樣6L，可能因為條狀？比其他牌子細包，以致用量比較多
4,"有點刺味, 主子唔肯用, 想試其他味味道, 但唔知會唔會有刺味"
4,"好味, 門市買價錢同網上一樣, 少貴, $79.90"
4,第一次用 包裝入面好似好碎變左粉裝
4,"包裝完好。用來洗衫,不用分類得太仔細,內外一起洗,希望有效殺菌消毒!"
4,第一次用，質地幾好，可以完全吸晒！價錢亦好相宜！粉紅色配合我🐶🐕‍🦺女女😆
4,今次撞到佢減價，包裝其實店家已盡量包好，不過都係有漏濕個盒，唔嚴重可以接受
4,未用，包裝良好，55.6/包，買兩包有85折。
4,好香咖啡味。凝結力好。不過用差唔多一個星期就遮唔到尿味
4,n1冇問題（hktv 要改善更好，守準時期 / 對數唔好送漏 / CS要盡快處理錯漏事務...）如果能做得好D，1定好多客戶幫襯貴公司！
4,狗狗很喜歡，多次回購。
4,比出面平，加$1可換貓砂
4,這個牌子不錯，今次有禮物送，開心
4,自取店店員服務態度良好
4,買5袋淨係送左4袋。貓砂好用。
4,奶好香，可惜我隻貓唔欣賞
4,薄左小小但都夠用，夠平
4,"產品無問題，開罐個陣都香。
可惜我隻衰貓太咀挑 唔食。"
4,我的貓都是吃這個牌子。
4,第一次購，覺得包裝可以加zip拉鍊會保存得好些
4,水多，但肉內部比較乾。
4,買六支但紙盒包裝內得五支， 立刻聯絡客服， 已做了一支退錢
4,一開罐家中老貓已lam乾湯汁但唔太吃啲肉。但我相信此貓罐成份天然，貓貓多喝點湯汁補濕也是好啲。
4,可惜唔係原箱，咁大支水冇紙箱都唔知點擺
4,"加購價$33，價錢幾抵! 用開，凝結力不錯! 
現在比較以前改良左，無咁多粉塵。"
4,請問呢個係製造日期？定係到期日期？
4,"用開N1, 趁特價買, 第二次買幼粒, 覺得幼粒再好用d, 所以回購.

今次收貨好左好多, 雖然無額外包裝, 但係外表非常原整無破損無污積, 無乜散沙, 睇來真係似$99貨和$105貨的分別. 睇來Pet Express有必要改善下"
4,買咗3包，有2包係真空
4,送貨員非常有禮，辛苦晒
4,凝結 同 易沖能力都無懈可擊， 但係基本上用5日就好大陣尿味.
4,價錢吸引，用開回購，包装完整
4,味道好，但包裝過多，不環保
4,買開，價格有優惠會繼續購買
4,很好吸收力強，價格合理
4,一直有用開；只要價錢合理會一直購買！
4,品質唔錯，送貨員友善！
4,多面包裝很好，滴劑藥盒是已經開了
4,前幾日買過幾好，貪心仔見有包濕糧送再買，但竟然漏咗餸俾我😓😓😓😓😓😓激死
4,狗狗食左腸胃同便便ok
4,很吸味，可沖廁較環保。希望加設密封膠邊，因為17L不會一次傾出，留下次用較麻煩，要自行用封箱膠紙封閉袋口，如有zip封條會方便很多。
4,包裝好. 品質好. 回購多次
4,貨品質料硬淨，吸水能力不錯，小至中型犬合用，尿尿沒有過底，品質良好，價錢合理。
4,狗狗喜愛的飲品，營養豐富
4,喜歡此產品，同時也會比較價錢，能比實體店便宜會繼續買。
4,"還可以,我的大貓不大喜歡,小貓OK."
4,購物十分方便，送貨準時
4,呢間貨乾淨包裝好 24年到期 上次買都冇贈品 今次又係買四包送咗包小贈品
4,貓貓中意，不過Donki 買29蚊有找
4,"狗狗一直用開。 
但運輸包裝只用公文袋，盒子有少許壓扁，幸好滴劑無損。 若能改善運送包裝更好。"
4,產品冇注名！幾多kg應該食嘅份量🤔我隻狗狗7kg，係咪每天食一粒？
4,包裝有少少破損，方便過出街買
4,狗狗進食後未見不良反應
4,貓兒鍾意，貭价保持，可以回購。
4,吸味好。凝固能力不錯。絕對會再回購
4,不過不失 每隻貓的口味不同 建議主人每款各買一個試試貓貓的口味
4,之前都講過這店的貨品食用限期長，但是過度包裝。浪費係一個問題，而我只買4罐細罐頭，今次如前一樣，亦是用一個大紙盒裝著，盒內那4罐罐頭更誇張，用膠紙重叠包著，要剪開膠紙係好困難。我為何仍要繼續幫襯這店，原因係貨品價錢便宜了兩元。如果其他店的價錢一樣，一定唔幫襯這店。
4,好在有額外用膠袋包住，因為送到黎都有少少漏，陣味好濃，希望可以清潔家居同時唔好傷害貓貓
4,"評分高是產品好，
用開，買開，送開❨一般都3包買❩， 但因送貨時段越嚟越少，返工就唔到收貨，只好改咗O2O買1包，所以就出事。
"
4,一直訂購，方便用自取
4,準時到 6L 比想像中少 完好
4,$85見兩包特包有8折，之後要買6包才有8折，太多了嗎！
4,狗狗長期服食 希望繼續做多啲特價 繼續支持
4,這邊的喵咪很喜歡金罐系列，價格也正常，包裝也很完整，不錯不錯，會繼續回購。
4,說好的福袋就係呢包仔野，仲特登買夠數佢，早知吾買咁多啦。。。
4,原來最平應該係$88囉
4,一向都用開，好用，已多次回購
4,貓咪喜歡吃！但價格較貴！
4,未用，但特價＄110，先俾4⭐
4,收到，已訂多次，完全無問題。
4,兩隻貓，一隻鐘意食，另一隻嘴刁嘅唔鐘意
4,"幾好 唯一唔好處係大包開咗無得zip返
一粒Size比較細"
4,留待貓BB開眼後吃的。
4,"貓貓原本吃得少，加撈其他口味就吃光光了。

"
4,幾抵 吾錯 凝結力幾好 有少少粉塵
4,對狗狗腸胃真的有用，滿意加分
4,獸醫診所都係用呢隻，唧在貓貓口上都唔抗拒，可以唧在布上同貓擦擦，用左一年D牙都白白淨👍🏻會繼續回購
4,"$225 , 價錢唔係最平，之前賣$189，但起碼包裝完整。"
4,湯多肉少，但貓貓很愛吃
4,"Wa 好彩個包裝完整無事，都見到多人complain, 都有d worry"
4,價錢平但每次都唔係真空包裝
4,比收貨期遲咗幾天才收到，如下次可以依期就好，多謝小禮物。
4,看來不錯，但狗狗不欣賞
4,收到嘅時候貨品包裝盒變型～內裏蚤水原裝盒扁晒所以扣一星，好彩三支蚤水冇穿到 。2022年4月先到期Good！
4,比想像中細條，約一隻手指長度。還以為筋條很耐咬，又或者狗女牙力夠，沒咬多久就斷開，有點脆脆的。有肉香，狗女很喜歡食。
4,有禮物送 good，但到5月而已，上星期送果包係22年9月，咁如再買可能3月到期？
4,3包內有一包收到時已爆開，要立刻用！
4,包裝冇破爛，還有送狗小食一包，可回購
4,減價後價錢跟其他實體店差唔多，但有送貨服務👍
4,品質好唔好我就唔知，貓們搶住食就是，食完都有少少野嘔出，唔似係毛，但又唔似係食物。
4,"有用,狗狗腸道有改善."
4,包裝好差，漏晒出黎，標貼都沉爛埋。
4,狗狗好喜歡，但細盒，份量少。
4,沒加主食所需營養，只可作為零食鑵，肉汁夠多，會先放曬肉汁比貓咪飲（貓咪喜歡會飲曬D汁）再加水整碎雞肉比佢食，每日一鑵，會飲曬 D 汁肉食唔多，用作補水ok👍
4,"四個月開始食到而家兩歲，因為貓B唔鍾意食大貓糧經常冇貨,而且貓b鍾意食，大貓都依然食緊。"
4,"今次要$84&#40;折後$79.8&#41;, 比上次買$60&#40;折後$57&#41;貴左，但主子🐱鐘意食呢款，而且斷左貨好耐，希望之後價格有機會平返d😊"
4,好味，都幾大隻，我做手撕雞，雞殼雞骨用來煲湯煲粥，正！
4,good，家裡有貓貓所以用
4,幼裝都係冇咁好，原裝大的好用啲
4,之前買過，貓貓食咗有幫助，少啲病
4,狗狗鐘意，但唔算好軟身
4,訂購綠茶味卻送來原味，冇換貨安排，只可以退款，望可1有機會改良安排。
4,內罐多水份，沒有 味精味。但雞肉本身內部比較乾，我2隻貓都有 餘下部份肉沒食。
4,用開，回購送貨唔使自己拎。
4,買了，還未給小貓食，但包裝很整齊，還有贈品。
4,一換貓沙，有種清新味，會再回購
4,"好用,可以減價多啲就好！"
4,特價買，抵用，不過好似越來越多粉
4,用開，幾好，如果經常有減價就好
4,貓咪喜歡此產品，已多次回購
4,貨品包裝很好。。但主子不喜歡食
4,"呢2批貨，味道有好明顯分別，上一次買批號L3有陣臭味，貓貓唔喜歡食。今次買批號L2 又無左陣味，貓貓都會食晒。請反映一下，可能某批號貨源有問題。謝謝"
4,小貓经常用、價钱差不多有送货、扺幫襯
4,"三隻貓都愛吃! 本來是給五星的, 但今次两個order其中一個少了一盒... 但之前很多次的order都没有出錯, 各方面都好好的, 所以會継續支持, 請下次出货時注意些吧~"
4,购买的时候说会赠送小猫食，收货时都没有
4,貓貓喜歡食，值得再買！
4,"主子用開這隻味道貓砂，
細包裝，自取貨也可以，
原味香，粗粒容易清理，
貓砂不會大塵"
4,貓貓普通喜歡吃，雞肉感覺比較乾身
4,第一次用 幾唔錯 幾索尿 係睇唔到尿顏色
4,巳買 咗幾次了猫猫鐘意
4,"好用，在做平 d, 一定在買多 d."
4,回購，比少一粒星因為其中一包個底穿咗
4,$80/包，第一次咁平
4,明明已經包裝得好好，但嚟到都係漏到濕晒?
4,有交帶👌🏻有心做好件事 下次會再買
4,對環境及人體無害，有茉莉花香味，但有些嗆喉！
4,樽頭撞凹咗，仲有少少滲漏，悲痛莫名。
4,回購多次，貓貓非常鍾意食
4,"味道很清新 而去污漬方面還算勉強去到一點點
（以動物清潔產品來說已經很好）"
4,價格少少貴，安全無味，適合家庭用
4,貓主子喜歡食有肉有汁嘅罐頭。
4,"用開。第一次在hktvmall 買, 送貨快。"
4,其實已經用膠紙封蓋。 都有少少漏. 今次多咗泡泡包裝令到佢運送途中不能打直放就一定會漏. 明白其實係佢本身設計問題.
4,99一包 過兩日變左88。。。 買4日有1包係漏左氣 要有心理準備haha
4,送貨員有責任感，放低貨後影相給我，唯一缺點係沒有真空
4,"比起一般嘅抹塵紙更加好用,日本製造果然係唔同!價錢可接受呀!!"
4,係幾好既，但唔知點解我隻貓會食
4,試過好多貓沙，哩隻暫時系最好用！
4,有少許漏樽蓋位，但見佢其實都已經包左厚bubble
4,"食完 只貓靚左

但唔係只只貓 愛吃"
4,消毒效果唔知道，但隻味OK
4,有寵物，見評價好，所以買來試吓
4,家中有寵物，所以買佢好用，已再次回購
4,狗狗🐶喜歡咬東西 所以很喜歡咬鹿筋 但買回來要加工用刀削細才可以給狗狗吃😄已多次回購。
4,狗狗食左腸胃同便便有進步
4,我買咗後，貓咪好喜歡吃。
4,唯一問題就是貓沙會甩色 我隻貓隻手係白色 所以好覺爬完沙隻手有綠色
4,用開，紙巾濕度夠，厚薄適中，冇化學味唔剌激皮膚，希望做多啲優惠可以入定貨😂
4,訂左4包，但同之前係其他地方訂的包裝唔同（左係之前訂，右係hktvmall&#41; 唔知邊包真係正貨。未拆開
4,不錯 2隻貓都中意飲d湯汁
4,買狗糧送，狗狗都鍾意食所以回購
4,容易鏟起，不留味道。會再次回購！
4,包裝好 只用盒 無包多餘野！ 好👍🏻
4,正品， 抵買！ 忽超市平
4,朋友推薦第一次試用，感覺良好，都會推薦朋友
4,同其他用開嘅豆腐沙比較差不多，因做特價買嚟試
4,"我家主子很喜歡，但糧比較大粒，如可以细些更好，會再回購
"
4,一直用開幫狗狗抹手腳，但噴樽設計真的需要改善，經常會有噴唔到嘅情況。另外請考慮下岀補充裝，環保啲。
4,很好用的貓砂！！！試過很多款貓砂，呢款最吸水，而且冇臭味，鏟便便唔會痴住貓砂鏟。
4,送貨準時，呢隻豆腐砂夠結實，唔會散到粉咁，而且痾小便後，凝結得好好，但我同老公都覺得佢地痾完尿，會散發出一陣攻鼻刺鼻的味道
4,比想像中細包 packing ok
4,洗狗狗毛氈一流，臭味冇哂。
4,如果要影兩次QR code 請早點說明不用收起手機住，保持电話的畫面
4,買2包都有真空包裝，但之前買過細包，覺得大包唔似有3包細包既份量
4,做特價60蚊一包真係好抵，質素都唔差，做多啲呢個特價就更好，會多多幫趁。
4,味道可以，對貓狗冇壞影響。
4,貓咪喜歡！味道不太濃！
4,購完後，加回價。但小貓很喜愛。
4,平過出面買好多，買左四包，有一包包裝袋爛左少少
4,各方面都很好！有待改善的地方是除急凍產品急凍產品和新鮮蔬果類，希望全部產品都可智能櫃取貨！就最好了
4,貓咪很愛吃，而且性價比高
4,獨立包裝很方便，狗狗喜歡吃，希望可以做多些特價。
4,比想像中細包，好似買三包細會多啲咁。。。
4,一共買六包分2紙箱  一包穿左約一呎 一包穿了小孔 
4,味道好，不過價錢略貴。
4,屋企隻貓太嘴刁，對蝦口味無興趣。
4,品質ok 貓沙比較細粒
4,味道好，但比較瘦，厚肉，用焗爐焗熟好味過BBQ炭火燒
4,這個價錢 比做特價時貴了十元 但都還可以
4,當初買三罐試食 食得好開心 回購買一箱 食都唔肯食 幾次都係咁 😢😢
4,貓貓好鍾意食，又抵買，缺點係有卡拉膠，不過就集中係面同旁邊，都容易刮走
4,有一包底部有兩隻角無啤實，漏左少少出嚟。未用過呢隻，如果好用應會回購，希望包裝有改善！
4,"差唔多每星期都有買這種貨品
今次見唔到有試食 
狗狗很失望"
4,第一次買試下，三隻貓有一隻唔食，本身佢好中意呑拿魚⋯估唔到佢食都唔食😔有啲失望😢罐入面好多水份，係可以令貓貓飲多啲水。
4,散包送到的貓砂很多碎粉，請問可否增加原箱購買?
4,吸得好，大粒唔會踩到周圍都係
4,"一直買開呢間卑貓貓用, 都唔係話有好多沙."
4,朋友推介，味道太濃，如果再訂下次用原味
4,品質冇問題。只係貓咪肚餓先肯食
4,跟其它口味共購買了24罐，貨品完整，全部沒有凹陷。曾打算購買多些，但多出24罐已再沒有拆扣。
4,好用，希望可以多些減價!
4,"常用貓砂，品質一直不錯，唯最近即批粉塵多了些，希望只是一時問題。

這是我不停回購的項目，基本上我到 HKTV MALL 購物的周期是以貓砂消耗為基準🤣"
4,"貓砂很好用。

剛才收貨，貓砂完全零包裝，其中一包一提起就直接爆開，倒到成地都係。送貨時請提供良好安全的包裝，就算唔入箱都起碼用綑箱膜包一包。"
4,訂購時有說送濕紙巾：但我訂多次都未試過收到送的濕紙巾？
4,"貓貓食開，一直有買

是次送另一區物流有改善，送貨前會通知客人"
4,吸味吸水都好，只是比沙盤細，價錢比較貴
4,訂4包嚟兩包。兩次訂購都係咁
4,沒有pack箱子、但好完整、冇穿冇爛
4,買定過農歷年，之前真空包裝，今次没有了真空
4,"包裝完整, 可是對比之前買過另一牌子的南極磷蝦, 我家挑食的狗狗不是一聞就吃, 但其實呢罐的蝦都很完整的"
4,D砂比較大粒，好快用完，都唔錯，大特價再訂購
4,第一次俾刺蝟試，如果試咗ok，下次再買。
4,包裝良好，食用日期到2022年尾
4,六包有一包漏咗氣，首次試用，再睇睇之後效果如何
4,買咗兩箱，總共六包，但係沒有送貓屋
4,貓貓太鐘意食，食太多會腸胃不適，易屙爛屎
4,"已回購多次。佢個數量呢個價錢算好抵。
家中三位主子都愛吃。本身以為佢哋係雞肉都鍾意食㗎啦，但試過街買嘅，一啖都唔試，就又買返呢款。我會一粒再撕開十塊八塊比佢哋食，好襟食：）"
4,獸醫介紹，貓貓非常喜愛
4,$99優惠時買，雖不夠日本豆腐砂消臭，但粉塵少，吸濕不錯，抵用
4,Good.....用開
4,雖然送錯了貨，但很快收到CS來電處理，並安排日子換貨。不錯！
4,請問商家可否將*膠囊直接*給予貓貓吞服？&#40;貓貓肯吞下&#41;，不用拆膠囊將粉灑在食物中。
4,性價比高，貓又鍾意食。
4,罐頭完整無缺陷👍，但價錢比其他商店貴，下次會睇清楚$$才訂購。
4,貓貓食呢隻餅食得幾好，大包裝性價比高。
4,天時暑熱送到門口，感謝!
4,好用，做多D開心價，長期用這款紙
4,不錯的，有機會再次購物的產品
4,"細細包－pack,餵食方便，老貓也喜歡吃"
4,多次回購 但如買多件有優惠更好 同iherb價錢差不多
4,回購多次，試過好多牌子效果麻麻，因主子本身耳仔好污糟又臭，試過泡泡靈之後明顯有好轉，現在每星期都洗一次，保持清潔
4,受折上折優惠吸引，所以買來試用，覺得品質不錯，抵！
4,湯罐送來包裝完好無缺，但湯罐的到期日完全不清晰，請問罐底印字或箱包裝，哪個才是到期日？未清楚到期日，難以放心給喵喵飲用
4,幾好用，但係成日無貨⋯
4,都幾細枝，價錢有點貴，但聽聞口碑唔錯
4,包裝完整無缺，送貨員親切有禮，good! 
4,包裝幾好，我會把包裝既膠去環保
4,唔算好厚 吸水能力中上
4,好用，夠厚，吸水能力高
4,"比較健康
貓貓都好賞面"
4,睇評語只只貓鐘意食，奇怪我兩只貓都唔食。唔知點解
4,"吸臭味都唔錯
沙塵都算細"
4,我買件數是兩件，但係服務員只係畀得一盒，當時我沒有睇到，欠一盒點算好？一
4,"貨品說明買滿$50送紙巾,而在訂單中亦有顯明,冇寫冇貨。但收貨時發現冇紙巾,應該是pack貨時漏了。"
4,$275 會員95折 抵過專門店買 而且狗狗食咗 感覺良好咳少咗
4,"第一次使用此產品, 猫猫沒有抗拒, 價格合理, 會再次回購"
4,"Good 👍 
貓咪好鍾意食
會回購的"
4,浪浪孩子理想選擇之一！
4,主子們食開，價錢合理，送貨快。
4,用開，價格合理，性價比高👍🏻
4,用開，一次過買5包，開箱時面頭嗰袋裂開咗少少，可能係運輸時造成，不過不影響使用
4,唔知點解訂六包没有紙盒放，好唔方便!
4,"狗狗鍾意飲～
開封後放室溫只可以保存5日左右，下次會放雪櫃試試"
4,夠厚。工人姐姐都讚好用。口購多次。
4,貓咪喜歡吃，但只有三款口味
4,其實商品及商戶應該都沒有問題，包裝都很好。但我想問HKTVmall到底送貨發生咩問題？個紙箱外皮係完全濕㗎！好彩係唔影響裏面啲貨品，但係如果裏面啲貨品都係紙盒裝嘅話，咁亦都係會濕！煩請HKTVmall好好處理一下送貨嘅問題
4,送到時已經漏瀉咗1/4支⋯⋯⋯
4,易清理，無粉塵，好用！
4,我隻貓十分喜愛，會長期購買
4,"便宜好用！多次回購,貓貓愛用的品牌。"
4,因為 價格便宜 相對質量 合理
4,"在限時追加清單彈出來的, 原價$148, 減價後$ 96.2買, 買咗先發現可以用$22換購價買, 畀四星係因為真係喜歡貓狗日曆, 但買完就感覺畀人呃咗咁,下次你哋提議追加嘅貨真係諗清楚先好買"
4,最近呢箱d湯同以前一直食開唔同左，以前d汁好似湯咁，依家一打開係淺黃色既水咁，到底係製作方法唔同左定點？因為都食左好長時間，一直都唔係咁
4,給🐱🐱嘗試新口味，一隻接受，一隻並不太喜歡
4,又好用，星期四有折買平左～
4,粉塵好似愈黎愈多，轉緊用另一隻同牌子又天然個隻好似幾好
4,多種不同口味，貓咪可試不同味道
4,大狗很快食哂當薯片咁食，小狗就不喜愛😅
4,"我本身2隻貓咪係食生肉, 尿量驚人的, 但此砂好吸味, 而且凝結力都好, 只係有d幼, 貓咪腳仔會癡砂, 除了這點小問題, 基本上係好用 "
4,果然同其他人一樣，係有幾罐凹的。不過係凸的應該就只係撞凹而唔係變壞，所以算數啦
4,粉塵比較其它貓沙小 會繼續回購
4,一直用開呢款貓砂，粉塵小唔會大浸味，已多回購
4,近兩次購買，包裝袋底部都有穿洞😵😵
4,2025年8月31號下單12支 全新一打開嚇死了 之前一直喝都沒有這個事情發生
4,我會保持購買，品質好價錢又唔貴，好合理
4,貓咪喜歡食。食完會吐毛
4,$112蚊有54卷廁紙， 平均兩蚊多D一卷 ， 平過口超市買之餘， 又唔使自己拎 ，真係好方便 ！
4,因為環保可分解，所以試用，但實在有啲貴
4,好吸水好吸味，平過出面買
4,包裝完整，產品質素沒問題，加上環保，會再回購
4,"貓砂凝結得好好
第一次使用此貓砂貓貓沒有抗拒"
4,第一次用這個牌子，唔錯幾好用
4,價錢唔會畀超級市場平好多，不過勝在送到屋企方便！
4,可以自動分解，冇味道。下次會再回購！
4,味道清香，能夠覆蓋貓貓的糞便和尿味，同時防止尿液黏着沙盆底。
4,想试一下。 因为特价。 有用开其它牌子   如果效果好。 会回购
4,份糧多 營養好 我貓嘴叼 都鐘意食
4,吸收力強，冇滲漏，會再買
4,"浪浪🐱🐱孩子愛吃！
希望能提供更好🈺️養成份及🈶️多些優惠以減輕負担！🙏🙏"
4,價錢較平，我用來餵街上貓咪。
4,"質量以價錢來計算是合理



"
4,"呢款貓仔食, 不過好細包"
4,Wow 好有份量😂麻雀咁大粒，貓貓唔可以一粒啪落口，要撕細啲食！
4,狗狗好喜歡吃，同時當小食方便
4,"回購多次………
之前買少量都一堆贈品……
宜家買無曬贈品"
4,Keep住用左2年，幾好
4,貓貓鍾意食，價錢實惠，會繼續回購。
4,小罐，比平時少一半分量，但主子很喜歡喝湯
4,"訂左6包, 係幾平, 但次次係度ORDER 既都冇真空的....."
4,兩個寶貝都喜歡 已多次回購 希望可以做下特價 幫下我哋貓咪大家
4,"又幫襯咗
希望你哋可以送啲試食裝禮物俾狗狗"
4,都ok! 貓咪吃得開心
4,包裝好，有 zip closed. 都幾大粒同硬，要識咬碎食物既貓比較合適。我有6隻貓，唔係全部都鐘意。
4,加左價……已经係狗狗的主糧，希望可以给個批量優惠，那就更好了！
4,貓砂好用，但價錢平宜點更好
4,訂了6包、沒有給原裝箱子，不過產品表面也乾淨
4,未食， 但貓咪食開這牌子
4,"這個產品是厚
又吸得好"
4,好多罐都凹咗，希望唔好影響品質☺️
4,包裝不好，部份地方有凹陷
4,用開，冇特別唔好既反應
4,狗狗喜欢，就是经常缺货，超不方便……
4,"大大塊好抵買
可惜八哥挑吃
只吃肉
其他部份不喜歡吃"
4,行貨的綠茶味比較清新，一直有回購
4,價錢平，服務好！再會回購
4,餵浪浪孩子不錯選擇之－
4,因為貓貓愛貓抓屋，已經多次回購，但最近發現多隻昆蟲在贈品紙箱附近出現，拆開其中一箱，發現好多小昆蟲，已經即時棄掉，請商家小心檢查後才發貨
4,減少貓咪敏感，天然豆腐砂
4,"貓貓去完廁所後，真的冇味！
好用！
如果長期保持此價錢就最好啦！"
4,好味但有一粒粒，貓貓不太喜歡粒粒
4,蜜糖味好重，好正????
4,貓咪喜歡。滙景店發貨嘅年青哥哥很有禮貌👍
4,"唉, 難得特價,點算要限購呢? "
4,特價嘅時候見到，所以買左儲起，定期開比貓貓食
4,水份比較高，係湯罐，貓貓都中意飲，肉絲反而無完全食哂
4,平，香味不錯。濕了結得明顯，易清理。只是有些細碎，貓貓易带落盤。換了日本製貓盤，因上隔縫隙太大，縱這產品平，也再用不上。
4,猫唔願食。不過質地稀稀地可吸入針筒，適合要餵食的猫
4,寶貝愛吃，方便，唔使自己做
4,只有三款口味。包裝妥當
4,"貓咪仲意食，
係怕買到水貨啫"
4,價錢貴左小小，凝結力可以，不過太細粒，經常癡住主子腳仔，搞到周地都係
4,貓咪超喜歡吃，價錢平，有多種口味選擇
4,三件85折再VIP 95折＄241，2021年12月到期。袋某啲位有啲殘。
4,到期日: 2022年2月
4,包裝完整，到期日2022
4,家中五隻貓吃了此糧，毛滑了很多。可以平啲就好。
4,多次回購，但今次沒有贈送雞粒
4,沒想象的好叭，迷你顆粒，能夠帶出來的並不多，畢竟有超長的貓砂墊，但是吸水量超好的，也不怎麼黏底&#40;或許是我整包都倒進去的關係，有厚度叭&#41;，但沒有另外購買的好
4,產品挺好的，如果受眾和產地都在香港，寫返中文好d
4,狗狗很喜歡，已多次回購
4,平過出面，唔太碎，吸味效果一般
4,第一次買這款猫砂，請問可沖入厠所嗎？
4,打開包裝好香，貓貓喜歡
4,主子喜歡，不過食得好快。
4,"猫咪一直中意食這個牌子的罐頭, 需則比在超巿買貴小小, 但送貨到家, 價錢合理."
4,一向都用開～價格便宜👍👍
4,味道depends你隻貓，我嗰兩隻一隻好鍾意、一隻食咗一啖冇食😂😂
4,想問商戶為何每人只限購一包？ 如想回購怎辦？
4,牠們很喜歡，之前買了其他牌子牠們不喜吃，轉了這品牌，很喜歡。
4,"價格吸引抵用, 吸尿凝固力好, 已經係再次回購, 亦會推薦給別人,但有待改善之處係袋底部很多粉塵 "
4,平過寵物店舖門市， 抵買！
4,"吸水力强，會推荐給朋友。
"
4,用開好用，價錢平小小可以入多 d 貨。
4,"產品非常好,價格一般的
"
4,我的貓貓很喜歡吃這罐罐，品質都保持得好好，我會繼續購買，都會同朋友推薦，謝謝你們的良好服務❤️❤️老婆
4,過度包裝，可以簡單包裝，貨物都被擠壓，得不償失
4,混合食物無特別味道，貓貓肯食
4,吸水和吸味都好。常用。
4,有效清除異味， 但最近多了粉塵。
4,味道很好，就是咸了點，其他都好
4,用開呢款係暫時最好，唔易淋同唔易碎，仲有3包肉泥送Thx! 
4,還可以，都係比Tempo薄D
4,毛毛鍾意食，多次回購。
4,產品描述係兩盒，價錢好吸引。不過實際只係一盒
4,未開，但要讚貼心的包裝，防止𠝹到貨品。👍🏻
4,原箱真空包裝唔擔心潮👍再送ciao醬巧抵😊
4,貓咪食開，不同味的濃「稀」參差
4,超濃豆腐味🤣🤣🤣隻貓變咗豆腐味
4,有發泡膠包裝，不環保但貼心
4,此价能买到4层加印花纸，还是不错的
4,貓貓喜歡食（第一次買呢隻除毛球產品
4,魚底貓貓麻麻，其他雞底都好鍾意
4,送貨員有禮貌和細心，服務態度好好！
4,抵飲同埋送貨服務態度好有禮貌
4,唔使自己去超市搬 方便
4,價錢平又有送貨，收到貨 包裝也很好
4,"未開始食, 希望這產品可以幫助貓貓呼吸系統保健. "
4,"貓貓鐘意食,如果做到18-20$就好"
4,未比貓食，少有牌子出羊肉味
4,貓貓有哮喘，當小食又可保養
4,"9-3-2020到期,幾好"
4,用開，減價嘅時候就會入貨，好用
4,"夠滑，唔易爛，好用
雖然唔係包裝袋密封，不過都尚算乾淨，可以接受"
4,粉絲好味爽口彈牙，但價錢較街上買的貴很多
4,"味道ok,但得1 0片，比較貴"
4,包裝妥當 沒有漏 用嚟油拔
4,低糖都幾好飲，唔會覺得淡
4,味道對貓貓相當吸引，連狗狗也喜歡
4,既可清潔地板，用後寵物並沒有不良反應。
4,"醃完的肉不上色,但在出爐前10分鐘再次塗一層在肉上,即時對此產品加分。相比亨氏牌,無咁重茄汁味和酸味。價錢平小小會更好呢！😁"
4,耐煮，口感好，決定再次入貨！
4,每種橄欖油寫明高溫煮或者中溫煮又或者低溫煮食，令到用家可以去選擇用橄欖油烹調的方法，唔會破壞油嘅品質
4,唔使自己拎經常飲用回購多次
4,經常買，而且係屯門廠出品。今次在農曆年後訂，貨品係上海廠出品，而且唔係原整一排四條，是散裝四條，非常失望。一直唔明白點解香港客戶非由本地貨源供應！
4,可惜包裝只係用一個膠袋，凹咗落去好彩未有漏出來😞😞
4,6包裝沒有另外再包好，所以變咗形
4,已食過，𣎴錯，食完會再購買。
4,呢轉買20罐，比咗20個散罐我。如果可以比一底 + 8個散罐我會好啲，因為成底方便疊起。
4,但價格較其他市面上熱門的代餐貴
4,抵。可惜買十二盒都係散裝。包裝明顯有擦撞過花痕。要沖洗乾淨才可以安心飲用。
4,有兩盒漏左飲料岀黎，搞到成袋都濕哂。
4,好吖，唔使自己拎，方便
4,有送貨實在太好，希望有更多和與其他款式的混合套裝優惠
4,Order 數量4件/箱，夠成箱送貨，唔明點解要另外加$1蚊膠袋嚟送貨？既唔環保，個盒又容易受擠壓。
4,食開….不過加左價..
4,多次回購 $42.75
4,泰國出產才爽口……因全綠豆無_嘢
4,訂4排是預期成pack送到，可惜…拆散4排送到。還好包裝尚算完整
4,$45/10包 貴 但少有原色 vip x citi 85折 買嚟試吓 一包一人份量剛好 爽口
4,買了6包裝4排，有3排是完整包裝的，最後1排是散貨，分別是4包一排十2包一排！
4,飲開，見有優惠再回購。
4,—向買開，好味，會再回購
4,$74/4  不算便宜 。
4,$161原箱，包裝好好，好喜歡這個味道，但越賣越貴，其他味原箱間時都有優惠，但玉露好少有特價。
4,己經採購多次了、“維他奶”是不錯的品牌、味道.....等都很好、但這次收到的的2排裏其中有數盒因碰撞凹陷了、因拆紙箱時發現與其它貨品混在一起吧！希望不會再發生了°°
4,因為有優惠券先會購買，同平時超市買價錢嘅差不多，而且用膠袋裝住，令到盒裝有少少壓扁
4,吸水快容易凝結，粉塵也可接受，沒有異味。
4,$74 不算優惠，故扣一星
4,$70.1  送貨員有禮、服務佳；給讚。
4,今次一箱完正，有改善👍🏻
4,"看到賣出10萬包以上,就試下買來公司用了,收到時覺得很細包,包裝超可愛,很欣賞中間那條開紙巾包裝的小條紙,細細張其實都OK,用落都冇咩野;紙質方面雖感覺未夠柔軟但抹臉也沒有爛算係咁!會繼續回購給公司用的"
4,24包賣60蚊幾底買！
4,買4排 不是整條來，而是以膠袋裝着
4,都OK既..冇睇清楚佢唔係箱裝 佢用膠袋裝著送黎..
4,包裝方面希望可以用返原裝一箱送貨，一來唔洗比多$1，二來原箱包裝可以完整D。
4,包裝整齊，回購，小朋友好鍾意飲
4,$45.00 95 折 Ok
4,好食過超市賣開嗰幾款，夠彈牙
4,收到貨其中一包包裝爛左，所以果包只能用黎清潔抹下廚房水漬
4,家人喜歡飲，常常購買，有優惠就入貨。😘😘😘
4,"訂呢款廚紙已經好多次, 今次嘅紙質唔知點解係超好,好直好乾爽🧐 
之前送嚟嘅廚紙好軟好鬆質感一般不知是否受潮關係🤔"
4,其實草飼牛係一定有少少怪怪地嘅騷味，不過比谷飼健康啲，下次大家可以試下先煎香兩面（無需解凍）再放入焗爐焗10分鐘就會剛剛好，多餘油份出左但又唔會overcook，味道亦無咁騷。
4,多次回購 幾抵 又唔使自己拎👍
4,$70.6 送貨員哥哥好nice thanks
4,好，飲開，因買得多的，計落平過超市少少，又唔使拎！
4,味道ok，但略嫌玄米味不足。
4,回購多次，辛苦哂送貨員🙏🏻
4,已多次回購，小肉粒方便老狗嘴嚼
4,"可以清到宿便,但有時個肚好似有D脹住噉"
4,"用開, 沒有優惠, 價格貴了10-15%"
4,好似比其他牌子中碼size細
4,送貨既哥仔態度好好，但話送多一pad漏左送！系咪會補送翻？
4,價格優惠，貨到家很方便！
4,開party幾好，但存放得耐，個頂蓋會霉。
4,自己唔飲，但屋企人鍾意
4,貨品低糖味道適中及滿意
4,好味 回購的 在家隨時有叉燒食 正！
4,口感好，独立包裝正，份量剛剛好!
4,拆袋，叮10秒，微暖，幾好味。
4,好食，雖然有啲小貴，但係冇漂白嘅純綠豆粉絲，出邊唔容易搵
4,"我都係想要兔仔， 拆開係原裝🥲， 原裝紙質好似冇兔仔咁滑
🥲"
4,用開，價錢都唔係平好多
4,多次回購，唯獨冇包裝，只有原本膠袋，本來係環保，但因送貨時有勾難面袋導致紙巾外露，有點不衛生。
4,今次終於送一箱貨，容易處理
4,希望以後可以安排早些送貨。
4,出乎意料之外的好食，味道唔錯，D肉好冧！如用氣炸就要自己調較下的時間及温度，跟包庒指示就唔得！加餸最好，方便
4,用開 ，不用自己搬 Good !
4,$21.60 for 6 rolls 平過藥房
4,比超市平不用自己拎可惜很多時缺貨特別在長者日。
4,用開。不過纸越來越吾吸水
4,送上門方便，唔使自已拎
4,"等livechat差唔多到你就cut你，我試過n次
留言唔好就deleted你，我都試過n次"
4,價錢同超市差不多，還可以送貨，方便~
4,品質好，我家人都喜歡用。
4,$50/4pack 算抵
4,今次的包裝不理想，很多都有凹凸！
4,是為了卡通款式而落單，送來的是普通包裝
4,不錯，抵買，會再次購買的
4,"多次回購，
請盡量用紙箱包裝送貨，以免擠壓變形"
4,抵！雖然唔係平好多同超市都有得送貨，但超市唔係成日有貨
4,"因為一次過買24包, 建議內在包裝應該再有包裝袋, 可以防潮;"
4,有時超市都咁上下價，不過唔駛自己搬
4,一直買開維達原箱廁紙及紙巾， 今次呢一箱裏面有兩包裂開咗，扣1粒星。基於衛生問題， 原箱送貨點都好過其他牌子用個大膠袋散裝送到嘅。
4,"打開都幾香，狗狗愛吃
但是留意到成份含糖，所以不會給牠吃太多"
4,貴咗， 之前係$50/4排（即24包）
4,好鐘意呢類型既寵物消毒產品，同味道岩岩好既香味 唔會刺鼻
4,第一次買，見係純綠豆就試下。如果價錢可以平啲就更好
4,"貴公司的invoice 可以跟返以前舊版本嗎？有埋vip折扣後的總數，以方便向公司報數, 不用做多重截圖打印工作才可以有總實數"
4,只收到11支。我該找誰處理？
4,一次過買一箱，方便，唔使自己抽
4,一路用開，唔知關唔關天氣事，比較多細砂
4,用氣炸鍋整，第一啖食落有啲似豬扒賣相唔錯，品質嚟講對得住個價錢，可以回購
4,回購，價格同出面差不多，又不用自己攞 Good
4,一向飲開 有優惠價必定選購👍👍
4,不用外出購買，優錢合理
4,價錢優惠，送遞快捷，十分滿意
4,買四盒一排，不知道為什麼已拆開包裝紙箱運送好難攞
4,特價$35.5，食開，會回購！
4,無甩漏，包裝夠穩陣，比原來定時間早收到
4,56.9/pack，買左2pack，其中一pack係分開4排入膠袋，壓到變晒型，好彩無爆到…
4,第一次買，用膠袋裝住，包裝算完整
4,"包裝好差，只用膠袋裝
送到黎全部扁晒！"
4,送貨員有禮貌，準時，貨品包裝
4,好用，氣味清新，可以除去貓咪的尿臭味，但特價我搶不到$77包，希望多點做折扣
4,轉咗新包裝🥰買兩箱有贈品 質素唔錯👍🏼
4,不是一箱，分開四pack
4,貓咪很喜歡，送貨服務員很有禮貌
4,味道幾好，不過實在好大舊好厚身，我用氣炸鍋烹調，好難掌握均勻熟度
4,已回購多次，不易帶砂，乾淨
4,這款豆腐沙比平時用的冇多粉塵，容易結塊，雖然較貴但好用。以後應該都會轉用呢隻
4,已經回購了一次，價格相宜，有拉絲效果。味道挺不錯的。
4,濕左，入面啲紙都有啲濕
4,"好飲！雖然是低糖，但每盒仍有12.5克糖。
"
4,夠厚吸水強而除臭力還可以。$70包這價錢扺用
4,56.9有9折，51.21/pack，好
4,2主子均甚喜歡，多次回購。
4,味道幾香，但個人問題，我用的時候少許鼻敏感....
4,點解係散裝？唔係成箱送來，只係用幾個膠袋住送來
4,"已回購多次,2主子甚喜歡"
4,價錢與超市差不多，勝在連同其他物品買送上門
4,送貨準時，貨品完好無缺
4,食開泰國粉絲，優良，只是跟泰國印度店買啲可能會貴啲啲
4,"包裝整齊方便好用, 唔使自己去拎, 而且送貨十分之快"
4,唔會笠，用左又好似真係冇咁毛糙，目前都ok
4,"Okay, 再次購買。"
4,原箱外觀完整，打開後每卷包裝都完整， 其他牌子舊貨未用完，新貨待用。
4,品質好！一再回購！價錢平，綠茶味能蓋過貓貓的大小便味道。
4,還尚好，但以前感覺好用d厚d。
4,大志都好好，送貨嘅哥哥都非常好態度。
4,抵飲，但一張單要分2次去O2O拎，有點麻煩
4,同超市價錢差唔多，勝在可以送上門
4,用開這牌子，不過還是喜歡買12卷膠袋裝，感到更乾淨衛生，紙盒一打開就是卷紙，感到不太好。
4,買兩份6包x4，一份有紙底盒原包裝，一份沒有，沒紙底盒的4排全變形了
4,訂了一箱原味+特濃，但全送了原味，麻煩請跟進
4,唔知點解我蒸出嚟好濕，但都幾似飯
4,有燕麥香味，比起維他麥精，佢無噤甜。
4,Order 低糖，全部送錯高糖，冇得換貨，又費事他哋退款，整晚非常唔開心，想掉晒全部，你哋下次check清楚😭
4,價錢減些就好因一卷數量比較少
4,"全家已用2年餘, 不但品質良好, 而且容易溶化不會堵塞廁具甚為環保👍👍！"
4,訂開原箱27卷，偶爾買了10卷裝才發現紙的厚度是不同的。10卷裝厚實很多，每次使用可減1格，不過包裝外觀就一樣，是否廠商有欺騙之嫌？！
4,"已回購多次, 貓貓好鐘意"
4,"味道ok, 但花生味好味d. 不過跟指示叮左20秒冇流心"
4,好用，質料比較厚，無咁容易爛
4,以為係無香嘅 收到係爽身粉香嘅
4,呢個算底買，CP 值不錯！
4,一如其他評論所講，爛箱同罐凹，但唔影響飲料品質，所以完美主義者勿購
4,好味😋！好多芝麻蓉，正呀！
4,"已經多次回購，藍色份量夠，價錢合理、可以接受，因為每日用
粉紅色都好，但經常沒有貨！"
4,已經回購無數次 但最近兩次 質量都有少少問題 一卷廁紙有四層 期中三層 與第四層 不是夾在一起 用嘅時候 有點麻煩 滿地都係紙碎
4,我買1箱10包，但送咗2箱，即係20包比我，該怎辦？
4,"成箱買，送埋貨上門方便
不過要留意價錢變動"
4,用開的。無藥成份，用得放心。
4,收貨最怕被踏穿，我了箱中了一箱，腳踏上取貨被踏穿紙皮箱！
4,方便，實用，優惠吸引!
4,$79買， 質素還可以
4,好用、能夠長些更抵用。
4,用完之後都可以睡至天亮!
4,剛剛收貨，發現沒有送毛毯！請跟進
4,但是都有少許厚嘅，如果薄少少就完美
4,每日都keep住用嚟煮麥皮，好好味，但成日斷貨。
4,真好彩這隻鷄鷄好嫩，唔太咸，好食
4,曾經用過，所以在此購買。
4,"品質良好
有彈性
價格合理
達要求"
4,雖然今次67買原箱27卷，但發覺好鬆，感覺細卷左，以後都係用返金裝嗰隻好啲
4,這個價錢有好的質素很值得買！
4,飲過呢個茶味比較其他味濃啲，冇原味咁甜，特價抵過超市又唔洗自己托餐死，呢期性價比高
4,兩隻一大一細，其中還少隻腳⋯⋯
4,唔大隻但幾好食，鹹度可以接受
4,用開，喜歡淡淡香味同紙質，呢個packing比較乾淨衞生，有人送貨，不用自己拎，好👍
4,用開4D Delux不嬲覺得好用，但睇錯以為依款係紙巾上有壓花小失望
4,價錢俾市面平，但原箱包裝就求其😑
4,價錢公道，又有送貨服務，滿意。
4,方便好食 多啲優惠更好
4,價錢比超市平少許，但要大量購入。
4,呢隻綠茶味道比豆腐味道清新，及價錢真係好抵
4,"第一次買味道岩岩好，非常好味。
第二次買味道變得好咸，水準唔穩定。"
4,做手撕鸡好食，特价40元抵买
4,肉汁多 好入味。會再回購。
4,放在沙律裡，方便鮮甜！
4,用開再補，包裝完整有信心。
4,準時送貨，包裝得幾好，無凹到
4,價錢合理，送到屋企，多次回購
4,"good, 
特價會再回購"
4,"包裝正常無缺
效果試用中"
4,未吃，但分包包裝，方便食用。
4,收貨時，員工服務態度非常好👍🏻。
4,唔使自己搬返屋企，方便
4,芝麻餡夠份量、味道不錯，只是價格較貴。
4,$139 再95折，滿$199 再減$20，真係幾抵，而且原箱整齊送黎！很好
4,鷄肉鞋，瘦瘦地唔肥，整手撕雞唔錯，買左十隻
4,包裝整齊  再次回購 價格合理
4,瞓覺前用，可以瞓覺6/7個小時
4,抵買又唔駛自己拎！方便！
4,幾好味，做手撕雞飯，雞骨用來煲湯，但比較油。
4,以為係一箱24包，原來真係6包裝x4
4,送貨員好細心， 屋企無人都送到上門口， 值得一讚！
4,價格與市面相差不大，略嫌偏鹹，唯少吃多滋味。
4,味道唔錯和包裝方便使用。
4,"我會介紹貴司,是良好的銷售公司
很實在,及叫朋友試用"
4,因連罐罐一齊送貨，執貨員把它放在箱上面，一開箱就被𠝹爛，請在處理不同貨品送貨時要留意～
4,抽取式較易取好用，回購
4,用開，no complaint
4,價格合理但是送貨服務人員態度不太友善
4,的確就易入睡，用左一星期，調節好睡眠，現在又不用噴都安然入睡
4,用開，唔使依賴藥物。俾出面便
4,味道不錯。再回購$43
4,很鬆脆，芝麻味濃，但個人覺得太甜。
4,1/7 收貨、23/7 到期、尚算新鲜。不過部分芝麻餡溜左出黎。可能太熱、已立即放入雪柜。
4,"幾好,會再次回購
希望多買會做下特價"
4,一般！花生同肉鬆餡好食D
4,買了幾箱都是舊包裝， 2/2024到期
4,"ok, 但都係用慣紅色唯潔雅，而且這款無送抽紙。"
4,"口感好, 巳回購2次了...."
4,價錢優惠，送貨上門，好方便
4,無怪味，非常爽口。個人覺得放湯熱食太過爽，唔太夾。或者用來整雞絲粉皮可能會好啲？
4,好吃但有點膩。包裝好，不易碎。
4,訂了十六排 只收到十二排 麻煩跟進 謝謝
4,回購，$40抵食兼好食
4,只需浸熱，方便食用。味道可以！
4,"包裝整齊
送貨哥哥又有礼
大熱天時送上門
多謝哂！"
4,好食，不過食兩條之後有啲溜
4,包得好好有bubble紙包，食開花生覺得好味試吓芝麻，個人覺得花生好食啲，不過呢個都有香濃芝麻味同個面有芝麻香口啲
4,每次取貨件數不夠.要回來再取.有D麻煩
4,"好有雞味！再回購$53！
"
4,味道嘅嘢好講個人～個人就覺得好味感覺帶有果味嘅齋啡  如果鍾意飲齋啡嘅人～不防有特價時可以試下😅😅
4,"好有豆味, 飲落都幾滑, , 比起香港牌子既無糖豆漿濃味得多
下次要試埋premium果款"
4,"一直買開，成日斷貨
雖然貴過數字屋，但勝在包送貨
btw, 細盒裝幾時先有貨?"
4,白切太淡味，鹽焗又太鹹！但整體唔錯！
4,放大門入面邊位，屋企冇小強，但大門外見到兩隻，呆呆滯滯唔點郁，之後睇睇效果...
4,長期回購，原箱優惠再GVIP特價更抵
4,今次有一两卷是沒有印花的。
4,這次買雞味較淡味，魚味的味道較濃的也買過！這英國牌子較其他品牌的深色圓厚大粒. 我會混合的給我心愛的貓孩子🐱
4,已多次回購，因為無糖，會較健康，加上有淡淡豆味，加入煮原片麥片，好味又健康
4,訂了2 罐這個味道，但送了24罐.....。如何處理及跟進？
4,大大隻，都幾好食可以回購
4,好用，但我略嫌細塊，大少少更理想
4,回購品，但今次終於証實金色裝比其他同品牌4層紙較窄0.5cm，我家廁紙架沒中軸，導致廁紙滾動時有機會跌出來，唯有小心啲扯廁紙，將貨就價。圖1是金裝廁紙同爽身粉味廁紙筒，圖2是金裝紙筒，圖3上是金裝，下是爽身粉味。
4,"生酮早晨，好味又飽肚，
可惜價格高了些!"
4,我覺得味道都ok，不過好似其他用家咁講，冇乜牛油香味，口感係好脆唔係鬆化嗰種。不過始終唔係真曲奇，做到呢個程度都收貨了，都夠用嚟頂住曲奇癮。
4,"今次是再次回購，味道不錯，加在湯內增加骨湯營養。
"
4,"都OK掛 如果成份冇任何作假
"
4,貪唔使拎，辛苦送貨員喇，thz
4,搽左頭髮順滑，容易梳左。
4,樽裝上perfect for沒有指明可以即食，沙律等。我購買原意是做沙律。請問可以嗎？
4,搽頭髮沒有沒有油膩感！頭髮順咗👍💓
4,"味道好, 但我隻雞少了ㄧ隻全翼😒"
4,落雨天，纸盒有濕，幸好纸巾無濕
4,$149.8 品質良好，厚薄適中，香味可以，不過個人喜歡同品牌爽身粉味多D
4,維達4層立體衛生紙一直都有用開，今次見到HKTVmall 買一箱27卷有做優惠，比起平時買一卷平少少，喜歡這款衛生紙夠厚身。
4,特價買3箱$225.70，平均約$75一箱，另外也有贈品送
4,隻雞唔算大，味道有少少鹹，調味可以再輕手少少，但整體嚟講OK的，會回購
4,原箱真的好好👍🏼 已回賺多次。
4,方便送到屋企！多次回購
4,"解凍後， 用氣炸鍋 煮大約17分鐘，完成。
煮出嚟嘅雞翼 ，鹹鹹脆脆，有少少乳鴿feel, 好味。 雞髀肉就稍嫌韌 咗少少， 但可接受， 總括嚟講， $40 抵食。"
4,$40，幾大隻，平過買冰鮮雞，味道不錯！
4,一直買開~~~~今次有95折
4,雖然唔算厚，但吸尿都ok
4,比市面划算而且有包裝箱更加方便擺放
4,"已經多次回購, 但是今次包裝有問題，一邊有封口膠邊但一邊無, 過往都是兩邊都有封口膠邊, 依家唯有用夾封住, 有排先食曬, 希望改善包裝"
4,40蚊買了3隻，好食都大隻
4,這是日常必須品，呢個牌子有信心👍
4,$76.86，限時加購
4,食開西莎想換下口味，買咗幾款試下，狗狗愛食。唯一係運送/包裝形式希望店家注意，6罐有3罐都有凹陷
4,$76.90，多次回購
4,$149.8買完就做$128😾
4,相比其他品牌比不不足比下不如但可以接受用的
4,"很好~ 好方便, 送貨快"
4,淡淡地，鳥巢香啲，勝在夠平
4,店員樂意協助開箱，並提供地方予把廁紙轉放入自己的購物車，亦表示可代清理包裝紙箱。
4,送貨上門，唔洗自己拎甘重，價錢亦適中
4,用2層泡泡紙包著，尚算可以，如果有紙盒包裝就更安全。牛油果油味清淡，沒什麼油煙，瓶口有膠咀，倒出來用很方便。
4,質量好，已是第二次回購
4,好重椰子味，但沒有曲奇餅味
4,比較重椰子味，牛油味沒有太明顯。
4,好方便，味道可以，每朝空肚飲，希望有效
4,的確有效，一浸完亁淨哂。
4,這是直送物品，但沒有收取時間的選擇，本來選定2月7日收，變成2月6日送來，還要在便利店取，真好笑
4,"一直用開此牛油果油,味道很好,價錢吸引,食開有信心,會繼續回購！"
4,厠紙品牌有用過，不錯。剛見有優惠價，所以訂購
4,$85 三條唔錯。唔洗自己攞
4,好抵$85，唔駛自己搬
4,多次回購，在HKTVmall 買好方便
4,消委會推介，所以比較放心使用
4,已多次購買，便宜，抵用
4,"都係落雨D纸箱濕咗, 卷紙唔係密封包裝"
4,今次麻麻地，有好多卷都碎開，吾完整
4,今次購入價是最便宜，抵！
4,第一次試，朋友介紹健康。
4,第一次購買，贪佢價格便宜些。 以前未用過，抹手時係有纸粉碎。因𤔡粗用，下次可以考虑其他牌子。
4,不錯，如果多啲優惠就好了
4,用過一支細幾好，希望有機會再平啲
4,以低糖無麵粉零食嚟講，味道算可以，開封後建議放雪櫃，可保持脆口感，食完冇罪惡感係賣點。
4,＄99，4支，未用過，所以試吓。
4,拿來煲雞粥！正！ㅛ.ㅛ!
4,用開，紙質柔軟無味，但質量感覺比之前下降，薄身左
4,包裝穩妥，沒有滲漏，有效日期人2-5-2026，滿意。
4,平均$7一枝應該算平啦
4,"廁紙品質唔錯，好厚身。
但收到貨時，紙箱外面已損壞，睇到入面既廁紙，感覺唔太衛生🤔有待改善"
4,好味，少許碎，可接受。好味。
4,买完后没送货就减价.  
4,一直飲開呢隻，有優惠又唔使自己拎 當然回啦🤭
4,今次有紙盒裝住，冇凹陷，而且平
4,加購就抵過出面買的。。。
4,適合作烹調用，可以再平點就更好了，阿信屋77折不用$18，雖然貴了點，但勝在有人送貨ok啦
4,$50- 1隻雞 即熱有得食 方便
4,味道幾好，又唔係貴，上次40蚊買黎試吓
4,$40一隻好底食，肉質唔錯，調味都幾咸，用嚟煲雞粥或者湯粉麵非常合適
4,好飲 $58 三包，平！之前買貴啲，已回購！
4,無甜，豆奶香，質感唔會厚，Like!
4,價錢與外面店鋪減價時差不多，但年期理想，最快過期的一盒是 2020年7月
4,多用途，健康早餐食用，味道不錯。
4,很好，比超市平但要量多才有咁好價格。
4,"比759 貴, 但有送貨, 方便好多"
4,取貨後，第一次開蓋後，但蓋已經滑牙，再扭唔返實。
4,$198: 好味，但價格略貴
4,貓貓好鐘意食，日日都要食一杯
4,定妝效果亮澤，不過睫毛液會染渾到下眼皮，可能都係要落少少碎粉
4,"最近2次購買， 有啲貓砂染上了淡淡的紅色. 
初時令我懷疑係貓咪問題，後來才發現係最近2次所買的貓砂都係咁 "
4,貓貓鐘情呢款所以長期買
4,還未使用，用過再給評語。不過我也是看評語好才買。應該不錯。
4,特價時購買，還未開始用
4,貓咪喜歡食，不過如果包裝以密實袋設計就更好。
4,請問生產日期印在哪裡？ 我只訂了2包，沒用紙箱的
4,送給小朋友作為生日禮物🎁非常喜歡💕
4,不刺激，冇難聞氣味，不錯。
4,可能太健康 貓唔算食得好興奮
4,貓貓肯食，作日常補健品
4,買20罐有平，所以選咗不同口味，有些罐凹陷，大部分到期日係2021年12月。
4,"2主子喜愛極,最好有優惠,可以多買"
4,大細主子甚喜歡，這款白飯魚的，水份高。
4,肉粒偏大，5.5月貓貓還未適應，要撕開。肉質類似魚蛋質地，食完冇軟便問題，會試晒全部口味
4,"回購多次………
之前買少量都一堆贈品……
但近幾次每款20-25罐買………
一包試食贈品都無…………"
4,70. 無味，貴都值得
4,"可以除味, 但香味麻麻地, 佢話係green tea fragrance 我又唔多覺係green tea味"
4,貓貓一直用開，已習慣這質感和味道。唯獨有粉塵，有時包裝漏氣。
4,$250買多一件半價，好抵用。其他冇得測試比唔到意見。
4,很好，送到嚟仲係真空的
4,貓貓鍾意食，經常回購！
4,用左幾年，吸水力好，又唔會碎
4,貓貓喜歡吃，再次購買！
4,貓貓喜歡食，貓糧完整，沒有壓碎，不錯
4,"一直有用開K-Clean 產品, 安全, 有信心, 如果有優惠套裝更好."
4,包裝良好，有雷射標籤，雖然每次expiry date都好難揾，我就信佢
4,我嘅公主好Like ? 
4,"家有6隻貓其實好搵一個牌子嘅貓糧係隻隻貓都食，食咗咁耐只有Royal canin 係6隻貓都肯食
屋企有6隻都係長毛貓 定時定候需要幫佢哋排吓毛 今次就比佢哋試咗呢一款濕糧 都願食 食完又冇話佢哋屙 會keep住買"
4,貓貓吃清Yummy...
4,原來買8件才有贈品送，養1隻貓，成100 罐罐，何時吃得完！
4,用咗一段時間，尿尿味道無哂，屋企清新哂
4,綠茶味OK，價錢經濟，抵用。
4,想問問我買滿＄600，無口罩送？
4,以size黎講，都算咬得耐
4,味道清新，但個膠該破裂。
4,"實幹的銷售公司
我會再次回購貴司的貨品
亦會推薦給別人"
4,包裝好，出貨快，只用過一次，未見成效
4,湯罐質地，水份高，味較濃，香口的
4,無味好，想問可直接噴床，像動物粉紅色藥水嗎？
4,"貓貓好鐘意食，但由$20包漲價到$45包未免升幅太多
"
4,終於買到啱主子用既貓砂😍，呢款貓砂乾爽極少粉塵，吸味唔算易散，可能主子尿太多最底會有少少痴底盤，但好過之前試過貓xx同Cool xxxxxx，前者送嚟已潮容易變粉同淋，後者算抵用但秋冬天用會適合d
4,比外面pet shop 平和包裝良好
4,用第一次，小貓只有少少抗拒但沒有大發脾氣。口氣立即變好了，但發現有一隻爛牙立刻掉了出來，請問這是正常的嗎？
4,屋企個貓主子突然之間唔食、嘔心🤮
4,吸水力眞係強👍揀咗綠茶味，仲可以驅除臭味～用量減少咗好多～而且冇傳統沙咁大塵，性價比好高，一定繼續用落去
4,會，但係產品非常👍🏻之後我想問一問話購物滿$500捨有一個公仔送點解冇
4,有湯汁唔乾，貓貓鍾意食
4,吸水和吸味能力好，無臭味，3cm長條不會咁容易黐住貓爪子帶出貓廁所外
4,達到杜蚤的效果，對產品有信心
4,啲蝦聞落幾香 貓貓中意食！
4,已回購多次，貓仔喜歡食蝦，今次買的蝦細隻咗好多，之前多次買都好大隻，希望下次都係大大隻蝦
4,夠大隻，貓貓鍾意，好好！
4,雖然還沒給猫兒吃，但牠應該會喜歡吃的。
4,暫時來說，是我用過衆多品牌當中最好的。
4,未食 但朋友介紹 試吓
4,用開的…D沙細細粒很好用
4,混合貓砂好用但比錯咗3包普通砂
4,"未用,但比出面平,做特價100/包"
4,因有濕疹，不適合用酒精搓手液。不過價格略貴
4,我們的毛孩子每天都吃兩條做睡前獎勵品。已經買過幾次了。
4,"1.喜歡
2.会再次回購
3.会推薦给別人
4.以往我購這商品.在纸盒內,貓罐頭会再有一層透明防撞膠來保护貨物,但近来這幾次已沒防撞膠來保护貨物,如大力碰撞,有很大機會会使纸盒內的貓罐頭凹陷.小小意見.
亦謝謝貴公司的良好售後服務"
4,主子長糧。包裝非常整齊。價錢$630，好抵買。
4,好用，價錢適中，回購之選。
4,紙箱包裝有兩處損毀，幾乎可以望到箱內的廁紙
4,庫存差不多吃光，最近疫情超市都沒有promotor 推廣優惠，剛好這裡價錢尚可接受，每天早餐都愛吃！
4,小朋友非常喜歡，已多次回購😋😋
4,包裝好 易溶 可惜貓唔飲
4,價格比平時買的還要優惠，送貨到家，包裝完整
4,價錢較其他商店較便宜，但貓貓吃了有軟便，不知好不好！
4,"狗狗很喜歡。
包裝開啟後建議放雪櫃。"
4,有特價又有送貨才會購買
4,我的港短貓，喜歡這口味，真識食。
4,"第一次幫襯 包裝完整 班主子都食得好歡喜
會再幫襯"
4,僻味效果顯著，但產品本身的香味濃烈刺鼻，需要很長時間，香味才散
4,買了多次，由過年到依家貴了14蚊，加幅太大，會轉用其他牌子
4,係好用 但噴嘴壞 每噴一下漏到周圍都係
4,見特價買給貓貓試食，都愛吃！
4,論味真的是最好，綠茶味比大粒的勁。但容易成地都係，大粒的比較不會。
4,貓貓肯食，快5個月大，每次只食一半。7蚊40g唔算抵？！
4,品質良好，🐱🐱🐱🐱喜歡吃
4,"呢間舖我係用hktvmall 嘅服務前已經幫襯
服務好 速度快
但今次只比4星嘅原因係hktvmall呢個愛講大話嘅客服扣嘅
唔關呢個商品同供應商事



"
4,特價100文好平。 好好用
4,齊貨，第一次購買，貓貓終於有得食。但係有一兩個罐凹咗，希望下次可以小心啲。
4,很厚，不錯，如果底部有顏色更好，全白好容易底面掉轉放置。
4,買開野就會買下，有唔同味道，都會買少少🤏🏻，反正貓貓好多
4,暫時試食，猫猫都喜歡。
4,"貓咪寶貝很喜歡吃！如🈶️170g 裝更好⋯
但價格頗貴！"
4,好用，送貨又唔使自己拎
4,試用，暫時ok好用，＄430
4,$77/包最抵  用左兩年左右 但比最初初用明顯差左 唔知係咪轉左原材料
4,價格吸引，兩件有折扣。
4,性價比相當高，其他品牌難望其項脊
4,此尿墊是用開的，但近期發現防漏白色尿布位置比之前少咗有1CM以上，希望生產廠可以改善吓！
4,可唔可以比人選擇要唔要贈品，唔岩用好浪費
4,暫時唔清楚有冇用，但貓貓肯食
4,"貓咪都鍾意, 晚上當零食獎勵"
4,三個味道，這款鱷魚川貝大貓也愛，但細貓嫌棄！
4,"1,喜爱
2,包装實用
3,我會再次回購
您們是實幹的公司"
4,包裝袋上找不到Expired date😅
4,貓貓吃開但忽然不喜歡吃了
4,價格在$20/包會適合些，因一次性
4,"良好的銷售服務
我會推薦给別人及會再次回購"
4,唉 買貴左，上個月買113 今個月99-105
4,一星期前主子嘔吐漬算起到，但好耐之前嘅漬就唔係好得，氣味ok!
4,吸味能力好，貓也不抗拒
4,"我家的貓貓很喜歡吃。
可惜魚柳太細條，
又不便宜，價錢要便宜點先考慮再買"
4,"今次好彩原包裝沒在「裸送」過程被勾破，可喜可賀。產品性價比本是ok的，唯獨沒包裝下運送…

以前曾留言反映過「裸送」不理想，但不獲理會。

平台曾說有指引給商戶賣家，但是否跟從就沒法控制。

門市店員說可向客服反映，但像我這些低級會員原來是不能直接與客服對話。"
4,抵用，包裝細包真空乾淨易儲存，味道好好，遮蓋臭味非常好！痾完尿仲有豆奶清香，唯一缺點係太細粒，用慣粗粒砂，希望會推出粗粒版
4,滿意，味道不會濃，皮膚不會感覺乾， 用來清潔手袋也不會變色
4,用開，好用，平!只是遲了一星期hktv才送到店內叫我取。
4,用開，特價$88包好抵，買多幾包存貨
4,包裝良好，沒有損壞。就是有一些不環保
4,好味，$40買，淨係兩隻雞脾都要啦。重要的是 同之前o係hktv買另一牌子$120既鹽焗雞一樣味道，仲一樣咁大隻。會再回購這款。不過唔會成日食，因為咁大隻驚多激素。
4,回購，抵用，希望原箱以外有更多選擇
4,$52.5/3條/6包 抵，早前仲抵$45/3條，一日後，價錢已回升了很多。
4,"今次冇用箱包裝, 搞到個外包裝膠比較污衊"
4,因為實在太貴 所以都係間唔使用吓， 始終都係消毒藥水較平
4,"實幹的公司,優良的銷售手法"
4,二隻鐘意食，一隻唔鐘意食
4,"第一枝好快個頭壞咗用唔到, 呢枝係第二枝, 希望耐用個頭冇事"
4,"黃色膠手環 設計有問題
膠手環會同貓砂袋分離
間接令貓砂袋手抽位斷
"
4,"若能引入更多商户；在良性競爭下！可使商品價格有所降低；更加實惠
！"
4,一直都用開呢隻，但係拆出黎會發現每包數量都唔同，有時擺落去個抹手紙架，個蓋係難冚埋，有時擺入去，好明顯無少左
4,包裝非常完美。。值得點贊👍🏻
4,"很好的銷售服務
亦持續保持產品質量
實幹的公司"
4,"貓咪後喜歡
可以惜得細包裝"
4,包裝良好，價格合理，可惜貓咪不太喜歡
4,"芝士味，好香濃
應該幾好。"
4,仍然感覺比之前薄，但未找到吸味交好的炭尿片
4,未開，唔知貓咪鍾唔鍾意
4,平，如一包送一小食會5星
4,🐱咪喜歡、價錢實惠、好！
4,"小朋友大部份都喜歡,現在是嘗試階段,所以每種味都試食,這款給他們選了,再試幾罐就會入貨,但packing總會有碰撞,如果型狀不太差會先用,6罐有3罐撞甩,唔見你們有原箱出售,因為三送貨情形都一樣.
"
4,"送貨服務好好。
今次因太多大件物品，送漏茶包鐵觀音25片2盒，贈品圈裝筆記簿及掛曆"
4,用佢嘅廁所就要用佢嘅砂
4,貓貓轉貓砂中，希望佢肯用
4,喜歡產地來自紐西蘭，希望早日補貨
4,好，有效期去到2023年。
4,用開好用 回購 價格合理。
4,"價錢非常合理，質素好好
吸水力好，又唔透底👍🏻👍🏻 會再買"
4,回購多次、價錢可接受👍
4,"聲譽良好, 有信心. 會推薦其他人"
4,"用過一次work, 宜家買黎幫狗狗定期杜蟲。"
4,原箱3大包＄249.9 GVIP再95折 好抵買～ 品質唔錯，無真空包裝所以唔可以囤貨。   如果有埋真空包裝就5星完美喇。
4,已用了多年，質素穩定，性價比高
4,在香港購買， 還送貨， 這個價錢算可以了， 質地也厚實 ，吸水性不錯
4,$55.6/pack 算抵用
4,試過買其他牌子既膠底有啲溶左，呢個牌子之前用左四包、塊塊都好質量好好
4,貓貓喜歡這糧，會再訂購
4,220再95折，質地ok!
4,貓貓很喜歡。但產地是泰國，不是意大利。
4,狗狗喜歡，不過見到以前評論說有活虫好驚，餵食時都反覆看清楚，但暫時開了兩包都乾淨衛生，如其他好評一樣，風乾雞肉狗狗很喜歡。減價中打算回購
4,貓咪食開，有限期2024👍🏻
4,"品質都OK,不過有時啲香味有少少唔同，但貓咪都喜歡食！"
4,貨品很好，應該係 HKTV 出貨時包裝問題，尿片用封箱膠紙捆綁，中間無啦啦挾左一盒甘草欖，拉出甘草欖原來尿片袋已經穿隆，希望下次可以用文明的嘅包裝方法出貨俾客人，唔該哂。
4,貨品平靚正，但今次應該係hktvmall包裝方法問題，2包尿片用大膠紙困綁，中間無故挾了一盒甘草欖，拉開原來尿片袋穿了，下次可否用文明些小的方法包裝出貨？
4,請問十送一仲有冇架，點解冇左個聯絡電話，咁問換吖？
4,品質還可以，不過我屋企貓唔太喜歡食
4,多次回購，適合老貓食😋😋
4,我覺得幼粒比粗粒更吸收和好用
4,今次用試買價買，主子未食。
4,貓貓都食嘅，不過食咗之後痾屎好臭
4,確實比一般牌子厚，濕咗唔過底，要減價才入貨👍🏻
4,"吸水size係細小小
質感厚身小小"
4,"包裝，外觀完好。
只係我隻衰貓咀挑唔食。"
4,D砂夠粗，平過出面買好多
4,可以減少包裝嗎？用紙皮盒包裝貓罐罐已足夠，無須以充氣塑膠包裝，謝謝
4,本身尿墊都薄吸濕力都算唔錯。
4,這兩三年都用這個3.0的猫砂！
4,貨品 質量好，收貨時的包裝亦非常滿意！
4,樣樣都唔錯。吸水都ok.價錢如果平d就更好。
4,吸水能力好，綠茶味貓咪喜愛。
4,見有特價買來試吓，兩隻貓貓喜歡吃
4,送咗個好靚嘅冰箱貼、可惜我嘅貓主子唔多鐘意食😤
4,已多次回購！主子們喜愛吃！
4,"好香綠茶味,已多次回購"
4,厚度尚可，吸濕力則普通，不過不失
4,"我買３包原箱出貨，全部都畀錯細SIZE，但工人姐姐唔知情開左一包用，我可以點算？

ＰＳ：呢個牌子好用，吸水快，有尿又唔覺眼。"
4,不錯，但貓咪便後刨沙埋便便不理想。
4,暫時只有這款比較好用，吸味，如果再做厚身啲較好
4,碎咗d，多啲優惠更好，因為份量少⋯⋯ 10分鐘都可以食完
4,用開，有得送貨搭埋單一齊買，不用自己落街買
4,未用，但消委會五星之選，有信&#39;心。但價格徧高
4,主子第一次轉食呢款貓糧，越嚟越鍾意食
4,"味道清新
呢D 菌多既日子有貨, 實在太好啦"
4,加咗小小價，但都可以接受
4,到期日係幾時？包裝上找不到有寫。
4,打開蓋時有股油溢味，隔左一陣就好D，自己試過味道可以，唔咸
4,本來抱住試一試既心態 始終對$65/包 冇乜太大期望 唔好薄到吸唔到就算 點知打開質感非常好 性價比算高 對得住個價錢 👏
4,與另一間網購到的 包庄上有點不同 別家的有銀灰塗層可刮 見到參考編號
4,訂2，缺貨缺一包， 未知補送/ 定退一包$， 如果會有方法聯絡N1轉其他味就好，咩味其實無所謂，只係聯絡唔到改一改
4,問質較之前差，無之前咁厚，但仍然對比其它牌子吸味
4,貓貓喜歡吃…但價格稍貴！
4,兩隻貓一隻鐘意食，不過痾嘅屎臭啲。
4,很適合年紀大嘅貓貓，份糧啱啱好一餐👍
4,貓貓長期食用，有雷射標籤，應該行貨無問題
4,其中一隻貓貓喜歡吃，湯汁比較多，幫貓貓增加水份吸收，不錯
4,買左六罐，冇包裝連纸袋都冇，散裝😑
4,如果厚多少少較好，暫時未找到其它品牌代替
4,一直用開，不過最近2次訂貨都覺得薄左
4,Nice but smell 一般
4,"質量ok, 但唔係完全可以除臭"
4,又話買一箱有零食送，根本都無，其實如果無得送就唔好寫話有得送啦
4,好少塵粉 好用 再回購
4,這次貨品較碎、潮濕 !
4,"我貓咪也喜歡這個食物，如價錢有優惠必買。
"
4,外面包裝有爛，幸好裡面的貨品包裝沒受影響，但見包裝款式與之前連砂盤附送的有少許不同，不知是否新包裝
4,趁VIP價$90再95折，抵
4,好用，無塵，如果有無味更佳
4,已回購幾次，但係總係有一兩包貓砂霉左。摸上手係濕濕地嘅感覺。🫠🫠🫠
4,氣味清新但較淡，沒有粉塵，性價比高，會再買。
4,點解一次買4包會貴過只買1包？
4,$88 平呀在有95折
4,貓貓很喜歡食 ！ 會回購
4,開封後冇防潮封口裝置。其他不錯
4,"狗狗很喜歡此零食，包裝衛生。感覺良好。
如可在「常溫」狀態下保存，就真的「無懈可擊」了👍"
4,好好用，原味最自然，會回購
4,買咗12包紙送11包，原箱6包，另外1箱只有5包，還用吹氣膠袋墊高， 不是送完整2箱，便可嗎？ 真奇怪， 雖然可以退款， 但亦要浪費時間去處理
4,15歲的貓咪很喜歡吃，因為魚肉軟諗諗，易吃和消化，但有2罐頭凹咗，希望下次改善吓！
4,一直用開，但今次有一包有輕微破損
4,特價時買，低，回購多次
4,看狗狗食得不錯，第二次回購😄👍🏻
4,quite good  用左三個月
4,未俾貓咪食，應該會喜歡的！
4,雞肉偏大粒，比貓貓食比較不方便。建議食用前浸軟 or 撕細先比。
4,"普通,正常
唔太消到臭"
4,夠幼幾好，如出多啲味道，咖啡，蜜桃，櫻花！又多啲優惠，會繼續支持！
4,中型犬都用到，吸得都幾快
4,主要是主子喜歡，食後消化艮好！
4,好用 用第2日底部冇散粉，都吸味
4,"貓咪喜愛,可惜太大包裝"
4,好使好用且常有折扣，回購又回購！
4,老貓幼貓也很喜歡吃，有魚骨但一壓就碎成粉末
4,每次一攞出包零食，主子即刻衝過來
4,好濃芝士味，狗狗超鍾意
4,如果可以選擇要唔要贈品會更好，免得浪費
4,價錢比較優惠，送貨上門服務專業
4,買左兩部機，屋企4隻貓，一塊用3個月就要換，希望會有多少少折扣
4,"減價, 試用吓，未知效果"
4,厚薄適中，吸水力良好，價格便宜，多次回購~
4,兩只腊腸狗用上了90×60剛好，厚實吸水。
4,包裝少許爆裂 但不構成問題
4,雖然貴左啲，但有消委會做過測試，感覺有多一點信心，而且對人體無害，幾好用。
4,慣咗定真係少咗桃香...？
4,今次多左魚骨，有長骨同細骨
4,很喜歡吃我已經回購了很多次
4,味道可以、如價錢理想會再買！
4,日本貨，質地厚實，但可惜比較貴
4,一向有用開，總覺是紙張太細張！
4,質量不錯，貓貓喜歡，不過太過度包裝了，一個罐頭都要用保鮮紙包包包。
4,回購，但今次包裝問題，其中一包抽取式厠紙爛左，希望供應商留意下。
4,"網上寫係貓狗零食 但係個袋寫for cats, 唔知俾狗狗食岩唔岩…"
4,貓咪喜愛！但份量較少！
4,職員服務良好，不明的地方都耐心教導
4,買糧送包裝良好，但我還是喜歡用幼粒
4,"原來是水蜜桃味，好在貓們不介意。
還要感謝C S幫忙"
4,包裝可以，價錢可以接受
4,3包建議原箱送，無箱送到黎個袋都爆左
4,"免費贈品👍🏽
可惜這個牌子的貓砂勁多粉塵"
4,真心吸味，同豆腐砂比贏幾條街，最緊要唔會惹蚊滋仔。不過雖然無乜塵但全屋都會出現砂粒，而且要從底部剷起，如果唔係尿團會好易散。最大concern係太細粒，貓貓會脷毛會落肚，因為都幾痴腳
4,如果價錢平啲更加好🙏🏻👍🏻
4,貓犬工房交貨冇脱期，值得售價貴少許。
4,廁紙穿左個窿…有點失望…
4,用嚟整沙窩雲吞雞好味！
4,$39.9 日本製造 價錢合理 淡淡清香噴霧
4,好，初次試用，貓咪都肯用。有綠茶香味，可冲厠所，方便！
4,多次回購， 仲有小零食送。貓🐱很喜歡
4,品质良好，就是有一些酒精味
4,"2主子+浪浪甚喜歡,唯獨是貴,希望有多些折扣或優惠"
4,冇塵粉碎粒，不錯的貓砂
4,回購. 主子們似乎很喜歡
4,主子好鍾意，每次一攞出黎就跳到腳上伸手要。
4,回購 產品包得太近盒面 一界開連裡面既濕紙巾包裝都戒爛埋😢
4,同本身用開品牌直徑差少少，但價錢算平買來試下啦！
4,用開嗰隻賣晒，呢度薄咗啲
4,抵用。又特價。Good
4,主子最愛，每次仲有小玩具送，主子表示滿意
4,"特价抵,門市下單再有平"
4,貓咪鍾意食，會再次四購
4,"用開回購, 不過真係有啲係真空包裝有啲就唔係 ! 希望下次送嚟嘅全部真空咁就好嘞 ! 同埋$115一包係平過普通寵物店 !"
4,OK好，價格平啲更好🙏🏻
4,幾大包，內有4個獨立包裝，狗狗喜歡食，亦無任何不良反應，食後大便亦正常。可改善：食物包裝上無任何成份、製造地點等食品標籤資料。
4,第一買哩款size 比4D細！失望
4,"可送貨, 不用自己搬:-&#41;"
4,很似米線，完全沒有罪惡感！但不頂肚的很快會肚餓，建議加入肉碎和蔬菜！
4,天竺鼠用，換咗呢隻牌子係冇尿味，但本身塊墊有陣淡淡人造嘅香味，本人唔係咁接受到，但各方面係唔錯
4,买了12盒，只收到1盒，真是醉了😵‍💫
4,品質好的 只是牛尾骨大多數都很大件 要用刀砌細條狗狗🐶才可咬食。
4,每天有喝，價格和超市買差不多，在HKTVMall訂購能送貨上門，會再次回購。
4,60元兩條抵用，多次回購。
4,狗🐶喜歡💕多次回購 GOOOD！
4,未用唔知，不過包裝唔錯。
4,我剛買了 又再平D 氣了
4,第一次買，紙質唔錯，有个牌子4D厚但好容易穿。
4,贈品 並無cushion效果 只是壓線橢圓
4,比較其他同類產品，口感味道也可以，沒有怪味，但價格略貴了，以一般食量只可2碗
4,"都幾好食！口感似粗粉絲
最好係唔會有陣味"
4,比較市面的已發的成品，味道較似薯粉，好飽肚
4,如果紙面再闊身啲就會好用啲
4,品質一如既往，但運輸紙皮箱如果可以變返一箱過3袋最好，環保啲。
4,貓貓補水罐，一罐再溝半罐水
4,方便，價錢同藥房差唔多
4,"包裝完整，一次過買平
不過依款比較稀，個人鍾意濃少少嘅口味"
4,新產品，都幾好用，不過貴D，平D又好用D既都有其他選擇
4,27卷x2 $108 價格吸引，但未開始用，未知品質如何！
4,見有優惠試下睇下好唔好用
4,可以送上門，價錢平過超市，好
4,口感似粉絲，適合三高人士間中進食
4,易穿但感覺柔軟。點解無tempo壓紋既？有啲似係外國用過既廁紙
4,呢隻波會面嘅質地幾好食，食落去好似米線咁，煮嘅時候又快又方便，減肥的朋友可以買來試吓
4,只收倒卷紙贈品 可樂贈品沒有送黎
4,加左價，可以做返$50幾一箱就更好
4,Tempo 紙巾一向用開，最近兩次送來後，我都發覺有昆蟲（應該是衣魚）在紙箱附近，未送來前屋企完全沒有的，送來後大概半小時便見到兩條，我擔心再將它們帶入屋所以暫時唔敢再訂，我估計是tempo 的紙箱，是否存放紙箱的倉太熱太潮濕？
4,本人10分不滿意在限時追加貨品上，購買了左顯記潮州辣椒油，價錢比貨品網站高一倍有多（$20.9），比其他超市更高陪半（19.50），價錢十分之不合理，這叫做限時追加價嗎？本人十分之不滿意要求退回這高價貨品，如貴公司不接受退回我就會向消費者委員會反映你們的價格是多麼的高。實在受騙，希望得到貴公司回覆
4,218/6條 雖然貴過之前99/3條 但係疫情之下送到門口 都算抵買
4,我家貓主子會今食，但不是很熱情。
4,紙質可接受， 價格提升咗些。
4,買給家人及朋友的，他們也說質地像粉絲，很滑，好味，已再回購
4,有些卷紙的柔軟層底面掉轉不知道這些是否次貨但整體來説以這優惠價錢和質素尚算滿意！
4,好過超市買要自己拎返屋企
4,豆味濃 用後沖甜cereal岩岩好
4,價格平宜但包裝盒太軟了
4,收到貨包裝整齊，唔錯 ！
4,先前在operice左coupon$288lunch  buffet，個人埋一每人160，真係好低又好食，有一個頭盤，有4隻生豪，三文魚和吞那魚刺生，而自助的有沙律，湯，甜品，生果，末食主菜已有D飽，而主菜我簡左魚，媽咪簡左牛，D牛肉好林但唔知点解唔夠熱，之後再每人有杯熱奶茶，正
4,78蚊都算抵食，可惜去個日唔知人多定點，D甜品一上好快就比人清空哂，幾次都係咁，好可惜冇得樣樣試哂，大家都好似搶咁樣，如果可以上快d or 多d就好啦環境都唔錯，甜品種類都幾多，都幾推薦係附近行街既人食，可以甜品當埋正餐（真係超飽）個人覺得呢間d甜品唔錯，好多都唔會太甜。d杯裝既甜品都好好味，圖中透明色個杯酸酸甜甜，真係幾正。仲有藍莓芝士蛋糕，心太軟個d，都真係唔錯，可以一試，出面賣一舊都十幾蚊，呢到抵食好多另外仲有係法式燉蛋，好滑，但可惜上面既焦糖唔脆，但都幾好味<sssss>
4,每天返工放工經過，由舖面裝潢至開店早幾天，見到飾櫃內五彩繽紛的甜筒真係好吸引。今天選擇了店子其中一個推介 - 岩鹽蕉糖雪糕放上好似彩虹咁靚的棉花糖甜筒上，估唔到咸加甜的雪糕都幾夾，頭一口吃出小小咸味之後來的便是蕉糖的甜味，而七彩棉花糖甜筒，咬落煙靭又不太甜，雖然$60多元吃一球雪糕絕不平宜，不過一試無防。<sssss>
4,"近日在雜誌上, 看到台灣時興吃雞蛋布丁(布甸), 即是用雞蛋殼作器皿, 內裡放布甸, 原來這雞蛋布甸已經靜悄悄地進軍香港了。 今日經過深水埗的「三姐松記糖水」, 見到一個個雞蛋殼放在窗櫃內, 決定馬上試一試。 「雞蛋布甸」的賣相很讚, 就像在吃熟蛋一樣。而味道方面，奶油味很濃，也做得頗軟滑，有點像燉蛋白。 <sssss>一隻蛋的份量太少，唔夠喉，因此我共吃了兩隻。 價錢賣HK$11一隻，買六隻有特價HK$60，都算抵食。"
4,黑松露蘑菇薄餅 $78 @ Yummy係旺角既一角有間好有酒吧feel既餐廳，d歌都幾好feel，而且周圍既裝潢令人感覺好relax，同friend慢慢坐下吹下水，感覺好悠閒。佢地除左主菜、小食外，甜品選擇都唔少，有pancake、韓式雪冰、芝士蛋糕等，另外，都可以叫佢地既特色飲品，同樣有成本memu比你揀。今次呢個黑松露蘑菇pizza上面既芝士份量幾多，睇相都見到一拎起佢d芝士就咁澎湃😂，食落d黑松露味就慢慢滲出黎，不過價錢唔算平。<sssss>
4,食完碗粥，再食埋碗蛋河加凍檸茶，已經飽得可以。意猶未盡，見冇人排隊，忍唔住口再下一城，整件有豆砵仔糕俾太太試下...蔗糖甚香，紅豆夠多，甜度亦剛好，軟硬度亦啱啱好，煙煙韌韌，的確集靚砵仔糕特點於一身...次次嚟都係食砵仔，反而未食過掛頭牌嘅茶果。睇嚟都會返兜la...<sssss>
4,iSquare咁多間食肆裡面我最常去的就係上海婆婆，因為食物水準好穩定，環境算係幾好，又好彩我每次去都唔駛等太耐就有位。今日叫咗4樣：<sssss>燻蛋（5/5）賣相靚之餘仲幾好味，好香煙燻味，個蛋黃中間有幾粒黑色類似魚子的東西，食完仲想再食。<sssss>小籠包（3/5）唔差，皮薄，但唔算話特別出色，我還是喜歡鼎XX多一點 <sssss>雲吞雞（3/5）用料豐富，雞肉唔“鞋”，個湯咸咗少少。<sssss>擔擔麵（4/5）辣味和花生味比例很好，個湯唔會太“傑”，好味！
4,"未試過去哩間食韓燒  , 見評語不錯 就決定去試下一行3人去  5點40埋位D侍應幾nice  有時仲同我地講下笑d位幾有私人空間~ 好似有間房咁 嘿嘿地方也幾乾淨 冇油立立咁 坐得好舒服野食都不錯~ 岩岩落單好快就到, 湯 我FD話幾好味  佢自已一個人飲左成3碗湯- -""佢地既鐵板好特別 唔同平時去個d韓燒舖咁唔易結黑蚊蚊個D野.. 就算結左用夾 竟然可以一片片咁蚊上蚊完 再燒 d野食完全唔會黑蚊蚊 污嘈咁  勁~如果以哩個價錢我覺得都值  粗錯丫 可以一試無妨呢"
4,同朋友行行下街 行倒耀華街見倒間好靚既鋪頭 就入左去坐下食野傾下計抖下 入面既裝修擺設同佢整體氣氛好夾 好似好難想像係銅鑼灣可以搵倒個咁有風味既餐廳 叫左個fish tacos好特別又幾好味 加埋個好似扭扭薯條既桶加埋一人一杯咖啡雖然share不過都夠飽 之後仲有叫個鐵板brownie好神奇掛住望啲醬倒落鐵板差啲吾記得影相 係幾好食但慢慢食落去太甜就有啲流 不過整體我地都好滿意 因為入面好適合同朋友小聚傾計 入面既野食又特別同有風味 有機會都會再黎<sssss><sssss><sssss>
4,"今日出了SSP買野,途中經過合益泰,聽就聽得多,食就第一次,叫了大碟($11)豬腸粉不嬲都無味,都係靠D醬提味,佢D質感係滑GE,不過又未去到其他食評咁,滑到天上有地下無!$11都好大碟,都OK好食!而且個老闆(?)都好好人,話說佢自己用左張大枱整野,我地唔知就行左過坐,佢又好好招呼,讓左半枱比我地,之前食完又好好笑容同我地講,下次唔好年廿八黎食啦!乜都無呀!下次黎, 多D野食呀!!!XD"
4,之前去左荃灣中心想試下街坊小店，來左呢間裕一品，鋪面雖小，但都算乾淨企理，叫左碗腩肉米線，小辣加3隻雞翼。我覺得比起x仔好食，同埋辣度更高，鐘意辣的朋友可以來挑戰下大辣。雞翼認真非常有味，佢有兩種味，香草同麻辣。米線口感一般，但是湯底很好，配料很足，下次過來會再食
4,試過佢幾樣湯底，今次都係食返泡菜湯，點知一來到見到乜泡菜都無，好彩係漏左啫如果我唔係成日食，我諗我會對個湯底好失望以前最鍾意食佢d餃子，對木耳餃念念不忘，因為超薄皮，但而家d餃子越食越失望，個皮好厚<sssss><sssss><sssss>
4,明明啱啱食到好飽，但唔知點解見到又好想食，男友話：肥妹是這樣煉成的😑😑勁無奈之前食開原味，一直覺得唔錯！外脆內軟，而且唔太甜，所以門口成日都有人排隊！今次試食朱古力味🍫，加左朱古力之後，外層無咁脆，感覺有少少似蛋糕仔多過雞蛋仔。不過好就好在佢啲朱古力唔太甜，食落無咁膩！但相比起原味，我更鍾意佢外脆內軟嘅口感！都係傳統口味比較適合我！不過其實我見到佢出左紫薯味，賣相都好似好吸引，如果有機會，都可以試一試！<sssss>
4,"就咁計港島區杏花村，太古，銅鑼灣都有分店，係太古果間無去過（因店細太多人）今次我就同寶貝囡黎食番個tea,再去行街街～講真佢個蜜糖吐司真係毛至愛，比起d字頭我覺得茶木真係好食好多，足料唔乾，而佢d特飲我肥都照飲，好岩帶小朋友黎食，有bb櫈但略嫌不足 ，我囡無得坐，因平日下午茶時段真心多媽媽帶小朋友黎食咁都好既，唔怕自己一個帶bb黎會嘈親其他人、因大家都有小朋友呀ma<sssss>最愛咁滯～基本叫士多啤梨吐司再叫杯ozero 特飲，唔會撞左～因滿足哂兩個願望！有朱力又有士多啤梨！<sssss>"
4,五點左右肚餓，唔知食咩，同學問我mind唔mind 食通粉果D我無所謂呀...佢帶左我黎.茶餐叉燒通粉，厚多士火腿炒蛋 凍奶茶通粉湯底應該落左牛油，幾好食︿叉燒普通厚多士真係好厚好脆!  火腿無特別 炒蛋夠滑 同大快樂果隻差唔多，不過有2隻蛋凍奶茶有水準旺角區 34$  底食
4,今次就黎食個下午茶，點左個烤牛肉湯檬。本來對檬粉興趣不大，不過今次試點這個又感覺不錯，就期待一下烤牛肉。第一次吃，這個烤牛肉我覺得有點碎身，有點點像碎肥牛但烤過少少。檬粉比想像中好，爽身，滑身，嗦嗦的吃掉。總體而言，不錯。可以再光顧 <sssss><sssss>
4,今夜於銅鑼灣吃了一個tuna toro定食，覺得價格跟質素都可接受，所以跟大家分亨。藍鮨tuna toro定食$220，海胆三文魚子定食$150，加$10可將麵豉湯轉做蜆湯。toro入口溶化，魚味並不重但這價錢交足貨，有八片，可夠享受了！蜆湯亦算鮮甜，一小碗內足有十只白蜆ok la。海胆三文魚子定食沒試，太太亦不甚了了，可能心底裹將它跟北海道吃的有比較吧。這裹店員做事爽快，上菜時間快，下次會再來試試其他食物。<sssss><sssss><sssss><sssss><sssss>
4,"多年前曾經有一段時間很多時會幫襯呢度.因為平日午後有特價餃子,仲要好地道,有home made 口感 似足我細個果陣,樓下上海婆給我和妹妹做的餃子,因為有一段時期,上海婆 ""baby-sit""  過我 呢日路過呢間舗,好懷念回憶裡的味道,於是...哈!依家都有特價喎 味道跟往時一樣的好,沒有吃過的,有機會一定得試試看囉 <sssss><sssss><sssss><sssss><sssss><sssss><sssss><sssss><sssss><sssss>"
4,一坐低 秒速落單真係要諗定食埋先好入去坐茶餐牛油多士 炒蛋 火腿叉燒意粉光速上餐一食，兒時味道返晒黎係好味的炒蛋依舊好滑配埋牛油多士 👍🏼👍🏼叉燒意粉 好大碟 叉燒都好多嚿保持水準<sssss>
4,今日下午我們去咗銅鑼灣渣甸街嘅「文輝墨魚丸大王」食下午茶！我們叫咗紫菜四寶河粉嘅紫菜好鮮味，墨魚丸係新鮮手打，所以非常爽脆彈牙，味道亦好鮮味，魚蛋相當爽滑彈牙，唔會有好腥嘅感覺，魚皮餃都幾惹味，但就油膩咗啲啲，河粉嘅麵質亦好軟滑！牛丸粗麵嘅牛丸超爽口彈牙，牛肉味亦好鮮味濃郁，粗麵嘅麵質非常煙韌彈牙！<sssss><sssss>
4,太安樓簡直係小食天堂！一場去到手抓餅必試吧！佢有好多種配料，30蚊最低消費！<sssss>   而我就叫左燒雞肉加芝士（$32），即叫即做，所以手抓餅熱辣辣得黎仲要好脆😍燒雞肉加芝士真心無得輸，燒雞肉真心好味，加埋沙律醬（如果食得辣可加埋辣粉，惹味好多☺️）！正！<sssss>   佢話佢地既手抓餅係台灣入，只作參考。但佢地既手抓餅的確好酥脆！整個個係大隻仔💪🏻👦🏻（唔知係老闆呢？）所以就算即叫即整要等都唔會覺得耐嫁🙊。佢個人推介鱈場蟹棒，下次再食！
4,有一次同朋友行旺角，唔知食乜嘢好嘅時候，突然上咗嚟呢一間餐廳試下，問店員有乜嘢好推介，就介紹咗一個花膠燉雞湯鍋試吓，點知一試難忘😍，金黃色的湯底真係非常鮮甜好味😋，而且雞肉彈牙，有機會大家不妨試吓！
4,<sssss>夏天既水果 首選當然係清新既芒果 但淨食芒果有點單調 配埋熱情果既酸味所整成既雪葩就十分解暑好味！唔會太酸或太甜~可麗餅既質素亦不錯 薄薄地蛋味又幾香~整個配搭好清新 份量又大 幾推介<sssss>抹茶同紅豆呢個不死既組合出現係toastbox都係依舊好食！佢地既抹茶雪糕好濃唔甜 反而係紅豆好甜而且仲有dd硬；多士都烤得都脆既 不過佢冇好似茶木咁切成粒 所以冇咁方便食亦冇咁香脆 不過整體還是不錯的
4,這裡看起來是便利西餐，要自助式，但食物質素是相當好。我們經常到訪。首先沙律又新鮮又多選擇，花多眼亂，簡單的可以選火腿或三文魚凱撒沙律，三文魚份量很足。貪心的可以散點，通常有5-6款沙律可以揀，有中size及大 size，可揀3款，紅菜頭很受歡迎。熱盤選擇也多，我們最愛手撕豬肉薄餅及燴牛肉。這裡湯也不錯，$20一杯夠2人分享。不過有時會比較鹹。不得不提的是他們新推出的果汁雜飲很好喝，雖然是有點貴，$40左右，但也值得試，夏天喝很清新。他們家甜點也做的很好，不妨試試榛子雪糕。
4,2點幾去冇咩人，一坐就坐門口位，侍應態度唔錯，不過可能啱啱轉下午茶，等得比較耐，野食我覺覺得都幾平，三十幾蚊一個餐，野飲加5蚊，味道都還可以，唔會中伏，薄餅餅底幾薄同脆，不過份量就少左D，不過碟同賣相都好好，環境都唔錯，可以食番餐悠閒的lunch，我地3個人加多兩個小食，薯格同豬扒包仲有薄餅，埋單200幾蚊，價錢適中。<sssss><sssss><sssss><sssss><sssss><sssss>
4,有同學萬歲我們一班摯友，訂了蓮香樓十人晚飯。預訂的八寶鴨和冬瓜盅水准很不錯，冬瓜湯清甜不油膩；鴨肉不澀，還有我最愛的蓮子入口即化。此外還單點了幾個小菜：南乳雜菜粉絲煲 貴妃鶏，好肥的鶏不過好好味 咕嚕魚柳 百花XXX一個有鱔有冬菇燒肉的煲 醬燒骨，好肥我只敢試瘦肉 白飯附送綠豆沙很清不太甜贊~ 埋單 $11XX以如此水准來說收貨了。
4,裝修方面，奧海城的較金碧輝煌，銅鑼灣的就相對的簡單，可能我不懂欣賞，我認為不即千萬元裝修（順帶一提，兩間都有”風水陣”）．食物方面大家差不多，服務則奧海城取勝．
4,宜家Starbucks真係日日都咁多人，要等張枱真係勁難！所以我都習慣外賣，之不過排隊都排好耐...<sssss><sssss><sssss>凍Green Tea Latte Venti~宜家加到$40一杯啦！呢間較甜，奶味重過綠茶味。牛奶好滑，顏色又翠綠。平時飲開熱，今次飲凍發現雖然多左冰，但係甜味無少到，證明其實平時都落得幾多甜。一般既綠茶飲飲下會有陣茶澀味，但呢個唔會，只有甜味，綠茶味一般。我都係中意飲熱既~總係覺得綠茶味出d。<sssss>夏天咁熱，企係度涼下冷氣都好啦！
4,"早上有時間一個人來飲早茶叫了臘味籮白羔，沒有臘味的，不過味道就不錯，如果加番臘味會好好多之后點了蟹子賣皇，幾好食，食落彈牙有咬感。因為很喝，飲了很多茶服務來說，也算ok,不會很欣勤但我見她們也幾忙的，比一般酒樓來說算是ok的了.茶錢$13價錢ok , 會再來"
4,"菜肉雲吞擔擔麵: 湯底基本上只是清湯，但加了一\""pat\""很辣的肉碎，內有些少花生粒，與清湯混和後，只得辣味。個麵反而不錯，很彈牙。雲吞很新鮮，有水準。另外，凡order任何麵都送豆漿一柸，應該是自家製的，不太甜，幾好，但不知是否只在晚市才有這優惠。"
4,"已經是第二次去了上次叫咗一杯台灣珍珠奶茶，覺得好好飲，味道適中，唔會太甜，所以今次再叫，繼續好好飲！朋友叫左一杯 tiramisu, 賣相好似tiramisu, 上邊一層薄薄嘅咖啡份，好得意，飲落有少少似 tiramisu, 但亦唔會太甜。另外朋友叫咗一杯白酒，都好易入口，正！食物方面，賣相好精緻，由台灣特色之餘，亦加入西方嘅元素，係現代嘅台灣fusion 菜！<sssss><sssss>"
4,"過左一個禮拜, 念念不忘, 又黎試食佢個酸辣米線. 上次試左麻辣, 今次就梗係要試佢個酸辣啦. 要左腐竹同竹笙嘅酸辣米線, 試一口湯先, 感覺都ok, 不過個人認為佢地個麻辣做得出色d.  酸辣味好夠, 甚至有d怪得滯, 個味酸到有d好似醋嘅酸味, 自己就唔係咁鍾意. 要讚腐竹同竹笙, 份量好多, 而且索晒個湯一流. 一樣係飲凍檸茶, very good."
4,"已經光顧維記很多次了,那裡出晒名的「膶牛麵」水準依然!牛肉和豬膶都是新鮮即叫即灼,火候恰到好處.豬膶切得很薄而且很軟熟.湯底已吸收了牛肉和豬膶的精粹,而且非常之熱,不會令到豬膶番生.真正的一碗好麵!自制的「架央多士」亦都冇得頂!而且不是很多地方可以吃到.來到維記的人可以說全部都是吃這些高膽固醇的東西.如果不是吃這些食物的話,麻煩請去第二條街,因為還有很多人在門外等著呢!"
4,小姐話要食甜甜！帶左佢去大圍的 夏雪❄️ All day breakfast 係我食過甘多間最好食的 薯仔怪 表示 個薯餅真係好好味 芝士啡菇🍄 小姐食哂 Waffles 外脆內軟 個邊甜甜地 好味 Carbonara 👌🏻👌🏻 小姐問： 可吾可以自己食曬個 香蕉🍌朱古力waffles 雪糕 ... 媽媽問 ：留反一舊waffle 比我得吾得呀？👉🏻👈🏻<sssss><sssss><sssss><sssss><sssss><sssss>
4,同朋友星期六去high Tea，見到呢間點心鋪頭外面大排長龍，有啲人拎住個Menu有蠟筆小新覺得好得意，於是本着好奇心就入去試試，啲點心好搞鬼，尤其蠟筆小新包，係佢屁股開窿會有深色嘅餡流出，好好笑，仲有甜品都好盞鬼，其他點心都好有創意，是另類點心選擇！<sssss><sssss><sssss><sssss><sssss><sssss>
4,"光顧過沙田分店，原來黃大仙都開了分店，不由分說的再次光臨！<sssss>一個人，點了燒黑豚肩丼，三文魚壽司及蟹子沙律。個人認為食日本料理，三文魚及蟹子沙律是必食之選。三文魚好新鮮呀！蟹子沙律亦很新鮮爽脆，最愛它那食落""索索""聲的口感！<sssss><sssss>薄片的豚肩燒得好香，蜜汁吸引，配飯食一流！<sssss>食到好飽，原本以為已容不下甜品，最終都敵不過甜品的誘惑，糯米糍紅豆特濃牛仇滇，好味到震！糯米糍煙韌香甜！牛乳雪糕真的冇得輸，牛奶味香濃，雪糕幼滑，大愛呀！<sssss>"
4,"(2/12/06)其實又一城無乜經濟o野食,睇過EXP的食評好多笑,咪黎食下o羅。牛肉碎菌菠菜麵,算大碟,牛肉碎似豬肉碎,菠菜汁好有菠菜味,幼的偏意粉,軟硬適中,出色之作。(餐茶:熱檸茶)煙肉多士藍莓肉桂汁,賣相好靚,煙肉煎/炸得過火無味,多士煎得靚(只得三條),少少脆,配肉桂汁,好match。(餐茶:熱咖啡,被我調較得好好味)。服務ok,初時俾左杯唔熱既咖啡來,侍應都好快換過杯熱辣辣的來)"
4,"由於新開店的關係，客人很多，友人早上帮我買來了朱古力流心蛋糕，到中午時其他朋友也想到店買朱古力味，可惜只剩下原味的蛋糕，其他味道已經售罄了~<sssss>朱古力味的蛋糕，價值75元， 溫馨提示:店員說蛋糕要冷藏，要吃時十五分鐘前拿出來，室溫解凍便可以了口~我們2人拿出來吃了一口，已經見朱古力流心流出來了，質感很滑，而且可可味比想像中濃⊙_⊙,不太甜，很合我們的餵口，我們2人一口一口，很快已經吃光了，感覺不膩，不過吃不到有蜂蜜味道，下次想試下原味呢(≧∇≦)"
4,天氣極之炎熱令人謂口大減，所以這天清清地，來吃個華姐清湯腩河。真的幸運，這天不用等位，座底即時可以點這裡的名物: 華姐清湯腩河。<sssss>先試一口湯底，非常清甜又唔會太油，牛腩入口鬆化，美味之極！
4,"涼瓜炆鵝掌($80): 豆豉汁味道十分好,不油,苦瓜甘而不苦椒海參扣($98): 很爽,但沒有味道,不值雲吞麵($22):好好食牛腩麵($27):好食"
4,作為一個抺茶控，一直以來，都想試一試這間，之前係尖沙咀誠品有試過，但堂食而且有烏冬、日式茶漬飯提供都是第一次，和友人傾吓計，靜靜地唔錯！可能位置比較遠離火車、地鐵站，兼且下午茶時間，人流很少直頭包場。食物其實一般，但原來有請聾啞人士，即時加分不少，值得一讚👍🏻<sssss><sssss><sssss><sssss><sssss><sssss><sssss><sssss><sssss><sssss><sssss><sssss>
4,碎朱古力咖啡Java Chip<sssss>碎冰有d多 我就唔係好中意咬冰少冰會好d碎朱古力粒好甜中和返咖啡嘅苦味但咖啡都好香濃好滑加埋上面舊cream仲滑但又唔會太甜得閒去下starbucks飲杯野同朋友傾下計係自在嘅
4,2007年N月N日x N次2008年8月8日奧運開幕日南下，皇崗口岸出奇的少人。在佐敦下車，到麻辣王吃魚蛋是指定動作。魚蛋仍是那麼爽彈。醬汁仍是勁辣和極麻。單看那鍋醬汁賣相，毫無而問要來一串。亦曾試過這店的擔擔麵，麵底不感恭維。其他麻辣、勁辣少食應可一試。最後還要說句，專兄：多謝推介。題外話：北京奧運終於開始了，但願能平安順利結束，主佑。<sssss><sssss>
4,中秋佳節，友人特意送來金記的雙黃白蓮蓉月，雖然早幾年吃過覺到只屬一般，但卻很感激友人的心意。<sssss><sssss><sssss><sssss>一如既往，金記月餅的包裝依然懷舊，不過質素明顯大有進步，蓮蓉香潤軟糯，甜度適中，蛋黃夠油，咸香且鬆化，相比今年收到的美心、榮華等都要好吃，連爸爸也大讚好吃！再次多謝友人的心意，希望金記往後可以保持月餅的水準，或許會創出另一月餅傳奇。
4,"黎左好多次,都係甘好食!雖然平日夜晚少人,BOOK左位,去到都等左15分鐘,兩個人 叫左 3樣野食 ,朋友第一次食,都大讚!!!野食抵食又大件    凱撒沙律.....食開平時個D , 較乾身 ,個汁又幾特別!~  FOUR SEASONS PIZZA 必試,多料!~(熱食較佳:like  小妹同友人一向不吃甜酸醬,但係呢個加埋沙津醬 又幾特別  RIBS(HALF) ( 好好食阿)  個汁幾特別,好多汁<sssss>好讚！好中意黎！環境就真係會嘈D~~"
4,朋友介紹元朗既泰屋，於是就同屋企人入左元朗試下，我地walk-in入去，唔駛等位。首先叫左碳燒豬頸肉，份量充足，其次肉質好，不似其他地方只有瘦肉， 這份豬頸肉真是肥瘦兼備，烤得剛剛好， 既爽口又惹味， 好鍾意!之後到避風塘炒蝦，一上桌時香氣四溢，賣相睇落都幾吸引。食落去酥酥脆脆，香蒜味十足，配搭啤酒一流呀!!!!論服務方面，並非預期中差，在這晚所見，可說是有求必應。<sssss><sssss>
4,"第一次黍想為這間店寫一篇介紹,等多啲人可以食到好野,越色拼盘雞冀和春卷超正,越式拼盤全份都很好吃, 春卷皮脆餡多, 帶點煙韌,包生菜葉沾碌冧來吃是更加酸甜清新；雞翼皮香脆, 肉多汁,脹卜卜兼有爆蒜香味；蝦餅彈牙,越式炒通菜: 通菜夠鮮嫩，調味鹹淡得宜，炒得很不錯!吵飯一流.<sssss><sssss><sssss><sssss>"
4,放假只想好好地hea一天慢活一下所以揀左位於沙田文化博物館下面既牧羊少年餐廳，其實已經食過佢其他分店但呢間就無食過一入到去，餐廳好台式cafe feel樓底好高，裝飾得好有心機好relax ge感覺最重要佢唔會限你用餐時間我點左個芝士肉醬薯條好！好！味！😭仲要好大份👍🏿我絕對會為左佢再返黎食😭👍🏿意粉份量都好足同埋硬度剛好因為我唔太中意太淋既意粉凱薩沙律，d菜好新鮮整體來說不錯的餐廳食完仲可行下博物館<sssss>
4,"麥當當新出自選漢堡包，人客自己揀材料，訂做自己喜歡的包。<sssss><sssss>電腦自己操控份量<sssss>揀完俾錢後搵位坐定定,店員自動追蹤到你,將食物送到<sssss>加大左,但因薯條鐵兜size勻一, 無辨法俾加大入份量薯條我, 只得汽水變大. 我認我較蠢, 其實可以問下佢我唔效入個鐵兜得唔得<sssss>包Size都幾大個!"
4,之前食過好幾間新點心舖～今次見就水e間d野幾特別就黎試下～8點令9點唔洗等位～環境幾好～野食種類都ok~<sssss>綠色一串嗰款係雞肉丸子，同咸水角相似～但用咗雞肉～細細粒好可愛～點心店有得叫小漢堡～感覺新鮮～味道ok芝心蝦丸好好食～夠大粒同彈牙～芝士會流心～<sssss>灌湯餃好大隻，如果多d湯會比較好<sssss>響鈴蝦腸～咬落有d卜卜脆～腸粉夠滑～<sssss>布甸仔～好迷你～8蚊1個～榴槤味幾香濃～<sssss>價錢可以接受～兩個人食到非常飽～
4,行完街，同男友去食宵夜場～牛肉新鮮，嫩滑，大蝦正，超級正，喪食好多食物～但生蠔就唔掂了～唔新鮮同埋全部都係沙～不推薦～環境比較細～建議大家先訂位最安全～宵夜打7折，抵～性價比高，但係宵夜落單時間好似去到10點半左右就話截單，感覺有啲坑爹，哈哈哈～下次都會選擇去食～話曬放題呢個價錢真係好好著數～自己燒，有啲攰～<sssss><sssss><sssss><sssss><sssss><sssss>
4,"首次來這間 cafe, 環境不錯, 甜品也吸引, 不過今天仍未吃午餐, 所以甜品下次才試.看了一會餐牌, 有沙律, 意粉, 意大利飯, 三文治等.其實它的全日早餐很吸引, 但 $88 對我來說實在貴了點, 最後選擇了白酒雜菌意粉.<sssss>酒味不濃, 很適中. 雜菌有冬菇, 草菇和磨菇. 當中以冬菇比較多. 雜菌和意粉都很爽, 很好味, 味道清淡很合我口味.給 85 分.跟餐飲, 我不喝咖啡, 選了洋甘菊茶.<sssss>花茶當然是乾花沖好些, 不過這茶包也可以, 只是味不及乾花沖的香."
4,加班後放工有點累，便獨自去找甜品食，又再次來到糖佰府，經濟又實惠，又可以好好享受甜品的樂趣。這次要了一個心太軟配綠茶雪糕 HKD40，還畫了一個熊仔公仔，都好吸引。<sssss>把心太軟切開，都幾流心，朱古力味也很香濃，心太軟又不細個，感覺都幾抵食。綠茶雪糕沒什麼特別，較為重奶味而不是甘香的綠茶味，整體也算好吃。<sssss>這是我第2次來食甜品，感覺糖佰府都幾經濟實惠，價錢合理味道又不差，在忙碌的一天能食上甜品都幾享受。
4,咁岩朋友仔生日，就係附近搵間店試下個日有個fd遲收工，我地提早到左坐係度等，不過坐左咁耐啲店員都冇話咩比臉色我地睇，齊人後order 完食物都幾快上。Pizza（好似叫大力水手pizza），有波菜幾新奇，味道不錯，值得一試派對拼盤同烤豬肋骨味道好似，可能係同一款燒烤醬，不過派對拼盤既雞肉串幾嫩幾好食。但野飲方面可能就有待改善叫左兩杯野飲杯sunrise 味道似芬達而另一杯mango tango (好似係，都偏普通。<sssss><sssss><sssss><sssss>
4,"上星期六同fd食lunch. 好驚訝冇午餐,要散叫~ 牛肉餅:好味,d肉唔會好油~感覺唔會好肥膩素鵝:一般水準雪菜粉皮:好少雪菜,好多粉皮,味道幾好上海炒年糕k啦,幾惹味整體上都唔錯!份量都算幾多,我地2個女仔食極都食唔晒~哈哈service都幾好,頻頻來加茶呢~不過星期六冇午飯套餐,要散叫就比較貴啦~ <sssss><sssss><sssss><sssss>"
4,"出發去大浪灣沙灘前，過來食碗麵&水餃！環境有點迫，但食物選擇多，上菜快！擔擔麵 （$40）麵質ok, 湯底夠濃。<sssss>辣牛肉麵 （$46）唔辣，但湯底都ok既！牛肉有d鞋～<sssss>冬菇香茜水餃 （$31/5只）Nice~ 芫茜控既我非常鍾意！好多料，咬落又香！<sssss><sssss>價錢偏貴，麵既味道就不過不失啦，不過下次黎應該只食水餃haha 看見人地既煎餃子同蒜泥白肉都好吸引😍<sssss>"
4,放工後特別肚餓，又突然想到好耐冇食台灣野，就去番我去過既而我又喜歡既一間台灣店食番碗牛肉面記得我第一次食佢呢碗麵，好驚失望，點知好有驚喜濃郁䉒茄湯底，又入味，而且酸辣味令人十分開胃，面係扁身，粗身的，牛肉好多件，有5，6件，又淋，無牙都食到，一咬肉就鬆開左好正，加上一杯已經用蜜糖調制過的熱檸水，平平無奇，但真的調得適中，檸檬又冇澀味，又多片。推介<sssss><sssss>
4,今日同朋友仔去肚餓了，呢間之前都黎過，都ok，所以今次再encore。因為今日星期一，所以啤酒買一送一，叫了兩支手工啤，仲送兩枝，正！當然試下佢地撚手小菜，黃金薯條，厚切牛舌，安格斯牛柳就唔小得。黃金薯條雖然好邪惡，但真係好好食，哈！厚切牛舌，平時食開薄切，厚切就好大舊，好有咬口，幾juicy安格斯牛柳都好食，燒到7 8成，面仲搽上醬汁，食落去一d都唔乾，好食！<sssss><sssss>
4,"維記""之忍麵""必食是常識吧！其實我都有幾年冇食，今日心血來潮突然好想食膶麵加加央西多。因為上午去食吾洗排隊<sssss>可能太耐冇，好似貴左好多𣎴過可以接受<sssss><sssss>膶牛麵到啦！份量ok,湯底鮮甜，豬膶吾""鞋""但牛肉有D韌<sssss>加央西多正呀加埋凍好立克超正<sssss>加央餡好香滑吾會太甜。完全滿足左我既食慾"
4,"本身諗住食少少野但見個至尊漢堡餐好似好豐富咁又想飲酥皮湯所以叫左酥皮湯-好好飲,夠味漢堡包- 可能唔太肚餓,覺得好大個, 食落都幾唔方面,好易跌晒入面D料出黎薯仔-OK,好多芝士係下面,攪到好滯其實算幾好味尤其個酥皮湯好好飲但以下午茶黎講要差唔多60蚊就比較貴喇<sssss><sssss><sssss><sssss>"
4,*石頭飯*分牛肉($26)同雞肉($30)兩款，跟餐飲(珍珠奶荼個類都包)，熱騰騰，好味道，配菜及生蛋都好足(有d地方既蛋拎到黎已經熟晒...無得撈飯成個味覺差晒...)*千層闊條面*有肉醬、薯蓉、芝士及闊條面，味道不錯，但每次我都食唔晒，因為份量唔細，而且呢類通常易飽。*下午餐時段平五蚊*14:30後下午餐時段唔好叫下午餐，叫午餐平五蚊!隨時平過下午餐。環境較逼，晚飯燈光較暗，建議午飯或下午餐時段才好去食，晚飯可免則免。
4,食飽飯都要行過黎試一試叫左鴛鴦湯圓 ~$14要等因為佢即刻煮黎到~~試左啖薑糖水先~辣左d~對我黎講不過幾好味d湯丸好好味呀一咬d芝麻~好似心太軟咁流晒出黎哈又唔太甜花生都好好味兩隻都鍾意9點半去到無咩人過多唔夠十分鐘full晒~好彩早一步到o者仲同兩個婆婆一齊坐同傾計添~哈走個時仲外賣未煮湯丸十粒同呢到食一樣價$28十粒所以係到食會抵d~佢煮埋比你食嘛~~因為太飽如果唔係會再試多樣唯有下次再食啦~
4,<sssss>最喜歡到Ammo 下午茶，因為環境真係好世外桃源佢地出品既tea set分量比酒店少，但比較符合下午茶原有既理念：攝下時間，頂下肚餓，而非食爆個胃Ammo 既鹹食係強項，最正係個mini burger 同日式水蛋，調味相當好。Scone 一人得一件，味道/鬆軟度合格有餘甜點普通茶包都是有機，可以要求另外要奶或檸檬咖啡唔係特別高水準。百幾蚊係半山可以食到有水準既茶甜，人生一小樂事<sssss>
4,認識他們墨魚丸從一開張已吃<sssss>現在30元前38！<sssss>前台打冷櫃，大量凍吃<sssss>下午茶以上粉面送茶但沒有墨魚丸！仍是<sssss>叫墨魚丸河充足芫荽，通菜 和葱<sssss>5顆墨魚丸30元的墨魚丸同曾經初期38元的少了粒粒皆墨魚肉口感不過仍是非常好結實大粒，味道鮮甜先前貴些，多墨魚肉但也稍硬這批貨個人覺得夠好仲慳了8大蚊<sssss><sssss>
4,午餐時段入座，點了午市套餐的麻辣燙和幾個川菜。麻辣燙選的是酥肉，這是川菜比較經典的菜品，搭配麻辣燙略微軟了一點，熱辣火鍋短時間燙熱更合適，但不影響麻辣燙的整體體驗，湯底是足足的麻辣滋味！海帶等配菜加在裡面，一如既往的好吃😋<sssss>另外點了麻辣小麵。一直以來好吃的麻辣小麵都比較難找。雖然總對湯底和麵有更多要求，但吃到眼下這一碗，還是滿足。<sssss>酸辣土豆絲，刀功好，點的不辣，可以在麻辣菜式之後清清口。總體來說，搭配合適。一頓午餐，很舒服。
4,無意中行過有點餓，被店子外面的照片吸引入去試個下午茶，點知勁驚喜！點咗奶皇流沙西多、奶茶、鴛鴦燒賣，雖然西多要等 10-15分鐘，都值得！西多外型同平時個啲無分別，外面好夠脆，一切開啲奶皇就流出來了！鴛鴦燒賣其實係蟹子+黑松露燒賣，好大粒好多蝦！餐牌上仲有好多點心和蒸飯款，下次一定要再來試蝦多士！下午茶都只不過係 $28，燒賣 $22，價錢好合理。<sssss><sssss><sssss>
4,以前係九龍灣讀書個陣初嚐金拇指，lunch會食佢咖哩飯冇咩特別。但有次遲左去食先發現2點－6點下午茶時段焗飯先係平靚正！焗飯係平時lunch dinner時段唔係特別平，40幾蚊，但下午茶只係30蚊送熱飲！抵食！推薦佢既焗豬扒飯<sssss>下午茶焗飯係迷你dd既，但係其實都夠飽炒飯底，豬扒係炸過既，絕對有誠意唯一缺點係有時會多太蕃茄汁，會甜左dd去到九龍灣遲左食飯，又想食個平平地既下午茶可以試下！
4,約左好姊妹食完飯搵個地方傾計飲野，之前weekend full booking 今次星期一唔洗等，去到之後我地簡左坐出面，點知凍到咩咁 好彩佢地有暖爐 <sssss> 個景咁靚凍都冇所謂啦 <sssss><sssss>    <sssss>叫左2杯cocktail都係好似果汁咁，甜甜地唔會醉嗰d囉，一班女仔岩哂佢地張台會放有顏色嘅燈，自拍成塊面都變埋色，不過可以叫人幫手影，好外國feel 佢地服務都非常好，我住得近所以有咩節日都可以係度慶祝，絕對係會再黎
4,<sssss><sssss><sssss><sssss><sssss><sssss>醉雞！好夠酒味，雞又唔舊唔錯！炒年糕就一般般啦！跟住超推介個脆鱔！超正！又甜又香！到甜品，個個好似係紅豆糕我個人覺得一般！但之後個個焦糖布丁就正！ 夠脆糖，蛋又滑又香！品洗等位！正！下次可以再黎！
4,套餐:包括小菜一款、指定湯、糖水，茶水<sssss>點菜不久即會送上例湯，今天是紫菜蕃茄蛋花羹。味道咸度剛剛好，重點是不會像別家的羹很糊，這個稀薄程度剛剛好，滑嫩易入口。<sssss>酸甜魚片味道及賣相不錯，但皮稍微厚了點<sssss>回鍋肉配椰菜，味道足，不過比較油。好像東北菜也偏向這樣的。<sssss>宮保雞丁惹味，配飯很開胃，加上微辣吊味，適合各辣度人士嘗試<sssss>這個糖水比之前進步了很多。記得之前是沒味道，只有超甜味，現在雖然是很淡口的椰汁，但起碼能入口。
4,"川菜覺得好重口味，我都吃得棘,不過，阿女不能吃辣，上星期一時間阿女話想同我去私房菜，阿女話訂了銅曪灣四姐私房菜，我在餐牌上見到是川菜，四姐有得不辣,估不到吃川菜可以咁健康，食品味道亦不太咸,又少油付合而家講健康的香港人，這裡環境又幾好,價錢貴咗些小，我覺得整體好吃<sssss><sssss><sssss>"
4,款式多有水準食物新鮮~ 西式酥皮松露湯好味~中湯一樣正！有免費生日快樂寫字既心太軟~超正👍左賀牛睇見都流口水😛 長腳蟹鮮甜~麵包蟹多膏！最開心一入門口就見到好精緻蛋糕甜品~刺身有甜蝦.帶子.油甘魚.三文魚.立魚~但是每人只可以攞三款各一件！🙄生蠔都唔錯……<sssss><sssss><sssss><sssss><sssss><sssss><sssss><sssss><sssss><sssss><sssss><sssss>
4,講起餃子一般人都鐘意皮薄餡靚嘅，但我就偏好皮厚，貪佢咬落夠香！阿純嘅餃子正好符合我嘅口味。除左正路嘅白菜/韮菜豬肉餃，仲有一啲出面少見嘅款式，好似京蔥羊肉餃咁！除左餃子，佢嘅小食都好正！蒜泥白肉同雞絲粉皮都係My favourite仲有個韮菜豬肉餡餅，上碟時會一開四比你，外層脆卜卜，入面就好Juicy!! <sssss><sssss><sssss><sssss>
4,除非去日本漁市場，否則平時食日本料理都不多吃海鮮丼，因為日本料理選擇多，好難專一地只叫一碗海鮮飯！今天午膳時間來到，柯打了兩客午市定食: 拖羅丼和花魚生飯。定食除了海鮮丼，有麵豉湯，野菜沙律，兩款前菜，茶碗蒸及雪糕，蠻豐富。拖羅丼，飯上舖了拖羅魚蓉，份量足夠，可以很滿足拌完整碗飯。除此還有三片拖羅，中拖羅片略嫌薄切，口感比較差。花魚生丼，魚剌身已有四款，加上有帆立貝，牡丹蝦及三文魚籽。魚生剌身新鮮冰凍，唯牡丹蝦有輕微苦味。以午市定食價錢比較，兩款海鮮丼都很不錯，好味抵食。
4,"1) 黑毛豬扒好味煮得好""林"", 夾住d脂肪好香，玉桂蘋果醬好味好開胃，醬汁鋪滿豬扒挺好2) All day breakfast味道一般，芝士蛋是較熟那種，芝士味不重，磨菇，小番茄和番茄豆好味，腸仔無咩特別3) 磨菇湯好味(我喜歡唔太重奶味)4) 上菜時間頗慢5) salad有jam+醋幾開胃，好味6) 焦糖燉蛋ok<sssss><sssss><sssss><sssss><sssss><sssss>"
4,行到攰攰地，想座底食下午茶，又不想冒險試其他以小朋友裝飾作招來的餐廳，於是選擇了這間平時吃開的餐廳。白汁吞拿魚芝士蕃茄脆餅，餡料有吞拿魚，芝士，蕃茄，都是容易處理得好吃的材料，混合一起吃起來十分配合，而且外皮夠薄脆香口，十分不錯。飲品選擇了有機芒果橙茶，是用茶包沖泡的，但香味依然不錯，亦有清香的水果味道。這個份量的下午茶餐不錯，夠食又不會太飽以致吃不到晚餐。<sssss><sssss><sssss><sssss><sssss>
4,韓風尚存，試試係韓定係寒先😬首先，要讚一讚環境，裝修簡單而舒服。一個order嘅份量都唔細，都有十幾舊。開餐用具齊全👍🏻提供手套，濕紙巾，仲有一個專係放骨嘅桶仔，真係貼心呀！<sssss>我哋三個人order兩款雞<sssss>原味烤雞-跟芝士醬同燒汁，烤得較為乾身，有啲鞋口<sssss>柚子咩烤雞(唔記得咗😅)呢個有啲汁淋上面，感覺比較juicy每份大概$160左右，可樂都係$20一罐價錢，環境，食物質素合理化下次試埋其他先😋
4,"平時食開燒餅架~ 今次男友不單止買燒餅比我食喎,仲有光酥餅其實我己經買咗一段時間才拿出來食幸好還未過期~ 味道仲唔錯添~平時食開既光酥餅有好強烈既蜆水味~但呢間就無~我同事平時都唔食都覺得好好味~ 真係唔錯丫<sssss>"
4,"今次係我第一次食! 本身諗住, 都係米線JE, 咪又係咁O既樣但黎到時個樣係我估唔到O既可能未食過D 咁O既色O既米線!D 味好好味~~~~無餸都可以食晒一大碗!不過真係好濃味, 食開淡O既朋友仔應該會BUY我食米線都幾鍾意食配菜, 所以揀左多芽菜、多苟菜、多酸菜!唔知係咪因為咁所以D米線好似好少咁下次我會試下食番正常份量!同埋坐得都算舒服, 佢都幾闊落!價錢都可以接受, 不過我唔記得左幾多錢啦<sssss>"
4,"這餐廳的受歡迎處就是那麼簡單的食物都能做得好,那麼多的口碑錯不了.雞蛋和多士不能做成鮑魚味,魚翅味,它就是雞蛋味和多士味,就是那麼簡單.生意好,伙計的心態就想你快快吃完,好等做下一枱客,如果你做老闆也會一樣,不能怪人."
4,<sssss>繼續都係掃街日。肥姐係我掃街favour既三甲。係旺角掃街，唔會走漏呢到。其實食生腸呢d野，對我黎講無異味係必要的，不過爽脆同鹵水就真係睇鋪頭，肥姐這方面做得唔錯。今日要生腸墨魚雞腎。生腸墨魚依然爽甜，無食雞腎，友人稱夠爽，應該也不錯。五蚊串，大串十蚊，抵食，繼續下一站。
4,"較高價錢的泰菜會怎樣? 結果令人滿意<sssss>整齊清潔<sssss>很久沒吃過沒沙, 沒腥味, 極之誇張的厚肉, 令人很滿意的蜆, 怎能這麼美味? 不需什麼調味, 只靠少許香草清蒸, 簡單又好味<sssss>啖啖肉, 一點都沒羊羶味的羊, 十分香口, 十分多花生的馬沙文咖喱, 正呀!<sssss>清爽的芥蘭苗, 完全沒渣, 夠綠夠鮮, 讚!<sssss>來一個完美句號, 十分均勻的份量, 鮮芒果大大片, 糯米飯軟硬剛好, 椰漿較甜, 吃完很滿足!"
4,Cafe門外裝修已好特別又精緻，如外國feel的休閒cafe😍😍入到cafe細細間，但都不失休閒舒服的感覺，當晚安排坐在高檯高櫈位置，望出窗外都幾舒服😄😄待應態度勤殷勤又好南瓜湯煮得不錯，配上香草好味👍👍白酒煮蜆，蜆肉大隻新鮮😋😋Fish & Chips炸得鬆化，不油膩，魚塊厚啖啖肉😍😍最後配埋羊架，羊架大件可兩個人分，煮得剛到火位，美味下次想試試佢地lunch，因為見到佢哋嘅咖啡，看似好吸引😍😍<sssss><sssss><sssss><sssss>
4,"路過深水埗,幫公司買辦布,大熱天真是一個折磨,幸好公司有津貼,可以吃一個較好的午餐一直很想到burgerman,今天終於有機會來到.<sssss>點了一個鵝肝漢堡,鵝肝滑之於亦帶點油膩,非常可口.中間的牛肉亦相當juicy,加上漢堡一起吃是極好的選擇沙津亦相當新鮮,作為中和油膩一流"
4,"最喜歡食佢哋個奶油津白, 黃金蝦- ""正"""
4,拉麵拉麵一向係我嘅大愛，今日就嚟到旺角呢間小店一戰！荃灣個間之前經過已經好多人，旺角呢度一樣咁多人，排左15分鐘左右就ok la🤦🏻‍♀️🤦🏻‍♀️ 夜晚專食拉麵嘅，所以揀左個魚介木魚湯拉麵，另加左隻溏心蛋😋😋 麵底揀左150g😀😀 上到枱真係好大碗下！好香嘅木魚味😜😜 湯底看似濃郁但食落還好，唔過咸⭐️⭐️另外麵質偏硬，好合我口味👍🏻👍🏻👍🏻 而叉燒又唔太肥，燒得幾香口😛 溏心蛋好流心，有d酒香❤️❤️<sssss>
4,2間店鋪相連，分兩邊排隊，但又可以去另一邊鋪食，怪怪的，根本唔知應該排邊條龍。抹茶甜品正食物份量少抹茶紅豆飲品望落好深色，味道應該濃，但其實味道唔夠。玫瑰花咖啡好飲🌹<sssss><sssss><sssss><sssss><sssss><sssss><sssss><sssss><sssss>
4,下午跑完步，到了夜晚，梗係要食多DD野。雖然係八點，又唔係假期，都要等位。結果睇住苑瓊丹子同喬寶寶談情說愛20分鐘，終於入席。老婆欽點魚香茄子煲，咁arm晚餐又係其中一味，太好啦。遷就老婆仔，叫個蝦，西蘭花螺片蝦球！鑊氣點都夠，味道當然唔錯，否則呢間野唔會成日爆棚。凍朱古力真係要推介，老婆仔見到都好開心，但又話好肥......乜呢間野係上海菜咩？
4,"呢度都開左好耐lu, 今日我先至係第一次來食. 起初入到去見到所有三文治都係凍食,唔知點算,好在我同事見到有hot既,即刻飛撲過去,凍左個雞肉蘑菇卷,話夠熱多汁又好味,雖然睇落唔算大舊,但都好飽足,而枝orange & craneberry juice亦唔太甜好好飲.非常滿意!"
4,之前食開紅墈個間 不過個朋友話荃灣個間係本店，仲好食，我就特登山長水遠入去荃灣食呢間本店米線。去到個門口同紅墈個間一模一樣，一定唔會走錯隔離😂不過餐牌就好唔同喇。呢間係1餸，2餸，3餸，4餸每個set 好左幾款比係揀，咁當你可以叫1餸再加其他如果佢個組合唔岩你心水。我就叫左辣腩肉，蘿蔔，小辣湯底。呢到個湯底真係香濃好多，辣度都岩岩好，個蘿蔔勁好食，好入味，腩肉係招牌梗係無得彈啦。如果佢唔係咁遠我一定日日食呀😋
4,"一直排長龍的人氣台灣甜品Cafe, 今天心血來.潮走到The One會一會它的甜品。12:30p.m.到達已大排長龍，沒有人招呼，好像萬無目的地等……最終試了這個草莓窩夫，很香窩夫味，咬下去表面脆口，内裡有咬口，因為加麻薯有QQ口感，不太甜，配搭上草莓雪糕、草莓醬、蜜糖和甜奶油，真的很香滑，並不漏漏的。T<sssss>"
4,"試完台灣無老鍋之後一直念念不忘🙈🙈聽座講旺角開左間養生打邊爐就衝去試下啦～～餐廳裝修OK,地方唔迫,只是張餐桌有點矮翹唔到腳....湯底無味精，藥材很足料，叫左美人鍋，有半隻烏雞🐔🐔未食其他配料已飽1/3😂😂牛肉肥膏不多，好淋，抵食😋😋蔬菜好新鮮，響鈴卷即炸，但鴨紅麻麻總括黎講，食物環境OK，價錢中上，七折完$576兩個人<sssss><sssss><sssss><sssss><sssss><sssss><sssss><sssss>"
4,"今次食左:--- 豆苗鮮肉餃,好鮮味,又多汁,正呀!!---手撕雞拉麵,個麵林左d,唔夠咬口,但就有好多雞肉,   普通啦!!---驢打滾,個皮煙un好好食,再包住紅豆蓉,勝在唔漏,幾   好味呀!!---豌豆王,好香豆味,清清地,甜過驢打滾,但我覺得驢打   滾好食d!!---豆漿,係免費架,飲得出係自家製,因為好重豆味,唔   甜,夠晒健康!!<sssss>"
4,和渣打銀行合辦的飯局，回歸平靜後，又說說這道用上當地大閘蟹（毛蟹），配合粵式烹調方法製作的焗釀蟹蓋吧。按位上熱度亦保持到外，當日鮮拆的蟹肉，混入蛋白釀焗，火候拿捏得好既有蟹肉鮮香而蛋白亦增添嫩滑效果。席上食友連醋汁亦不放過，廚師以靚陳醋再調味，連一般餐館沒有留意的細微配套亦做得好，這就是《米芝蓮》二星名店實力。<sssss>
4,"我諗我食譚仔食到上咗癮, 差唔多日日都想食炸醬 + 腩肉已經變咗例牌, 雖然我都好鐘意食腐皮, 但如果大家都係$4, 咁又好似食腩肉抵啲今日仲試埋土匪雞翼, 好味喎, 好味過麻辣雞翼其實個味係有啲似BBQ o既雞翼, 但因為佢加咗黑芝麻, 就仲香啲下次再食可以挑戰2小辣喇!"
4,幾個星期前曾上過去，以為寶寶餐廳同寶寶雞煲是兩間店，原來晚間是做雞煲，日間才是做餐廳的，之前曾幫趁過一次其太子分店的雞煲。而寶寶餐廳註明酒店名廚，今日就要試下其午餐啦。樓上店都是比較靜，午飯時段都容易有位，我點的墨魚滑釀雞翼烏冬，都是即叫即製需時，起骨釀製要手工，又墨魚滑新鮮，炸到雞翼都脆口美味，，值得一讚。焗豬扒都同樣出色。值得再幫趁<sssss><sssss><sssss><sssss><sssss>
4,本人至愛食上海菜食左好多間奶油津白 呢間真係無得彈 又唔會好似金滿庭咁漏個菜煮得夠林 但又唔會爛 呢個菜真係必叫跟住百合炒秋葵 秋葵滑腸就係人都知 但煮得唔好會有陣苦澀味呢度就無苦味 不過好似overcook左少少 因為我比較鐘意食爽爽地既秋葵多d最後竽頭鍋餅 豆沙鍋餅既朋友但竽頭一d都唔出 甚至可以話係無味 個人都幾鐘意食竽頭但呢度完全唔好食 都係做返豆沙鍋餅算啦甜品有個推介 3色酒釀丸子其實係靚d咁解 無乜特別hahahaha<sssss><sssss><sssss>
4,我又介紹深水埗好嘢食喇！！😋今次係＂劉森記＂牛腩蝦子撈麵🐮🍤🍜麵係手壓竹昇麵，所以都幾爽口彈牙😁真係唔同平時一般果啲麵㗎😌而牛腩都炆得幾腍，肉汁都幾夠，面上曬滿蝦子增添口感跟鮮味😈另外免費自取醃蘿蔔都一樣出色）））<sssss>
4,"呢間係沙田店喎,  咁多人講左德褔既~ XDDD係附近見完工, 走入黎行下, 見到個lunch $25 有埋野飲, 一於試下呢個煙肉意粉, 再加埋d 矮瓜, 酸酸地又甜甜地, 唔錯; 環境又幾好, 座位間唔太迫我都係講緊德褔店喎, 哈哈~~"
4,"今日好忙好攰，放咗工之後，個人冇哂胃口，唔想食咁多嘢，但係又想對自己好d,，點算呢？？？ 咁就走咗去Teawood 食番個蚝仔粥，話哂蚝都係我嘅頭號至愛嘛。晚飯時間，好多人喺門口等位，好彩我得一個人，唔使等好耐就有位，真係好彩喇！蚝仔粥，個碗好大，份量就啱啱好，仲有唔少蚝仔添，睇見都好開心。仲有呀，d蚝仔都唔算細隻，隻隻蚝仔都漲卜卜，啖啖肉，d粥唔算錦，潮州粥底，而個粥湯就好夠蚝仔味，charge番唒電lu。<sssss>"
4,今日做完facial，就去海港城join E先生食lunch，今次食越式料理。<sssss>越式春卷越式春卷夠香脆，加上餐廳提供新鮮生菜、薄荷葉等香葉，包著春卷，再醮上魚露，美味。<sssss>順化蔗蝦蝦肉爽口彈牙，滲有淡淡庶香味，不錯。<sssss>大蝦柚子沙律大蝦OK，燒得香脆，柚子沙律清新鮮甜。<sssss>河內生牛肉粉湯底清甜，河粉幼身嫩滑，牛肉鮮嫩，加入香葉等配料，超美味。很不錯的越式料理，讚。
4,在佐敦要食糖水必然諗起老字號的佳佳據知在舊舖被米之連錫過一啖後比業主瘋狂加租 所以要搬舖新舖坐位好寬闊 坐得好舒服而家黎講好難得 餐牌都貼在牆上 枱頭一望就見到唔駛四圍搵叫左杏仁露二十元加三粒湯丸加六元杏仁露比我吃過的都濃郁像鮮磨出來 不是溝粉的可相比質感不會太黏稠正是我喜愛如果能有加蛋白的選擇就更完美了湯丸是必食佳品超級軟糯 是新鮮製造皮薄薄的 芝麻餡一咬流出流沙度很好 芝麻香得來沒過甜整體甜品甜度恰到好處<sssss><sssss><sssss>
4,宜非正常時間去1個人都等30分鐘，好少咁誇叫Texas經典加coleslaw椰菜沙律沙律過酸可消油膩，但過辣，冇野飲不宜叫包烘面，香口肉香濃，滴汁，小心內有洋蔥圈，芝士，甜而調和
4,"火車頭先談談火車頭, 湯底濃郁, 充滿牛骨味, 吃得出下了很多功夫, 河粉分量足,牛肉很夠味, 牛柏葉夠爽, 加埋芽菜,整體屬水準之作!越式生牛肉湯河好好味, 生牛一睇就知夠鮮, 生牛夠濃味,買相滿分獨特,最鐘意佢d九層塔既味, 好有越南風味, 湯既味同d河配合得唔錯,加埋d配料配搭得好好!!!吃得出佢個湯底好夠味,好甜, 最重要是佢既分量夠足, 唔會好似其他越南餐廳咁得少少粉<sssss><sssss>"
4,琴日行開旺角想食甜品，見到呢間甜品鋪好似係米之蓮推介 決定去試下😋入到店之後店員同我地講lunch time叫一份甜品可以free一杯$36以下嘅飲品，正🖒我叫左個抹茶心太軟同一杯香蕉牛奶，心太軟因為要焗所以等左大約10至15分鐘先到，而牛奶就好快到左。 個人覺得香蕉牛奶幾好飲，唔太甜飲得出冇加糖。心太軟($64)外表幾靚😍外脆內軟，抹茶味好香，但係個人覺得甜左少少，食落有啲膩。而抹茶雪糕則有點怪怪的，食落中間好似有冰咁😂但整體黎講都算唔錯，但係價錢就貴左啲。<sssss>
4,"今次好好彩, 係之前一晚先打去訂位都可以訂到位同半隻烤鴨今次叫既野唔多叫了一個拼盤(唔記得個名), 烤鴨三吃加甜品拼盤我特別鍾意燒肉同木耳烤鴨三吃特別鍾意烤鴨皮,食落鬆化到不得了但我嫌個鴨湯唔夠味因為平時食燒鴨連個鴨架鴨骨都好夠味甜品要五糧液朱古力雪糕同葡撻呢兩樣都係openrice版友既推介雪糕的朱古力味融合酒味係一個新又唔錯的味覺體驗正如我標題沙田18的烤鴨係我食到最好食既<sssss><sssss><sssss><sssss><sssss><sssss><sssss>"
4,今日同男朋友食飯，佢訂左枱喺元朗食中菜，一早放工就揸車入黎接我。<sssss>欖菜肉碎蒸茄子。欖菜咸香加上肉碎味道濃郁，茄子本來味道比較淡口都嫩得香濃，男朋友叫左碗白飯呀<sssss>我突然想飲湯，男朋友就叫左個紫菜魚蛋肉碎湯，入口清清甜甜的，魚蛋爽口彈牙，配上紫菜味道變得咸香不再單調。<sssss>另外叫左工個沙爹安格斯牛肉炒河，沙爹醬汁味道濃郁香口，河粉掛汁力極高，牛肉爽嫩完全唔會鞋口，好鐘意炒河濕潤唔會太油，沙爹入口好滋味咸香豐富。<sssss>
4,"前兩個禮拜去食過一次, 都ok o既, 幾多o野揀...  個星洲炒蘿蔔糕好食...  叻沙都唔錯... 甜品夠多, 又有pancake...  可惜d 湯唔夠熱..."
4,車仔麵好多地方都有，但配料正就唔係間間都做得到！元朗永年車仔麵，百食不嫌！周末一定排長龍。三十三蚊三個餸，價錢算可以！魚蛋係每次必叫，好傳統既味道！今次仲叫埋牛肚、芝心丸。<sssss>支竹、滷水雞翼、牛柏業。雞翼好入味！<sssss>叫多份菜心！夠哂飽！<sssss>有時會叫杯凍檸茶或紅豆冰。紅豆冰粒粒紅豆，真材實料，唔太甜，質素遠比茶餐廳既好，不妨一試。<sssss>
4,同男友夜晚去好到底買麵，個時9:00，佢原來8:00就關門啦於是帶住之前試左某連鎖式經營既海南雞飯店既陰影去openrice試好評如潮既霸王雞飯男友點左霸王雞飯，我就試下咖哩上菜時見到真係幾夠份量d雞夠味，而且又滑又多肉，菜飯味道夠水準而我既咖哩牛腩唔算特別但最有心思係佢既配菜有好多洋蔥、青瓜、蕃茄粒平衝返濃味既咖哩唔錯~而且$又抵食，下次同朋友黎再試佢既鹹雞
4,環境唔錯，服務員非常殷勤主動(不過收碟前仍最好先問問客人，亦不宜站在客人旁等待收碟以免給予客人壓力)。食物味道參照Michelin Star 值一星，個人特別喜歡鹽火局雞與揚州炒飯。甜品仍有改善空間。(每食滿壹仟圓即免泊車費1小時。)<sssss><sssss><sssss><sssss><sssss><sssss><sssss><sssss><sssss>
4,"試過很多有名的餐廳,但其實都不是那麼好味,但詠藜園出名之餘,亦名副其實!雖然詠藜園在我家附近,但我卻不是經常光顧,其實更已經有一段時間沒有光顧了.....今次吃了辣子雞丁,小蘢包,擔擔麵,豆沙鍋餅......辣子雞丁非常入味,辣味十足.....小蘢包,擔擔麵,豆沙鍋餅亦保持水準!希望很快會再光顧!<sssss><sssss><sssss>"
4,"岩岩尋晚7點度既時候去食左個dinner.一入去比平時好似無咁迫。D waiter 既服務態度亦好左。叫左個常餐 轉抄蛋，仍然維持到水準 *v*差吾到食完既時候, d 待應居然無拿拿林收哂我d碟,更加無掟張單比我趕我走。有進步有進步希望d waiter 可以維持到良好既服務態度"
4,"<sssss>這個鹵水拼盤里有很多東西,有鹵水蛋,雞翼,豆腐,鴨舌,鴨腎,豬耳朵..都好好吃哦~ 很入味<sssss>炸得剛剛好~ 雞肉很嫩滑~又很細心地切成一塊一塊的,方便進食<sssss>其實我覺得這個酸辣味有點太辣~害我邊吃邊抹鼻涕因為我第一次去吃,點了酸辣,但不是我要的那種/_\但麵條還是很好吃的~ 很有嚼勁~ 很爽<sssss>湯底好棒! 是用牛肉和牛骨熬了16個小時!!牛肉都好吃~ 煮得好嫩.."
4,七月上旬‧晴作為一個喜歡吃叉燒又不停的周圍試的食評人，我當然不會錯過這裡的。要了半斤，要焦一點的，厚切。沒有什麼帶肥的部份，不腍但肉質鬆化。蜜味不算非常甜但也保留肉香，焦邊當然好吃得不得了。至於價錢，是很貴的，要吃好東西就莫惜腰間錢了。<sssss>
4,"下就約左朋友去食, 朋友未到都唔敢入去拎定位, 費事坐底唔落order住嘛~叫左茶餐食, D野嘭嘭聲咁黎, 不過炒蛋同多士真係好好味~炒蛋又滑又味濃, 多士夠脆, 正~不過呢到太多人啦,都唔好意思慢慢食, 坐底到埋單唔過20分鐘, 結果食得太快個胃有d痛=.="""
4,好耐以前已經將呢間餐廳放咗喺想去嘅list上面，但係每次要去食飯總係唔輪到佢。難得今次好誠心book枱去食lunch。餐廳有露天座位，仲有韆鞦椅同擺設，不失為打卡嘅好位置。但係去嘅時候天氣凍，都係留守室內暖住食啱我啲💁🏻‍♀️我哋兩個人叫咗三樣嘢食，軟殻蟹意大利粉、必點嘅一舊seoulmate雲下的泡菜炒飯同韓國街頭士載佬牛角包。軟殻蟹有啲太鹹，炒飯不過不失。印象最深刻反而係個牛角包，包本身鬆軟得黎外皮夠脆，配微甜嘅醬汁恰到到處。<sssss><sssss><sssss>
4,雞鎚好好味，無KFC炸得咁勁，肉汁多，個薄荷醬都好味，熱食一流。豬肋骨都好正，夠入味，肉質鬆軟，有啲驚喜。Pizza 好足料，厚批個底都脆，不過好易飽。但隻燒雞爭少少，可能太多野食唔切，凍左總括黎講係唔錯，可能人少，環境都舒服
4,呢間自家製水餃有幾種獨家嘅水餃，叫咗兩個下午茶餐一個係玉豆豬肉水餃上海麵，玉豆水餃第一次食好特別，餡料好足，雖然下午茶份量少d(得四隻)不過送豆漿同配一樣涼菜，叫左雞絲粉皮，個汁酸酸地好特別，味道適中，另外亦叫左韭菜豬肉煎餃子一啲都唔油，好足料，值得推介，唯一係坐得迫啲<sssss><sssss>
4,<sssss><sssss>刺身飯癮起，立即去Doraya止止痕，那是我一家大愛的小店，主打藍鰭吞拿魚和各類刺身。刺身厚身不在話下，仲十分新鮮，選擇也非常多，仲有前菜同玉子燒，絕不馬虎，雖然價錢都屬中上，算不上便宜，但女孩子會很飽，很大碗，不吃生的也有熟食！推介油甘魚刺身真的無得輸，厚切啖啖肉！
4,"因為我係果面上堂,所以同D FD好奇試下~D 是燉旦NAD D 燉奶都幾正嫁~HAHA但係就好多人LO....XD..同埋D態度....=.="""
4,"個個都講到呢間野既炒蛋咁好食, 今日響附近買完野經過, 就入去一試啦7點, 好多人, 差不多全滿我坐埋一邊, 叫左個炒蛋厚多士當dinner唔夠1分鐘就有野食, 個炒蛋真係非常滑同埋香, 個多士亦出色, 外脆, 內鬆軟服務嘛... 無咩特別大問題, 因為我食完就走, 只係坐左10分鐘唔夠<sssss>"
4,相約很久沒見的中學同學晚餐，剛好同學是在附近上班，她就推薦這家台灣魯肉飯給我。位置都易找，m記對面就是了！我們分別叫了鹽酥雞扒魯肉飯及台南鳳梨豬排魯肉飯，味道都不錯，台式食物一般偏油，魯肉飯都當然偏油，也是很正常的！味道不錯！特別是鹽酥雞，有3款不同味道的調味料自己調味的！也有不少台式飲品選擇！個人覺得也是聊天的地方，不會怕有入座時間，我們都愉快的聊了差不多兩小時！<sssss><sssss><sssss>
4,星期六食完晚飯，同友遊遊下車河落左九龍城，突然佢想食甜品，女友鍾意食懷舊野，咁梗係食合成啦...九龍城甜品店都幾多，不過懷舊糖水依然係合成做得最好...不過太夜到差唔多收工既關係 （幾乎1點先到），好多款都已經賣完，咁求其叫左個紅豆沙清心丸，熱食轉個頭紅豆沙由姐姐立即送上，十年如一日的好味道，清心丸口感超得！紅豆沙以落單時另加錢要蓮子（$10），視乎個人喜好咋喳係女友推介之選，可惜今次食唔到，下次再叫<sssss><sssss>
4,"睇完各位食評, 昨晚上去飯. 地方細細, 裝修普通, 坐得都適服; 不過食物一流, 烤雞, naan 餅, 咖哩都好好食, 好過出面又大又有名的鋪頭, 最重要重係底食!! 食到好飽都係一人60-70 蚊~~"
4,"呢間牛腩檔都開左好耐下架啦,可以算係我出世到而家由無乜人幫襯做到而家晚晚都爆場..相信唔容易有時夜媽媽肚餓想食宵夜都會走落去買碗牛什河佢d牛腩好淋好入味,d雲吞都幾好食架,不過呢間野都幾貴下..一個雙拚面都要$22蚊又無野飲送!但係佢d辣椒油好鬼死辣,好鬼正架呢!不得不介紹既係筋肚河!點好食?你試過就知架啦"
4,"因為屋企人鍾意嚟依度食飯,所以都嚟過幾次晚飯,因為貪佢環境好同唔洗點等位,其實佢哋d食物質素都不錯,服務又好,但唔明點解生意都好似唔係太好咁,次次都唔洗等位的,所以座耐d,慢慢食或談天都唔會話黑你面,要你哋快d走咁,食過的食物種類不是太多(因為食嚟食去都係嗰幾款),但可以保持水準,賽螃蟹,小籠包(好味),香酥鴨,砂鍋雲吞雞等都可以一試,特別係個小籠包.入面d湯汁好好味."
4,之前出過嘅黑白包無機會食，今日終於食到！黑色包係牛肉，簡單講係兩塊漢堡扒，仲有薯蓉同煙肉，生菜，其實真係幾heavy不過又幾好味喎！黑包佢話係墨魚汁？？不過講真我又食唔到黑包有咩味道，不過覺得配搭幾好味，雖然漢堡扒好乾，但配上類似千島汁嘅醬就唔錯，煙肉同薯蓉嘅口感亦好豐富。總括來說，味道來講係幾好味，不過黑包嘅存在感好低，因為真係食唔出有咩特別，得個黑字。不過$28我覺得值得一試。椒鹽蟹shake shake粉薯條得胡椒味，驚喜不大，建議食返bbq蜜糖！<sssss><sssss>
4,同朋友去食下午茶 等位大約等左20分鐘今次食草莓蜜糖磚 同埋一人一杯飲品飲品係覆盤沙冰同埋水果茶值得推介的是覆盤沙冰賣相靚之餘同埋味道都好好.可以一試但水果茶的味道都好似怪怪地咁.等了大約30分鐘 草莓蜜糖磚終於來到賣相係靚的 味道都唔錯但唔覺有蜜糖的?其實食完個蜜糖磚 飲埋杯野飲其實都好飽下.環境方面都算寧靜同朋友傾下計都係唔錯既選擇.<sssss>
4,"一間令人有驚喜既餐廳!!一去到酒店lobby勁多强國人,之後去到餐廳門口,見到一個勁多甜品既櫃,兼令人有驚喜既“名牌""雪糕及雪米糍,跟住一位好有禮貌既侍應帶我地入坐.跟住出去攞野食,見到一個專放生壕及冷麫既凍櫃,勁衛生勁滿意!!侍應們好禮貌及換碟特快!餐廳美觀又整潔!食品種類多,甜品精緻美味又美麗!!<sssss><sssss><sssss><sssss><sssss><sssss><sssss><sssss>"
4,自從上次來過這裏聚會之後，一直也很想再來，但因這裏比較早收，每次也不能成功。今晚又要上堂，兩個人便來了這裏食，一到便看見已半關門，心想又食唔到了，但都先問問，原來還有外賣，立刻叫了一個咖哩羊腩。咖哩羊腩- 帶有少許辣，香濃咖哩味，羊腩又腍，很入味，送飯就更是一流。只可惜這裏比較早收，如不是一定會來多點的。<sssss>
4,自從南港島先通車後，多左好多非本土居住的人入黎行下食下野。今日我同爸爸夜晚都坐地鐵入黎利東覓食。出地鐵後況路有好多餐廳，小炒、海鮮、西餐廳都有。最後都係揀左熟悉的越南菜。<sssss><sssss>味真越店舖細細，樓面同廚房加埋只得兩個人，但佢地快手快腳，好快食物就熱辣辣送到我地面前。<sssss>生牛肉河係我非佛，湯底清甜，牛肉軟腍適中。<sssss>試左一塊爸爸的豬扒，比牛肉更香口好味，河粉夠滑。<sssss>雞亦炸得香口，雞肉入味。必食推介之一。
4,這裏的魚腸蒸蛋，味道幾吸引<sssss>上面有少少脆口，有油炸鬼蛋焗得比較熟，如果嫩點會入口滑點入面魚腸真的不多，肉碎及冬菇絲幾入味，令成個餸更美味如果有多點魚腸，蛋又嫩口點，又另一種食法<sssss>呢度炒飯就好味，有松子會食落有口味又有少少飯焦不過不痴牙，炒香的豬肉好香，豬油已經滲入去飯中，但食落不油膩，熱辣辣食好好味甜品亦不錯呀<sssss>桂花糕就十分充實，好多材料又有桂花，又有杞子，又好香糖味，好清甜入囗好滑溜，但又唔會散，好味
4,"<sssss><sssss><sssss>是日老闆請食飯同D同事去左呢間YAMM4送1好似幾抵<sssss><sssss>選擇都算多既,D凍海鮮就一般,例如螺呀,蝦呀等等,無咩味咁既有魚生食既,都係一般既3文魚呀之類,但係要人切,唔係自己拎熟食選擇唔多,甜品都OKOVERALL 唔錯既以LUNCH 來講下次希望係第2間啦,我想食蠔O麻,呢度都無"
4,"星期六和好姊妹共聚下午茶！在網上看到這間下午茶的介紹，決定來試一試！在奕居的49/F, 挺Grand的一個地方！我們三個人叫了個二人Set 加個單人Set，價錢合理！<sssss>這個Cake外表精緻，吃下去甜甜暖暖的！<sssss>這個Macorron 賣相好，可惜朱古力味太濃，味道一般。<sssss>這杯Mango Juice 清清甜甜，和這個tea set 很配！女士來講，每個人食一個Tea Set其實都食唔晒，看落唔係好多，但食落好飽肚！"
4,如果要數全港最喜歡吃的餐廳呢間一定係我既頭三位!!! 所以每隔一陣我就會心思思想LAI食今次就同男友去左食佢要左肉燥黃鱔腩肉我要左肉燥豬潤 (有時會加魚蛋~)仲整左個鼓油菜心．2個人埋單 60 元但係又飽又滿足 最鍾意食豬潤．因為出面好多店你都驚佢dirtyor 俾d唔知咩豬你．不過我由中二食到而家呢間店永遠都係新鮮又好吃!! 而且大大bowl．食飽你之前都試過食氣鍋雞 OR 小橋米線．不過就麻麻地...所以都係鍾意自己叫米線食完之後去食過松記糖水．滿足又便宜的一餐岩哂而家海嘯價呀
4,"我好同意前一位朋友所寫, 只想提一提此店的蔥油餅真的很香及好味..此店在上西環有三分店...有二間有糖水食,....但老實說.....不要試.. 你會後悔"
4,我鍾意佢地個酥皮海鮮湯，正~~墨汁意大利粉更加好！牛扒就一般啦。o係度食個燭光晚餐氣氛實在唔錯。還有，這兒的服務係好的。老板很好人很健談！聽聞羊扒唔錯，下次我要試下。P.S.如果怕燒到頭髮....點解唔吹熄佢呢？
4,http://tkocell.mysinablog.com六時正已經安坐在靠窗邊的位子上黃昏的餘光散落在餐桌上綻放出五彩繽紛的光環跟餐桌上的那台小陽燭交織出千絲萬縷的話語彷彿播放着一段段動人的片段生離死別桌連桌的食物劃破餐廳的走廊熱盆很不錯不像一般自助餐那臉垂頭喪氣龍蝦可選本地或波士頓生蠔可選法國或愛爾蘭還有那盅雞絲燉翅暖胃打底確一流總之甜酸苦辣盡在不言中http://tkocell.mysinablog.com
4,"銅鑼灣渣甸中心又有好吃的東西出現,最近在不同平台大賣廣告的西餐大排檔,今天終於可以去一次了<sssss>餐廳十分有特色,裝潢一流<sssss>頭盤是蜆肉,相當新鮮多汁,一流的味道<sssss>菠蘿雪糕特飲也是相當解渴<sssss>黑松露意大利雲吞,黑松露十分濃郁,雲吞相當彈牙,口感和味道都是一流的<sssss>焗蝦,蝦味相當濃郁,焗過後相當惹味,朋友和我也十分喜歡<sssss>最後,菠蘿特飲,全晚最喜歡的飲品,造型吸食之餘,味道亦十分新鮮12月必吃之選"
4,今日行過將軍澳天晉，見到有間甜品店裝修得好可愛，於是就入去試吓啦。<sssss>呢個朱古力味好濃郁，不過啲士多啤梨真係好酸吖<sssss>呢個燕窩紅棗甜品，燉左幾個鐘真係食功夫<sssss>呢個真係無咩桂花同酒味，得個擺靚靚。<sssss>呢個番薯糖水做得好特別，細細杯嗰個係薑糖水，但係好少薑味好少甜，好多層次，不過食完晚餐嚟食，會好飽好飽！整體來講呢間甜品店，佢嘅甜品味道唔係出眾，但係全部都係好用心做，員工又有禮貌，D甜品擺得好靚，價錢都算OK，尤其係將軍澳中心左近，冇乜甜品店，都可一試
4,咁多間翡翠之中，呢間都應該算最大同坐得最舒服；好彩坐到窗邊位仲有海景添！星期六睇戲前，見呢度冇乜人排隊就入o左去食個quick dinner。果陣客人唔算多，招呼都唔錯，仲見到以前嚮太古城店D staff。我地都係叫o左慣常叫o既擔擔麵同小籠包，味道方面就其實間間翡翠都差不多啦。今次食得比較匆忙，都冇乜點留意其他o野；遲D有時間會再去試過。<sssss>
4,那晚老闆請食飯，她選了這家意大利餐廳。這餐廳今年被納入了米芝蓮一星的行列。米芝蓮一星餐廳是否浪得虛名呢？總的來說，這裡的菜式價錢偏貴，份量較少。但是環境和服務一流，很適合慶祝紀念日。服務生對每一道菜都很熟悉，還熱情地向我們推介各款特色菜式。<sssss><sssss><sssss><sssss>
4,"星期一晚約了一些舊同事來這裏食晚飯,本來是訂了6:30的,但因為遲了所以就等位,這裏要過半數才可以入坐,我等了一陣,朋友來了夠半數就可以立刻安排人座,都很快.我們五個大人一個小童叫了一個四人餐,一隻鹽焗雞,芝士石班塊,梅菜蒸鯮魚,蟹肉扒西蘭花,五個白飯,例湯,這裏的食物很有水準,份量亦很大,雞很滑,芝士石班很多芝士汁亦很大塊,蟹肉西蘭花很多蟹肉汁,鯮魚亦很入味,很好味,例湯亦很足料.整體很好味."
4,叫咗巴東醬雞翼配沙律，沙律用咗黑醋作為醬，食落酸酸甜甜幾開胃。食物都幾大份，一份有六隻雞翼，食肉獸必點啊。味道鹹鹹辣辣，雞翼炸得好脆，但略嫌有啲重口味，記得配埋沙律一齊食。一個人食會有少少重口，不妨叫兩款唔同野食，一齊share啦。<sssss>
4,"星期五去完羅浮宮book影相時間之後, 去佐又一城EXP食晚飯, 去到條人龍都幾長, 不過好快就有位. 我地叫佐個蛋白海鮮炒飯, 一個pizza, 一個茄子小食, 同埋最最重要既三色焦糖布甸. 蛋白海鮮炒飯--好似乾佐D, 同埋無咩料, 有點失望Pizza--熱辣辣, 好好味唔知乜乜茄子--個汁好好味, 用黎送飯一流~三色焦糖布甸--我每次黎都必叫既甜品, 基本上我今晚想黎EXP都係因為佢. D布甸真係好滑好滑, 勁好味~~"
4,一間擁有歷史悠久的麵鋪，系香港越來越少，大多都比大集團壟斷，能憑雲吞麵維持到而家，殊不簡單，還有幾間分店，一碗看似平平無奇，麵條入口彈牙和爽滑，唔系一般機器製成的麵條。<sssss>麵條係用人手竹昇打成，麵條質感爽滑及有麵香，沒有太大鹼水味，鮮蝦雲吞，蝦味鮮甜美爽口，內有些筍絲，肉碎，咬落雲吞沒有鬆散，湯底用上大地魚熬成，絕無加添味精，再配上少許清香韮黃，隨便都可以食上幾碗。
4,昨晚朋友跟我到這晚飯...好開心....第一次電視撈飯..叫了冬瓜盅...ok..密豆肥牛...excellent...朋友好愛..大碟..有wok 氣..但不油膩..八珍豆腐...ok.服務好好...其實已吃了三次今日自己製造幸福...買了酸辣湯底雞翼麵...有8.5分...雞翼會另上....好幸福...才廿一元......
4,朋友生日訂了枱，可惜唔係thru openrice嘅訂枱服務所以折，否則真係幾抵。裝修OK，整齊清潔，只是個人不喜歡白光燈 (黃光貴氣又柔和)。其中職員問係咪有人生日，結果上壽包時播咗隻生日歌  原來係人生日都會播一次，結果我地成晚聽左三次。試咗幾個出名嘅菜，真係唔錯，只係略嫌話梅雞太甜同避風塘芙蓉茄子太淡……  可以再去。<sssss><sssss><sssss><sssss><sssss><sssss><sssss><sssss>
4,喜歡這間小店的熱誠和認真，用料很好亦很足，靚靚的裝修，令我有賓至如歸既感覺，所以成日幫襯。這家的蛋卷非常好吃，暫時是我在香港吃過最好吃的。 蛋糕軟綿綿，忌廉軟滑不油膩，我自己並不喜歡吃忌廉的，但這個真的很好，破例啊! 蛋糕和忌廉的比例亦剛好。 價錢不算平，一件$16，一條好似$78，當氹下自己開心吧，咁就藉得啦!<sssss>
4,"<sssss>同男友行街, 去左megabox, 人唔多, 但總算多鋪頭行...行宜家行到有點累, 所以打算係呢個食dinner就算...估唔到間餐廳都幾多野食, 而且價錢又平~同男友都為食, 所以樣樣都叫左d...都只係唔洗$200, 但成枱面都係...哈哈推介雞翼, 好yummy!個甜品就甜左d, 但都ok好食..."
4,"要不是朋友帶過我去, 應該會比較難找經過一條暗角位樓梯轉入就會看到星座冰室地方雖較簡陋 但以食物取勝和朋友點了蕃茄牛撈蛋麵+蕃茄腸仔麵有撈蛋的明顯味道較佳 (推薦!)而且在街外亦比較難找撈蛋麵吧!"
4,工作忙碌錯過午飯時間，下午三時在佐敦附近，唔知食乜好，記得蘋果日報介紹過，就試。好彩細路仔時呢度住過，如果唔係都幾難。全店得三張，做外賣居多。叫蒜茸包($4.5)同小法包($17)，蒜茸包係即做，即放入焗爐，所以十分香脆。小法包個皮都脆，size其實一都唔小，裡面好多但醬汁就嫌唔夠。只可惜舖面太細，如果可以擺幾張，做cafe就正。
4,"一路都都試下呢間臭臭鍋九點半黎到, 等左一陣就有位叫左好耐先有侍應見到我地要點餐<sssss>點左兩個鍋鍋+粉絲/飯=$108招牌臭臭鍋味道ok, 但臭豆腐唔夠臭, 台灣個d入味好多所以餐廳都有醬油, 蒜蓉, 沙茶醬俾你<sssss>蒜香牛肉鍋湯底好淡, 但有淡淡既蒜味如果想食清清地, 呢個岩晒<sssss>珍珠奶茶好飲, 珍珠又唔好太硬好飲過好多連鎖飲品店<sssss>以呢個價錢, 食材, 味道都算ok一人一鍋都好飽"
4,"前陣子聽電台某節目主持人講話么鳳的話梅好好食生津解渴同一般gei 話梅係唔同gei好奇之下就專程去買黎食啦~佢gei 話梅價錢分好多種, $40-100/兩 不等問店員價錢唔同有咩分別, 佢淨係話$100 個d係甜酸, $80 個d就甜酸鹹一場黎到, 梗係試下$100 個d啦~~$100 得6粒每一粒都好肥大飽滿入口果然好甘香唔會太鹹但生津解渴la wor... 就真係有d言過其實啦....係唔係真係值一百蚊呢???我真係唔識.....<sssss><sssss>"
4,"好彩一早去到﹐唔洗等位~之後就開始好 full !<sssss>我食左個海膽+魚蓉飯!!! 無得頂﹐飯同食送 既份糧好好 ~ 唔會淨得好多白飯好少""食送"" 既情況海膽 讚!! 大大塊唔係碎海膽﹐新鮮甘甜~ ~ 魚蓉亦都好有味~ services 唔錯﹐keep 住幫你斟茶~ 食完而經心思思諗住幾時再去過~ ~"
4,自己一個放飯通常都係去茶餐廳﹑大快活。今日決定試試新地方，就去左位於船街既double tree。本身以為價錢會略貴，但一睇下午茶餐牌，飯同意粉既價位大概四十幾，係灣仔區黎講算ok。叫左客拿破侖肉醬飯，份量對我而言剛剛好，味道不過不失，大概各餐廳既肉醬飯都差唔多味吧。拿破侖肉醬飯<sssss>不過最緊要係呢度環境幾好，自己一個食都唔會好突兀，相信會成為我獨食既飯堂之一。
4,2個人飲茶叫唔到太多野食，但呢間酒樓係我地2口子經常去，除左食物ok，環境ok，枱與枱都算闊落，最攪笑係我去過3次張枱都好大，所以坐得好舒服。春卷當前菜，新鮮炸起，好脆口，我一個人食左3條，哈，太鐘意食熱氣野喇<sssss>   腸粉一樣新鮮，上枱好熱，好滑，义燒大大舊，好有口感<sssss>   炒飯次次都叫，炒到一粒粒，好足料又好有蛋味<sssss>   呢款菜我麻麻地，菜只係滾水整熟佢，靠個醬先有味，賣相其實唔錯可惜我唔太鐘意<sssss>
4,"次次行過,都大排長龍,不過唔會比條隊嚇親,因為佢地做客速度真係好快!!!雖然呢d街頭小食,好多地方都有,但係可以做到肥姐咁凍咁彈,同埋個咁正既汁,真係唔係到到做到!!大墨魚---好鬼正彈呀!又夠凍!!撞埋d汁料到,真係好鬼正腎--都係果句好彈牙!!!!生腸---又彈又好味!!!!紅腸--就普通左D.同埋同個汁唔係咁夾~"
4,"今天終於有機會到此店歎立體拉花*貓*嘅Cappuccino,多謝店員的細心,見到我家的小妹妹與我兩公婆同行,竟然為我們做了一杯親子貓貓拉花,為我們悠長的假期添了一分驚喜!!店員服務態度親切有禮,而立體拉花*貓*嘅Cappuccino奶泡細滑,咖啡與奶的比例恰當.咖啡味道比一般大型連鎖咖啡更有咖啡味,真真十分精彩!!  <sssss>"
4,"一間應該養大無數人口的舖頭，由女朋友帶嚟品嚐。門口已經人山人海，等位嘅等位，外賣嘅外賣，但完全在侍應們的掌握之中！有幸地好快就有位，order兩碗凍豆腐花及雙併(陵魚肉釀豆腐+炸豆卜)。本人喜歡豆腐花係加糖水，而非落黃糖，本店正是加糖水，已經完全夠甜，係唔會過甜！又唔會好凍，剛剛好。陵魚肉釀豆腐就遜色點，只係普通將一片仔陵魚肉鋪喺豆腐面，然後去煎，係香口，不過一""甲""就陵魚肉同豆腐分開晒，好彩味道都算好味。而豆卜就超正，原個攞去炸，剛好外脆內軟，食到成口油都想食多幾粒！"
4,"早前,在openrice看見這間2+2cafe,價錢ok,亦就近我們home,所以便試一試  (熟食):只有大約5-6種,推介是炸三文魚塊,豉油皇炒麵和炒意粉,另外,魚生很新鮮,可是dessert只有moose cake和Nestle cup ice cream太少!"
4,今日同閏蜜食飯撐枱腳，佢係識食之人就帶左我呢到。一入到去環境幾唔錯，好岩閏蜜/情侶談下心傾下計。<sssss><Carbonara，$98>見到嗰賣相就已經覺得好靚好吸引，特別係隻溫泉蛋，極度流心，好正！而且個忌廉汁夠哂creamy，但係又唔會太膩。意大利粉煮得好煙韌好有口感。<sssss><Chocolate Strawberry，$45>呢杯凍朱古力好香濃之外，仲好滑，飲到底都唔會有粉感或者有渣。同埋上面個cream都好香滑。
4,"食物大致上都不錯, 套餐有分2人($98-$128) 及4人($188-$218), 套餐的食物都算豐富, 幾抵食! 就算散叫都唔會好貴, 我們2個人埋單都係$110, 仲食到好飽好飽添! 越式燒豬頸肉都幾好味, 可以一試!"
4,印度餐是自己比較喜歡的部分、由兩位印度藉師傅主理。食物充滿了印度常用香料味道、如丁香、八角、小茴、豆蔻、辣椒粉、黃姜粉等！<sssss>其中傳統的印度Tandoori（土窰爐）以炭火燒製而成的印度燒雞是自己的最愛、剛剛出爐鮮香肉嫩的正宗印度燒雞。<sssss>印度籍廚師推薦了一個有特色的南印度小食比我，Chicken Dosa 印式雞米卷。最正係即叫即做、薄皮係用米槳煮成、薄薄一片再包著配有印度香料的燒雞、味道有小小辛辣。<sssss><sssss>待續。。最終章甜品
4,同男友食完飯梗係黎甜姨姨食個甜品我自己叫咗個綠茶豆腐西米露<sssss>好重綠茶味好凍啊碗野！夏天食啱曬！豆腐味都勁出！最愛就係個豆腐雪糕勁滑 又香！配搭得好好美中不足係太多西米露下次再黎試其他！
4,"第一次寫食評，好緊張。16 Dec. 是個特別的日子，去了明閣吃晚飯。1.) 凍鮑片拌海哲 $128 - 鮑魚好入味，正！2.) 釀蟹殼 $78/隻 - 好多蟹肉，味道不錯，3) 四式燴魚翅 $398 - 味道o.k., 好普通.....4) 黃耳金針蒸班腩 $178  - 黃耳好味，其它o.k.5) 荔茸香酥鴨 $198/半隻 - o.k.Finally, 我最喜歡吃 1 & 2 ........"
4,"在佐敦區工作的，應該對這個澳洲牛奶公司品牌不會陌生.真係由細食到大.未試過有一次唔好食前幾日下午過開去.入去這間.叫了出名既是炒蛋.很有蛋味,香滑質感好令我一再回味.厚多士,軟身有口感,煙煙韌韌的通粉的湯底調味適中一流奶荼仍然係夠熱夠香夠滑不錯欣賞佢地做野快到暈.效率真高"
4,呢間豬潤牛肉麵賣到街知巷聞，我幫襯左佢好多年，以前想放工去食無可能，佢收七點。後來開夜到八點半，咁就多左去食。因為人少好多又易有位。佢D豬潤牛肉麵係唔錯，少D薑仲好。架央西多又好正。不過唔好食煎蛋，老年咁耐煎定。最衰佢得散叫冇早餐午餐，所以都幾貴。
4,好耐冇食到放題啦，食放題係要成班朋友先夠好食嘅，今日終於齊人，一行7人齊齊開餐，今日係去食午餐，刺身，壽司，煲湯，糖水，蛋達乜都有，好多元化，刺身都好新鮮，個人推介帶子，甜蝦，因為好鮮甜，吾錯吾錯，三文魚同樣新鮮，喜歡佢厚切又超大塊，海膽手卷係必食之一，佢嘅海膽少有咁新鮮，一舊舊原整，好鮮甜，燒雞翼亦都超好味，我已經食佐好多隻！之後去咗熟食區拎咗啲熱食，燒八爪魚丸超新鮮，表皮薄脆又唔會厚粉，特別要讚嘅係帶子，好鮮甜，蝦肉鮮甜，充滿膠質，沒有腥味，好期待再有下次！<sssss>
4,"每次去黃金果頭都忍唔住去食。腸粉- 深水埗稱王啦! 咁o既價錢超晒值。蘿蔔魚蛋- 蘿蔔好甜好甜, 唔知用咩炆咖呢? 魚蛋幾大粒, 幾彈牙, 但如果有個好d的curry汁更好！"
4,"是夜走到灣仔,時值10時現在每晚晚餐都在10時過後太晚吃飯很易發胖,但我還是繼續沒有節制地吃呢走到了華星...<sssss>第一次飲忌廉鮮奶(啲奶有氣架!!哈哈!!感覺好得意)<sssss>要比較的還是澳洲牛奶美味(是先入為主的關係?)但有需要那麼仔細嗎?一樣很美味就對了<sssss>很少吃西多的我今晚雅興大發喜歡沒有花生醬的西多,沒有多餘的味道,好<sssss>又是第一次,嗯...就是咸牛肉和蛋的味道喔!!第一次吃也覺得頗新鮮的.出前一丁煮得剛好,美味"
4,"<sssss>上星期跟朋友一起試試感覺不錯!!在尖沙咀不用$90能吃到這質素真的很賺,炸魚很大份,也很鬆脆!!還有薯條和沙律,套餐另有湯和飲品,好豐富xd平衡套餐大概60幾蚊,朋友吃的意大利飯也很好吃,下次會再來。"
4,餐牌上有好多唔同嘅選擇，有部分食物嘅價錢係晚上只係貴過午餐$10，非常抵呀。而餐廳入面嘅裝修都幾特別，有好多figures。叫左個烤牛肉蓋飯，都只係$55。份量都幾大份，而且味道不錯。<sssss><sssss><sssss><sssss><sssss><sssss><sssss><sssss>
4,彈：搭抬——遇着佛誔，我們已是預早訂了四人枱，但不可以預訂12時半，要訂到11時半，而且還要搭抬。食物——五福拼盆的紅菜頭顏色令人有點不安，蓮蓉包的蓮蓉餡也少了一點。價錢——午市最低消費$85似乎貴了一點。讚：食物——五福拼盆的菇則很惹味，翠瓜餃是清清的點心，柚子醋粉皮是涼快的前菜，不算酸，味道剛剛好，翡翠百福袋是外面腐皮包着金菇等齋菜，帶點甜甜的，是一道特別的菜式，茄子也不錯。環境——我們坐到二樓，沒有茶樓的擁擠和噪音。
4,"果日同同事都唔知食咩,行行下見到華姐間野,又未食過所以就走入去試下,我就叫左果牛腩河,等左一陣就來啦,一見個買相就已好好,d牛腩好靚,湯睇落好清,初初已為可能無咩味,點知食落d味完全唔淡,仲好好食無味精,比出面果d色又深,味精又重簡直無得比,華姐d牛腩仲好""林"",總知....正...."
4,每日限做12杯由早上11：30開始供應，為一嚐這杯3D泡沫咖啡特登放假都要來品嚐，order了後坐在等一回，3D泡沫咖啡就已準備好，看著眼前這3隻可愛貓咪浮在充滿輕輕而豐厚的泡沫上感到無比的輕鬆，實在不捨得往口裡送，呷一口厚厚的泡沫往唇邊輕沾完全感到咖啡師那種用心的沖調，咖啡濃香和那輕澀的味道為一天打開了好的開始。<sssss><sssss>
4,位於尖沙咀香檳大廈對面，位置挺好找的，選下午三點，不用排隊直入，拉麵幼直面，掛湯能力不夠強，勝在湯底够浓，腩肉灸燒過，不過不失，湯頭味道略差一蘭一點點，下次可以試一試其他拉麵<sssss><sssss>
4,"其實搬去香港區之後少食,但間中都會回味!我都係鍾意食豬潤牛肉麵,又每次都好好彩,師父煮得d豬潤剛剛好,豬潤同牛肉都好滑!而佢的""央多""更係必食,每都食噤滯,依家有""央""又好食的地方唔多!"
4,4個人人少少，叫了幾道菜，但餸菜味道不錯，芝士牛油果法包味道很特別，香香的牛油果配芝士，第一次食，蜜桃香穌骨味道真的很像菠蘿咕嚕肉，酸酸甜甜很開胃，不吃肉的朋友，這素食館真是不錯的選擇，不過價錢會比較貴了一些。
4,"與友人在假日晚上到來， 位不算多 ，但裝修感覺良好，坐下亦不算焗促。與友人點了大磨菇漢堡，炸蝦 。大磨菇的汁好豐富，牛肉新鮮， 兩者配合熱騰騰吃落口， 甚為出色。炸蝦很特別，亦是即炸即上 ， 香脆可口, 蝦亦彈牙， 推介。總括而言，可以一再幫襯的小店，感到店主用心製作， 多多支持。註： 想食到即叫即製新鮮食物，需要耐心等待一下。 哈哈<sssss><sssss><sssss>"
4,"<sssss><sssss><sssss><sssss>蝦餅, 春卷, 豬頸肉, 串燒蝦, 串燒雞炭燒豬頸肉外皮燒得金黃, 豬頸肉豐腴甘香, 最重要不太油膩食落還充滿肉汁, 春卷夠香脆，配蔬菜餡料，咬開化口後那迷人的脆度隨之而上，肉甜在咀嚼的過程中夾雜著肉肉的焦香, 好吃, 香脆可口蝦餅夠厚身大件有厚厚蝦膠先有啖啖彈牙口味, 串燒也頗有水準, 串燒蝦肉質結實有彈性, 點上泰式辣醬味道不錯<sssss>"
4,今日係green Monday但唔係mean Monday😂約Baby去食放題，佢有佢做食肉獸，我有我做綠色大使😂😂成晚最欣賞的係個「吃到飽菜盤」，羽衣甘蘭最驚喜，嫩綠又爽口；冬菇鮮甜大隻！一籃邊夠食，另外叫左任添長條，扁身年糕，彈彈薯粉要咬耐些少，如果唔係會胃痛，京蔥切段平均、新鮮，大蔥中既蒜素亦可以提升免疫力，多食無誤！Baby話至愛個滷肉飯，佢話外面賣的滷肉飯太油了，呢碗不但少油，反而吃起來會比較滑口、比較香。why????<sssss>
4,"只好有雷聲大 雨點小來形容the market!原因係老早聽過該餐廳！出名多野食，又難book我地一行十二人，早左幾個月book! 期待已久可能係希望太大.....其實全晚最滿意的是，餐廳安排了一間房俾我地一家大細，有房食buffet,確係舒服！而且大圓台，大家傾計舒服又方便<sssss>環境舒服野食選擇不過不失，但如果以這個價錢，確實有更多的選擇<sssss>甜品有好多榴連系榴連控可以一試！炸榴連濃烈到成間房都聞到整體黎講，甜品是不錯的！但食物款式可以更多！整體感覺不過不失！沒有驚喜"
4,因為有很多朋友介紹，所以今日午餐與同事來試試！進店內環境舒適，落地的大玻璃令店內更加開揚，感覺不錯而且很有情調，我與兩位女同事都不是大吃之人，所以選了肉眼扒及大蝦意大利飯大家share。肉眼扒燒得剛剛好，肉味濃而且口感不錯。意大利飯味道及軟硬度適中，大蝦味道香滑爽口，只是飯的份量少了些。<sssss><sssss>最後，餐廳加送甜品，這是喜出望外的。總括而言，這餐廳服務不錯，環境亦佳。一定會帶多些朋友來試試。
4,今晚同嫲嫲賀壽，有朋友介紹尼呢間個名好得意嘅拍板小館，由南昌站搭西鐵過尼一上尼就係，路痴如我都搵到。唔知食咩好，問大隻經理，介紹左呢個酸菜蟠龍蟮，酸酸地小小辣，好惹味，仲有冷盤酒碎鮑魚，酒香加特製醃料，食完一片想繼續食，仲叫左葱油雞，蜜絲骨，同啫啫芥蘭，金沙茄子，掛住食唔記得影相，最扺係1蚊老火湯😍一家十口好滿足，臨尾再上之前預留好嘅壽包，經理非常貼心點上蠟燭上枱，讚👍🏻非常開心嘅一晚<sssss><sssss><sssss>
4,"我住喺樓上,成日都叫外賣,但係發覺佢地d水準越來越差!我好愛食辣,每次都例牌叫佢地既麻辣湯底,米線份量雖然足,口感滿意,但係好唔鐘意佢地湯底既水準次次都唔同,時辣時唔辣,時麻時不麻...不過佢地d香草燒雞翼我好鐘意,好好食...希望佢地既湯可以保持水準就好喇!"
4,好好味！每次同某個friend去旺角行街都會去呢到食『肉燥飯』！$28一個飯餐，大大碗，一個男仕吃夠晒飽，一個女仔吃就多左d，如果好似我同我個friend咁兩個女仔一齊吃加多一個小食餐就岩岩好啦～ 仲可以一人一杯台式飲品添～雖然個d亞姐既視線唔係太望到d客人，但最緊要係d野好食嘛！所以，一定會再去吃！
4,做家務做到癲，搵到人幫手湊小朋友，點都要出去放下風。今日約埋朋友去扮貴婦。多謝朋友體諒，一早去排定隊，等我可以舒舒服服唔駛等。<sssss>杯冰榛果拿鐵一層一層好靚，但白色較多，感覺奶味重過咖啡味。但搞勻後又唔會，咖啡味都好出，2者溝埋好香滑順口。雖然好想試甜品，但我都係喜歡反行其道，揀左鹹食。不過不失啦! 麵包都好軟熟，唔會好乾好硬。而個涵都好豐富，生菜好FRESH好爽，同好CREAMY既咖啡好夾! 下次一於帶地屋企2隻百厭星黎!
4,今天中午比較hea，路過小王牛肉麵，有啲肚餓，就入去試下啦！叫咗一個午市台式定食，有10欹定食任君選擇，我今天就選擇了F餐，半筋半肉粗麵（可配幼麵），奉送一杯蜂蜜綠茶，＄56！個湯底係好有濃厚肉味，麵質幾滑溜，有2條牛筋，1條牛肉，肉質幾爽，有口感，但份量不是太多，可能今天比較肚餓，感覺上不足夠填飽肚子！但可以用優惠價追加食品或甜品（都有8款小食，2款甜品）！可能時間尚早，人客不是太多，座位亦幾舒適！
4,星期日想同老婆heahea食個晏晏午餐都幾困難，幸好找到了這個商廈小首爾。本身是cafe格局，卻有很多韓國必食的，先來一個炸雞combo，除了炸雞還有厚切薯條，最特別係那個炸了的紫菜卷，加醬食非常野味，炸漿很薄，不太油膩，內裏也很驚喜，係捲了味粉絲。整個combo都幾豐富，一個男人應付得來，女仔就開心share。然後還叫了柚子雞翼年糕，年糕QQ的，不過冇柚子味，味在雞翼。最後叫了杯梳打大大杯很滿足。<sssss><sssss><sssss><sssss>
4,我地食了個輕怡午餐，男友帶我黎呢度食下午茶，佢話呢度好出名。男友點了碗豬潤麵，我點了牛肉米。個麵黎到，見到個麵好多豬潤，真係好多。佢話豬潤好薄同好鮮。見到好多人都係黎食豬潤麵或豬潤餐肉麵。真係幾多fans.我碗牛肉米粉，都係好多牛肉，d牛肉好淋，都算有牛肉味，唔錯唔錯。見到特首都有黎食過!<sssss>
4,Elements 既餐廳食過七八成，因為成日去完shopping 都會去醫醫肚。今日就試圓方少有既泰式餐廳。環境算高檔，坐落西九龍望向維港海景，但景觀限制於餐廳坐落唔夠高層。呢度落單有機會要用英文，對我黎講駕輕就熟啦。食物方面，我首先食左炸蝦餅，炸得都幾香，外皮炸得夠脆口，裡面蝦肉漲卜卜，用料新鮮堅有蝦味，有質素既蝦餅。另一特色食物係糯米釀雞翼，雞翼本身唔係好大隻，細過隻手掌，糯米同雞肉肉質分離，食落層次感分明，糯米唔會大舊既原因係唔會食到溜。喜歡這裡的食物用料新鮮，質素自然高。
4,抹茶控既我專登去一嚐好出名既matcha cheesecake 可惜綠茶味唔濃 有少少失望Thai iced milk tea我好食得甜 不我都覺得佢太太太甜咁多野食中最特別就係檸檬南非蜜茶本身好中二南非香料既我覺得哩個茶好特別好香熱茶配埋蜜糖飲落去好relaxing <sssss>環境休閒 不過好難搵位建議搵左位先order野食<sssss>
4,今日同朋友一齊，心血來潮來到呢一間上海菜館，環境唔錯，見到價錢都係我地啲中學生可以接受，就坐低左，服務員好快就黎同我地落單，都好有禮貌。我哋叫咗個上海湯包，上海炒麵同埋擔擔面，個湯包好多肉汁，味道好濃郁，但唔會好膩，好好吃，上海炒麵睇落去好油，食落唔係好覺，味道同茶餐廳食既無太大分別，即係上海粗炒，擔擔面麵質好爽，同一般茶餐廳食既面好唔同，味道亦都唔錯，整體嚟講都值得一試。
4,"西蘭花忌廉條麵,好多汁蕃茄汁大蝦意粉,好味喎!大蝦都有5-6蛋白炒飯,偏淡...我就唔鐘意啦...一定會再黎食其他野<sssss><sssss>"
4,本身餐廳嘅環境，衞生，服務都唔差嘅~無兒童餐具但有bb櫈提供~食物嘅賣相都唔錯~但意大利粉嘅洋蔥係生嘅， pizza嘅蒜蓉又係生嘅我同爸爸都頂唔順d味如無意外都唔會有下次囉<sssss><sssss><sssss><sssss><sssss><sssss><sssss><sssss><sssss><sssss><sssss>
4,下午兩時過後食午餐都會比較少人，唔需要同人迫，而且慢慢食，好好享受一個人的午餐。因為一個人份量，所以今次點咗一個忌廉汁蘑菇意大利飯，同埋一杯Iced Latte。忌廉汁不是很有奶味，所以食落不太膩，而且粒粒意大利飯都沾上忌廉汁，汁份量適中，配料蘑菇都有幾款，而且份量十足。Iced Latte，冰粒太多，令咖啡略為淡味。店內環境很寬敞，而且聽著播放的歌曲感覺相當輕鬆，煩悶工作後來嘆返個午餐，確實不錯的享受。<sssss><sssss>
4,今天買了一個手撕豬堡做午餐，豬堡份量較一般的包大一點點。豬堡的外觀和紙包裝都較一般漂亮，價錢貴一點點的原因吧。有蕃茄，紫椰菜，手撕豬，配搭不錯+4元的粗薯條，份量不太多，但薯蓉部份較多，較好吃。<sssss>
4,和同事係東廣場午餐，每份$55簡左兩個餐。焗薯份量大，配料選擇多，招牌芝士醬汁微辣，味道唔差，黑松露長意粉份量比較少，白湯都唔錯，一小杯。對於非食肉獸係一個好選擇。<sssss><sssss><sssss><sssss><sssss>
4,食飽飽經過諾亞，見到個草莓半熟芝士蛋糕好吸引，就帶左佢番屋企食啦<sssss><sssss><sssss>有d口渴，就買多支野飲啦<sssss><sssss>蜂蜜薏仁汁，個樽好得意呀，係用個燈泡裝住，個樽係玻璃，可以留番係屋企繼續用淡淡蜂蜜味，無另外加糖水，有唔少既薏仁係底<sssss><sssss><sssss>好細心有乾冰同即棄餐具提供，面頭鋪滿士多啤梨一切開～即刻流晒心～蛋糕甜度岩岩好，芝士味濃過士多啤梨味，整體唔錯
4,魚蛋辣汁美味無窮!!!夠辣夠麻夠刺激!!!唔會好似傷心酸辣粉咁狂加辣椒油就算魚蛋彈彈彈!!!辣汁夠辣真魚蛋真的假不了假的真不了mad好味 好味 好好味!!!service ok!<sssss><sssss>
4,"冇去過佢既總店,我之前求其搵野食撞入去咖咋,以為佢裝修咁新實係流野,唔識死學人叫中辣,辣到傻左呀,但係真係非常之好味,個湯底辣到痺但係又好甜,仲之係好食,個雲南米線真係非常之抵,三十幾蚊有過十個餸,仲好大碗,女仕一定食唔晒,腐皮十分之好味,米線勁多,就算係散叫餸既米線都食唔晒.雖然環境唔算太靚,但都算又新又乾淨,而且加一蚊仲送野飲,食得過"
4,一年一度的阿華田雪糕又再度回歸麥當勞了，這次更是全新阿華田改良版口味 。<sssss>選的是阿華田新地($8.5)，軟雪糕較易溶化，奶香濃郁，阿華田味比上一代更濃厚，加上大量阿華田脆脆，香濃甜美。才不過十元的雪糕新地，表現已令人相當滿意。<sssss>雖然阿華田雪糕已不是新事，但每每還是期待它的重臨呢!<sssss>
4,"食左咁多年, 炒蛋依然係冇得頂. 果杯奶茶滑到呢....其實間野由朝到晚都咁旺, d伙計咁忙, 服務黎講都算係咁, 唔好要求茶餐廳有西餐廰既服務."
4,捉小精靈捉到去屯門，記得Sweet Monster有買一送一的優惠，於是同朋友一人一杯。<sssss><sssss>我選了芝士焦糖口味的。<sssss>爆谷雪糕的外型非常吸引，相機很快吃完，就到我吃了！芝士味道比較濃郁，有點吃不出焦糖味。爆谷口感不錯，十分香脆。<sssss>雪糕的牛奶味重，亦很香滑，實心的雪糕，沒有偷工減料。
4,"呢度好多牛乜乜o既嘢食...我就食咗個牛什米，都ok喎，D牛肚同牛腩都幾""淋""！"
4,今日同仔仔補祝生日去去茶木食左個下午茶。我們了芒果蜜糖吐司其實三款吐司都試過芒果味酸酸甜甜吃飽飯點是一個不錯的選擇。而且我眼見週圍都選芒果味，証明佢真係皇牌至於主食方面，豬軟骨麵湯底太咸，反而豬軟骨味道剛好。雞扒同豬扒肉燥飯，其實上菜時個樣是一樣，要吃過才知邊個好味d，雞扒肉質較好，反而豬扒未如期望。肉燥飯真是好味不過賣點在於那隻溏心蛋，真的吃完想再吃。仔仔點了珍珠奶茶，不過我覺得太甜了。<sssss><sssss><sssss><sssss>
4,"今日帶齊所有考試範圍到M記温書。温書前,要令肚子乖乖先。買了一個巨無霸餐,薯條依然好味香脆,但巨無霸份量則少了很多,整體縮小了,百物昴貴嗎好了,雖然肚子是半飽,但也要開始温書了。"
4,🍦$8可以食到咩？如果你窮到褲穿窿嘅話係啦 係可以去ikea食一杯乳酪雪糕先唔好問點解得8蚊仲要去食雪糕唔食啲飽肚嘢想食就食嘛有得解咩乳酪雪糕入面味道適中唔會過甜同藍莓醬混合之後非常合襯雖然係唔及大牌子雪糕咁滑咁奶味重但係對於一杯8蚊嘅雪糕佢簡直係滿分啦再插枝瑞典嘅國旗就當係去左歐遊一轉啦😀價錢：$8抵食：5好味：4（1最低 5**最高）💥指數：💥💥💥💥地址:全線IKEA餐廳#explosion九龍灣<sssss>
4,"假日閒遊,想買""泰x""沙翁,點知條龍長到見唔到尾,唯有再四圍搵野食.同下面o個位朋友一樣,都係食鯪魚球雲吞麵.鯪魚球同雲吞都大大粒,每樣兩粒.鯪魚球除左彈牙外,仲有陣陳皮香味,一流!雲吞反而覺得麻麻地,雖然蝦都算新鮮,但太多了,幾乎成粒都係蝦,其實蝦同肉o既比例維持番7:3仲好.而且蝦肉較硬,算一般啦.$12一""食送"",$18雙拚係喱帶尼講算平.<sssss>"
4,"之前一路都有去食牛肉餅...因為真係好得...好多肉汁...咬開少少...啜d肉汁...無得頂啊...仲見過有人一咬落去...d汁""bit""晒出黎.....好彩唔係坐佢旁邊...不過今日真係超級失望... x 100今日如常咬開少少啜d肉汁先...點知一啜...啜到的並唔係肉汁...而係一口油...再啜多啖試清楚...d油漿住左個喉嚨跟住就做左一個平時唔會做o既同作就係將個餅入面的所謂肉汁倒晒落個碗到倒出來係油多過汁....失望...失望...失望...."
4,慶祝生日欲選擇法國餐因為想食鵝肝，又見評語不差，住得老遠也早已訂位決定一試。有些難找但總算找到。小型餐廳，地方細細，但環境舒適，set選擇雖然唔多，但質素不錯，由其是乳豬口感外皮脆內肉嫩。值得再去！
4,放工，同同事食晚飯。上Openrice睇到呢間新開嘅爺爺雞煲，咁岩又有同事好鍾意食雞煲，我地就走左去試下啦食雞煲一定要食辣湯底！所以揀左招牌爺爺雞煲。<sssss>   待應一放上黎已經勁吸引，流哂口水。加上佢放左好多芫荽，拎到d雞更加香，辣味更濃郁。<sssss>   我地仲叫左個四寶丸，聽講係自己手打架！味道絕對係出面食唔到！非常彈牙！！！👏🏼<sssss>   我地仲叫左碟椒鹽豆腐，豆腐表面唔係脆到好硬既口感，勝在佢軟滑得黎味道剛剛好。<sssss>
4,"今日一早去工展,  食左好多野. 夜晚吾想食咁多, 見網友食評, 就去榮記試下. 叫左牛腩墨魚鬚河同埋炸魚皮. D炆牛腩好瘦, ok呢, 我中意清湯半肥瘦腩多D. 墨魚鬚都ok. 但D河粉真係好正好滑. 吾似係一般貨色. 湯底都吾錯. 炸魚皮好""趣"", 吾係炸到成舊炸魚皮粉咁樣. 埋單29蚊. 見好多人食粥, 下次都要試下."
4,星期六下晝2點去到果樹，完本諗住sit in，不過無位結果買左個菠蘿油外賣($8)結果係好食到震 （當然要將熱量問題暫時放低  ）菠蘿皮夠完整，皮光肉滑，無話逐塊剝落，而且又夠脆<sssss>飽夠熱，舊牛油夠厚又夠凍，而且又溶得好香<sssss><sssss><sssss>正到暈！！下次試埋墨西哥包先
4,上次買左紅豆燒餅食之後，我同男朋友都覺得好好味，所以今次又去奇趣睇下買咩好喇。我又想食雞仔餅，又想食棋子餅，又想食光酥餅，又想食蛋撻仔，又想食…但係我見到雞仔餅好似要一磅磅咁買，所以我就買左個５蚊２個既大光酥餅喇。男朋友竟然話未食過光酥餅…下次一定要試棋子餅同雞仔餅呀！！！！<sssss>
4,<sssss>(712)早上約了朋友到沙田行山，早餐來了這裡。選了雞扒番茄通粉，煙火腿，炒滑蛋，牛油豬仔及凍奶茶。，雞扒與番茄通粉是分開上的，番茄通粉是一般的，雞扒就煎得很好，有少許黑椒味，味道不錯。味道都幾好。，又滑又多汁，炒得很好。，沖得很好，是自己喜愛的味道，亦是近期最喜歡的一杯凍奶茶！早餐，雖然貴了點，但感覺滿意的一餐。<sssss>
4,這裡真的要專登上來....次次都係 也不會逗留多過五分鐘  為的是呷一口...可以停留的三十分鐘. 但為何喜歡上從OZ / KIWI 來的espresso ? 反而至憎cova？ 口味而已 <sssss><sssss>
4,仔仔好鐘意食小籠包，基本上有小籠包嘅地方就會去。鼎泰豐係佢其中的最愛。每次食飯都要同佢爭，因為便佢只情有獨鍾鼎泰豐 。(但其實本人只熟一般般的).相對其他舖頭，佢都係覺得鼎泰豐的小籠包係最好味的。 鼎泰豐的小籠包尺寸很適小朋友，內裡的肉汁又不會太熱， 皮也很煙韌。除小籠包外，仔仔推介擔擔面，雞絲粉皮，春卷，糯米燒賣。 至於本人則喜歡叫 鼎泰豐的醉雞。相對其他鼎泰豐，沙田分店有轉多時段不用等位，所以會推介沙田分店多點(雖然店面不是很大)。
4,"不論服務, 食物賣面, 味道都好好 朋友話梁師傅回歸, 所以都好期待呢度嘅野食 ^^其中點咗蜜梅骨, 陳皮雞同甜品蜜梅骨味道對我黎講啱啱好, 唔太甜或者酸, 陳皮雞賣相幾得意, 不過相對我覺得佢嘅雞肉丸好食過陳皮雞。無叫出名嘅杏仁露因為我唔食嘅, 不過分別點咗兩個甜品, 紫薯荔枝布丁同山楂卷, 個人覺得一般，味道唔突出。<sssss><sssss>"
4,竹笙雞肉酸辣米線~~ 夠酸夠辣~~但係唔知點解無左腐竹~~凍檸茶少冰~~都成四份一杯冰~~好彩叫左少冰~~
4,下午時分經過蓮香樓，又唔餓，但難得經過都要買D野食下GA買左合桃酥 + 蓮蓉雞蛋糕回家叮左蓮蓉雞蛋糕食，失策~ 叮得乾左D，不過仲好鬆軟，香濃雞蛋味在口腔徘徊，真係下午茶最佳選擇，唯一不足係蓮蓉太少，得個5蚊大DD合桃酥一樣咁好食，勁鬆化，又香呢度D糕點真係正~下次再試埋其他<sssss><sssss>
4,上海麵家又係N年無o黎過，老闆介紹炸醬，果然無介紹錯，麵身彈牙炸醬唔會太咸，口感一流；見到其他人食無鍚排骨，又叫碟，非常入味，略嫌肉質太淋，冇咬口。另外煎餃子，熱辣辣一咬就有汁流出o黎；而個酸辣湯年榚，就麻麻地。湯底只得辣字，沒有酸味，只得豆腐同肉絲，無mud其他料。
4,<sssss><sssss><sssss>大家如果喜歡麻辣火鍋就可以到京都廣場11樓臥龍正宗麻辣火鍋到品嚐一下，現正新張期內有八五折優惠⋯⋯我已經去了好多次，每次都有不同的海鲜到他們的自家炸魚皮超好食，係限定架，賣完就冇架啦！所以大家如果想食就要打電話去留啦！
4,蒜茸炒芥蘭　（好好味，爽口夠味！）牛仔骨　　　（平時食開椒鹽，之次轉食法，都唔錯，送飯一流！）鱔煲仔飯　　（本人最愛！鱔肉勁彈牙，飯焦超好味～）燒肉鱔煲　　（朋友未夠喉加叫。一般啦，鱔肉唔知點解無鱔煲仔飯入面啲鱔肉咁彈牙，lum晒！）煲仔飯大約$38單拼，超好味～尤其要食飯焦，勁脆～其他餸幾十蚊大大碟，其實都幾抵咖！超多人食咖，所以記得訂位。<sssss><sssss><sssss><sssss>
4,約左朋友喺隔離餐廳食飯，點知要排隊攞位，我見仲有成個幾鐘先有得入座，於是就嚟咗呢度飲杯嘢慢慢等。餐廳有分室外同室內位置，依家天氣涼涼地，坐室外都好舒服，不過我去到時，已經冇晒室外位置，唯有坐室內啦！好彩入面餐廳環境都唔錯，我叫左一杯Rasberry Pedler。Cocktail用左rasberry gin，酒味唔太重之餘，仲好fresh，無藥水味！啱哂我呢啲想飲一杯chill下，但又唔想太重酒味嘅女仔！如果有機會，下次可以黎試下晚餐！<sssss>
4,吃完燒餅，還有時間，而且口還是痕痕的，於是去金華看看，本想吃一個菠蘿包，但不是新鮮出爐，可是蛋撻就熱到出煙，於是決定買一個。蛋撻：熱，絕對足夠，而且它們的蛋漿蛋味足夠，甜味亦不太強烈，要知道有一些餅舖的蛋撻因為用蛋少，所以會用大量糖遮蓋，以致蛋撻變糖撻，而這裡的通常夠熱(不斷出爐)夠蛋味，因此路經通常吃一件。美味的蛋撻令我的胃口大開，已在準備狀態，應付晚上鳳城的晚飯。<sssss>
4,好友請食飯，由香港走到九龍再入新界，決定來此大排檔．來到人都很多，不過又幸好有位，首次來此吃，由好友發板．手撕雞－雞很有味，再加上酸酸的汁，十分好味椒鹽九肚魚－炸得可口極了，而且椒鹽在此大排檔，很難會失手炒芥蘭－這個有點失色，麻麻地冬陰公湯蜆－始終不是泰式食店，只是有其味，沒有冬陰公之感，再加上味蓋了蜆的鮮，有點虛賓奪主．不過在此又有風味，食物又不錯，再喝著啤酒，也是開心．
4,次次去旺角都一定要黎奇趣!今次同媽咪黎佢第1次黎都嚇親因為真係好多人排隊原來係蛋tart出爐但我無買今次買左光酥餅同豆沙燒餅次次食都覺好好食架..又唔甜wo  老細仲好好人請多個豆沙燒餅比我食<sssss>
4,蜜汁🐷仔脾肉質夠嫩，火候剛剛好😋啫啫介蘭煲做到家，味道無得頂下次唔會再叫  煎蠔餅  粉太多趕人走埋單手法一流，只此一家(每枱限食一小時十五分鐘，不計多少人頭&💰)<sssss>
4,文青必到既小店鍾意相機食先既你地真係唔好錯過又可以食好野又可以影靚相最重要係價錢一d都唔貴黎到呢度一定要叫咖啡飲因為會有意想不到既驚喜杯杯咖啡都會有好靚既公仔味道方面就一般般，個意粉唔係好夠香all day breakfast味道ok，不過凍左d但勝在又有包又有薯餅又有茄汁豆又有蛋個蛋幾滑，唔錯~~~~一於約埋d fd去影到夠白色牆好有格調架冇介紹錯架~~~~唯一美中不足既係上次去食樓上鋪冇開下次再黎過!!!<sssss>
4,聽朋友說有一間精美西餐係粉嶺工業村，上星期係粉嶺行完山後順道試下。工廈裝修就麻麻，不過餐廳入面既裝修就有d驚喜，簡單工業風，坐成個下午都得。食物方面，多款主食都係幾十蚊起，有湯，加10零蚊有餐飲，都算ok.餐湯跟餐包， 餐包不是普通的餐包， 有芝麻，算有d特色。大蝦温泉蛋卡邦尼意粉，蝦炸得香，醬汁夠濃，如果意粉更乾身會更好。士多啤梨奶昔，有果用唔太甜，不錯。最後，士多啤梨千層酥窩雪糕，夠晒酥<sssss><sssss><sssss><sssss>
4,"和朋友吃飯，選了戲院旁的the pantry. 希望好似我公司個pantry 咁多野食啦！<sssss>Truffle e Fungi pizza, $188侍應奉上pizza時我地都嚇一嚇。好。大。塊。足足有大半隻手咁長。pizza切得有大有細，方便唔同食量嘅人。pizza 鋪滿了黑松露，味道濃郁，加上有其他雜菌，無論口感同味道都唔會單一！芝士都夠香口，餅底軟硬適中，有少少焦香，整體很調和，值得一試！<sssss>這兒裝修很別緻，適合飲野傾計！"
4,試了招牌河內牛柳河湯底好濃厚，不似坊間越南舖頭的味精水。問過主廚，原來要煮20小時，真係真材實料。牛柳醃得好香，有牛味，不過牛肉分量就真係少左D。回味中至於餐廳裝修，有小店風味，細細間，好溫馨。餐廳內播放的歌，幾啱聽。店主有禮， 殷勤。<sssss><sssss><sssss><sssss><sssss><sssss><sssss><sssss><sssss><sssss><sssss>
4,"上班後真的很久沒悠閒地在CAFE吃東西了,上次去咖啡弄,食物是真的很好沒錯,但等待的2小時真的很辛苦,所以今次特意11點多就來這家,待它一開店就入去吃~<sssss>紅燒牛肉麵沒有很特別,不過牛肉很淋, 麵很煙韌,還是有點質素的牛肉麵<sssss>選了很久才選到""草莓香草磚塊蜜糖吐司""因為實在太難選啦!!!鬆脆的厚多士加上蜜糖燒香,雪糕跟棉花糖熔化在上面...超正!不過, 多士份量實在不小,女生的話光這一份就足以吃飽了~"
4,環境不錯，從大玻璃可以看到海<sssss>薯條非常香脆，sauce也很香口，非常好吃，又驚喜<sssss>軟殼蟹挺香口，沙律不過不失<sssss>香口，可是完全比不上薯條，而且泡菜汁跟炸魚味道不太搭<sssss>味道正常，可以不點<sssss>牛肉不錯，飯很香，擺盤也很漂亮<sssss>普通，可以不點<sssss>雨很嫩滑<sssss>甜品飲品不過不失，沒驚喜<sssss><sssss><sssss><sssss>
4,尋日去左山林道果邊搵野食，見凍凍地就同男友食雞煲揀左雞脾煲，小辣加左豬皮，要養生藥膳湯，湯有藥材味，聞到都已經醒神，好香！雞脾肉好滑 ，小小辣好惹味，雞煲好似啫啫雞煲咁加入左豬潤，我唔食豬潤，不過我男友話勁正!豬皮索左D汁，好入味響鈴佢地話即叫即炸，上枱時熱辣辣，好香脆牛拼盤好靚，好似酒店High Tea D點心咁，用層碟上枱，賣相好給引，牛骨髓，牛脷拓，黑栢葉都好好食男友重叫左個烏東，煮耐少少索左D藥材湯味，食完個人㷫合合 電話無電影唔到相，下次黎食會影返
4,美式芝士通心麵 Mac and cheese ($88)<sssss>Mac and cheese 係外國好常見嘅餸，除外有靈感材料cheese 🧀之外，仲可以加入唔同材料做出更多變化。今次依款通心麵，用左Parmesan cheese🧀，亦加入左松露同南瓜，司令食落覺得松露嘅味道比較突出，而且味道非常濃郁，粒粒嘅通心麵表而都包裹住濃濃嘅松露芝士醬，口感非常creamy😛。配菜特別要提提佢嘅蕃茄，食落好香香草味，蕃茄味亦好濃郁添呀！
4,帶媽咪食泰國菜，昌發係首選雖然好多人叫左粉面，但我地今次想食「飯」椰青海鮮飯，椰青好大個，海鮮好豐富好足料！我諗三個人都夠食啦⋯⋯食完啲送記得筆埋椰子肉，精華<sssss>沙律生菜包，夠辣，不過就鹹左啲。<sssss>食得好過癮，好飽，媽咪開心最緊要！
4,今日去左尖沙咀滬江飯店食飯店食晚飯，雖然門口唔起眼，但係餐廳裡面嘅野食非常好味，本身我個人好鍾意食上海菜，而個人認為最好食嘅上海菜就係呢一間，今次係第五次光臨。　而個人就好鍾意食甜，所以最令我深刻都係拔絲香蕉。黎道拔絲香蕉食落好香口，眼睇上去好似會好甜好膩咁，但食落一d都唔覺。反而係好柔軟，好好味！
4,星期六OT買左碗永記豬什慰勞下自己。永記d豬什真係好好味，個湯又夠鮮甜。一碗中豬什入面有薄切豬潤，豬粉腸，豬肺，豬心，豬腩肉，豬大腸，豬肚，豬耳。樣樣都洗得好乾淨冇臭味。除左豬什入面仲有其他配料，一打開蓋就見到一層牙菜，勁爽口。因為走青所以我碗豬什冇切粒芹菜係面，我見其他同事碗豬什靚好多，一片翠綠仲有好香芹菜味。雖然係外賣但因為分湯裝，所以返到公司豬潤仲好爽。我個人應為最好食就係豬潤，豬心，豬粉腸同個湯底，食得岀隻🐖真係好新鮮。<sssss><sssss>
4,"好彩book咗位唔係就有排得小籠包皮薄汁多正醉雞酒味過濃唔係每人接受到片皮鴨好香口肴肉咸咗少少金華火腿津白好夠味酸辣湯味道啱啱好服務就差D可能唔夠人手啦,要叫幾次先會啋你"
4,住係九龍城，環繞屋企附近，都有5，6間糖水鋪。。哈哈哈哈，真是誇張又方便。。。食得多西式甜品，間唔中都懷念下中式甜品，，今晚飯後又要食埋甜品做終結啦。。。。里間鋪頭真是任君選擇，只是幾種食材都有勁多唔同款既配搭。。我最中意食清心丸，，好有咬口，煙煙unun.而且蓮子都好香，全部都唔苦。。<sssss>
4,我去過兩次，食物唔錯，環境同衛生都不俗，有酒店級既服務質素。如果係鬼佬，保證100% 享受以上既服務；中國人就..
4,"自從過左上環上斑之後,好耐無食,早幾日經過,點都要食返碗,老實講,我話過係香港島要去'生記',係九龍要去'妹記','生記'粥底好似係用豬骨'熬',而'妹記'係用鯪魚煎到出油然後加上白胡椒,果皮等煲湯底再隔'渣',用d湯煲粥,嘩,你話要幾多工夫!但平心而論,牛肉無'生記'咁滑,好多蔥頭,個人唔係咁鐘意,不過都好好味,但版主食過話一般,可能大家口味唔同啦!"
4,是夜同豬朋狗友食飯，朋友想食日本野，於是就去左尖東試下呢間野啦未去呢間之前，真係唔知咩叫沾麵聽朋友講就係一碗比拉麵更濃既湯底，俾你一啖一啖咁黎食。咁就叫左個原味既沾麵，驚食唔包仲叫替玉tim...上到黎，個樣ok wor... <sssss>隔離仲有個電子爐俾人keep住D湯熱  咁滿心歡喜我點黎食....點知~  D麵凍既  一冷一熱既感覺有D怪， 不過都繼續食，最後越食越鹹。都總算食晒至於D配料不過不失，唔係好好味又唔差囉。如果比我再選擇過，我都係選擇返食拉麵。
4,"這裡多款好味上海麵食, 價錢合理阿姐仲會話俾你知邊樣o野抵食同好味添擔擔麵 個湯真係好有花生味, 夠濃, 夠香, 麵質都ok雞絲粉皮加左d花生粒,非常好吃,但是粉皮份量小左D伙計做野快手,抵讚在.侍應們幾年輕&NICE見你飲完杯菊花茶會自動同你加水美中不足的是這裡裝修非常舊"
4,晚飯過後，又去左K1️⃣1️⃣食雪糕🍦😂😂😂，食既係🇰🇷百味堂既pop-up store。人親都幾長🚶🏻‍♀️🚶🏻🚶🏻‍♀️🚶🏻🚶🏻‍♀️🚶🏻，但都算清得快👍🏻 今次我地就揀左🍦牛奶雪糕 配 Tiramisu 🍰-🥛🍦牛奶雪糕牛奶味香濃，雪糕質地較為實淨，感覺唔錯，我自己就幾中意👍🏻👍🏻-Tiramisu 🍰就未夠香滑，但可接受。味道沒有過甜，值得一讚👍🏻<sssss>
4,見唔小IG post都有介紹宮葉既甜品，所以我呢個抹茶控就決定揀個咩都有既日式精選抹茶芭菲，一次過滿足好多好多個願望。<sssss>雪糕既抹茶味其實都唔差，只係回甘味唔算太高而質感偏向奶感。配料有好多款，小丸子煙煙UNUN，後面有綠茶蛋糕，下面仲收埋左蕨餅、紅豆蓉，值得一讚既係，紅豆蓉唔太甜，每整個甜品配合返抹茶稍降的甜度。我覺得以$50呢個價錢黎講，性價比都好高，而且份量好大，足夠兩個人一齊分享。
4,一蘭的第二家分店位於尖沙咀棉登徑，一個不怎麼起眼的地庫大概是新開張的緣故，不用等位就能入坐。<sssss>拉麵的選擇就只有一個 ---- 豚骨拉麵，盛惠 $89 元。以下就是我的選擇:<sssss>大多是如我所願，但秘制醬汁選兩倍會更合我心意。叉燒的份量少得可憐，只有兩三片而已......還好追加了釜醬汁燒豚肉 $59，個人認為此燒豚肉只不過半肥瘦豬肉而已，但掛上醬汁加上蔥粒是挺好吃的， 值不值得就見仁見智了。
4,好彩網友介紹，如果唔係都唔知有呢間咁正食店。我同老婆試咖哩羊腩飯($23)同燒鴨飯($22)。咖哩夠辣，不過油多。羊腩算多又夠臊，而且有骨落地，哂我。燒鴨重正，有好多舊，多過哂好多燒味舖，而且皮脆肉香，收$22抵到爛(反而買半隻要$75就貴)。見到隔檯大班人叫好多，又不斷order啤酒，食得好開心，攪到我都好想班friends啤啤佢。
4,"第二次去鼎泰豐, 不過今次係尖沙咀分店6:00pm到達, 未算多人叫左小籠飽, 菜肉雲吞麵, 烤夫同牛展一貫水準, 皮薄多汁D雲吞唔錯, 細細粒但幾好食有D似齋, 幾有咬口好薄, 但好香簡單一餐晚飯, 已覺滿足<sssss><sssss><sssss>"
4,"因為係City 學生o既關係呢間o野都去得幾密下...多數嗌Le juice, 串燒牛舌,三文魚沙律(個wasabi 沙律汁幾特別),三文魚pizza...同學仔鐘意食雞翼(我覺得so so 啦)...曾經嗌過紅咖哩海鮮飯好好食o架...好多料...有蝦有帶子...如果唔係因為減肥要戒飯我一定會食..."
4,今日出開旺角，就專誠行去日華買我好鍾意既十字飽。呢個飽真係一食就愛上了，可能佢既質感同我喜愛既scone好相似。入面重有提子乾同橙皮，感覺又好似比其他麵包健康d！P.S.如果佢可以再多D提子乾就好喇！不過$3 已經好物超所值。
4,"返左5日工, 終於黎到星期六想hea下朋友提議去尖沙咀食法式甜品去到已經下午3點幾,等左大約十分鐘就有位法式甜品好精緻, 個個都好靚好可愛見到甜品櫃不禁心心眼<sssss> 每款都好精美<sssss> 同朋友分別點了兩款都係朱古力味蛋糕。兩款都唔太甜加上即磨咖啡，味道剛剛好呢個悠閒下午好滿足<sssss>"
4,"有85折，幾開心~~~我地個位都幾好呀,....好靜，有自己既空間，d野食都算係咁啦.....$100有生蠔有魚生喎~~~勁好呀..... 不過d 甜品都唔係咁得呀.......我最鍾意就係奶皇包呀，勁好食，我食左三個咁多呀....good~~~~~~~~~~得閒去下啦......真係幾抵"
4,"前幾日食得太多肥膩野，今日想食番清淡啲。醒起屋企附近有間專食無味精嘅湯餃，所以就去試下。去到已經係下午茶時間，叫左鮮肉韮菜餃配米線，仲有豆漿送，都係$25，好抵！啲湯隔日就轉一次，今日就係花膠豬骨雞湯，大碗之餘飲落真係無乜味精，而米線就係另上，唔會浸到""淋""哂。有員工喺鋪頭一角密密包餃子，所以都幾新鮮，每粒都好飽滿，唔錯唔錯！而自家製嘅菜脯辣醬都幾惹味，有蒜頭同豆豉爆炒過，好香，仲要無限添，我都食左好多。<sssss>總之呢餐就係平靚正！"
4,2009年02月22日，08:15是日太座姪女出閣，大魔怪專程回港做姊妹。早上送大魔怪到酒店，便來這裡用靚粥做早餐。要了魚腩粥，火光過後，粥便到位。粥底：鮮甜和綿，魚腩：油爆魚腩，提升了魚的甜味。晨早時段，這魚粥名店，不僅有熟客，亦有不少人慕名而來；祇見長短火齊出，不停拍攝師傅的表演。妹記始終是我碗粥大家請留意營業時間：06:30 ~ 15:00<sssss>
4,"我覺得ok 啦...鍾意佢個杯好細心, 將燕麥同乳酪分開!D燕麥好脆! 好好食!不過D乳酪就唔夠滑... 同口感麻麻~~如果$10, 我寧願食$8麥旋風~ keekee!<sssss>"
4,一去到個門口已經覺得好有香港風味，而入到去既環境好乾淨，好多畫，而且餐單夠哂特別！我地點左幾野食物，當中呢個咖哩牛腩焗農夫包，好特別！包住啲咖哩飯，而且份量好大，足夠2-3人食！啲咖哩汁又好濃郁！啲包面再掂啲咖哩汁一齊食，别有一番風味！鰻魚汁炒胡冬，炒得好夠火喉，而且好多海鮮，一個人食絕對勁滿足！真係好好味！<sssss><sssss><sssss>
4,今天是友人生日，朋友建議在這吃，我們每人點了一個套餐(add 30$)，6個人6個套餐，加30元包餐湯或沙律及飲品，飲品是冰茶或加啡。我們分別點了，肉眼排，冬蔭功海鮮飯，黑松露磨菇扁意，燒春雞及羊架。除了飯和意粉值得吃，排，羊，雞都一般，排更是很難咬的，感覺不做值這價錢。羊就較so味濃。雞不嫩口。我們都是點湯的，是蘑菇忌廉，味道普通，味道不夠濃。但價錢還好，但意粉真的好好吃。<sssss><sssss><sssss><sssss><sssss>
4,"上次中午時分來已經有小龍出現, 要等位就唔好啦...今日早上下雨天一早到來, 見到店內無咩人就更係唔好錯過這個機會入來食個蛋牛治先返工.蛋牛治+熱檸茶($25)作為一個早餐算合理價錢只係睇到個蛋牛已經死心一半, 蛋煎過火又點會有蛋汁呢?好彩此店用上新鮮牛肉, 雖然沒有滑蛋既口感, 但內裡充滿牛肉香味,而且麵包鬆軟美味.現在好多食店已經好少有鮮牛肉蛋治, 加上價錢合理唔怪之得咁多人為這個三文治到訪.檸茶不苦澀有茶香..好飲<sssss><sssss>"
4,我點了辣味沾麵，入面有半個玉子。麵條份量冇得選擇，如果想加大，就要另外收費。<sssss>個沾麵汁係香濃既，掛麵能力都足夠。反而對佢既配菜有點兒失望，玉子係冇味既，荀仲係好硬同細到好幼，叉燒亦唔夠嫩滑。
4,"平日午飯時間一定要排隊，不過環境算唔錯，只是太多人會有點吵。我喜歡那裏的""青咖喱羊排"" 和""泰式河粉"" (大概吧!)。雪糕非常多款，包括ginger, pear, honey, berry-ginger, orange, ""lai-chee"" 等。實在美味! 但是每個order 一定要3 個球($30)。大伙兒去，就可嚐不同的口味了。最好在1:30pm 打後去，便會少很多人了。"
4,澳洲牛奶公司食過無數次最愛食炒蛋因為真係好滑叉燒通粉:通粉夠腍吸晒湯反而叉燒就普普通通啦指定叫熱奶茶燉奶:夠滑有奶味基本上我由入門口到步出門口都係15mins !!勁快!
4,"男友覺得舊式酒樓得意,佢又未黎過,就帶佢黎食下午,不過午市原來少好多點心,連蝦餃腸粉都無,食極都係飽同飽同飽.....魚肚紮幾好食,蝋腸卷都幾好食,鳳爪好食但得3隻咋鵝賴...好淡呀個湯,D肉又勁鞋,D粉又硬,千萬唔好叫..其實食物都係SOSO,舊式整法,舊式食法,得閒食餐又無妨。<sssss><sssss><sssss><sssss><sssss><sssss><sssss><sssss>"
4,"星期日(3月6日) 約了幾個朋友去食, 因為有人唔係舒服, 所以沒有揀限時任食韓燒, 6個人, 叫了四人韓燒餐連竹絲雞蔘湯鍋+多春魚+菜, 再另叫了一個牛肉豆腐煲.個竹絲雞蔘湯都幾好味, 隻竹絲雞內塞了米去煲, 雞肉和熟米都幾好食, 四人韓燒餐都幾豐富, 但牛肉豆腐煲就不過不失. 服務都幾好, 我地燒剩了一些魷魚, 個位職員(可能係部長/經理)就主動提議幫我地煮熟, 佢煮過既仲好食過自己燒既~餐飯好飽, 都幾好~好在我地七時前就入座, 否則就要等位了~"
4,明白點解沒有劣評，食物由外表到味道都very nice👍中午有這一餐總覺得有點安慰，食物賣相真係好靚，尤其是 Burger，下次一定要吃。<sssss><sssss>黑松露米形粉+63度温泉蛋，係唔係63度唔知，食落香滑可口，已決定encore試試其他<sssss><sssss>
4,"有甚麼餐廳提供超速的服務,侍應勤快,從不錯單,一眼關七,招呼週到,不用一分鐘,食物便熱辣辣的擺在面前,沒有味精,招牌食物,從不失準,價錢合理,不收加一,去了多次也沒有見過伙記與客人黑面,只有與熟客談笑,除了人流較多,繁忙時間要等位,一食完便要埋單,座位也不算舒適之外，想不到要扣分的地方．只供應普通的食物，餐單從來不變，郤其門如市，可見客人的眼光是雪亮的．"
4,呢間真係又愛又恨……好鍾意食，但係姐姐好惡……成日都好想食，但係又無位……今日最後都係決定去等位……等咗成45分鐘，終於有位。我地叫咗最鐘意既香茅豬排飯多蔥，牛油雞亦，越式春卷。啲豬排好香又唔乾，一啲都唔“鞋”，再加多啲香蔥，真係送飯一流！牛油雞亦例牌等好耐，但係值得既。外脆內嫩，好香既牛油味~不過食完應該肥幾磅~哈哈哈哈。春卷炸得香脆，啲餡好多唔太咸，包埋塊菜fresh啲，咁就無咁滯。今餐好滿足，太耐無食。不過姐姐都仲係咁好中氣~
4,<sssss>第一次食金滿庭係喺時代廣場嘅分店，印像中都唔錯，食到婆婆 lam lam 咀，今日嚟到德福原本係想食吓台灣嘢嘅，不過因為唔想排隊，所以先上嚟望一望，唔使等就梗係即入啦。<sssss>醉雞啲肉都算嫩滑，不過完全唔夠醉囉。<sssss>酸辣湯勁濃烈，又夠哂熱辣辣，不過就好似有啲酸過頭。<sssss>一向對小籠包要求甚高嘅我都將今日呢餐最好食嘅一碟投俾小籠包，真正做到皮薄餡靚之餘仲要吹凍啲先至放到入口啊。
4,"本身自己唔太好甜品，蛋糕之款的食品！但見個個都話好好味，又話要排好耐隊！而有一日同老公行街經過，見難得無乜人排，就買左兩件最出名的原味千層糕，同伯爵茶千層蛋糕!包裝仲好好，連埋一包乾冰放入盒到，剛剛好夠我一個鐘車程回家先食原味真係不得不吃，因為勁香蛋味再帶有D焦糖味,每一層都夠薄夠多，層層都分明，入面夾有忌廉真係勁滑!!一啖一啖食，真係好回味，一點也不會太膩太甜！而清香的伯爵茶味，真心好味，唔會太甜！<sssss><sssss>"
4,"初四下午見有D肚餓，同朋友仔係銅鑼灣諗住搵間茶記食個tea. 可能仲係初四關係，都唔係間間食肆都開~行過時代，諗起金記，就過黎啦~新年唔休息既食店真係寧舍多人，呢日幾乎滿座。有假日套牌，朋友仔叫左三文治，我呢就係佢既1967懷舊豬膶麵餐既粉絲，呢日下午茶40蚊。鐘意佢料足，有落薑辟腥，雖然材料大小不一，但勝在份量夠多，喜歡食豬膶的朋友應夠會感到""夠喉""黎金記平時少飲奶茶既我通常都會叫奶茶，佢係好典型茶記奶茶，好香好濃。滿足既下午茶!<sssss><sssss><sssss>"
4,元朗、朗屏係有多野食，住九龍有時都會入下去！ 響朗屏站落去有條小街位，見到有間裝修別緻既餐廳，連名都特別叫夏捌月！<sssss>先黎個羅宋湯，裡面既料都好足，紅蘿白一條條，相比起有d係成舊，真易咬好多，料同湯可以一啖過！<sssss>配合埋笑哈哈碗，即刻同幾個朋友影張相、打打卡！<sssss>鑊仔牛柳份量剛好，牛質唔會太韌，太多筋容易咬！平時黑椒、蒜蓉、洋蔥汁都有得揀，特別既係粒粒蒜蓉，可能我本身都喜歡食蒜，所以一見到就即揀！環境服務都好，元朗特色餐廳
4,"前幾天午飯,經過這間酒樓, 見冇人等位,於是走了入去,我地一行5人被安排坐在樓上,點的食物都很普通,但是都不錯了,尤其果個湯浸油角,環境方面因為係新裝修，都幾新正,不過冷氣真的好凍呢"
4,"點心十分好吃   比很多酒樓出色以這個價錢來說午市自助餐的食物款式已算多每樣試少量也填飽肚子了熱食做得比較出色而甜品的炒雪糕則普通﹝是我期待過高了吧﹞不過有我最愛的walffe & pancake很好很讚呀~我也DIY了幾款私家甜品慢慢品嚐服務生的態度都十分友善, 有禮而且個個都衣著端莊及整潔自助餐枱也打理得干淨整體令人很滿意<sssss><sssss><sssss><sssss><sssss><sssss><sssss><sssss>"
4,今日２人Dinner食的主菜係羊扒＋魚，其他的一樣有沙律、田螺、湯同飲品。我只係覺得個忙果“大蝦”沙律不太好之外，其他的食物都有75-80分。２個人以$288食意大利嘢都唔算貴，ｄService亦幾好，可以再去！
4,牛油雞：甜甜的滋味說不出來是什麼調味、不油不膩柴不會太鹹咖哩牛：不知道為什麼有羊腥味⋯⋯請店員再三確認是否牛肉、店員很肉認真的確然之後回答⋯⋯是牛沒錯⋯⋯怕本人腥味關係只好請同桌友人嗑光、同桌友人說辣度是漸進式的😂辣到最後一身汗不停咖哩角：料多實在沒話說在其他店根本吃不到這麼多料、搭配醬汁就像亞當與夏娃分不開吧😂😂😂<sssss><sssss><sssss>
4,"昨天到深水埗買年貨，例牌要掃街, 由劉森記蝦子拍葉撈面加淨水餃, 到坤記紅豆/缽仔/馬蹄糕, 尾站一定去公和, 不過今次外賣大豆槳加豆腐, 豆槳好濃, 甜咗少少, 豆腐回家做菜, 蝦子豆漿, 家中大小姐大讚好味, 好鬼豆腐的豆腐。收16蚊,但大豆槳己經要$13.5, $2.5 一件豆腐, 唔知有冇收小咗?"
4,簡簡單單卻可以令你會心微笑放工去tony之前比地頭蟲美女J帶我地去食下午茶糖水咁多笑臉可不是騙人的原來傳統糖水都可以好好好好味///蓮子好甜好鬆化我唔鍾意蓮子都覺得好好味呀今日冇咗清心丸.....唔知幾時先有返呢......<sssss>
4,有學生証，ｓｅｔ　ｌｕｎｃｈ減＄５月尾黎食就岩晒啦可細間野細細的，有ｄ逼一個ｓｅｔ有一碗湯一個ｍａｉｎ　ｃｏｕｒｓｅ一杯野飲我今次試石頭牛肉飯＄２６－＞＄２１熱就真係好熱可惜ｄ飯好濕！！將隻生蛋同ｄ飯撈埋之後情況更差．．下下都ｃｈｉ實個ｓｐｏｏｎ，好麻煩！整體味道都叫ｏｋ的泡菜好辣，但係俾得好少！最開心係個餐飲係珍珠奶茶！因為平時珍珠奶茶多數會俾人歸為特飲類別吃ｓｅｔ要加幾蚊先飲到今次唔洗加錢就有，感覺好似賺左！！哈哈會再去
4,"今日同朋友慶生，餐廳係主角揀既，而我係第一次食。 抱住咩都試下既心情食，叫左個佢主打火燒雞，佢會係你面前點火燒下，燒完就會幫你件上，幾得意！另外仲有蝦餅，燒豬頸肉都唔錯啊，最估唔到係個班蘭咖哩魚，平時通過都係咖哩豬/牛/雞...朋友話食過好食所以推薦得地要叫～意想不到又幾好食，個魚又唔「鞋」口，個咖哩又好味，佢仲配埋飯或簿餅tim! 仲有要讚既係店員好有禮貌,所以成餐飯都食得好開心^^<sssss><sssss><sssss><sssss><sssss>"
4,<sssss>小弟最近生日，女友買左個蛋糕同我慶祝。原來係近期大熱既Lady M。<sssss><sssss>外賣左個綠茶千層cake，超級無敵creamy口感，唔會太甜，綠茶味好正，一試難忘！搞到我而家成日都心癢癢好想再食，但都幾貴下
4,兩個女仔黎食lunch淨係叫左個小籠包同埋上海粗炒小籠包真係唔錯wor~個汁好好味，加埋入面舊肉個味道好夾上海粗炒就1般啦太多油啦service都唔錯worwaiter成日走黎斟茶我2點半黎係無人ga~
4,『I Cremeria (銅鑼灣)』 👇🏻👇🏻👇🏻👇🏻👇🏻👇🏻👇🏻MONBANA 香醇朱古力 Affogalo $48 滑香濃第二次光顧，😎證明係值得再黎一試再試👍🏻又係抹茶控潮聖既好去處啦，不過今次我吾做抹茶控，做朱古力控🍫🍦食落好濃香既朱古力但又吾會好甜喎，牛乳雪糕亦都好幼滑！雖然無芭菲杯甘豐富嘅配料口感，但Affogalo都已足夠滿足我甜品既位置！味道：★★★☆☆環境：★★★☆☆推介：★★★★☆服務：★★★★☆ <sssss>
4,金華岀名菠蘿油就係人都知，但我去到並唔係食菠蘿油。我去食早餐ABCDE。星期日一早已經坐滿哂人，<sssss>早餐餐都係28蚊有一個餸，再跟火腿，腸仔，蛋同飲品一杯。我叫左重量級嘅午餐肉通粉，，朋友就沙嗲牛肉米。奶茶夠濃奶味都幾重，通粉米粉黎先過腿丶腸、蛋，<sssss><sssss>通粉唔會過淋而且係我鍾意食嗰隻，無紋嘅。兩塊午餐肉，薄薄地但都煎得幾香囗。朋友仔嘅沙嗲牛都幾好味。食到一半腿腸蛋，我仲同朋友講唔會食飽先黎掛。食到一半腿腸蛋終於黎啦！一次倒埋落去通粉到，好豐盛啊！
4,呢間連鎖店下午茶好抵食，間唔中又會轉下款，始終平日唔多人，可以慢慢坐傾下計，仲可以加$6任飲，絕對超值。佢送既小食都唔錯，最鍾意佢既魚糕串，熱辣辣好好味，雖然下午茶，但份量都唔小，絕對夠飽。<sssss><sssss><sssss><sssss><sssss>
4,好多人係嘉年華既午飯時間，可能只係簡單食個M記。果次lunchtime同幾個同學幫手買M記比其他人。我地就自己揀食咩。揾黎揾去都冇好野食，於是見到間華姐清湯腩出排哂隊，走去試下。等左3-4分鐘就入得，但座位逼左D。睇下餐牌，一碗粉都要成三十幾蚊，價錢係貴左少少。叫左碗牛腩诃，等左4-5分鐘食得，D牛腩都幾多，睇落都幾林，味道相當唔錯，個湯幾入味。如果你鐘意食腩河而唔怕貴，可以黎呢間試下，值得推介！<sssss>
4,係Menu到見到椰子油咖啡($33)覺得幾特別，就嗌左黎試下🤔飲落的確有椰子油嘅甘香😋，質感算唔上濃厚，亦有咖啡香，不過就無椰子味既🙈🙈整體黎講比較普通，其實同平時飲個d咖啡分別唔大😗/不過性價比就唔太高，杯咖啡都幾細杯🙈，三兩下好快就飲完了~建議大家都係叫翻佢地d野食，價錢合理之餘質素又唔錯👍🏻👍🏻👍🏻<sssss>
4,今日又係瞓到黃朝百晏，一起身又係下午茶時間叉燒大王自從裝修擴充後，樓面大了很多，位子也增加了不少，而且室內開闊，燈光火猛，舒適得很。今天我叫了一個常餐，豬扒麵+奄列多士，老婆則叫了一客雞扒沙律。豬扒麵普普通通，麵條軟硬尚算適中，豬扒亦不會太薄，奄列和多士也沒甚麼特別，是一個踏踏實實的茶餐廳常餐。至於老婆的雞扒沙律，則讓我們有點驚喜，雞扒大大的一塊，皮脆肉嫩而且有肉汁，沙律雖然是傳統的罐頭雜果沙律，但醬汁不算太濃，酸咪咪的有陣清新的感覺，調配適宜，非常開胃。<sssss>
4,友好請看劇場我帶她松山道優閒下午茶<sssss>首先必須柔美麗質這個花茶合心情很美雅致 清香醒神奇妙方法清洗疲累<sssss>下午茶蛋糕配一個花茶<sssss>萍果醬一字骨炸雞翅30多元件數亦可以<sssss>女友要燒雞肉沙律<sssss>因為吃晚飯只是早吃貪下午茶那杯正茶但也要飽腹要了海鮮意大利飯<sssss>相當豐富海鮮虾與帶子都大<sssss>近日忘不了意大利飯上左㽼有些機會就吃夠味夠頂㽼這個有味飯令人念念不忘<sssss>好友愛上萍果醬來一個果醬紅茶一大壺下午茶真抵
4,"黎親排好耐,未入去已經選定什麼嘢食<sssss>   叫左原盅牛𦟌湯<sssss>   牛味好香濃的湯，好鮮味，入面牛𦟌已經登到淋身，保持到牛𦟌應有的口感，彈性保存，原盅原汁原味，d小棠菜吸收了d湯，好入昩，難得保持到嫩綠<sssss>   小籠包必叫，包皮好薄，好似水晶咁，晶瑩剔透，看到內裏包住d湯，肉汁香濃，一食d湯bi出來，好鮮嫩的豬肉，回味無窮"
4,豆沙燒餅($3)：燒餅很煙韌，豆沙餡不會太甜，恰到好處。香蕉糕($2)：重香蕉味，很軟熟。
4,"大家都話正,當然要去試下la..味道ok 架.只係唔係太夠熱.如果再熱d 會更正,食左大家都推介既豬頸肉,真係超正ar,雞腎,呢個ok la,墨魚丸,就係佢la 個心唔夠熱..如果熱d 會好正,仲食左串雞,呢個就普通la..(四串)"
4,1月14日18:00在等太座期間，被雞粥海報吸引了。要了雞粥- Arroz Caldo和廣東粥不同。應用小米或碎粟米煲，幾滑。有二片熟雞蛋，三件雪雞。在店內我是少數民族，事因除了我其餘都是菲籍的！<sssss>
4,香港地泰國菜林立，來到尖咀肯定要試下，哎左幾味餸有菠萝炒飯，泰式咖喱炒蟹等等，泰式炒蟹好的鑊氣，蟹肉结實鲜甜，加入獨特咖喱酱和大葱，咖喱香而不辣，大葱調味裝飾，賣相同味道極正。<sssss>
4,"荃灣之友同事介紹的我叫左同事重點推介嘅 絲爪麵亦即炸菜肉絲鳳爪麵 (另加咸菜)男朋友就叫咗鳳爪雲吞麵鳯爪好入味,榨菜肉絲就普普通通啦，上海麵唔會杰達達，幾彈牙，但個雲吞就一般般啦冇乜特別因為我地晏晝去, 都幾多人，要等一陣先有位;但有位坐唔代表有嘢食🙈🙈🙈我哋啲嘢食等左好耐先嚟，因為太多單，樓面啲叔叔同煮麵個嬸嬸未做得切😅兩碗面埋單都係六十八蚊幾抵呀😋<sssss>"
4,"今晚六個人黎食飯,叫咗個冬蔭公、咖哩海鮮炒飯、馬拉盞通菜、炸蝦餅...我認為個冬蔭公同蝦餅最好食！另外我仲叫咗杯三色冰。杯三色冰同我平時喺出面飲既唔同，呢度係用大樹菠蘿,亞塔子同綠色一條條嗰啲做架,都幾特別！"
4,"本身訂左7位食自助餐,收到餐廳打黎有新Promotion, 8位送一隻長腳蟹,即刻叫多左個FD一齊食,有7折又有蟹送,經理話隻蟹有成2KG,都好大隻下,多肉鮮甜,真係底到爛,重有黎自美國,法國同澳洲生蠔,個人最中意法國,夠鮮味, Promotion唔知幾時完,會帶家人去多次<sssss><sssss>"
4,呢排天氣都仲係好熱🌞，但突然想食吓d鑊氣嘢，所以雖然呢度冇冷氣，都要食番兩味😝好在場地開揚，早少少去未係好多人嗰陣其實都可以接受。😌總括食物😋做得唔錯，價錢合理，份量唔會太大，所以就算兩個人👫去都可以試多好幾樣嘢。至於服務方面就半自助式，要自己落單，🍺啤酒要自己行過去買，不過我反而幾鍾意咁樣，有選擇困難症嘅我，好怕d人係我附近徘徊，等落單🙈加上佢哋態度都親切🤗下次會再黎試吓其他菜式😋😋😋<sssss><sssss><sssss><sssss><sssss>
4,今日行開朗豪坊去咗又劉在錫代言韓式炸雞店NeNe Chicken 食。梗係要叫炸雞食啦，都唔錯<sssss>仲帶叫紫菜手抓飯，呢個堅好味。<sssss>因為近排天氣都幾凍，所以叫左人蔘雞湯補補補身體haha<sssss>
4,朋友推介生日去呢間食，於是去看看食評及图片都讚，预早兩星期去訂位，早前表妹都去過大江户食，推介我们主打食磯燒海鮮同刺身。除了一般刺身，炸物，小食，飲品，特色沙律，天婦羅任點，仲有幾盆熟食，沙律菜，雪梨茶，羅漢果茶。每枱有一盆海鮮，有蠔，虎蝦，细蝦，聖子，带子。仲好新鮮。 侍應带位態度好好，我们點了刺身，但送來不是我们叫的，他们查刻後，换左盆俾我们。還好有禮貌說：如有须要，可以找他。會開咪，教顧客點燒海鮮。整体上呢個價錢，服務接受。下次我會去！
4,"前兩天晚上和班firends 去食了以下食物:醉雞:每次必食,雞夠滑而且有好香酒味。小籠包:也一定要食,有好多汁,一口一個剛剛好。龍井蝦仁:蝦算新鮮,口感清新。高力豆沙，炒羊肉:無食...鹽烤鴨及鱔糊:鴨太肥食到成口油,而鱔太細件無咬口。擔擔麵:湯底及醬好食,麵也多選擇。我選了麥味,很香口及一個炒飯。我覺得size細了一點,但食物質素大部份都不錯。服務態度普通,沒有自覺性,上菜略慢。價錢尚算合理。"
4,"琴日同人一齊黎，我0地叫左沙嗲牛河、拼盤、油菜同蠔仔粥，以前會同黎屋企人黎食或買外賣返屋企,好耐無黎過，琴日經過，即刻覺得好有親切感，所以入左去食。d檯椅完全無變，人我就只係認得個老細，碟咸酸菜好好味,真係想order多一碟，但係我琴日已經自己一個食哂成碟,所以唔好意思再叫。會再黎，因為黎呢度,又係會諗起好多童扶回憶，哈哈~~~~返屋企前,仲買左2碗王記出品返屋企，好滿足！！！！而家北角多左好多好野食，都好難可以試哂。好鐘意去北角，所以琴日都特登叫人黎行下同開飯！"
4,上次朋友介紹有間新放题開左，所以就同老婆去食5:30-7:30還有八五折今次就同屋企人訂左12位5:30-830三個鐘慢慢食傾吓，多D時間試多D野食，上到去竟然安排間房比你坐講番食物，即來隻刺身船，三文魚夠厚，甜蝦隻隻有頭，油甘魚都幾肥味，其他刺身都新鮮。熱食方面，有我喜歡食的蕃薯仔，芝麻雞亦，鯖花魚等，燒羊鞍我就一般，但朋友鐘意食。最後一定係食甜品了，燉蛋，果酥，芝士餅，老婆食完好滿足。另外有個超級驚喜就係夠八位就送心太軟超正，甜品店都未必食到<sssss><sssss><sssss>
4,一去親TST冇乜錢...就會想食好味&飽既蕃茄雞絲米，好正，雖然有時可能冇乜雞絲就會少D，但係我覺得呢度食完真係飽同滿足。
4,"上次食完念念不忘,好想食多次,所以今日又去食野。今次我食蛋白燉奶,蛋白燉奶唔算甜, 甜度適中 。好嫩滑嘅燉奶,好味。雖然華園最出名嘅係芝麻糊,但係佢嘅燉奶都好正。傳統中式甜品,要整得好味,唔易架!<sssss>"
4,第一次來呢間野食 環境唔錯靜靜地 係戲院附近淨係點左甜品同飲品都唔錯總體值得呢個價錢食物都唔錯所以如果想打卡影相 食埋好野呢間值得推介同幾個朋友可以大家講下野食下甜品唔錯<sssss><sssss>
4,放假無野做又同女朋友四出搵食，今次黎到觀塘工廠區一間用藍球為主題既西餐廳食飯。<sssss>餐廳內既裝修，用品全部都同籃球有關。就連墊枱紙都設計成籃球既戰略圖。<sssss>連餐牌都變埋戰略板阿。一場黎到緊係要食返少少野啦。<sssss>首先上左個燒雞，雞皮燒得好脆，但d肉都仲好滑。配埋個汁酸酸地，好正<sssss>之後到個白酒煮蜆，d蜆隻隻開曬口，大大隻咁睇具流口水。一放入口d蜆汁濃入個口，真係不得了。<sssss>最後啖埋之手工啤，飲落好似香檳咁，正阿。👍🏻
4,Early dinner後，最佳節目是找個好地方飲野，當然加些甜品亦不會抗拒。Lex就是一個環境好，氣氛好，視覺、嗅覺、味覺都得到享受的好推介。今晚大家都選不同的甜品或飲品，枱上的豐富程度好令人興奮。<sssss><sssss><sssss><sssss><sssss><sssss> 因甜品大家都很欣賞，有位朋友突然來過咸食提議，太好笑了！好！就算大家已很飽也叫了一份龍蝦意大利麵。咸甜共享也是友情的表現！開心的一晚就此完結。<sssss><sssss>
4,同朋友一齊去試下燕窩甜品tea~ <sssss>款式唔多， 但由於係甜品既關係，其實食一兩件已經好飽，但環境 都唔錯，適合同朋友傾計既地方星期一至五， $98 再加一服務費，價錢非常吸引
4,每次經過西九，都一定要去朝拜一下皇帝雞! 佢有分大中小的份量: 細$33/中$38/大$75 對於女仔嚟講，小已經好夠…味道方面，有三款選擇: 韓辣/醬油/甜辣嗜甜嘅大口，當然二話不說揀甜辣了~ 揀好以後就等正宗韓國專員為大家炸雞…<sssss>炸雞會附送三條年糕，熱辣辣嘅甜雞再上邊灑上花生碎。小小一碗，份量超足，塞到滿滿的! 炸雞好甜好合我心意，而且啖啖肉，但肉質就炸得比較硬，如果再炸好啲juicy 啲就perfect了。大口按: 女生請自動波點小，再跟友人分享，始終獨食易肥~
4,"今日黎左久違了的翡翠拉麵小籠包食lunch, 用apps拎位好方便!一黎到就有位，叫左擔擔麵少辣，仲有小籠包share~Times Square Office Club咭有免費一杯飲品，可以選豆漿，薏米水，雪梨茶。擔擔麵好快就到，叫左少辣但我飲第一啖湯嗰陣都差啲辣到哽親，可能因為熱得滯，但食落唔算好辣嘅。有少少花生粒，但略嫌個醬有少少稀，結返少少會再惹味啲。<sssss>叫左凍薏米水，唔會太甜！<sssss>翡翠拉麵成日都好多人，有左個apps排隊方便好多！會黎多啲！"
4,今日同朋友出去食放題好好采俾我地book到大滿喜<sssss>一入去環境幾舒服，而且坐唔算迫<sssss>必食刺身入面最好食一定係三文魚厚切得黎好彈牙味道甘香 而且鮮而不油玉子同樣都係好好食，保持到蛋香tim其他熟食都唔錯，例如羊架配料完全cover到羊酥味食落唔會癡牙 好正總體黎講係間抵食既放題waiter同部長既態度好好 出野算快
4,"人山人海，等左好耐先論到我同朋友入去進餐，不過價銭適中食物新鲜重有Deyers雪糕同甜品食等下都底。食品绝大部份都是自助，職員亦時常添加新鲜食材，美中不足是疏菜添得太少，等好耐先攞到一兜菜。推介豬頸肉因新鲜味美，嘉十佰,可口可樂,zero可樂,7喜,樂怡仙地,涼茶,花茶,檸汁,芒果汁...任飲，生果方面菠蘿亦很鮮甜。"
4,被一位朋友在FB洗腦好長時間了，終於找到一個時間去試一試茶。家了因為我不是港島人，找了好久才找到呢!來到這個小區，好像去到外國，因為真的好悠閒haha，的確是好受歡迎剛好有人走，我們才找到座位試了無花果 scone 和 抺茶蛋糕我極力推介scone店主為我們弄熱了，好好味scone 非常鬆軟一試難忘，那無花果淡淡的香氣抺茶蛋糕都是很不錯的，cream 不太甜但相比scone 就失色不少。因之後訂了枱吃午餐，匆忙就走了總結，一定要再來，感受 laid back 生活態度<sssss>
4,"同三位同事食lunch, 每人叫一份午市套餐, 份量對於女仔黎講屬大, 食完實捧住個肚走.叫左:1. 青咖哩魚柳- 面有一層油, 幾awful, 魚柳不太鮮嫩, 有D失望2. 香茅豬扒- 呢個正, 豬扒煎得夠香脆, 大塊, 醃得夠入味3. 咕嚕肉- 汁唔夠酸和濃, 汁過多, 不是薄薄的掛在肉上, 肉也唔夠爽脆4. 茄子羊柳- 羊柳嫩但唔夠蘇, 但overall算唔錯套餐小食是炸雞翼, 幾大隻, 脆漿唔厚, 但幾oily"
4,"昨晚一家人來到這間餐廳，因我們出家都鍾意食牛，所以點左個全牛set,再叫左個海鮮煎餅。來到d牛好靚，有哂證書。我覺得好有牛肉味，吾駛點任何醬都ok,不過點左就提味，我全家都好滿意，海鮮煎餅都好吾錯，我最推介呢間公司全牛set，d牛好軟，好食<sssss><sssss><sssss><sssss><sssss>"
4,昨日去了三六九菜館慶祝父親節，叫了兩個客飯，分別係鱔糊及回鍋肉，轉菜飯，要加八元。還有油炆筍、小籠包、醉豬手。菜飯中規中矩，鱔糊幾好味，回鍋肉都可以；油炆筍幾正，夠味、多汁；小籠包皮厚、好粉，肉汁不夠多，但還可以；醉豬手好正，酒味濃郁，好爽口，味道夠。服務幾好，侍應殷勤。埋單$197，上海菜來說，食物質數，算抵食。整體上都好。
4,"我認為以這個價錢可以吃到這質素的拉麵, 真的很划算我最喜歡那隻蛋, 很滑推介玉子拉麵份量很大,女孩子吃不完那裡不能久坐, 吃完便要走,由於地方不多, 你會聽到同桌不認識的人每一句說話..."
4,"梅菜扣肉同埋雞都好好味, 而且都相當抵食, 一人都唔洗$100"
4,這是我第二次來這家餐廳。很喜歡餐廳的環境：懷舊的裝潢配上一個個精緻的蠋台，營造了一種浪漫的情調。這兒的食物雖然說不上是十分正宗的意大利菜，但服務及食物的味道均是有水準的。餐廳舒適的格局很適合慶祝紀念日／生日等。如果本身對意大利菜的要求不是特別高的話，這兒會是聚餐的好地點。<sssss><sssss><sssss><sssss>
4,<sssss>今次食中菜😈但見推介菜式有炸豬手🙊就試下啦豬手既皮炸得硬硬脆脆，肉質方面挺扎實👍🏻另外肥既地方吾會好多😂我中意食偏瘦同肉多既，所以依到既豬手既對我胃口🙊我吾中意食太多骨膠原😂話雖如此，有肥膏既地方做得又幾好食，油脂味頗濃，配上店家蜜糖黑椒醬，食落更香甜外，更加降低油膩感👍🏻好中意個醬XD
4,"燒豬軟骨豆腐丸子通心米線Braised pork bristle, tofu & pork ball with vermislli $42 雙拼燒豬軟骨的醬油十分入味，但有點韌。豆腐丸子以豆腐混合魚肉搓成，豆腐的豆香味較突出，質感幼滑，很特別。通心米線的質感跟米線相若，煙煙韌韌的，不錯！每次吃普洱總要等上一會，但這 絕 對 值 得 ！👍<sssss><sssss>"
4,不錯的放題任食的東西總讓人感覺次一等，這家滿屋放題卻是讓我喜出望外了！三文魚刺身相當新鮮，燒物不會太油膩或是乾身，選擇的種類也算頗多<sssss>最重要是不算太迫擠，該晚一同六人訂了座位吃生日晚餐，也不會出現轉身就撞的情況，與鄰枱保持了合適距離，也不會聽到鄰枱對話，避免尷尬點菜沒有漏單情況，餐廳為壽星女送上壽司蛋糕，讓我們渡過了個開心的晚上
4,"老婆去打牌, 一個人無飯食,行過就是但入左黎.叫左個酸辣餛飩麵.麵條都ok, 彈牙, 入味. 餛飩皮薄餡多, 味道都唔錯, 似我o係上海食既味道.最正係個酸辣湯底, 夠晒正宗, 夠晒開胃.酸梅湯亦都好正, 好想外賣一枝返去飲."
4,<sssss>IKEA肉丸又便宜又好吃是常識吧？至今仍然是肉丸首選，肉汁豐富，肉味香濃，加上旁邊的berry compote，can't find a reason not to have it!!!!!!😍·瑞典肉丸配忌廉汁 Swedish Meatballs with cream sauce HK$10/5pcsHK$19/10pcsHK$29/15pcs
4,今日同兩位朋友去油麻地電影中心睇戲 扮完文青之後 打算去食飯 咁岩經過 橫綱拉麵。你知 平時都唔少人排隊 咁岩今日少人 就同朋友 急不及待 衝入去食。好奈無食啦 仲加佐價添 不過唔理啦 食佐先今次就叫佐 原祖拉麵 醬油湯底。麵質彈牙！ 醬油湯 真係令我諗起去日本旅行既日子 另外朋友仲叫多碟煎餓 煎得好靚 一咬落去好juicy! 同埋最鍾意飲橫綱既麥茶！ <sssss><sssss>
4,如果唔係朋友推介，或者都唔會專程去試印度菜這舖仔位於荃灣，雖然地方不太大，但竟然有少驚喜-《迷你羊漢堡》🐑(新西蘭)<sssss>🍔burger🍔嚟講佢賣相唔太吸引，影相時更加無從入手😓點影都怪怪咁人不可以貌相，飽都一樣😅真係估佢唔到用羊漢堡肉做都咁好味，我真係第一次食(平時食開牛、豬、雞)食落一啲都唔羶帶少許羊味，肉質嫩滑，再被芝士圍攻整個外層😋堅.好味
4,大年初一同屋企人去左行河背水塘簡單易行又舒服<sssss>行完落番元朗諗住食b仔 但未開 所以就食隔離串燒喇媽媽原本無興趣 但因為真係好香佢都忍唔住話要食<sssss>我地叫左雞翼 雞腎 司華力腸 雞肉 同墨魚丸點埋沙嗲汁就好味晒喇 不過可能太多人幫襯 條司華力腸中間有少少唔夠熱 希望下次燒透啲
4,是日，一個人坐港鐵來到中、上環，再影街道相。中午時份，途徑士丹利街，看見 ，回憶湧現，想起已移民外地的幾位好朋友，想起昔日與他們在店舖裡聚舊的快樂片段。好！懷緬一番，於是走入去用餐。<sssss>一個人，吃不多，點叫三碟，最好的還是蝦蛟。賣相很大粒，外皮簿身，蝦肉大粒，蝦肉是新鮮貨色，爽口彈牙兼啖啖肉。真的是做到皮薄蝦多！埋單約 $170，好吃的一餐！
4,"很多時都會來這兒, 它的chicken vidaloo真的勁辣非常, 吃得十分過癮, rogan josh lamb的羊炆得香淋, 不如外面的份量又少口感又硬, naan又香軟, samosa亦一般, 皮厚身了點, 老闆及waiter妹妹都十分友善, 店子小小, 位子迫迫的, 但為求品嚐美食, 大家都不會介意吧"
4,姐妹生日，佢喜歡食龍蝦包，對日本個龍蝦包一直念念不忘，襯住佢生日，發現里間龍蝦包都好多好評下，就帶左佢黎！<sssss>我地叫左個set，味道唔差，但冇得同日本比😂😂😂都差幾遠，反而牛扒比龍蝦包更出色，里個好驚喜，btw都係值得一試！<sssss><sssss>
4,前日話要食蛋撻仔，今日就買喇^^LeFauchon Colours太難食，所以黎左買小食填填肚~ 今次既豆沙餅新鮮出爐好好味…再買左半打蛋撻仔，半打椰撻仔返屋企食~蛋撻仔細細個好得意，不過唔特別好食，因為蛋味唔算太香~ 我覺得檀島既酥皮、泰昌既曲奇皮蛋撻好味D~椰撻仔反而好好味，好豐富既椰絲又唔太甜~~<sssss>
4,是日與朋友預早慶祝生日，來了這間餐廳食飯。個人建議大家預早訂枱，因為都幾full。打開餐牌，有很多食物都好似好好食咁。呢間餐廳類似日式和西式混合咁，好似有日式明太子蛋包飯，日式薄餅咁，真是好好食，值得推介比大家呢！由於當天是預祝生日，在冇準備蛋糕的原因下，叫了兩款甜品。兩款甜品都好好食！雖然有少少貴，但食物的質料真係值呢個價錢的呢！<sssss><sssss>店內環境舒適，當天有卡位坐，坐很久都不會比人望同比壓力你快點走，是一個值得去吃飯的地方！
4,"再到灣仔""留園雅聚""吃晚飯雖然去過 N 咁多次但間中都會選擇去呢度聚會特別喜歡訂卡位, 因為比較靜但覺得冷氣超凍,  茶很快就涼了職員態度友善還會推介一些特別的菜式這裡還我的至愛。高力豆沙餡料係豆沙及香蕉yummmmmy <sssss><sssss><sssss><sssss>"
4,"同屋企人去食首先黎個醉轉彎,好香,雞幾滑之後有小籠包,熱辣辣又多汁仲有回鍋肉炒拉面,D面好有咬口好彈牙,而且一條條唔會一PAT野咁再黎個羊肉搶湯面,接受到SO味GE人真係要試下喇總之好食話出面GE XX婆婆好多啦"
4,"一件復活節限定o既法式甜餅, 造型係半隻平攤o既大復活蛋, 上面再飾以半粒粉紅色o既小復活蛋, 師傅手工好細緻, 好靚. 大復活蛋以牛奶朱古力慕思外層住開心果慕思, 內藏一粒開心果, 以一層厚牛油曲奇托底. 小復活蛋係小半粒士多啤梨軟心朱古力復活蛋,軟心係牛奶朱古力加士多啤梨果醬.每樣元素都好好味, 配搭得宜, 一個字-- 正!"
4,第一次嚟食、第一時間食海鮮、見師傅响道即開生蠔、即時排隊、果然新鮮美味。再食牛同羊扒超嫩滑、 鵝肝又入口即溶、甜品種類多。服務一流、從未試過由6點半食到9點幾、超滿足！<sssss><sssss><sssss><sssss><sssss><sssss><sssss><sssss><sssss><sssss><sssss><sssss>
4,去东荟城购物，看到芽庄开了一家新店在这里就去试试。餐厅环境还不错吧。菜品比较大份，味道还可以吧，但没有惊艳的感觉。两个人点了三个都没吃完，不过结单的时候才知道要服务费，觉得这个应该在进门的时候知会才对。<sssss><sssss><sssss>
4,外賣仔小妹，今晚又成為外賣仔，買完蠔餅又買串燒。每次等串燒也很久，但今次異常地快，b仔涼粉到了，串燒就燒好了。<sssss>個好多，大多食物也是<sssss>必定要點上辣汁，辣到舌頭也麻掉的滋味。牛肉較帶韌性，香味不俗。，脆皮也不錯。是完美的配搭，必定要點上。評分：8/10
4,等了參不多2小時，終於有位了。由於肚餓了，我同老公點了一份三文治，一個窩夫，一瓶果茶，但老公話三文治應該唔夠兩個人食，但侍應話先叫一個先，份量夠兩個share。果然，份三文治非常巨大，老公食了一邊已經飽飽(佢食量大都覺得夠)，再吃埋窩夫，已經全飽了。先講講三文治，餡料既豬排非常厚，加埋麵包(烘底)，係出面食唔到咁足料既三文治，加埋窩夫，大大件，但唔會濟口。但唯一美中不足的是要限制每位客人都要點選一杯飲品。<sssss><sssss><sssss>
4,第一次吃，像極了煙煙韌韌版的粉絲，可以幫助減肥的話，會回購。
4,送貨人員好好，貨品品質好
4,平時用開既黃色c&s無貨趕住買，都係唔夠c&s厚實。最怕上下幾層d cut線位唔對！
4,第一次買黎試，的確係無糖的，好香芝麻味，感覺更健康一啲！
4,未開，食后品質滿意，會回購
4,價格吸引，厠紙比較細卷，紙質較硬。
4,之前用過幾好用，而家做特價27卷裝買兩箱$118，計起來畀超市一條裝會平啲
4,沖咖啡好飲，比花奶健康有益，巳多次回購
4,貓貓食開食隻，非常好👍🏻
4,再次回購，飽腹又健康，爽口不易發脹
4,按指示用熱水浸軟後，大部份都有少許異味，用清水沖洗2、3次後，就好好多，味道唔錯。
4,潔而亮無包好，漏曬出來
4,第一次購買，好好味，會再回購。
4,買過幾次，唔錯。有時厚切得10片，有時薄切有12-13片。都 ok 既。
4,品質好，$76.9再有95折
4,買咗兩碌兩碌個蓋都未蓋好漏晒嘢出嚟，連紙皮都濕埋……..不過送咗條紙巾就算啦⋯⋯🙊
4,"OK, 但點樣可以唔令佢ZIP住底盤啲LAR"
4,用開，有香味，唔會太薄，多次回購
4,"貨品好用，多次回購，但實際送貨內容與優惠推廣不一，沒有送到贈品，誤導消費者。

在此提醒各位消費者：本以為購買後會附送【維達 Pro-X 3層抽取式特吸萬用廚紙】及【掛牆式面紙】，因為貨品頁面顯示有贈品，但實際收到貨卻沒有附送。售後客服只以“贈品缺貨”敷衍回應，拒絕補發，但連checkout頁面也未有明確提示庫存不足。各位購買前務必認真核實贈品資訊，免受誤導。"
4,食落口感煙韌似韓國炒粉絲，仲幾飽肚👍🏻👍🏻
4,一直用開，好用！會繼續購買
4,紙質幾滑，唔錯，好用。👍
4,質地幾軟，又有香味，不俗~
4,"味道幾好, 方面翻熱, 特價50, 抵食"
4,價$50元。味道好，性價比高
4,好用，原箱買，比起超市卷裝（同樣金鑽系列）嘅紙質好好多
4,"很有牛肉味👍💖
我個仔好鐘意食！🐂"
4,用開好用，抵買就會回購
4,第一次試用爽身粉味，但相比下，我比較喜歡無味
4,抵用。 家中小朋友用好多紙巾。 買呢隻就好。。。一家幾口用佢啱晒！
4,一個字。。。抵用！&#40;≧∇≦&#41;b
4,通常在超級市場買廁紙的，今次第一次在網上購買，感覺很方便。會繼續回購。
4,係一樣堅韌嘅，但原來係細張啲
4,"味道好，品質正正常常。
初較抵及大隻厚肉的，最近幾次雞細了瘦了，望能保持舊日水準，會再回購"
4,"價錢可能與藥房相若 , 但以盒裝加送貨可算貨真價實"
4,用開呢個牌子，今次試吓另一種香味，一樣咁好用
4,無糖，好味又健康，長期訂購
4,未食 但感覺應該唔錯 包裝好
4,真係好似食粉絲，又飽肚，煮耐咗都唔會太淋
4,氣炸，正反各5分鐘，點BBQ醬。風味不錯。
4,11376  九折再八折  有咁筍  得咁筍
4,口感很好似幼細薯粉，價格再調低更好
4,老人家很喜歡食，好順滑，質感同粉絲一樣，沒異味
4,已用咗好多年好襟用又抵買，所以一直都用
4,幾好 紙質厚實 稍欠柔軟度 
4,味道唔錯。 配包咖哩醬汁又一餐。 簡單味美
4,用於煮飯或烘焙也可以。會回購
4,味道不過不失，很適合老人家
4,我買給媽媽她很喜歡。之後再回購，也購一樽給自己，發覺質地很幼滑，冇糖更冇負擔。
4,超抵。一箱pack 好方便拎
4,攞嚟做手撕雞幾方便，都好大碟
4,Ok。 正常黑芝麻醬，品質無問題。
4,回購，不過有幾包麵條係 U 型，另外幾包麵條就係直條。U 型麵條好難分開，如果可以全部直條就更好。
4,感覺不錯，但比其他牌子輕，一卷只有150g，輕咗20g，超市賣緊每卷3.70，不知道是否將貨就價
4,肉質是可以接受的，可能因為是鹹香味，所以覺得鹹了少少
4,好似粉絲，煮幾分鐘就食得，不會變糊，優惠價格就回購幾次了
4,很香很醇的芝麻醬，已多次回購。
4,"幾好味, 都大隻, 特價抵買"
4,纸質厚，送貨不用自己拿！
4,整盒濕哂，幸好有独立包裝！
4,"煮耐咗唔會爛,爽口。已回購"
4,第一次買，好味既會回頭再買
4,純正芝麻，多種食法，食回購
4,絲開一條條加麻醬 辣椒油 自製麻辣雞絲 唔錯
4,同超市買一條裝的比較， 好似真係輕啲， 有少少分別， 但勝在唔使自己攞， 以$2.7一卷嚟講都抵用。
4,好香，但香過頭覺得佢加左好多野。清潔力與另一大牌子相差不大，但平啲
4,回購，但以前$118，貴咗！
4,見到其他食評讚好，買來一試。。味道濃厚，食吾停口，芝麻醬功效好。會回購。
4,"乾的蒟蒻麵真的很方便、易煮、好食, 有飽肚感, 唔似濕的又要倒水沖水而且有怪味, 推薦大家買來試下."
4,"產品正常, 只不過網上購物非常差的體驗,關於O2O優惠碼."
4,易碎玻璃瓶只得泡泡紙保護極易破碎，請將包好泡泡紙嘅玻璃瓶放入堅硬紙盒內確保安全。
4,減價都算抵，同藥房差唔多。
4,73元，看似平但很成舊紙很輕，所以仍喜歡另一款維達紫色2000g
4,"好用，濕水都無紙碎，回購
$73抵
"
4,"好低用，紙張可以。
"
4,外包裝沾了灰麈，已經抹乾淨了！
4,$75/27卷。值得關注
4,"味道係好好既，包裝都係好既 &#40;嚴實&#41;
但個樽 & 蓋真係唔得 😂
好采未至於漏好多油
唔該請生產商正視吓，感謝"
4,包裝完整，食之前要耐心攪勻，無添加糖比較健康，但味道有一點苦。
4,計返每卷價錢比藥房貴啲，但一箱過方便啲。
4,"主子最鍾意呢個味, $19平!"
4,試吓新牌子；初步睇嚟都可以……
4,普通嗰啲比較高鈉，這樽吃起來比較安心
4,煮金菇黃芽白加肥牛正 個女鍾意食
4,準備母親節吃此東西，見到多人食過及好評，即管試試。
4,一隻鍾意食一隻唔鍾意食
4,好平啊、送貨哥哥有禮細心、服務滿意
4,但用落原來分量很少，一天便用完一卷
4,一直回購，貪佢易分解，唔怕淤塞厠所
4,價格唔算平，用開品質OK，但有得送貨
4,"味道ok,但係唔知點解有少少苦味"
4,"算平$ 83.50 厚薄合心水,原裝完好"
4,"抵
但紙厚
所以好快用完一卷"
4,$74.9 + 會員折，平過附近藥房，最正係唔洗拎得咁辛苦，紙質幾好，而且厚
4,喜歡無麩質，價錢平D更好！
4,一貫嘅水準 多次購買了
4,比12包一條平些，好用
4,真係好原味無添加，冇糖冇鹽，搽麵包都覺得太苦，唔知可以點食用？
4,"用開返唔倒轉頭! 鐘意佢比較厚身又唔硬. $79/27卷一箱唔算特別平, 好處係唔使自己拎"
4,用開，有vip 價再買
4,"下單時,顯示有一支茶,結果沒有,次次如此,無奈
"
4,"原包裝送來不錯, 卷廁紙比我用開的輕"
4,未食，見包裝及麵質，相信唔錯
4,抹手紙吸水力强，有柔韌度，不易穿！比同類產品平。
4,落雨天用膠紙將三包厠紙封實，讚！
4,未用過這款，見特價就試下
4,"成團能力好, 易剷起, 比我之前用的另一大牌好, 已轉用了"
4,夠平，夠厚，好用，回購。
4,急凍貨品沒有冰袋包裝，水滴滴，已解凍。對包裝好失望。
4,"多次回購, 但每次開新罐都需要不停攪勻才可以用"
4,回購，$139/2箱 抵
4,"買3 條好抵買, 唔使自己拎"
4,新嘗試健康食品，可以平些就好
4,"這張定单有兩項貨品被你们取消了,但架上仍有存貨,真不明白為何被取消.最不好是又不退款,等了一周都無退回入ViSA,又無回覆去到什麼程序,真令人失望"
4,用過幾個不同的品牌，品質好、價錢合理👍
4,卷紙比較松散，但勝在價錢實惠。
4,雖然4層但唔會塞厕所，易冲去
4,"再次回購, 質感似粉絲"
4,都算滿意，但感覺紙質有點濕...不像維達金裝般乾爽...
4,未試， 但感覺主子會喜歡
4,用咗幾十年廁紙，而家唔使自己去買😀手痛冇所謂了，全靠HKTVmall送上門，真好👍
4,可以，不甜，芝麻味較弘益的淡
4,很好不過難开倒瀉好多油
4,抵買，不過好多都凹左少少，但唔影響飲用。
4,狗仔鐘意食，不過好快咬完
4,不能郵到家  所以在店取  教育路及建業街工作人員態度友善親切  是回購原因
4,購買後才知道箱裝跟條裝的質地不同，條裝的質地比較好。
4,"紙質比最初差咗，不過唔洗3蚊就有1卷,都算係咁。"
4,"真暴力,箱子也破爛了!"
4,未用，只覺價格稱心買來試吓
4,買開呢個牌子幾好用，再平啲更吸引
4,其實每次訂購每次都加價
4,不錯，但擔心會好快乾不能用。
4,超底，質地好，又唔使自己拎。
4,口感很好似粉絲，已多次回購，但越賣越貴😬 
4,"Ok, 只係比較另一牌子比較稀"
4,紙質柔輭，香味適中，小朋友也喜愛
4,肉質良好，不過好似比之前細粒左
4,內包裝袋易穿，厚度比條裝細舊d
4,容易處理，無乜怪味，可以接受
4,包裝膠袋容易破爛 - 唯一需要改善的。
4,四層衛生紙堅韌，但面積比起三層的較細，雙手比較大的人較為不容易
4,相對‘’X購‘同樣貨品推廣價HK$65有36卷，貨品價錢應該有下調空間’
4,一分錢一分貨，雖然貌似價錢便宜，但比較細卷，品質OK。
4,價錢唔算平，只是直送上門免提…算吧！
4,雖然較細卷，但相對價錢低一點，都可接受！紙質不錯
4,抵買，方便過去超市買，一大箱送貨來可以慢慢用。
4,好味，但加價到$37.7實在太貴，未必再回購
4,因為早上當早餐食，易消化。因為揸車10個鐘要坐，所以冇負擔。
4,N次回購，好味！食唔晒第二日保粥。
4,仲未試 睇下貓貓中唔中意，反正貓貓成日都轉口味
4,"比想像中細, 但肉還算肥厚, 骨少"
4,這個一箱27個，跟平時在超市買一條12個相比，質地較粗糙，唔明白點解會有分別😅😅
4,其中一個紙箱濕了，幸好裏面的廁紙沒有影響（只是今次有些問題）
4,厠紙很細卷， 比不起藍色4D立體壓花的那款維達厠紙
4,一直用開，希望可以再平啲比VIP買就very good
4,口感係勁彈牙嗰種，但我本人中意口感林啲
4,收左貨，包裝整潔，未用，不知質素如
4,48蚊買過到而家53蚊再買，質地okay好用嘅
4,如果是一箱會無咁平，現在用袋入住都是平均$10.25元。
4,有用開，而且用得快，見孖裝，買定.
4,用開，半價抵，可惜中國做
4,未食，貨到仍冰凍，好好
4,性價比高之選。已重購數次了。
4,味道可以又唔會縮到好細
4,未用過，第一次用，希望好用
4,4層堅靱好用，會回購。
4,唔知係咪因為紙巾上有壓花，令佢賣得貴過四/五盒條裝。如果唔係市面缺貨就唔會考慮。
4,"吸水可以, 品質良好👌👌🙂🙂"
4,買開，20蚊一包加餸一流
4,合用，$60稍貴，$48平過街買，抵
4,期待再有$48優惠！唔知新包裝會唔會好似同款[4條優惠裝送盒]咁變咗草紙質量?
4,終於可以一試消委會推介，應該不錯
4,屋企2隻貓都鐘意食，但我試過味道偏濃同咸，個人黎講唔會回購
4,$100/3條 相對少但品質好 台灣貨
4,除了3包沙，並沒有收到其他東西
4,買滴露送超開心，有用開這皇冠牌子
4,要左3包綠茶  送到來只有一包綠茶，另外兩包係玉米
4,比IG shop貴但勝在夠方便，HKTVmall長期客戶
4,"成份天然 
但適合性一般 
感覺對貓貓健康有幫助"
4,由抽真空變左冇真空 存放比較難
4,方便，臨時唔夠餸之選😂
4,"天氣太熱有大雪袋亦溶雪中,如無我想更加。。。"
4,這個價錢合理，之前定價偏貴
4,狗狗非常喜歡吃，包裝整齊乾淨，時常回購。
4,狗狗無表示，主人高舉栂子
4,平過出面，味道都係有嘅，不過一包真空，一包漏氣。
4,$80以下嘅都平，多次回購
4,不錯喲，雖然我比較喜歡買粗砂。
4,貓咪要減肥，所以轉食呢隻，效果好好，真係瘦咗啲，會Keep住食。
4,"回購
其中一貓咪食咗幾日已好轉，另一貓咪氣喘情況都減少了🙂"
4,"呢隻款品質ok的，軟硬適中
呢個size嘅紙巾，得好少選擇
樓下超市又經常冇貨"
4,散裝，每27卷一箱，共兩箱，紙箱質量差，可能當天下雨，霉味令人感覺不好。因這些都是衛生用品，基本要求便是衞生的感覺，這次真的不好！😟
4,上次買完330g夠大條好食，再回購
4,肉質不錯，個人口味感覺稍為鹹了一點點。
4,朋友介紹大概三個月用一次
4,第一次試食，兩個主子都好鍾意，唔食慕絲罐嘅都食晒😂
4,有用開，第一次喺HKTVMall買，送貨完整
4,用開，凝固力算良好，價錢優惠
4,👍家中2隻老貓都喜歡食
4,好用，不停回購，如果折扣優惠多些就非常之好
4,第一次買已感覺品質很好👍🏻，會繼續用
4,我的貓貓之前有嚴重牙周病醫生建議電所有牙齒，我每天用這個凝膠跟貓貓刷牙，牙周炎好返了，所以keep住每日都用，但容量太少，一隻貓一個月要至少一支，價錢相對也頗貴
4,兩粒裝夠食一年 &#40;每3個月食半粒&#41;，吾洗買10粒裝咁嘥 &#40;通常1年期，食完2粒，已經過期&#41;。
4,價錢比旺角實體店購入更實惠，值得回購
4,主子喜歡食，已回購多次👍🏼
4,貓貓們似不太喜歡，仍在試食中
4,有包裝但都係有1，2罐笠咗
4,好新鮮，好鮮甜，有口感。好正。
4,剛買完又減價.，最平一次是$76
4,手抽方便 唔會整濕其他
4,第二次買，是獸醫診所開過，所以一直買
4,"間唔中比貓貓食。
佢中意食藍色多d."
4,"貓咪喜歡,營養均衡.價錢合理"
4,"個袋唔係爆裂,而係𠝹爛咗"
4,回購多次，可惜係大陸造然後價錢又唔係特別平
4,"貓貓用開
請向供應商反映D 貓砂愈來愈長，同埋顏色暗左，以前用係米色"
4,貓貓愛食的，但可以再細粒啲，比較硬，但會回購，會介紹朋友
4,"第一次買時 送來 一包破了


第二次回購
打算買三包有盒子送來會很安全
16/9送來
但係 打開盒竟然得兩包 
真係好 有點兒失望
"
4,本人今次回購4包貓沙，其中3包是漏氣的，真係好失望呀。香港咁潮濕，貓沙真空處理係好重要的。不知道這是供應商有心把巳漏氣的貨品送到網上用户吖，還是送貨部的問題，請你們跟進上述情況，不要再再再次發生。
4,買咗幾次，暫時用過4包，有一包好多粉末，其他都正正常常嘅
4,"有雷射標籤並是遠期貨品👍🏻
謝謝贈送小食👍🏻
紙箱包裝得很好，可是發現袋貓糧入氣了，不是真空！今次就算了，麻煩倉務員包裝貨品前檢查才出貨給客人吧！相信無客想收到疏氣的貓糧啊！"
4,個味太濃烈， 冇綠色個隻咁清香， 麻麻鍾意！
4,凝結力OK的但時間要長啲。一包好快一丶兩次就用完。整體都算Ok。
4,貓貓好喜歡吃，細細粒可以控制佢哋唔會食太多！如果平啲就最好喇！
4,$168有10 ％回贈，用Citi Bank再有8 ％回贈
4,貓咪會食，因為貓咪好多罐都唔食呢個可以食少許期待佢食多啲
4,加水食用，貓貓好喜歡吃！
4,剛剛收到貨附送的小禮物 罐頭下面日期係生產日定係到期日？？23年即係過咗期
4,貓貓喜歡用這牌子貓沙，每次都回購，會介紹給朋友，而且有贈品更加抵買😊
4,第一次買，都是會痴底，不過粉塵唔多。
4,很小罐，比平時小一半的分量，但貓主子很喜歡喝湯。
4,"簡單抹腳仔OK, 抹全身唔夠濕！"
4,貓糧唔會被壓到碎晒，幾好。
4,每日三個月要吃一次來杜蟲。
4,愛貓like like
4,一次過買三包有折扣，抵!!
4,未試，但有埋個盤種草，方便！多謝條貓棒玩具，貓咪即玩??
4,貓貓喜歡💗贈送嘅小玩具貓貓都喜歡😻
4,好用抵用，有少少痴盤底但OK，性價比高
4,六袋也不是真空，較難擺放，其實本來一個紙箱可放三袋，為何供應商要拆箱，貓砂入曬氣只能放番兩袋?
4,貓貓只係食小小。要用匙羹喂他就全部吃曬，會繼續購買和其他味道，貓🐱很揀飲擇食，已經試過很多款罐頭也不吃，現在很吃已非常開心
4,凝結力優、但太細粒，易夾在貓爪間的空隙，帶到周圍都係。有大粒就好了。
4,貓兒喜歡食，只為牠開胃作小食食用。會再考慮回購的。
4,因為貓們鍾意食無限回購產品之一
4,真材實料，雞肉、牛肉粒粒分明，狗狗愛吃。個人意見，如果蔬菜不止單一紅蘿蔔就更營養均衡，所以我會自行多配一類蔬菜。
4,今次係回購 味道溫和 貓貓冇咁抗拒
4,"一直回購, 輪住食不同口味"
4,我於飯後開水比隻狗飲，佢好鍾意。啲咳同氣喘有改善。
4,"貓貓喜歡吃
包裝整齊
性價比高，會再買"
4,產品能夠乎口用戶要求!
4,用過幾隻牌子，呢款貓咪最愛。
4,$118兩箱抵用，而且不用自己搬。
4,主子鐘意食呢隻，不過南瓜肉較少
4,可除尿味，但香味略嫌濃烈。特價$99時已加購
4,可否設有特價通知常常購買之客戶，謝謝！
4,唔太大味，好似生果味，貓咪對呢隻味都唔太大掙扎，幾好。
4,暫時覺得幾好，價格唔高。
4,"貓貓一直用開，綠茶味道吸引，基本上都ok, 唯獨係粉塵多左d,希望可以改良一下"
4,貓貓因為食物敏感，所以選擇鹿肉！騷騷地，似乎佢都幾喜歡💕
4,有一包漏氣。沒有真空。
4,一直訂購，一定見到特價$89就入貨，每次包裝很好
4,價格很劃算，但貓貓不太喜歡這款雞肉乾
4,之前試過蜜桃味，今次買綠茶味，除臭ok，好抵用。
4,未試，但用開泡泡靈急救泡泡
4,"氣味好俗，只開半包、混其他貓砂都好勁味
不過確實硬淨無粉塵"
4,未用 未知效果 但十分細支
4,挺好的 多打折就會多買:&#41;
4,"$95一包方便抵用
但一時係粗粒一時幼粒
我只想買粗粒完全要撞手神"
4,家裏的主子喜歡用這隻砂，吸味及容易凝結，好用
4,好用，疫情下噴外套好掂
4,用咗好多年了！快速吸濕，除味，性價比高，會繼續回購！
4,此產品質量好好👍價錢合理！值得推介！
4,貓咪喜愛，試過轉其他，唔 like，冇辦法
4,會再次回購！送貨服務👍
4,因為佢比較多粉塵，所以我隔咗一排冇用，最近又買返一包，粉塵少咗（都係有，但少咗啲），希望佢keep住啦
4,普通辦2貓用要3、4日換一次，試下複數會唔會襟d
4,好用小粉塵，價格合理，一直用開
4,貓貓最愛，不過藍色嗰隻更加好，細粒啲更方便
4,買的Sapporo 啤酒本身包裝不好容易散，雖然每一pack都有用橡筋，但有幾pack都散開及撞凹變形，希望下次能用紙箱裝著
4,"砂夠大粒，冇咁易帶出砂兜
頭幾日十分滿意，吸味同吸水力都得
不過落砂落多左，用多過一星期左右就開始臭
正常唔過一星期就洗係冇問題"
4,明明訂兩包都係綠茶，送錯粟米來！！唉！
4,此貨品現在能送到澳門真好了，謝謝
4,我買綠茶粗粒，俾錯咗原味幼粒，希望賣家留意番，下次唔好再執錯貨
4,見消委會推介便買來試下，但三隻主子不是特別喜歡
4,猫猫有早期腎病。食後毛毛滑滑的，每天求吃！對不肯進食的猫，是一種吸引！
4,隻揀擇食物貓只肯食少少，而其他貓就鍾意食
4,唔洗自己拎，送貨員好有禮貌
4,"幾好，我狗耳仔本身好易發炎，做過兩次手術，要成日都食藥，
用左幾日，我見佢抓小左好多，無咁痕，耳仔裏面都小左好多黑色耳屎，
會繼續用"
4,貓喜歡食但HK TVmall物流太慢要幾天
4,"香味比之前淡及顏色比之前深
好点奇怪啊"
4,貓貓鍾意食，已多次回購！
4,包裝良好，沒有任何破損
4,"第二次回購
拖完地快亁爽🤓
竉物友善👍"
4,貓咪鍾意食，肉粒大但份量相對少，汁多
4,貓仔鐘意食，good！
4,"好用!厚度對貓隻好適合,好吸尿液同確少異味。"
4,貓貓鍾意食，已回購多次。
4,份量適中，貓咪一次飲一包。比起其他牌子的罐頭湯，無須考慮飲唔晒要保鮮等問題。
4,購入時寫左會送兩包濕糧試用裝，但漏送。
4,價格相宜，味道OK會再回購
4,貓貓鍾意食，但太水，貓貓食一罐唔夠喉😂
4,未用，用過好用會回購，不用自己搬，送貨哥哥好有禮貌態度好好
4,用左咁多隻貓砂，以呢隻最好用，而且仲有好香既綠茶味添！
4,貓貓及我們都喜歡此產品
4,狗狗很喜愛，而且唔會好快咬完
4,有優惠更好，還是貴了些
4,"不用自己搬,用埋折扣後h加vip95折,就可接受"
4,沒有，希望可以keep 住平價錢
4,一直用開，今次質量比以往碎很多
4,好用，貓咪很喜愛，亦能辟味
4,請問行李箱有損壞，可否換一個？
4,送給小朋友作為生日禮物🎁，非常喜歡
4,"用了幾天
我的貓我的貓耳朵年紀大耳朵油抓到流血
每天起床清潔一次
用rem""s choice時污垢較多
每天油垢明顯變少
但仍然抓破已有傷口無改善"
4,"包裝好好。
對狗狗有用，用一、兩日就好番！
會回購！"
4,"唔覺臭係真👍🏼
送貨員辛苦了🫶🏻
不過美中不足係貓貓痾尿後 鏟尿個陣會見到啲凝固咗嘅貓砂會有少少癡住個貓砂盆
我係養貓新手 可能買嘅鏟唔好 留言只作參考🫣"
4,好用，但好細支，希望有多D優惠
4,"各款味道貓咪都中意食，抵食
"
4,喜歡貓砂的香味 吸水力強 good
4,前後買咗3枝，本來覺得幾好用，氣味同清潔效果都滿意。但頭兩枝都係用多幾次個樽就會漏水…搞到一邊清潔一邊漏到成手都係…好呢hea！本來補充裝係抵好多，但個樽質素咁差搞到要買完一枝又一枝…已經考慮買其他牌子試。
4,已經用左呢隻濾芯好耐，原先差唔多一個月先開始變色，而家剛過左半個月已經變色，我已經裝左濾水器，奇怪。
4,細細粒幾好，易入口，買過細罐貓貓肯食先買再大罐嘅🐱產品包裝外觀簡潔乾淨，雞肉粒亦唔會太多碎屑，大致幾滿意👍👍會再回購
4,買開野就會買下，有唔同味道，都會買少少🤏🏻
4,今個&#40;12&#41;月買，找不到期限，請問幾時到期？
4,"方便好用, 希望出優惠裝"
4,有包裝代裝起貨品，比較整潔.
4,價格和我在商舖買一樣，有送貨，十分方便
4,"好用, 但成日無貸.  討厭!"
4,"用開的，
貓貓佢地好中2"
4,這是部份下單貨品，正確收到。
4,一平少少會買，一共3款口味，呢款最中意食，每次買少少
4,包裝需要注意，桶蓋弹開，無完全密封
4,好開心有小禮物俾貓貓玩
4,"好用, 中意呢隻厚D,  用1張就OK, 平嗰D除塵紙有時要用2-3張  "
4,"

真空包裝,粉塵唔算多,不過比較細粒,我隻貓成日攝住腳趾帶埋出廁所 🤣"
4,買咗10罐唔知點解10罐肉醬層裏面都係係空心嘅？？ 之前買過多次都冇咁
4,幾好冇味，只係送到時有包沒有真空漏了氣
4,好用，只是太香了狗狗貌似委屈🤣
4,"貓喜歡食 $285 
如果多點折購，會滿分"
4,是暫時用過多款除塵紙中較好的
4,一直用開，比其他牌子好用，當日本城/藥房都無貨，就會上HKTV mall買。
4,好香，狗狗喜歡，不過就比較細隻
4,氣味芳香，近期經常用佢全屋清潔！希望佢真係做到包裝上的清潔功能🙏🏻🙏🏻
4,"主子不抗拒
會推薦給朋友"
4,中碼同細碼對我哋隻狗狗都好Fit用，尿片質地比較厚身，可以吸好多次尿先換，已經回購咗無數次了🙏🙏🙏
4,95元包，未算便宜，不過呢隻幾好用，起碼可以闢臭，會繼續選用。
4,我的貓咪好鍾意食，包裝良好，會再次回購
4,"結團都OK
不過比較鍾意啲香味淡啲，如果白色原味會唔會淡一啲？"
4,"最近我隻21嵗咀挑貓 有時會食呢款.    買開野會入定貨.
慕士 岩老貓食,  
"
4,有時額外加購會賣6個幾
4,"今次買的貓糧，大致都ok,只有大罐中有二罐外表有笠陷"
4,"浸味唔會好香，我覺得可以
聽人講酵素拖地好好就試吓
暫時冇同消毒水比較"
4,好用，但這是第二次送貨時包裝袋破了，要想辦法避免再次發生！
4,好用，凝結力好，不易超灰。
4,服務質素良好及產品質素ok，我隻貓貓非常喜歡，同時送貨服務良好
4,以為係肉絲點知係肉凍，罐頭冇問題不過貓貓唔中意
4,見厚實 比較用開的厚身 幾好
4,試吓，未見🐱🐱特別喜歡
4,沒有封口，開封後需有容器儲存
4,1.凍乾包裝很好，都是挺香的顆粒，沒有粉末，價格也算便宜，但是凍乾太硬了，我家正在換牙的小貓貓吃不了，我自個徒手碾碎都挺難
4,"冇膠已經好好，夠健康。
包裝需要改進，六罐凹三罐；多啲優惠更好"
4,未開，不過真空包裝已有好感！
4,用開，對品牌有信心及比較高其他牌子，個人都是喜愛這款。
4,"我隻貓一向咀挑，
第1次食  都食到8成，算OK.
會回購 。"
4,比較少見有蟹肉成份嘅貓罐頭。
4,主子們喜歡，群臭效果良好。
4,已經送完，不過呢條推廣就無delete
4,可覆蓋到臭味，貓貓好like
4,粗粒較好用…價格能優惠些更好！
4,好用 價錢ok 多次回購
4,結團力甚佳，不起塵，大包耐用。
4,已經購買多次，貓咪喜歡吃
4,"消臭很好， 凝結力都很好，會推薦給朋友
"
4,價格吸引，會再次回購的
4,一隻貓食，另一隻唔多食
4,試用後，唔錯。今次大量購入這猫砂。
4,吸濕功效良好， 主子們喜歡。
4,已多次回購，貓咪很喜歡
4,品質冇問題，只是貓咪s唔賞面
4,"呢隻幾好, 不過如果唔減價時買, 覺得好貴!"
4,送貨準，包裝無問題，好
4,阿貓未試  希望佢鐘意
4,底部日期是製造日期還是到期日呢？ 同一品牌另一支產品是2021年應該是到期日吧
4,包裝完好，但是我個人不喜歡這個味道
4,無寵物，用過幾支，倒出嚟用有d香味，但拖完地唔覺有味，安心。
4,油品質可以，送貨服務亦好，唯一就是沒有任何防撞包裝，所以罐身有凹陷處，幸好沒有影響油品質，可以食用。
4,幾好用，磚地快乾冇腳印
4,多次訂購的店家，產品每次都很妥當
4,"間唔中買 比貓貓食!   有特價先買,  無折時有D貴!!"
4,一向買開此牌子，在此訂貨仲有人送貨上門，不用自己搬貨回家添。Good
4,抵用，效果好，已用了幾包
4,第三次回購了～貓貓好喜歡食，而且上次同今次都附送貓玩具，好開心🥳 不過今次訂24罐，有一罐陷了......😅😅
4,一直用開，效果比其他牌子好
4,對幼貓太大罐，兩隻幼貓都要分兩日食….
4,綠茶味最好，豆腐味很甪意有蟑螂
4,比起陶寶寵X思厚好多 第一次係呢度買寵物尿墊整體理想係貴左d
4,一直用開，價格適中，會再次回購
4,細細枝，買左五枝，希望有用
4,老狗好喜歡加落糧一起吃，或给牠一條作讚赏!
4,價錢經濟，吸收力 ok。
4,未用 不過睇落去都好正
4,容易，方便，濕水就结合
4,"猫咪一直中意食這個牌子. 比起在超巿買貴小小, 但送到家, 算合理."
4,貓咪十分喜愛、已多次回購
4,質素好飄忽，上次訂好靚，今次好碎
4,抹塵效果很不錯，多次回購。
4,開第一包，包裝完好，見砂盤有啲啡色就拿出黎，愈揀愈多粒，全啡色個啲濕濕地好似紅泥咁，但成包啲味又冇乜問題，又暫時冇生物活動跡像，之前用過同一牌子兩包都未見過咁。睇下隻貓用唔用。
4,夠細粒可以用係電動貓廁所，吸臭結團都ok，混合砂相比其他用過既貓砂無咁黐底
4,因為有優惠第一次用，綠茶味最好聞，但幾粉，好快積咗啲粉喺角位
4,隻貓好鍾意食👍👍價錢再優惠啲就好啦
4," $19抵, 主子們至朋愛"
4,"我貓咪食了很多不同牌子的猫罐頭,这欸最適合我猫咪了."
4,用開唔錯祇是今次價錢貴了差不多20蚊
4,包裝整齊，防止罐頭凹陷導致損毀，會再次回購
4,罐頭批次是否有問題？剛回購的貨母貓三小貓吃了也肚疴，可否跟進一下….
4,狗🐶喜愛🤩 （因為主要是很大件 要用刀斬成小件給狗狗吃。）
4,貓咪第一次試食，麻麻喜歡
4,以往有紙箱包裝，感覺比較整潔&#40;今次散件放貨&#41;。
4,"很好, 但無左買六件九折, 希望會做番"
4,"主子稍為喜吃一點,但有時又不想吃太多,總之不知牠的胃口如何？"
4,多配搭多選擇，一隻毛孩1餐份量剛好。
4,如集運時間可縮短更好。
4,比超市貴$2，不過送貨上門唔使自己搬
4,回購，比之前薄咗少許！
4,Good 用完爽晒又香噴噴
4,有消委會推薦，安心使用。
4,很多好評所以試吓，可惜主子不愛吞拿魚味，舔一下就不要了。勉勉強強的逼他吞下去，吃了三星期，沒注意到有很明顯改善。
4,用開ok，$285蚊3包貴左D
4,特價👍🏻好食，多次回購
4,"一直用開, 但最近發現粉塵嚴重, 已改其他牌子"
4,會唔會考慮提供埋3oz罐裝?
4,貓咪喜歡而且食完腸胃好好👍
4,"貓貓中意, 冇味比較好, 唔易散開, 已推比朋友. "
4,吸尿力強又方便容易處理，價錢合理。
4,產品好好 只是回憶不好
4,有些罐凹陷，貓咪似乎較喜歡雞肉
4,2隻老貓都喜歡食！回購！
4,好用， 可以放落廁所冲
4,貨品送到仍然是真空包裝👍
4,已回購多次，此一款除塵紙，係我暫時用過咁多同款產品中最好嘅。
4,買三包綠茶一包變左原味....
4,$39 買開，貓貓鍾意吃
4,我会回購，希望会更多優惠
4,$364.8，買完見到有店賣$307；一開始唔食，後來加濕糧就食，宜家淨乾糧都很喜歡吃。
4,貓咪愛食，會繼續買，大品牌，有信心
4,"產品品質一貫良好、不過綠茶味好似小咗
？產地唔同
但貓貓都算適應、"
4,$20罐同買開間誧一樣，唔使自己抬送返屋企
4,"不斷回購。
家中有寵物所以選擇這款地板清潔劑，品質可以，氣味不濃烈。但價錢稍貴，很少做特價。"
4,此商店價錢須比其他店做特價高，但看評論話貨品外觀良好，沒有發現不良問題，所以貴小小向該店購買。
4,一直食這款，價錢平就回購
4,以往有紙箱包裝，應覺比較整潔&#40;今次散裝件貨&#41;。
4,昨天雖然黑雨，送貨時間只是遲了一個鐘，期間送貨職員有致電通知，辛苦哂！多謝 hktvmall良好服務
4,"高質豆腐砂
已經轉用多年！"
4,我家主子非常喜歡呢款罐頭
4,貓出現氣促 立刻噴一下給牠吃 之後沒再喘氣  但要keep住吃 效果好
4,50蚊買到咁有雞味的雞，真心很不錯
4,貓貓喜歡，不過價錢貴左D囉….
4,我的貓貓很喜歡這個味道，在市面上很多時都會缺貨
4,"厚身,容易黏貼上塵埃,值得再次回購"
4,"貓貓很喜歡呢款慕思罐罐，一直買開。
不過最近買的10罐（已開了5罐）份量都縮水了，之前的慕思都是會填滿罐罐的。"
4,送貨職員態度親切良好👍🏽
4,暫時較少撞凹，包裝完整
4,好香爽身粉味 狗狗都好like
4,"貓咪喜歡原味
經常回購"
4,貭量堅持，价格合理，猫兒必需，定必回購。
4,貓咪喜愛，其他味道都中意
4,白色狗狗 ，去街後用 、非常方便！腳仔毛唔怕變啡了
4,"一直用開、有泰國 同 中國包裝都有買
但今次包裝有漏風情況、見唔嚴重冇穿漏沙冇影相
呢個牌子多貓奴買、應該好好注意有泰文包裝質量、有機會影比其他顧客睇都有5%沙發黑、大家可注意一下
"
4,貓咪喜歡食，常回購。但係今次有一罐凹咗，上次購買有一罐爆開發臭
4,凍乾三文魚有50g，免費送還可以
4,產品良好，用開再回購。
4,"貓貓腸胃敏感, 經過醫生推薦, 要食腸胃糧,  但去 診所 買, 非常貴, 於是在hktv mall發現同一款 牌子的腸胃量, 價格 合理,  會繼續購買給貓貓吃。"
4,"性價比高, 一向品質比較其他品牌好"
4,味道都j几濃，食用方便
4,很軟熟，主子一開始有點抗拒，但放在食物碗中，過半小時，都接受。
4,日用，抵用，好用，重用！！
4,一向訂開N1這款豆腐沙，吸濕效果算好。不過我家兩隻大主子尿尿較多的時候，砂盤底的貓砂有時會發霉，那一盤砂就要徹底換了。後來改用綠茶味2.0，情況改善了許多。
4,未使用，唔知效果好唔好，但價錢好
4,"寵物喜歡食，混合同款乾糧一起食，很好。
會觀察多一些時間，合適食用會再回購。"
4,貓砂是朋友界紹，第一次用，貓貓沒有抗拒，會繼續購買。
3,"剛收到就急不及待給狗狗食。
但一開就發現有點白色的東西，是發霉了嗎？"
3,嫌佢唔夠肥同滑，個人偏好咋。
3,"今晚公司請睇戲，揾D野食醫下肚先<sssss>選了平日下午排長龍嘅九記,六點半不用排隊有位坐<sssss><sssss>都成幾年冇食過，之前爽腩都係六十幾蚊，現在賣到成一蚊<sssss>太貴都係叫牛腩撈伊算<sssss>牛腩都有牛味,同幾淋不過同爽腩有一段距離伊麵唔錯加上嚎油正湯唔錯冇嘜味精飲完唔口喝<sssss>同事叫的咖喱腩伊，有D辣，都幾野味, 我覺得好食過我嗰個<sssss><sssss>凍奶茶賣十八蚊，唔係太好飲, 原全唔值太貴, 我覺得冇第一次食咗嘩一聲嘅感覺"
3,未到開始時間己經可以入座，擺個袋係椅度又有侍應加個椅套服務very good，俾個like你先不過一開場惡夢就開始啦食物款式唔多但食物味道就真係一般可以話拎乜食都係唔多好吃囉海鮮無鮮味雞，牛肉係鞋既乳豬皮係奀既甜品無乜出色既諗住夾兩塊鮮紅色既西瓜同睇落好新鮮同成熟既蜜瓜試下啦點知衰到連生果都係淡而無味既全場剩係三文魚同雪糕最好食呢400幾蚊我諗300蚊係俾環境同服務費食物費真係俾100蚊都嫌佢多套用王晶導演句說話：水平糕水係水皮個水平係平平無奇既平糕係糟糕既糕呀
3,"wow, 看相真的想不到是這麼大份的我真的感到好意外有點想一睹大份的風采但是至少要排隊半小時才可以入座我認為來這里是好玩多於好食大大份好得意好充料好抵食但絕對談不上美味没有興趣排隊千萬不要來<sssss>"
3,"環境.都唔錯...乾淨.坐得舒服.而服務態度.大聲不等如態度差....點了糖水.如下...芝麻豆腐西米露.二種味道分得好開...碗西米露全無芝麻味.但食出豆腐味好濃.在雪榚上芝麻味勁濃.內含冰粒.雪榚食的味道唔滑.但芝麻味足挽回不少分數....扣分的係的西米煲到末散開..明明係西米露有點食西米榚的感覺....20元都值的...但呢間糖水店對我而言,好大機會.唔回頭<sssss><sssss><sssss>"
3,"生蠔 - 太細/ 超迷你型長腳蟹 - 有d 梅 (痴殼)三文魚頭 - 好腥清蒸星班 - 好腥豬手 - d味好怪, 好甜燒牛肉 - 好硬失望...無燒蠔, 無鵝干, 無紐約芝士蛋糕, 無朱古力蛋糕.. 螺 - 好鮮甜芒果布甸 - 好味雪糕/雪杷 - 好好味總結: 刺身及熱盆太少選擇甜品太少款式"
3,禮拜日，起得晚，出門口，已三點，想食野，九龍城，冇目標，隨便走，老字號，在眼前，耐冇黎，行入去，好多人，一個人，隨便坐，周圍望，新裝修，心打突，【最低消費】，【覺冷漠】，望菜單，牛肉餅，覺得貴，【咖喱飯】，【配羊肉】，快上菜，失親切，唔想等，飯上檯，分兩半，撈一起，覺一體，又方便，試一啖，有羊騷，算滿意，味微辣，大眾化，冇特別，冇驚喜，失興趣，多選擇，不值得，冇下次，食得快，付錢快，離開快，跑得快，老字號，不再見<sssss><sssss><sssss><sssss><sssss>
3,"前晚同左女友去左呢間店食晚飯,叫左個龍蝦天使麵加雜錦薄餅餐,佢d湯飲咁多次都冇走樣,一樣咁濃,佢個天使都係好好依,而且好足料,不錯,但個薄餅就有d問題,首先唔夠熱,而且唔夠脆,亦冇乜味,唔知點解,差左好多.佢d野飲唔錯,尤其係熱檸蜜,超好飲,一定要試,但呢個喊樣係比佢o既水杯o既,佢d水杯唔知係用得太奈定係洗得好求其,好污槽,而且可以摔甩d污槽野,叫d小二換杯,隻隻都係咁......你d野幾好食都冇用啦."
3,"係openrice見到咁多笑面,諗住試下!叫左兩件蛋糕卷,一碟加洲卷同一個抺茶芭菲。抺茶蛋糕卷嘅抺茶味好濃,好味,D cream都好滑!士多啤梨蛋糕卷除左D cream滑D之外,好普通嘅蛋糕卷,D士多啤梨仲要係酸嘅!完全唔值HKD60一件,好失望!<sssss>抺茶芭菲味道唔錯,雪糕有清新嘅抺茶味,白玉煙煙韌韌!不過上枱個陣雪糕已經融融地<sssss>食物,服務同價錢不合比例,無下次!"
3,"最近一個月要喺威院返工，所以多左去附近搵食。發現呢度有間泰國餐廳，門面睇落唔錯，感覺應該係正宗，膽粗粗走去試下！睇一睇餐牌，價錢合理，都可以接受。落完order, 上菜都算快。<sssss>串燒 - 豬牛雞各兩串，d 肉唔乾，幾juicy，但牛有d 硬<sssss>咸蝦醬炒通菜 - 味道好濃好鹹，太油，同埋略嫌唔夠辣 (返到屋企要狂飲水，勁口渴！）<sssss>蝦餅 - 大大粒，係就係彈口，但炸得麻麻地，完全無蝦味<sssss>香芋炒飯 - 味道岩岩好，足料2個人食份量好多，食唔晒"
3,約左2個小妹妹食飯，但我遲大到，so sorry!口水雞: 個人唔太好雞，但都好嫩口肉碎欖菜乾煸約左2個小妹妹食飯，但我遲大到，so sorry!口水雞: 個人唔太好雞，但都好嫩口肉碎欖菜乾煸四季豆: 我仨都話好食👍皇朝小籠包: 8色，我試左其中3色，好似原味好d炒年糕: 正正常常鍋貼: 不過不失高力豆沙: 唔夠熱，爭少少<sssss><sssss><sssss><sssss>
3,"呢度主要食fusion 西餐，要一早book位，應該冇限時食個半中就唔使趕住走可以傾偈多陣，又有我夾糖幾得意。<sssss>海膽risotto好似98有成板，仲要幾新鮮冇苦味，抵食，但個飯略嫌creamy得滯，上面仲種左棵草，岩晒係牛既朋友。<sssss>salad sauce 係黑醋開胃啲，因為唔中意啲ham , no comment.呢度既服務都好friendly"
3,"朋友話呢度既WAFFLE 比咖X弄好味, 當然要黎試下係咪咁正!位置方面, 晚上9點係太子/深水步交界, 唔算好易搵, 由太子警察對面地鐵站遊盪左15分鐘終於搵到. 門面有點難想像係食WAFFLE, 因為比較似一間飲野既BAR, 面對馬路, 只有4,5張坐台, 唔算大. ORDER 左COFFEE, 同STRAWBERRY WAFFLE. COFFEE上有可愛既熊仔拉花, 味道香滑, 唔係得個樣!嗯, WAFFLE 質感鬆軟, 的確係可以比美咖啡弄呢!<sssss><sssss>"
3,<sssss>元創方開了這麼久都沒有來過，於是的起心肝同媽媽來看看。這麼近九記牛腩，見不是太多人，又個個都讚好吃，點都試試。叫了咖哩牛筋腩麵及牛腩麵。牛筋牛腩真的很入味也好嫩，只是湯太少，有點乾，別看碗細細，份量其實十足。如果不能吃辣的就不要吃咖哩了，個個都吃到汗流浹背呢。
3,我之前食過小龍蝦蛋沙律三文治，覺得幾OK，不過始終芒果比較健康，所以試下。果日星期六，放工去麥當勞買三文治，大約13:45左右，芒果三文治已賣剩半份，我要剩底果半份；小龍蝦系列三文治都有分1份($26)/半份($14)同垃圾食品唔同，所有三文治都係賣曬就無。龍蝦芒果最快售罄，大約中午就無，而龍蝦蛋沙律晚上，收工時間重剩少少。配搭清爽，只可惜芒果得果幾丁粒，食到最底就食到有沙律醬。雖然只有半份，不過就已食飽左我，彼為健康～如果可以供客人選擇走沙律醬多芒果更好。
3,見人推介，但真係沒想像中好吃！飯很細！一定要另加飯！薄餅更細，得一塊！如果這個價錢最少要兩塊！選了牛腩咖哩 ，不太有咖哩味！不過牛腩很淋！另叫左雞咖哩！雞很差，好像把雞煮熟就放上汁!汁～洋蔥味很重，不過我喜歡洋蔥味，如不喜歡就很難入口！<sssss><sssss><sssss><sssss>
3,"如女朋友行過新世紀,路過GREYHOUND入去飲杯野<sssss>叫左杯藍莓特飲,估唔到幾靚紫色加粉紅色,好靚飲起黎都唔錯,酸酸甜甜好好味莓味都幾勁,所以好好飲同埋好凍,凍冰冰好解喝不過差唔多成$50一杯,都幾貴"
3,那晚在皇后大道西開完會，人好累，想吃簡單一點就回家。我們一行兩人看到陳勤記，本來想吃鵝飯，結果還是抵擋不住點了幾款招牌菜 😋以前吃鹵水鵝都是鵝片，這次我們點了1/4下莊、另外還有煎蠔餅和芋茸香酥鴨、白飯和啤酒。下莊脂肪比較多，下次還是點鵝片好了。煎蠔餅的蠔很鮮甜，煎得恰到好處 👍。香酥鴨的主要成份是芋茸，味道很好，有驚喜！不過埋單價錢是有些意外，因為要計茶芥及加一，比酒樓還要貴，結果兩個人要$550 😱<sssss><sssss><sssss>
3,用半價優惠預約左6點，5點57分去到，餐廳職員沒有邀請入座竹，而係話餐廳仲有3分鐘先開門，要等+食風。總括而言，無半價係唔會去食，地點偏遠，坐位唔舒適。上菜都夠快，但味道不值原價。<sssss><sssss>
3,之前食過幾間傳統齋鋪，都覺得唔係咁啱食，今次朋友介紹呢間，佢話完全唔同架喎😁<sssss>因為敏感，成世都唔食得蝦，嚟齋鋪梗係一定要食蝦啦，假蝦好似冇真蝦咁爽(上一次意外食蝦已經十幾年前)<sssss>假大腸 - 又係成世都唔食嘅嘢，望落好似，但本身唔係裝便便，所以食得好放心😅味道可以<sssss>梳乎里 - 濕咗D，好快塌落嚟，但味道唔錯
3,中伏，想飲湯，入來見有麵食就以為好似之前太子既餃子店都會有湯底。佢問我咩辣我都覺奇怪，來到碗野都唔知咩湯底  佢地話淨餃先有湯，麵係麵湯底，激死~大家如果入去唔好食麵啦，成$39碗仲唔係佢既招牌湯底      <sssss>我點了椰菜雲耳水餃，我唔覺特別好吃，不過一定唔差。反而我欣賞佢地任食既前菜酸蘿蔔，食到停唔到口
3,"見假期,就落樓下商場食個早餐,記得朋友提過有間懷舊餐廳,便去試下,叫左個沙嗲牛麵早餐加奶茶。抵讚牛肉麵軟滑,已經很讚。食完去收銀比錢,見到收銀掛住同其他人傾計,到收錢就好似遊雲咁,又找錯錢,唔係我出聲,佢都唔知,重要勁無禮貌望住我,下次再去幫襯都幾難。未訓醒就回家訓,都唔明點會請個咁樣的人收錢,其他餐廳都識道歉啦！佢勁唔順望住我囉！咩態度??<sssss><sssss><sssss><sssss>"
3,平時行過無留意呢間食店，但見有咁多笑面就買ｄ包試吓。菠蘿包新鮮熱辣幾好食，但唔夠甜、蛋撻皮薄鬆脆，但唔夠香。但價錢唔算貴，行街街肚仔餓都食得過。
3,"和友人到深水步行電腦商場...行到下午有的肚餓。於是友人介紹到公和吃豆腐花, 但冇位...最後來到維記吃咖央多.咖央多咖央味道ok...有的唔夠濃....同埋咖央太少.我以前係太子源源牛奶公司吃的咖央結得夠濃...塗得又多....下次會要求加多的咖央.如果有一小片牛油(不是人造)會更正, cholesterol? who cares?維記的比義順的貨色好.凍檸水不過不失.$38 2人...絕對可以下次有機會會試牛肉麵.~"
3,宵夜時段有特價，朋友話好抵結果夜麻麻食韓燒 😂 有啲誇張<sssss>砌得好靚嘅豬肉 🌸<sssss>唔捨得拆散佢哋 😂😂😂<sssss>仲叫咗隻醬油蟹嚟食 🦀 真係好瘋狂又豐富嘅宵夜 😂燒肉同醬油蟹都好啱送飯 👅👅👅
3,2個人食，2個都叫左set lunch生牛肉湯河。 另外叫鮮蝦豬肉米紙卷。 原來係得蝦，冇豬肉架。米紙卷份量5多。湯河1般， 不過都大碗。 不過5洗等位，lunch食都ok<sssss><sssss>
3,一大班朋友打完波，狂叫小食米綫炒飯，好食又抵食！一向知道九龍城多不同種類食店，但估不到價錢竟然可以如此平！一餸米綫$31一碗，砂鍋雞絲米綫$36，香辣/鹵水雞中翼$20有3隻，飲品一律$16包括特飲，還有很多小食又平又好食，仲要免收加一服務費，可惜態度就相對差啲，舉手叫人好耐至睇到，問嘢回答又唔清唔楚，希望下次再食會有改善啦！<sssss>
3,"十個人左右黎食, 7點左右唔駛等位~個拚盤幾好食, 可以一試~叫晒果三個擔擔面, 有辣、唔辣同麻辣, 但係就一d都唔辣..淨係好多花生醬..仲有個雲白肉, 都係一d都唔辣..其他野冇乜特別, d waiter 就好鬼煩, 逐個逐黎sell 呢樣果樣, 有d disturb...個黃金餅黎果陣, 個waiter 唔小心將d餅""線"" 晒落枱面, 佢竟然o係我地面前用筷子夾番上碟就算, 真係唔搵經理黎都唔得.."
3,十月中旬‧晴來這裡多數喝咖啡，但是日要找個地方工作又來，見這裡的好幾款咖啡都已飲勻，又對新出的松露系列沒有什麼興趣，就來一杯。杏仁味道來自另加的杏粒，杏仁一粒粒都幾大粒，浸了茶之後不脆，腍腍的很怪。茶不濃，浸浸下撈到個沒線的茶包，更怪。甜甜的，下次還是喝回咖啡，或是索性跟朱古力好了。<sssss><sssss>
3,"今日去漁農美食嘉年華之前，來個late lunch, 點了蒜香野菌扁意粉跟奶茶。奶茶上枱，賣相有點倒胃，應該是盒裝常溫奶倒到最後的後果。<sssss>意粉有點乾身，可能關乎已過了正常午餐時段，被擱置了一段時間。廚師只略略炒過意粉，溫度只是微暖，我已經把意粉拌勻，但味道依然有些淡，有些適中，可取的只有這裡的意粉不太油和價錢親民。<sssss><sssss><sssss>"
3,慢活，固名思義就知道係要慢，姐係上菜慢，食野要慢，香港人嘅生活腳步需要放慢！第一次食慢活工業，點菜外，上菜慢，因為係慢煮，即叫即煮，所以心急趕時間嘅朋友要唸清楚先去食啦！味道嘗可，份量偏少，最鐘意係支手工啤酒，好多特色嘅手工啤酒，最欣賞！服務都唔錯，本身坐緊高巴台，見大台無人坐，一開聲店員就幫手安排，仲幫手搬埋餐具<sssss><sssss><sssss><sssss><sssss><sssss>
3,大致上的味道只有3種！鹹、麻、甜！較重口味！未必適合不太辣的朋友！而上菜方面，非常快，沒有漏單！開頭以為都要等一段時間、計落單起，大概5分鐘以有蔬菜先到、其次肉類、最後海鮮！但味到鹹味太重，蓋過所有本身食物的味道、例如芝士豪，芝士反而無味、只有好重的鹽味，這方面稍為失色！但都有待改進！而焦糖蕃茄，也只有糖的甜味，而失落番茄的酸甜味！但也值得一讚的是水份，沒有燒到乾，還保留到蔬菜的水份、肉類的汁等⋯以大量的燒烤和速度算不錯的選擇！但味道還有待加強！服務體貼！
3,"無無聊聊自己去搵野食, 行過ruby突然間好想食就入左去, 等左10分鐘左右就有位, 相比平時等位既時間短.坐低叫左個昆黑松露扁意粉, 呢個係露筍黑松露醬同芝士拌扁意粉, 黑松露既香味好濃郁, 配埋露筍加多一份清新感, 芝士同松露醬油膩感減半, 食多少少都唔怕."
3,"成日都想搵個地方可以夜晚食點心, 於是就去呢間試下啦!!點心既款式唔係太多, 都係茶樓既一般貨色::豐料糯米雞:: 都叫做足料既，不過唔算大隻牛肉腸粉:: 不知所謂, 腸粉搽左一大層油, 應該係蒸定晒o係度, 而且腸粉質感太厚唯一值得一讚既係個馬拉糕, 除左o係大榮華同鴻星之外，都好耐冇食過咁鬆軟既馬拉糕俾個膠杯裝杯超普通既茶都竟然要收$2茶錢, 好心啦!!"
3,牛肉餅都好多人講左油餅我覺得都唔差不過麵就真係唔踮
3,"是晚同家人飯聚,6點打嚟book枱竟然仲有位,1行8人,有2個小朋支,呢到竟然大小同價,出面其他冇位,唯有試下呢到冷盤最出色,新鮮,有長腳蟹,龍蝦,翡翠螺熱盤一般,略嫌選擇唔多,雖另有天婦羅,燒物,剌身等order,但質素一般甜品,失望,好睇唔好食人手唔夠,想搵個人斟水都難,碟又收唔切...俾咁貴換嚟只屬一般既食物及服務!!"
3,身為抹茶fans的我，到路過發現這間雪糕店，決定飯後來一杯甜品選了最便宜的抹茶牛奶混合的筒裝雪糕，小試牛刀。<sssss>份量很大，正常一個女仔比較難吃完吧？味道還可，但質地是沙冰？莫非此店標榜的是抹茶沙冰？不滑之餘還融化得很快，吃到一半就開始流下來了。除了大杯之外，就沒有特別之處了。本人還是喜歡香滑的雪糕，所以下次不會再光顧了。
3,"地方狹窄，侍應黑口黑面，毫無服務可言。集以上所有原素於一身，仍能人山人海，相信此食店的食物水準都會有番咁上下。事先聲明，我對米線一向都冇咩好感。只是有求於人，而朋友又想食米線，我才去湊一湊熱鬧。我叫了火腿雞肉豬潤米線，而朋友則點了豬扒米線。先講材料，火腿有好多片，而且幾厚身，算唔錯；豬潤也幾好，雞肉雖夠""淋""，但口感總是差點點。米線?我覺得和一般街外的米線舖差不多，無甚特別。環境實在太差，食兩啖就會被人撞一撞，吃也吃得不暢快。"
3,"我地兩大一小童去食lunch buffet, 從未見過咁多人,可能小童係free,所以張張枱都有一至兩個小朋友.熱食有很多,如生滾粥,粉,鐵板,印度pizza等,仲有其他dessert有雪榚,水果,木槺布甸,芒果布甸,芒果梳乎里,蛋榚,白朱古力嘖泉,豆腐花,等頭盤有生蚝,魚生,壽司,salad 等由於小童免費,所以無咩特別食物,但都ok,一家人可以消磨一個上午都ok的<sssss><sssss><sssss><sssss><sssss><sssss><sssss><sssss>"
3,"見深水埗添好運新開限,咪趁無咁多人知去試下la, 話晒都米芝連介紹,當晚叫左糯米雞, 蝦餃, 四季豆餃, 蘿蔔糕, 真係好普通, 好多酒樓都做到咁既水準,唔洗排咁耐隊, 最好食係酥皮义燒飽, 比一般酒樓好,好香,好軟熟."
3,梨沙律-因為自己中意食芝士，所以覺得唔錯Caeser Salad-味道同平時食既有點唔通，好似有D魚油味響汁裏面0甘煙肉白汁意粉-煙肉切到一粒粒，很細很細牛油果蝦-牛油果響芝士上面，但食落有點苦苦地很想試拒地甜品，但已經好飽了總結：食物味道同平時食既好唔同，有特色，但好唔好味就見人見志
3,"<sssss>即叫即炸, 所以需要等下. 好夠熱又香口, 蝦肉爽彈好味. 唔點甜辣醬都夠味.少人可以叫半客, 好貼心既做法, 唔怕食唔哂, 分量岩岩好.<sssss>又係即叫即整, 所以好熱而且脆卜卜. 一上枱好香陣陣牛油香. 雞翼咸左少少. 送飯麵/啤酒就一流啦.同樣少人就叫半客, 不過有D唔夠喉, 可以叫多D.<sssss>好夠獲氣, 牛肉軟嫩好咬, 又有牛味. 金邊粉夠乾身. 好足料夠哂大碟. 有6小碗.不過碟底點都係多油d.<sssss><sssss>"
3,"成年冇去...好掛住d水煮牛肉....上星期就專登諗住過去買外賣返屋企嘆...以前未行到間鋪就已經聞到陣陣香味...而家咩味都冇.再望望...人都唔同晒. 就知轉左手. 就係咁..就只係買左盒泡椒鳳爪try try....果然真係冇以前咁好食了. 不過有樣野係keep到既...就係繼續用發泡膠, 好唔環保...衛生依舊惡劣...以後我諗都未必會再去了."
3,"隱藏喺鬧市一隅嘅懷舊小食店，最出名嘅火鴨脾完全無令我失望，真係好入味，搭上幾口翅真係好好食！至於名之所在嘅狗仔粉我就覺得一般，糊仔咁會好飽肚，無食過可以試下。但佢啲魚皮餃同燒賣就一般般無咩特別。但另一十分值得一試嘅係黑白隻丸，四粒都炸得啱啱好，十分juicy,比我再去多次一定食返啲丸！<sssss><sssss>"
3,"見到呢度既食評咁好當然想來試試看，實在令人太失望，首先座位好逼都不要緊，但不能容忍既係服務員的態度。首先當然試試斑斕馬拉糕，但完全無斑斕味，而且又不鬆軟，好似濕左好耐咁。<sssss>然後就想說說竹筒飯，雞無咩肉又不入味，啲飯係紅米飯，但少少汁都無好乾。<sssss>叉燒腸粉我覺得啲粉太厚了吧<sssss>小漢堡真係一啖食左，幾特別<sssss>最後就係個梅酒豬手，第一次食豬手有""蘇""味都算幾失敗，不會再來<sssss>"
3,/<TeaWood>🍛古早香腸肉燥飯▪️👉🏾依個好食呀😍超仲2台灣腸。個外皮烤得好香脆，但味道偏咸左少少。🌸份量不算得多，肉燥汁都夠撈晒成個飯，有d肉碎同冬菇粒，但陣醬油味偏甜甜地會好食d。🌸配料仲有d蒜片，青瓜粒，滷水蛋，香菜。但味道普通。<sssss>
3,果次去咗鑽石山金滿庭，吃了千張豆腐和其他的吃。侍應說要30-45分鐘。感覺耐咗點，問何解？回應就，因為豆腐要切。我見都係嘅，覺得合理，見圖也美觀，所以等一下吧。約40分鐘到來，時間無問題，但碟菜唔似樣（見圖），就找經理問問。他說實物跟圖有少少出入，梗係架勒！我問這也算少少？他答：係呀，圖有蝦干，碟菜也有（他似乎知道主要問題所在了，好快就拉下閂）我說，真果碟的蝦干差回找不到呢，他回答就唔係呀。大家評評吧。<sssss>
3,"星期六食 lunch, 未坐低已經講定限坐2小時....ok 看下有幾特別啦.....叫左pizza同焗豬扒飯.........寫住係main course,但個size....豬扒飯=一隻BB plate size,味道係正常,呢個價錢食到2個一哥焗豬扒啦pizza=直徑連一把餐刀都唔夠.....味道都好普通,個餅底好像餅乾咁埋單$130唔知食左d咩.....<sssss>"
3,炸雞扒飯d雞扒煎到脆脆，好好味。份量都ok.   火車頭湯河d牛展好好味。湯底1般。 d餸同面既份量都大。要等1陣位。 lunch個餐牌好多選擇，下次可以再encore. <sssss><sssss><sssss><sssss>
3,"呢幾年韓劇大熱, 連韓國餐廳都吹起熱潮來~於是去左韓食快餐店,今次ORDER了韓燒牛肉飯張MENU上面無寫係SET  , 而且價錢甘平仲以為得韓燒牛肉加飯就甘,原來每個飯/粉絲都包埋泡菜、薯仔沙律同埋大白菜湯, 先說說大白菜湯,非常之重既胡椒味, 飲左幾啖覺得有點喉嚨痕,都係唔飲了….而薯仔沙律ge薯仔仲係好生好硬,所以都係一般般, 反而泡菜有少少甜甜辣辣, 撈飯不錯。至於燒牛肉就不過不失,牛肉煮得好淋身,  好夠味,  如果更加多D汁就更好了。平平地都算唔錯既<sssss><sssss>"
3,白高湯米粉配竹笙金腿百花卷- 湯底魚味濃、薄身，微腥。以杞子作點緻，悅目，但味淡不甜- 竹笙金腿百花卷味清淡，竹笙不爽口亦不過腍，沒蝦味，不彈牙，最突出的是甘香的豬肉味- 米粉吸湯*XO醬不太辣，蝦米沒什麼味道，帶油香<sssss>
3,有一日路過元朗西鐵，站見到易拉架宣傳，相片看來好似唔錯，就搵日放工去試下。叫了一碟小時候炸酥肉，應該是炸豬頸肉，肉不過不失，肉有灑上辣椒粉，餐牌又沒有注明，食得好痛苦，大部份交給朋友解決。另外，酥肉厚厚炸粉包裹住原粒黑椒，應該是黑椒吧，看上去太嘔心我全都挑出來了。這個不會再吃。主食點了個酸菜紅燒肉麵，麵是類似上海幼麵，質感不錯，軟硬適中，但我比較喜歡吃軟，所以應該對不少人來說這麵是偏軟的。肉和湯底正常，如果公司附近冇選擇我會再光顧，但元朗美食太多，所以這餐廳試一次就好了。
3,"店名：GUM ""JENG!"" X 御前上茶地址 : 旺角廣華街13號廣輝大廈地下4-5號舖好味指數：7.5／10價錢：$44抺茶焙茶拿鐵霜淇淋<sssss>抺茶味道不算醇厚，但口感仍是可以的。焙茶味道較濃，因此味道更為突出。倒入自家製抹茶拿鐵，味道頓時提升。店名：GUM ""JENG!"" X 御前上茶地址 : 旺角廣華街13號廣輝大廈地下4-5號舖好味指數：7／10價錢：$40抹茶拿鐵豆腐飲<sssss>用新鮮全脂奶 、抹茶 、豆腐布甸整成，豆腐入口都算滑，抹茶味道可以更濃，份量唔多。"
3,十分同意樓下3位板友的評價，這間譚仔的旗艦店水準好像下降了上幾星期叫了一碗例牌的雙拼清湯底雲南米線，清湯湯底已經失去了昔日的鮮甜；只是一碗水準普通的米線，也談不上可口鮮甜的招牌湯底去了那裏？？雙拼的豬肉牛丸則尚可，沒有甚麼特別評價本來想叫多一碟土匪雞翼吃，但也沒有胃口了我起初以為只是個別的水準失手而已，上來Openrice 一看，肯定不是偶然了連埋小弟的這一篇，已經是四連食評了從上次光顧所見，雖然店內仍算客似雲來，但如果連招牌貨也失色，恐怕食客亦隨之而去
3,"夜媽媽收工，周圍揾間舒服啲嘅食下dinner,得自己一個人。。。俾個名吸引左入去。六十蚊水準不過不失啦～碟意粉都有誠意嘅，都多菇吖，蜆仔同帶子，仲有舊黑松露大大part仲有跟埋塊蒜蓉包又有熱飲，掋哂啦～員工服務都可以，係成碟嘢其中有一粒帶子零零舍舍唔同顏色，唔係好敢食個粒其他都不錯，塊蒜蓉包我仲拎左意粉嘅黑松露叠埋一齊食<sssss>"
3,三個人share一碗$31既米線，因為要留肚去松記，哈。碗麵唔抵食，唔夠好，如果叫兩碗普通size既米線share會抵d同飽d。唔會再食$31既米線，食返普通size。
3,"今日同兩個fd三個人食左:燒烤拼盤$460 - 貴夾唔好食,燒排骨...太乾,燒雞...太""鞋"",牛扒...明明話五成熟,但燒得太熟,羊架...無羶味凱撒雞沙律$108 - 個醬汁幾好味,但D雞都係太""鞋""辣雞翼$76 - 小小辣,我幾鍾意個汁既味道焗薯皮$72 - 唔夠芝士味洋蔥圈$52 - 垃圾,未食過咁難食既洋蔥圈睇左之前幾篇食評都覺得佢地服務差,但我又唔覺得佢地既服務有問題喎<sssss>"
3,見評價唔錯就lunch time去左試下午時平晚市好多但野食選擇都差唔多 肉類牛幾部份都有幾種可揀 仲有湯圓？刺身拼盤船三文魚都質素ok 仲有甜蝦等牛部份有肉汁 可以燒出網紋既好似好吸引咁榴蓮炸彈內裡濃郁 但比較油膩 其他炸物質素一般仲有壽司🍣 一般啦不過整體環境唔錯 服務幾好 上菜好快 價錢合理 係尖沙咀地帶算係唔錯既選擇～<sssss><sssss><sssss><sssss>
3,香港朋友大堆的燒鵝店。🔆1/4燒鵝。白飯。豆乳空心菜。凍檸茶🔆💳本次消費：HK$209。一對小情侶。🔅燒鵝腿挺不錯的！皮脆多汁！🔅服務也親切。店員很貼心的多拿一個小碗給我們。🔅只有白飯👸🏼我不太喜歡（泰國米）。但是👲🏻蠻愛的。<sssss>
3,唔知係咩自己點錯野 所以覺得3樣都麻麻 🍢招牌chaochao餃子$23 8隻🍢入面應該係豬肉餡 但size真係手指尾咁細 唔夠過癮😢賞佢底層煎得薄脆但皮嘅其他部分少少濕 淋淋地 分開唔到啲餃子🙊🍢蟹肉海老特長餃子🍢呢個還可 蟹肉同海老都塞滿成條餃子👍但鮮味差少少 或者可以加強調味🍢洋蔥餃子配山芋芥末醬$52🍢洋蔥味唔突出 餃子口感軟淋淋 山芋泥亦係軟淋淋而且夠搶味 所以...味道同口感都食唔慣😢<sssss><sssss><sssss><sssss>
3,呢排泰國人上身，勁食泰菜琴日食lunch一於試下呢間商場泰菜~要set加小食，如下：香矛豬扒飯：D豬扒好香，唔會炸到好乾身，有肉質，驚喜海南雞飯：油飯質素麻麻，D汁料OK，略欠正宗，但D雞確幾滑，份量OK，食得過蝦餅：OK啦，味道可以，未至好彈牙蒜蓉牛油雞翼：皮胸肉嫩，合格呢個價錢質素午餐於觀塘，算食得過<sssss><sssss>
3,左轉右轉還是轉到這...之前一定會點韓國壽司，佢係係香港我食過最好食既紫菜飯卷之一，正宗泡菜mix牛肉最好味，不過份量太少唔可以當正餐，所以點了牛肉石頭飯，賣相幾好，牛肉之上打了生蛋配角有芽菜茄子等等...放在邊位，加了少少辣醬撈均後飯身比較濕，我比較鐘意乾身D，少少辣，但整體係好味的。<sssss>
3,聽了太耐話佢係由澳洲裡請人的，去到叫個早餐時我認得有個後生仔侍應係澳洲的，挖角傳聞似真有其事。Anyway...這些story都與他的食物質素無關，不過那後生仔侍應比起係澳洲時真的改了不少，有禮貌得多...不過都不太好個種看回食物質素火腿通: 沒有澳洲的濃厚金寶味，通係可以不淋多士+炒蛋: 多士係內軟不過內唔夠脆...炒蛋唔夠香又不夠熱凍檸茶: 個人喜觀濃d個隻...ok 收貨$26早餐的食物質素只算是好一般啦<sssss><sssss><sssss>
3,"之前曾吃過武士拉麵,感覺實在一流,今天試試另一人氣拉麵店,感覺卻相形見拙<sssss>湯底還不錯,味道不濃不淡,剛剛好但麵底不夠煙韌,拉麵的致命傷,還好份量算是多,算是挽回不小分數由於湯底不錯,我把湯喝完算是致敬<sssss>炸雞軟骨則完全不行,炸味太強,而且不夠脆不夠香口希望下次會有改善"
3,突然想食芝麻糕，咁岩又係附近，於是便過去望望。好多糕點，好多都想食，不過食唔到咁多，而且友人話曾經試過這裏白糖糕，偏酸不討好，所以都係買芝麻糕就算。因為在家附近沒有芝麻糕賣呢。<sssss><sssss>芝麻糕，好似係要磅下重來計錢的，有8層，每一層都好容易分開，食落有淡消的芝麻香，不算太甜，不過呢，食之前，可能放入雪櫃雪一雪會比較好，因為我買到返屋企先食，都相隔左幾個鐘，食個陣好似有少少溶溶地的感覺，整體來說，都唔錯的，這舊芝麻糕要$12，略嫌貴了一點，如果有細件買會比較好呢。
3,"本來想食越南粉, 可惜今日(31-Oct)冇開, 而順道行去試新野. 今晚叫咗個扎肉冬陰公金邊粉. 一心諗住係食開嘅香濃冬陰公湯底, 識食一定係飲啖湯先, 點知個冬陰公湯好似溝咗水咁, 淡咗啲喎! 不過唔知係咪一分錢一分貨嘅關係, 結果求求其其食完晒啲金邊粉同札肉就走. 如果問我會唔會再黎? 我諗唔會喇."
3,"呢間食店係元朗開了一段時間,但係就大不如前.提子汁ok可以一試豬腳麵豬腳都夠味但唔夠以前多了.紅燒牛肉飯的牛肉明顯比以前少了好多,但都夠味.可惜今次已沒有芝士焗西蘭花,好失望.同和一般食店一樣,推出套餐.<sssss><sssss><sssss>"
3,多人食野係有d好處可以食多幾款8個人armarm好食左個8人set開頭驚唔夠，點知飽到呢...一嚟就牛肉餅先，多汁夠香夠熱好味炸蝦都有少少蝦味，個咖哩就有齊雞牛羊點埋薄餅正，牛羊都好食，不過雞就太乾有條甜酸魚，都好食，開番個胃賽螃蟹同個拼盤都ok ge個豆腐羹就普通八個人飯都無叫七百蚊都唔洗好食又抵服務都ok，我覺得，收銀幾nice咁不過地方就唔多乾淨
3,漏夜去九龍城搵食，其實都鎖定了幾個target去搵，呢間之前有雜誌介紹過，係好多粉麵類，好吸引。全部都有相睇，餐牌有d項目無翻譯，唔識睇。我叫了彩虹湯金邊粉，來到係好紅的一碗粉，應該叫彩紅先係。暖暖豬吃的是普通什丸湯粉，我覺得佢果碗好味d，而野飲選擇不多，所以無叫。見佢d飯類都幾吸引，同埋有個叫”遊船河”的，很得意。呢度好泰feel，侍應係泰國人，播放著泰歌mtv。鄰店亦是昌發，售乾貨同醬料等。臨走前見佢有部份湯底會用豬血做，好恐怖，再光臨的指數即時下降。
3,"RealFoodie最近忙少左update,  星期六忙裏偷閒同friend去食呢間So Thai So Good.系美麗華商場一樓，裝修得幾靚，環境唔錯，適合一班人一齊傾計食飯，可惜冇影相，大家可以睇埋其他食評啲相。同其他泰國餐廳啲野食差唔多，最吸引到我同班friend嘅系佢個芒果鮮蝦沙律配脆椰絲。賣相已經好特別， 啲芒果肉好甜好新鮮，仲有腰果同脆椰絲系入面，又爽又脆，啲芒果汁仲可以跟個人口味加入沙律，又有得玩又有得食，正。<sssss>"
3,星期六晚去都幾多人，等6張檯就有位算快。叫咗兩個餐，一個雞排章魚餅肉燥飯跟花枝丸，同埋一個豬軟骨肉燥飯跟炸玉子豆腐。<sssss><sssss><sssss>雞排不過不失但章魚餅就太細塊同無咩味，反而豬軟骨夠入味值得一試，花枝丸都OK但炸玉子豆腐唔夠熱又唔滑。另外個辣油都值得試，同個肉燥幾match。<sssss>Overall 黎講算好抵，最重要杯野飲夠大杯又多珍珠，飲埋超飽。<sssss>
3,以前番學可以一個星期日日早餐食麥當勞，依家雖然都仲係好中意食麥當勞，但就唔會甘頻密啦今日又黎食啦，點左板燒雞腿包餐，唔要薯條轉要粟米。<sssss>雞腿肉質嫩滑又好多汁，漢堡飽皮好軟不過蔬菜唔夠新鮮另外粟米一直係我必點之物粟米好甘甜環境方面：餐廳地方算寬敞，落地玻璃陽光會折射入餐廳，挺不錯。
3,"話說媽咪成日睇Jamie Oliver教煮野食~咁岩有一日兩母女去海港城行街就一於去朝聖下啦!!! 入到去環境的確唔錯，幾靚幾有feel，兩個人就叫左份扒同pizza，份量都可以既，坦白講野食真係好一般，pizza真係無咩味道好淡…不過淡濃呢D真係好個人！我同媽咪都覺得試完一次就算了, 未必會再有下次!! 而且都唔算平.. 咁既價錢真係唔係幾抵..<sssss><sssss>"
3,"放工聽完音樂會之後,經過在銅記排晒長龍既一蘭也同大家一起排起隊而來,等左起埋90mins左右終於有得品嚐下。試了之後 湯底燶而有味,湯中加了豚肉更顯鮮甜，但遺憾一點係麵的份量不能使我感到飽肚,價錢不過同日本吃一碗拉麵差唔多，但整體而言有機會都會再試。"
3,下午茶時間，最簡單就係食瑞士汁雞脾配沙律，可以食下野但唔會太飽，就唔使擔心食唔落dinner。綠豆椰汁冰好香椰汁奶香，綠豆蓉又可以比我咬下，唔會淨飲野咁悶，當然要杯野夠fresh好飲先得啦~ 朋友就叫紅豆冰，佢話啲紅豆夠大粒同甜，味道唔錯。<sssss>
3,"好多年無去過食，細路既時候同阿爸阿媽去得多，今日去開深水埗就帶老婆去食飯入到去都無乜點變過 裝修 叫返細路仔每個星期都食嘅蘿蔔糕，糯米雞，鮮竹卷 味道上感覺上叉左好多 反而老婆叫个馬拉糕 就有一啲驚喜(冇外面酒樓咁甜, 返去會再食)🤩四籠點心加埋茶錢都係＄80港紙有而家嘅環境來講 價錢真係好合理自從佢開多左分店後 身邊唔少朋友都話佢保持唔到以前嘅水準 自己食完一次之後 都可能短時間內唔會再返去 唔少餐廳攞完米之蓮之後就不停咁開分店令到食物水準不停咁下降 😢 <sssss>"
3,"上星期食過德勝米線後,己盤算著要試埋味滇味酸辣肥牛米線($28),首先配菜是和有酸菜,枝竹,蔥和肉碎,主角就是肥牛和大量滑滑米線.雖則說是酸辣,我覺得酸味唔突出,就算是酸菜味道也不是太酸,辣味己蓋醃了酸味了.肥牛好多,最少都有十塊.估唔到都有牛味喎!至於米線真係勁滑,份量多過上次的德勝米線啊!總括來說味道是不差,只是我還是喜歡上次的德勝米線多一點. 由於飲了凍飲加4元,合共32元<sssss>"
3,食左肚腩河....湯- 一般...腩- 腍..好味.....肚- 一般....油菜- 一般蘿蔔- 一般夠平...華姐又親切....行開都會食....但唔會專登去....P.S. 我都係鐘意大埔群記多D...
3,"一個燒味飯盒才16蚊, 叉燒最好味, 油雞都唔錯, 燒肉好一般, 盒入面條菜通常都食唔到因為好多泥!!!叉燒黎講係金華之外的另一選擇通常叉燒都好好味, 不過都試過一兩次失手, 同理的確太大件好以冇乜斫過咁"
3,一月差唔多試哂所有推介嘅burger店。。。。路經沙田諗住tea一tea，本身唔食牛嘅關係，恆爺嗌左個mushroom burger combo2份share，加左cheese同onion。真係勁多mushroom，個sauce味道不俗，恆爺話塊牛好厚都幾飽肚。粗身薯條熱辣辣加少少醋一齊食，perfect~最唔好係汽水太細杯喇‧‧‧‧
3,"唔係因為放大假,如果唔係睇完波,再如果唔係馬會比飲茶錢,我真係唔會五點幾係北區出中環飲茶,然後返歸,不過真係好熱鬧,但我竟然無食到我早茶至愛排骨飯同蝦餃喎?"
3,聞說由澳牛二代經營的茶餐廳，走中產路線（即係價錢唔平），但服務係澳牛級數。特餐有火腿炒蛋，多士，沙爹牛肉麵，飲品($52，凍飲加$2）是日茶餐有西多同紅豆冰（$38）。紅豆好大粒，夠甜，但淋d仲好。炒蛋同澳牛差不多但好似澳牛香d，多士夠厚好鬆軟，沙爹牛肉丁麵最驚喜因為湯底夠濃。反而奶茶就茶味太濃有點澀 。如果唔介意茶餐廳格局收五十幾蚊一餐，又想唔排隊地試下澳牛的食物，可以一試。<sssss><sssss><sssss><sssss><sssss>
3,"一行4人去到， 大概等位唔分鐘。坐低後叫左鴛鴦炒飯， 鹵味拼盆，巴辣雞(有一隻同半隻可以選擇， 我地叫左一隻)， 盬燒烏頭。鴛鴦炒飯個汁好味，好香。拼盆一般，唔會特別有驚喜。巴辣雞好好食， 停唔到口， 但對一般人黎講算幾辣， 只要有杯凍飲喺旁邊嘅，都可以食到， 嗜辣人士呢個難度應該無難道。烏頭好大條， 好似一個男士手臂咁大， 朋友覺得泥味重(河鮮嗰啲泥味), 我自己就唔係好覺， ok嘅。2男2女叫左以上食品， 最後食唔晒， 因為份量好多， 埋單125一位。"
3,星期六下午下班後專程和朋友去試試米芝連推薦的文記車仔麵。1:55pm來到，不算太多人，但重點是車仔麵的味道：不是特別好吃。好粗身QQ der蕃薯粉加三餸，價值$38。五粒豬紅非常爽滑，韭菜餃皮薄餡靚有肉汁好大的三只，魚皮餃都一般啦，加點辣醬就更惹味。但那湯底...雖然有點像豬骨牛骨的肥油，但那真比任何其他麵店的湯底都太油膩了。<sssss>至於朋友點的腩肉，鹹鹹的、肥肉偏多。牛肚較韌。<sssss>整體而言，我和朋友都認為一試無妨。若要大排長龍吃那車仔麵，那就不值得了。
3,"义燒飯 ....... HKD 26睇完電視亞蘇介紹, 再睇 OpenRice 食評, 見 D 义燒好似非常好味.  今日試了肥义燒飯, 真的好肥.  味道一般, 不算出色.  可能半肥义會好D."
3,"新年令人最期待的便是一家人齊齊整整、聚首一堂。食盆菜是一個很好的選擇。近年新年都會食大歡喜的盤菜。<sssss>呢個盆菜入面有蝦，有雞，有鮑魚片，不過我最鍾意食嘅都就係 炆五花肉, 啲肉超入味，送飯一流。另外，魚蛋、蘿蔔、魷魚、冬菇都好好味。魚蛋爽口、蘿蔔夠淋、魷魚唔 UN ! 正！！有長輩話門鱔乾好食，不過我覺得好多骨，不太喜歡。鮑片亦不太好，有燶味。盆菜分量非常多，我地十個人食到好飽，都剩返好多,估計15個人食都好足夠。"
3,同事帶我來試這間住宅區内的泰國菜館，裝修很普通但泰國人主理，同事很推薦。泰式豬手飯的豬手很淋，有些酸菜，味道也好。同事的炒金邊粉也很香啊！但注意很多食客排隊，故不能坐太耐！<sssss><sssss><sssss>
3,尖沙咀新開嘅呢間健康素食店，裝修簡約！不過冷氣來講就涼咗啲啦，好似長期比個風口位吹住咁，愈食愈凍<sssss>今次就試咗佢哋嘅午餐，黑松露大啡菇漢堡🍔望落其實都幾似一個牛肉漢堡，加入左紅菜頭，秋葵，蓮藕及藜麥等健康食材製作漢堡！食起黎爽脆，口感都幾有層次！另外仲夾有雲吞皮，配上鬆軟嘅麵包一齊食，都吾錯😊分量來講唔算好大，男人都未必食得飽<sssss><sssss>如果系跟餐嘅仲會配有一碗南瓜湯同番薯條沙律😊仲有杯是日精選有機/古樹冷泡茶🌿<sssss>
3,"21-2-2007創發未開便到南記, 一行十人剛好一檯, 叫了很多送, 只記得以下幾款:鹵鵝拼紅腸蝦蟹雙棗方魚蠔仔粥咸雞椒鹽豆腐不知是否剛過年後, 食物質素就一般, 很多食物都一早沽清, 失望。"
3,本身喜好食酸辣米線的我，會經常 四處找尋好味的米線，尤其是酸辣米線。平時到荃灣看到唯一雲貴川米線有很多人排隊，記得其網上評語也不錯，今天看到不用排隊便打算一試。知道腩肉出名，今日一試腩肉酸辣米線。叫了多酸少少辣，但是來到的米線卻一點也不酸。幸好我聽額外加酸，他們給了我一大碗酸汁，才感覺到酸度。而且湯面上厚厚一層的辣油，並非我喜愛，因此是日的米線實在令我失望。不過此家的腩肉的確好吃，煮得很入味及軟身，值得一讚，這家米線給腩肉喧賓奪主了呢！
3,"一向喜歡這個食店, 價格合理又好味; 當天坐下, 他們送上水來, 平時不覺, 當日的陽光卻正正反映了一片浮面的油, 是換好還是不要? 要是再送上來仍是如此, 又不要好像自己太要求, 所以退回算了; 到在樓面埋單, 告訴收銀沒有要茶, 她問也不問, 望也不望, 繼續邊在收銀機入數, 邊說無得唔要茶係跟位既; 本來區區$2沒大不了, 但他們寫的是茶茗2元, 甚麼叫跟位的; 基於她的回答態度, 我再說茶有油我都要要, 她才取消此收費. --> 印象差了, 下次喝他們的茶嗎"
3,"因為有 coupon 同之前打電話問過宵夜buffet 有咩食,聽落都好吸引咁,所以借某人生日為名就黎試下...一入到去酒店格局, 都算幾好既...食物種類都 ok 多既...生食既有 : 三文魚, 立魚, 各式沙拉,生蠔 - 唔知點解有少少苦 熟食既有 : 串燒帶子, 雞批, 炸蝦球, 炒粉麵.湯麵...(定時轉款, 敬請留意)講到甜品方面就真係多, 不過普普通通無咩特別, 仲要個 haagen dazs 得咖啡味... 唉"
3,之前上openrice搵下有咩好食餐廳，諗住同朋友一齊食，就見到呢間。見到佢咁多好評就以為應該都會幾好食啦，點知...完全兩回事。一去到見到間餐廳咁少人已經覺得奇怪，明明係食飯時間，唔洗等位就入到去食。我地一行人三個就叫左懷舊飯盒、炸醬麵同飯卷。份量超少，完全唔夠食，食完好似冇食過野落肚咁。個飯卷完全冇味，炸醬麵D炸醬有D稀，而且入面得幾舊薯仔。個飯盒味道不過不失，但係份量真係好少。好彩水唔洗收錢，不過要問佢攞先有。D野食都要四十幾、五十蚊，性價比極低，我以後唔會再去呢度食。
3,"一杯才$8.5,柯華田味雪糕，很多人排隊買，新口味還是有試的價值，反正行商場口痕，可以邊行邊食，同妹妹各買了一。杯雪糕老樣子，華田味唔算多重，會有粉同樣是柯華田口味，大小不一但食入口很黏牙<sssss>"
3,"又幾多o野食喎~ 仲有生蠔o添, 不過我無食~ <br>我唔知幾$$一個人, 不過兩個人埋單$21X~ <br>但係weekday 去都多人到...幾嘈~"
3,每次去旅行，都同男友黎依度食早餐先出發今次番到香港，明明個肚係日本已經食到好飽男友仲話餓，所以再黎左食我地叫左個二人餐一個叫飯<sssss>飯較意粉好味茄汁同啲飯煮得好入味當然梗係比唔上日本既野食啦男友就叫左蘑菇意粉意粉就好似味道唔太燶咁所以我地都無食晒成碟<sssss>之前係Delifrance 食過一個黑椒雞扒意，覺得都幾好味，但今次去到就無依樣野，希望佢再推出<sssss>
3,剛剛打去7月份平日都要$388一位得8.5拆=$329.8+38.8=$368.6真係唔多值!質數已經越來越差!!!仲不斷係咁加價!!!!d生蠔去一次細隻過一次.....蟹腳去一次霉過一次.....翠螺去一次霉過一次.....dessert去一次少款過一次......總括我覺得好唔值!!!!!
3,平時鐘意米綫食既我，點會錯過雲南阿老表黑羊湯鍋米綫叫咗佢地既羊肉米綫。佢地既羊肉有分大碗同細碗。湯底非常清甜，好香羊肉味。羊肉份量好多，切得夠簿，口感軟滑鬆化，有少少羊羶味。米綫唔會太淋，食完一碗好飽。<sssss>
3,前排PPFood同媽媽去開銅鑼灣 見食飽冇野做 加上時間又尚早 所以就食左呢間好耐冇食嘅京林屋🤗平時黎呢道都係食佢嘅抹茶製品多 今次就轉轉新口味 食焙茶製品👇🏻👇🏻👇🏻呢個特濃焙茶雪山（$98）<sssss>喺堆到滿滿嘅焙茶冰上面仲有球雪糕😸 食落味道都可以 但焙茶味就唔算好重🤔 最大問題係由於佢碟太細而啲冰又太高 所以食果陣好易跌曬出來🤦🏻‍♂️🤦🏻‍♀️ 變得浪費🙈🙈 然而真係要小心翼翼咁食😹 整體而言算係不過不失 但價錢都係略貴😣 試過就可以了！
3,"今晚屋企人想食意粉，所以係OpenRice 揾好嘢食，見食評都不錯，所以今晚一行三人選擇左呢間試下，我地叫了一粉意粉,pizza跟沙律，最離譜碟煙三文魚凱撒沙律，成碟只得一種菜.煙三文魚.麵包，收$93，離曬譜，超揾笨，唔會再幫襯👎<sssss><sssss><sssss><sssss>"
3,我係一名拉面控，一蘭拉麵喺日本好出名，既然黎到香港，就去試食下啦！碗面一上枱，得2塊叉燒，薄到我以為自己食雞泡魚刺身，薄到透光。個湯底望落唔油膩，以為應該唔錯啦！點知只係飲左3匙，個面都未食完就已經喉嚨痛，落單時選擇嘅係淡味湯底，真係好失望。呢個價錢食碗齋面，仲要份量勁少，仲要排隊，排長龍。一定唔會再幫襯。<sssss>
3,本人奢辣，在香港品嚐過不少川味美食，其中最愛的是酸辣粉，久聞傷心酸辣粉大名，前幾天剛好路過便進去吃lunch，和友人點了二人套餐，叫了皇牌口水雞，涼拌海帶和涼拌豬肚，另有兩碗酸辣粉，點了中辣。可是酸辣粉的辣味全是靠辣油，雖是辣，但完全沒有川菜「麻」的感受，肉碎也不夠味，更像肉餅剁溶了。唯一較好的祇有口水雞，但我覺得西九龍的酸辣雞較為優勝。至於酸辣粉，比不上深水埗的味川，如無必要，應該不會再吃。
3,蜆仔risotto<sssss>D飯好硬唔係歐洲式硬係堅硬蜆味濃Garlic bread<sssss>quite nice!!!Mixed mushroom soup<sssss>very足料!!!!very good!!!!Caser Salad<sssss>very fresh!<sssss>service very slow...
3,都唔知自己食左D咩！唔可以話難食，但同韓國料理重有好遠嘅路外國人可能接受啦！但我就不懂欣賞！可以唔洗食佢 自己番屋企煮都一樣味嫁！由其佢個牛肉烏冬，出前一丁豬骨湯底，烏冬是酸的，其實用急凍烏冬成本也不高，何解要搞到咁呢？ 重要收$129 完全唔知道邊度值$129。難道$129 幾片牛𦟌，真是不得了。（好似大約$129）<sssss>好在個豬肉伴飯叫正常/ 炸蝦卷  ok 啦！不過都係現成買回店加熱<sssss><sssss>好在叫得唔多 如果唔係，我絶對唔會手下留情。
3,"早前Lady M黎到香港，好多港女一窩蜂走去排隊食。最近見好似無咁hit,買兩件黎試下，點知無驚喜囉！<sssss>正常嘅crepe cake,cream係幼滑，但未至於要排晒隊食唔會太甜，crepes煎得好靚。栗子嘅cake好新鮮，不過cream太多。d cream似就咁whipping cream打起就搽落去，甜味係由crepes帶出。呢個價錢食咁普通嘅crepes cake,我不如食x公甜品嘅榴蓮千層蛋糕，食到有足料榴蓮，唔係精油，好過呢個cream味咁重。"
3,"服務：一坐低個餐牌都未睇完,就有個亞叔不段走埋問我地食咩,我地話未睇完,佢就係甘叫我地點套餐,好似吾想人散叫甘！之後叫佢加水,佢又扮聽吾到….食到中段, 有個亞珠媽走埋嚟見我地重有碟肉未燒,就2話不說成碟倒左落個爐到,我地係黎食烤肉吾係炒肉啊！8點未夠又有個亞珠媽嚟想攞走桌上既碟(當時碟上重有食物),我哋話仲要㗎！佢先放低,洗吾洗趕成甘啊,訂位時確認可以食到8點20分,重有成半個鐘先夠鐘,趕客趕到...食物：韓式炒粉絲分量少,烤肉厚度比一般薄價錢不平，服務態度超差,咁樣做生意真係好鬼離譜！"
3,放lunch walk in去食 點左個川辣牛展麵 牛展鹵水味差少少(可能我重口味)個湯就得d一點點紅油但唔辣 整體賣相幾靚 菜+牛展+菜放面 麵+湯做底 每塊牛展都切得幾薄 刀工ok 但整體黎講 物非所值(可能我冇點出名ge菜啦)
3,放假返天水圍同媽咪飲茶..雖然我自己plan左'為阿b寫夠100篇'計劃..道理上應該把握機會..吃什麼都照寫..不過本著普通飲茶沒特別就完全沒打算寫..怎知.. <sssss>這個菠蘿叉燒包實在太過份..雖然我知'稻香集團'出名平..但..平不代表可以無質素嘛..外觀看上去都沒問題..一咬..我口中肯定是沒叉燒..再看看包子..'um..差不多是空的..只有極微量叉燒在底吧..'我和弟弟都笑了..想點呢???下次可否不要這麼孤寒好嘛?^^
3,EXP 係比較凍，因為skating rink 就在隔離！兩個人叫咗兩個面食同一個小食。牛舌真係無得頂，好軟滑，帶少少牛蘇味，無渣，正！西蘭花闊條面—我本人覺得好香西蘭花味，清清地，闊條面吸晒D汁，好正。不過友人嫌佢太單調。牛肉炒粿條—其實同炒牛河無分別，只係換成了粿條，口感麻麻，因為有D韌，要咀嚼好耐，而且粿條無河粉咁易吸味，所以味道偏淡。總括來說，食物ok，勝在地點夠方便。
3,之前吃過數字筲箕灣店覺得不錯，今次打算試旺角店。點了常餐：火腿煎蛋+多士+火腿通+熱奶茶。火腿通：湯底略淡，通粉不入味，好一般。火腿煎蛋多士：多士唔熱，煎蛋好濕，不知是油還是水。熱奶茶：不香不滑。因筲箕灣店之奶茶不錯，有期望之下，極為失望。總結：分店果然有分別。
3,今日晚餐突然想食吓韓燒，咁岩經過見到原來星期一至四都做梗半價😧咁就入去試試喇！地方都幾闊落下我哋3個人叫咗7樣主食加1款甜品。<sssss>先嚟香蔥牛舌，味道可以不過有啲un<sssss>燒雞翼，味道普通不過燒耐少少可以皮脆肉嫩<sssss>未經腌製，普普通通可以唔叫嘅！<sssss>大蝦真係最抵食燒完都好正！<sssss>因爲唔太夠飽叫咗個腌製嘅牛肋骨比未經腌製嘅好食<sssss>最後嚟個清新水冷麵(牛肉湯)味道有驚喜，佢有啲水果喺面，加埋少少醋總括嚟講都可以喺半價時候一試嘅
3,<sssss><sssss>牛肉紅薯粉 ﹣ 宜家d 粉分量少左，但係牛肉都幾多！<sssss>麻辣皮蛋﹣每次來到比叫，d 汁好惹味！<sssss>土匪雞翼﹣即叫即做嘅雞翼，上台熱辣辣，黑芝麻好香，配合辣椒粉孜然粉甚有燒烤嘅風味！
3,晚上得番我和媽媽吃晚飯，所以決定不煮了。落巴士(富欣站)就有這家吃米線的~簡簡單單吃一碗就好~這裡有得吃我喜歡的紅薯粉 >< ! 這家的酸辣湯偏辣多點~不過怕辣的我還是吃得到。另外配料有芽茶、酸菜、韮菜、蔥、芫茜，這些加埋份量足的紅薯粉其實都幾飽肚。<sssss><sssss><sssss>不過都點了一個 -  來當餸~切得超薄~師傅果然好刀功 QAQ!爽脆的豬耳口感十足~怕不夠味的可點旁邊的辣油 (不過個人覺得本身個汁已經甜甜地，其實已經夠味。)<sssss><sssss>
3,已經超過十年沒有到此店，原因是現在不需要在此區出現。以前時常都來吃米線，當時米線店舖不像現在舉目皆是。今次都是吃我的至愛─炸醬雞絲米線及汽雞。風味是一樣！汽雞仍是很入味，雲耳很多亦索滿了汁。曾經試過幾家的雲南食店，那些汽雞不是我杯茶！跟著就放棄了，相反米線你可以有很多選擇。炸醬雞絲米線仍是我喜歡的口味！綜觀而言，仍可保持風味實在不俗。但實在太逼了！
3,五種冰 $40 評分: 7/10 此食評專俾🍹: #冰控 一一一一一一一一一一一一一 <sssss>天氣咁鬼熱，今次嚟太安樓梗係食冰啦🤤黑糖刨冰有10幾種配料可以選擇，3款就$34🙊我就揀咗五款😍包括芋圓，布丁，地瓜，紅豆，芋頭😋芋圓幾有口感，好煙韌👍🏻芋頭口感綿密😋冰底大大碗，另外加$2就有煉奶😍大愛😍但個黑糖好快就遮住煉奶味lu🤤整體還不錯，適合2人sweet住食喔<sssss><sssss>大大碗冰，配料都幾多架
3,返工既lunch因應又凍又落雨，完全唔想行得遠就去左78食<sssss><sssss>雞丼，五十大洋。已經是最平的餐。女士份量ok ，大食男士未必夠樣子不錯，不過味道麻麻，雞肉有雪味又肥下次我還是去茶記。<sssss>
3,行經九龍城，引唔住去咗Ceres Boulangerie et Patisserie，又想試新野! 今次買咗Mango Panna Cotta，味道真的普通，芒果味略帶酸了一點，奶凍亦不夠滑，但面頭的芝士味忌廉香味濃郁，確實加分!  我想，都是roll好食一點啊!<sssss>
3,個海南雞飯買成36蚊，唔算平，呢個價錢可以有更好選擇，o的雞肉好“鞋”，點o個個汁唔夠味，黃薑飯略硬及乾，不過我老公個lunch set 咖哩牛肉飯佢話幾好wor！
3,雖然下雨天，但因為母親大人想試下這間外表具有特色的餐館，所以早一星期已訂位~首先食左兩款乳鴿，龍華乳鴿就比教熱&香口，而豉油味乳鴿就唔係太熱&冇咩特別~<sssss>雞粥粥底都算綿，但雞就比較咸&唔夠滑~<sssss>雜菜煲水準同其他餐廳差不多，煲內魚塊味道唔錯~<sssss>最後食左原味豆腐花，味道幾好，最特別係用帶有桂花味的糖水一齊食 <sssss>
3,自從係臺灣返黎之後 就好掛住台灣既食物例如滷肉飯，燉排骨， 各種滷水小食 聽朋友講上環開左一間台式小食既鋪頭，就梗係黎一解相思之苦<sssss>先叫左一個小食滷水蛋滷水豬耳鹵水蛋非常入味 係蛋上面加上濃汁鹵水豬耳外層就非常冧身，脆骨都keep到<sssss>我朝思夜想的魯肉飯雖然無台灣好味， 但係都可以拎黎頂住癮先， 滷肉唔夠入味注意： 如果太多人排隊，只可以有30分鐘時間食
3,"30-May-2007來這裏的原因當然是自助餐無位!Raviloli Regular: 意大利雲吞, 莧菜餡。一般啦, 帕來雪藏即食貨不會好食到那裏。Pasta Regular: 太座品評為一般, 我覺得主要是它們用的意粉貨色是太普通啦, 在酒店供應給客人就有點兒那個。Melanzance(s) pizza: 還可以算合格有餘, 即叫即做即焗, 怎樣也不會太差。Kronenbourg Draft: 全晚最高分!"
3,晚上七點幾八點鐘，眼見間間都要排隊，但係只係功德林唔洗排，餓餓地就兩條友入去試一試。<sssss>叫左個冷面感覺幾好，可能個人本身都鍾意食，仲有７種醬自己撈，不錯。只係２種配菜味太濃。<sssss>個菜都裹可以，但係咕嚕肉就真係比較普通，感覺係同平時食開的格格不入。侍應都幾有效率。總體黎講，都係貴左少少
3,"收工得閒，知道佐敦多小店，專程嚟呢一帶揾食。今次目標係食日本拉麵，最後揀咗呢間 《熊拉麵》。鋪頭細細，基本上係一定要搭枱。不過整體都OK, 未至於手臂貼手臂咁坐。樓面以年輕人為主。好有禮貌。白熊拉麵湯底OK, 夠味，但感覺味道略為單調，質感有少少稀薄。叉燒OK, 但太薄切，而且得一片。麵條我了普通硬度，但都係偏淋。<sssss>外皮唔夠香口。餡料OK, 份量足夠，味道亦恰到好處。<sssss>整體算幾好，但還有很多地方有待改善。<sssss><sssss><sssss><sssss>"
3,知道有這間店時已經想試，適逢約了朋友到沙田一聚，便選了在這一試，跟朋友分別點了冬蔭功嘅米線及咖哩豬扒配酥餅，冬蔭功選bb辣，我吃辣的程度不算很高，可以接受，湯底辣辣酸酸不錯，但感覺沒特別，而咖哩豬扒選了一隻辣椒辣度嘅黄咖哩，點著餅來吃好好味，豬扒肉不鞋也不干，這比我預期中好，略嫌坐得不太舒服，地方比較迫，但整體還算可以<sssss><sssss>
3,"見咁多人 like 以為有好野，點知同我想像中幾唔同。。坐嘅地方係幾好嘅，幾適合三五知己去傾下偈！menu 選擇唔多，除咗西班牙菜仲有其他 fusion 菜式。點咗最多人叫嘅雞翼，西班牙炒飯同pizza，每樣嘅份量都唔多，兩個女仔都應該食得哂。先講雞翼，真的無乜特別，只不過係炸完加蜜糖汁咁。雖然我未食過西班牙炒飯，但係照估計應該唔係呢種味道，味道唔濃遍淡又唔夠香，感覺似滲咗水嘅湯。反而pizza, 中規中矩餅底夠脆，又會話食完好熱氣咁！"
3,食左個鹽酥雞排肉燥湯麵，鹽酥雞炸得很脆，十分香口，入面的雞肉偏乾，味道略咸，未必是我自己最鍾意既味道。湯麵方面，肉燥是做得幾好的，不會過肥，也挺香，但肉燥還是和飯一起吃比較好呀...。湯底不是很咸，清清的幾合我既口味。至於麵，則質地略彈，其餘沒有甚麼特別。
3,"今日第一次同友人去旺角泰妃雞, 間餐廳環境超唔得! 好焗好熱兼樓底好矮.  友人原本想叫2人餐, 最平都要$218, 覚得少貴, 但18：00後先有. 所以最後只點了兩個$41半隻海南雞反, 加$5 轉脾.  我cough 得好厲害, 原本不想叫凍飲但裡面真係焗....唯有叫個侍應走冰响我點個杯凍桔蜜....點知送來嗰時不但冇走冰仲大大粒tim.... 海南雞飯啲雞幾好, 真的幾香!  但飯就硬了少許. <sssss>"
3,被食客既食評吸引，就來試下食lunch。睇完d相，就點左火炙三色魚丼～個沙律幾新鮮，仲有d豆腐粒，湯都幾唔錯。最surprised 係除了有3款魚生外仲有魚子，睇個餐牌真係睇唔出！師父燒d魚生既時候傳出好香既燒魚味，都幾開胃，可惜味道不如香味。我個人覺得三文魚同左口魚背都可以，魚子都ok唔腥，但吞拿就有d腥... 唯有用d醃蘿蔔同牛旁送左佢...😅Overall 個set 都可以啦，以銅鑼灣咁貴租來計$138都算不過不失啦。<sssss>
3,<sssss><sssss><sssss><sssss><sssss>環境類似私房菜，又話會員制不過我估係因應商廈嘅法列規定人頭$240，又限制住幾多個冷盤同熱菜係有啲唔多like不過食物係唔錯---指辣菜未入門口已經嗅到陣辣味水煮個香味真係好好食食到1條芽菜都無剩但係唔辣果D呢，就認真麻麻地如果忽然好想食水煮野，都有回頭！
3,"見openrice d comment 都ok，走黎試下。唔駛等位，就可以直接坐底叫野食。我地叫左cabonara 同煙三文魚三文治，份量都ok, 2個人食，超飽。個cabonara整得唔錯，好好味，仲好足料，但個三文治既伴碟薯條就麻麻地，太淋，太粉。<sssss>"
3,本身好鍾意食米線既關係我會經常性去食譚仔既雞絲/墨丸/炸醬酸辣米線所以今次西環覓食當然唔少得米線見到門口貼滿報導<sssss>據說呢度有特大辣(麻辣)喜歡辣既朋友可以挑戰下唔洗諗 我即刻入去試下<sssss><sssss>點左其中招牌菜豬扒酸辣米線<sssss>豬扒份量多 係厚切既軟硬適中味道印象唔深刻米線係偏軟身既份量唔太多食到尾口腔會有種淡淡麻既感覺唔知係味精定係咩另外點左凍檸茶味道怪怪的同事話似係涼茶味但$36有米線加大大塊豬扒係不錯吃的只係有其他選擇我唔會簡佢禁囉
3,"臨時來一餐簡單的週年晚飯，就近近地去荃灣食，餐湯夠熱，味道ok,前菜沙津都幾好，呢間豬手唔算好大隻，都冇酸菜伴碟，但都算脆皮肉嫩，豬肋排味道一般，而且有D老，比難難咬開，另外點左一碟魷魚小食，炸粉太多，整體一般，但服務好好<sssss><sssss><sssss><sssss><sssss>"
3,"同屋企人食完飯, 過左黎呢到食糖水.叫左個楊枝甘露$32, 材料有沙田柚粒, 西柚粒, 芒果粒, 西米等, 食落唔會太酸, d芒果粒好甜, 呢碗楊枝甘露好足料, d材料意外地好新鮮, 糖水又唔會太甜, 成醜碗野甜甜地酸酸地, 食完唔會濟.整體黎講, 只係價錢覺得有d貴, 其他都唔錯既."
3,"差不多年多沒有到此店, 今日經過, 趁著沒有人排隊就走進店裡. 我一向最喜歡這店的清湯底, 而且麵亦很有咬口. 但今次卻有點失望.我們二人點了, 1) 九州拉麵, 2) 清湯底拉麵, 3) 棒餃子. 令人失望的是, 麵條是比以前的幼, 不彈牙, 我的清湯底拉麵, 湯不夠熱, 沒有以前的那麼香. 棒餃子煎得很像樣, 但餡料一般.水準是下降了."
3,"尋日放學同男友去食,炸醬+魚蛋+腩肉$25(他)雞肉$21(我)秘製雞翼$6.5炸醬,魚蛋,腩肉都好一般,雞肉就夠林又唔鞋但冇雞味,唔似食緊雞肉,係咪為左整林d肉而落得太多梳打粉??米線好林,我最憎食林既米線...要讚既係湯幾清,食完唔口渴。秘製雞翼幾大隻,開頭以為個味道係秘製,點知原來係個炸漿,唔覺係咩秘製,因為呢種炸漿係炸鮮奶球同炸魷魚鬚度出現過,非常脆非常熱氣,炸到咁實好食格。唔係突別好食,應該唔會再幫襯了。暫時個人認為餸+米線+湯都做得好既係深水步既新昌隆。<sssss>"
3,"最終叫到傻鬼有陪我去重慶大廈食印度野...7:30pm來要等到差不多8時才可以入座食野..真係好多人呀.2個人叫左2年素咖哩角~應該即叫即炸, 但唔油架..好香口一客新德里薄餅~一客有4塊, 有少少蛋係入面咁都唔油, 不過我覺得要配佢地d咖哩先好味啦..因為就咁食我就覺得無咩味道.叫左鐵版雞塊同埋椰汁咖哩魚...2樣都好新鮮, d雞肉又唔會鞋口, 亞傻鬼仲話係用新鮮雞做架..(我就食唔出)...不過d魚就真係鮮啦唔似用冷藏魚做..不過佢地d咖哩汁係橙橙地色架..又唔辣..."
3,"同事推薦，盡管一吃！午餐時間訂了位，不用等(後來發現不訂位，也不用等)先來三個冰凍椰青，夠冰！好喝又解喝！再來個昭拍椰拼盤，有蝦餅、魚丸、春卷，味道正常，不夠熱！然後一個招牌南瓜咖哩軟殻蟹，咖哩冇咖哩味，不辣不香，軟殻蟹已腍，不熱。冬陰功Ok,有一只大蝦、一些菇，湯用爐溫著，夠熱！蟹肉炒飯，應該說是用蟹柳比較恰當，蟹肉只佔少量！最後的芒果糯米飯，糯米澆上跟椰汁，芒果夠甜，這餐飯上最好吃的是這個，"
3,"開始覺得三哥既米線冇之前咁好味了外賣可能會差d...今次堂食..<sssss><sssss>叫左個糊辣湯底, 小辣~ 唔太辣~ 幾重糊椒味. <sssss>要左鮮當菇, 幾新鮮~雞肉普通~食完覺得好重味精...確實冇之前咁好食了"
3,樓上嘅川善就去過，呢間原來都係上環值得一去嘅餐廳，裝修簡單，坐得舒服，Lunch set有唔少選擇，叫咗帶子意大利粉，個汁無乜味，帶子好細粒，只可以話啲意粉幾有口感，唔會太乾太濕，另外叫咗南瓜意大利飯，一上檯見個碗咁細仲以為食唔飽，但係因為好多芝士，其實好滯，意大利煮得啱啱好，一粒粒食唔停，個餐湯都係南瓜湯，不過無乜南瓜味，但係以喺上環用呢個價錢食到咁嘅質素嘅西餐，已經算係唔錯<sssss><sssss><sssss>
3,"去ikea行都一定幫襯cafe, 一黎平, 二黎好like佢既肉丸~~肉丸加薯丸再加上gravy同紅梅醬, 真係好好食, 不過呢次d野食唔多夠熱~~老公叫左煙火腿意粉,都係一貫大大份, 味道就一般~~<sssss><sssss>雞翼12蚊4隻, 薯條9蚊1大碟, 食完都飽無朋友~~<sssss>呢度d食物有d都幾參差下,不過以性價比黎講, 仍然會繼續幫襯~~"
3,"有晚特登拉朋友陪我去試, 不過就有少少失望. 2個人叫了2 件牛肉餅, 一個咖哩羊腩飯, 同埋一個麻醬雞絲麵. 麵先來, 第一啖覺得好香, 麻醬夠濃, 幾好味, 不過食多幾啖就開始覺得漿住喉嚨, 想飲茶; 咖哩羊腩飯, 咖哩幾辣, 我就覺得幾好, 不過朋友就唔欣賞, 話味太濃?! 至於大家讚好的牛肉餅, 的確係熱辣辣, 仲有好濃好濃的牛肉味, 不過唔知點解我同朋友都唔喜歡它味道太濃, 所以唔會再為牛肉餅而來, 不過我都仲有興趣試羊肉春卷的.呢晚伙計的態度又唔錯喎."
3,"一篇essay,所以踏足好耐冇黎既尖咀去呢度係同行朋友既意思奶油多:唔係話唔好,只不過唔洗專登試下次會食西多,好似幾吸引茄牛撈蛋麵:模樣=嘔吐物,味道:住家式與我在家弄的差不多老實說,可能對它期望過大分別是平日我沒下牛肉1.你可預先用碗盛著以幾個蕃茄捏出的汁液2.然後將那些被你'摧殘'的蕃茄切塊/片3.燒小量開水然後下蛋漿4.再加半熟透公仔麵,調味料,蕃茄糊狀物如果大家冇時間去星座可以試下呢個方法頂住癮先絕對可以做到果種creamy既效果上路了<sssss><sssss>"
3,"沙田鼎泰豐入內覺得机明窗淨 ,環境舒適,服務員有禮貌，送來的鐵觀音茶淡淡茶香,很清新，茶食也很透徹小籠包 $56 (6個) 賣相可以接受,但不夠飽滿，肉汁豐富,但鮮味不足,內裏的肉較散,欠彈性，包的上部較厚，感覺較差。<sssss>炸醬拌麵 $45面的賣相一般,但食落有咬口，夠彈性，可是味道較淡，肉與配料都是味道不足，加了少少番茄,雖提升了味道，但整體味道一般。<sssss>"
3,砵仔糕紅豆都是碎碎爛爛的也沒有紅豆味，糕質地沒Q彈的口感，可能粉落多水，好林pet pet，不用特意去買，非常失望，價錢也不便宜。<sssss>
3,小法包 $29(好食指數:9/10)22-1-2014<sssss>法包即叫即烘，烘得非常非常脆，咬下去脆得連麵包碎都飛出來!!!夾著腩肉、扎肉，醃過的紅蘿蔔絲等等餡料，再灑上黑椒。味道又酸又甜又鹹，又脆又香口，外熱內冷，極品三文治！
3,"今日經開油塘口痕痕想食中式菜，就去左試下呢間潮州菜。簡簡單單點了個套餐，刀拍青瓜、豬腳凍、碧綠川椒雞、咸骨大芥菜、方魚肉碎粥、椰汁紫米露。好味道個豬腳凍超正！！<sssss><sssss>好凍呀　又凍口感又正，好重豬肉鮮味。<sssss>咸骨大芥菜－普普通通<sssss>碧綠川椒雞、方魚肉碎粥－招牌潮州菜式，隻雞整得唔錯同以前食""潮江春""個款川椒雞差唔多。粥其實夠熱就好食。<sssss>椰汁紫米露，正！"
3,<sssss>黑椒蜜糖雞翼 ($58)雞翼烤得幾脆口，亦食到黑椒蜜糖味，不過略為無咩特別。<sssss><sssss>美式三重芝士漢堡 ($138)漢堡好大份，亦好厚身夠哂份量。不過漢堡排略為鞋口，但勝在好厚身。用上勁多芝士，口感好滑嫩。<sssss>檸香帶子意大利粉 ($118)意粉口感都幾al dente。不過食唔出有檸檬香。帶子大大粒，份量好足。
3,"今日老公入來搵我食lunch, 去到差d冇位開飯老公叫o左豉油豬扒飯(多菜) + 涷奶茶, 我就叫o左豉油雞亦炒公仔麵 + 涷檸茶豬扒飯: 有成二塊半咁多, 唔知點解今日會多o左半塊.....抵豉油雞亦炒公仔麵: 有5大隻雞亦, d公仔麵炒得好有獲氣, 等o左25分鐘都值得"
3,星期二晚上六點九來到不用排隊良久沒幫襯的我們發現快餐已加價至廿八元只好慨嘆'乜都加！'這裡的炒蛋多士依然係全港最好的叉燒意粉味道非常港式，亦是我懷念的味道越夜越多人排隊侍應安排數位客人排在我們的卡位旁等候接近吃完，侍應竟說：　「幫幫忙，快快食完快快走人，你就就人地，下次就番你」出言趕客，都係第一次見迫於無奈即刻走人，望望鐘，未夠７點等候的客人亦覺不好意思，連聲向我們道謝食左都唔夠十五分鐘，何必弄至如此尷尬呢？
3,再次來食，第三次。百香果綠茶個味好奇怪，太淡味，唔多覺有百香果同綠茶茶香。咖喱顏色鮮艷，聞唔到咖喱味，食落去幾特別，但個咖喱味就唔重，汁好細滑，整體賣相唔錯，配菜青瓜唔爽，淋左d，無麥味，以為係酸酸味味，點知別有一番味道....<sssss><sssss>
3,"係長沙灣咁偏門位置,唔近地鐵站，黎到呢間餐廳，幾百蚊有齊頭盤，主菜，甜品，好抵食最好味係黑松露薯條，食完一次又一次停唔到口已經黎過幾次，對上一次係聖誕節黎，全場都係聖誕裝飾，好明顯店主有心機不過沙律就好一般，唔太新鮮甜品心太軟都好好味😁另一唔鐘意，對上一次係收cash only 唔太方便<sssss><sssss><sssss><sssss><sssss><sssss>"
3,太古城食肆大變改，嚐新。我特別喜歡這類西式裝潢及燈光設計，舒適雅觀，色調也很配合。坐位很少，很有小餐店的氣氛，不像身處大型商場。餐湯用紙杯盛載，實在不欣賞。麵包很好，香軟。意大利飯材料稍為薄弱。燉肉--肉像煲湯豬肉一般口感，那個鍋很保溫。<sssss><sssss><sssss><sssss><sssss><sssss>
3,"腸粉燒賣: 啲腸粉都幾滑既, 但係就覺得厚得滯, 所以會令到佢變得好似唔滑咁. 真係好多醬, 但係個鼓油就太喊, 食完好口渴. 至於個燒賣我就覺得完全唔得囉, 好似未熟咁, 口感好奇怪, 又食唔到有魚蓉??!!!! 仲有好多肥膏係入面, 唔好味...........可能我唔識欣賞卦??!!"
3,"昨晚8 時獨個兒在荃灣, 食怎麼好?點了 五香牛肉拉麵   ( 牛肉幾好味, 拉麵好彈牙,  但湯底較咸)豆漿    ( 有D少少酸味,不知是否天氣熱) 下次再幫襯的機會...應該唔多."
3,要幫男朋友去深水埗買D野，順便嘆埋個下午茶先走人雖然呢間餐廳出名在芝士鐵板飯，但晏就時間食，又好似怪怪的最後叫左蕃茄濃湯意粉配雞翼<sssss>湯比較淡，蕃茄味只屬淡淡意粉雖然滑溜，但味道比較DRY<sssss>雞翼有四隻，都算良心小店煎炸得香脆，都好入味又無雪藏味，是OK的
3,"再體驗食野是主觀的事情本人覺得這店的食物不俗但老媽子就不太欣賞本人點了綠豆蓮子薏米百合味道同以前一樣好,不過蓮子好似少左老媽子點了蓮子龍眼肉燉百合試了一點,味道唔錯但她發現有些蓮子未除芯,百合又有些爛對這店的感覺更差"
3,"2017.01.15<sssss>公和叁寶 $14 荳漿 $6三寶包括豆腐 魚腐 豆卜各2件啲間舖頭係深水埗最出名的特色小店我以前都行過好多次但真係幫襯今次係第一次先講環境😞不太喜歡 人迫不在話下而且衛生問題也不太好😕味道也不見得特別出色同媽媽在街市買煎出來的差不多😅如果價錢平就能拎到""雪糕人""一席位我實在挺失望的公和荳品廠 💌深水埗北河街118號地下Mon-Fri: 0700-2100"
3,朋友相約到大頭蝦餐廳午膳，中午時間人頭湧湧，要上上層才有座位。<sssss>以前試過喇沙感覺很＂漏＂，但朋友每次必選擇海鮮喇沙，而我點了咖喱牛腩飯。<sssss>呢款喇沙材料甚豐，湯底有椰奶香味及帶點微辣，加上河粉令我感覺有點杰身，海鮮都尚算新鮮，份量也很足。<sssss>至於我既咖喱牛腩飯，咖哩味尚算香濃也帶點微辣，牛腩比薯仔多很多，本應暗喜但牛腩很鞋也很韌，吃剩多件沒有再吃下去了，薯仔唔粉，似唔係煮左好耐，飯粒略硬，整體比較失望。
3,突然下起雨來唯有係度避一避雨本來以為綠茶蛋糕都有配飲品原本係無的😔😔小小一塊的三角形蛋糕索價48元的確有點貴而且還要加一蛋糕的綠茶味濃帶點濕潤，不會太乾配鮮忌廉也不錯但性價比較低因為未至於48 元如果送埋飲品會較合理😢<sssss>
3,"dec 20, 08有點事來沙田辦,3人叫咗 : 2人餐1) 是日餐湯i) 什菜湯-都多料,夠酸味 ii) 忌廉湯-比較""杰""身-正常嘅creamy湯 2) 主菜i) 意國3色螺絲粉沙律-有螺絲枌(雖然唔多), 雞肉,煙3文魚,蘋果粒,菠蘿粒,桃粒,salami,菜同提子乾-ok ii) 挪威煙3文魚菠菜扁意粉-呢個夠晒creamy,淡忌廉味都濃-不錯,但都會幾膩吓-扁意粉也不算好腍 3) 餐飲i)凍咖啡ii) 熱咖啡<sssss><sssss><sssss>"
3,知道starbucks新出了乳酪飲品，今日逛街走累了就去買一杯兼順道休息。啫喱乳酪星冰樂有3種口味，樣樣都吸引，最後買了芒果味。乳酪很香滑，奶味突出，而且啫喱份量頗多，每啖都可以吃到滑溜溜的芒果啫喱，頗有口感，但啫喱本身的芒果味很淡，而且入面沒有任何果肉，所以芒果味道不太突出強烈。不過平心而論，味道不算差，兩人分享一杯，每人才$24都可以接受。<sssss>
3,同學聚會，有同學提起，營盤街有家店的雲南米綫和汽鍋雞非常好吃。馬上找個中午，直奔營盤街看個究竟。<sssss>首先要了招牌菜，黃鱔小鍋米綫。黃鱔豬皮參半，啡啡黑黑，色澤早已顯示了口味與清淡無緣，離重口味雖不中亦不遠。啖之，黃鱔堅實，據説食材是新鮮的，應該不容置疑。配角的豬皮吸汁了得，美味不下於主角黃鱔。小鍋米綫理應不辣，為著要好好襯托黃鱔，整鍋都變成微辣。單吃黃鱔豬皮，味道太濃烈，夾著清淡的米綫，渾然天成，堪稱最佳拍檔。
3,第二次食，上次叫了細杯，味道不錯，花茶都好飲，杯子又漂亮，所以第二次再幫襯。今次買了芒果大杯同新出的彩夢巴黎(蛋糕加水果)。芒果有d酸有d甜，不過都大大舊。食食下，食到沙冰倍置，食到有膠袋既野，拎去問店員係咩黎，店員唔好意思都無句，笑住答我係d吱袋嘴既膠袋黎，無野既。無奈左，一d道歉態度都無，仲覺得好正常咁。希望佢地會改善一下食物衛生。另外個杯彩夢巴黎還好，豐富d，有oreo，果肉，蛋糕，cream，但蛋糕有d硬同乾。<sssss>
3,本身入去個環境都幾好，但個開放式廚房真唔係唔知想點，光到咩咁，影響晒，之後叫左份牛扒5成熟，但一食落去完全過晒火，再睇睇啲肉既色，起碼7成已上，之後退番去個廚居然話係咁，個刻真係唔知講咩好其他食肉啲味就普普通通
3,每次到呢間騎呢野，都有貼錢買罪受既感覺。每次到係因有外地朋友來，因他們慕名想試，我才被迫幫襯，真係老襯。總之每次我出黎都頂住度氣啦! D人既態度真係空前絕後既惡劣，你未話食乜，就幫你決定。野食到左你仲未食，就係你附近滕黎滕去。你食慢d/同朋友講多兩句，就啤住你。你一食完喇咩，唔叫埋單就隊張單比你同你d 朋友中間。我覺得食物質素就一般啦，但食佢既服務都飽晒，d野食好唔好都唔重要啦!
3,有時每個月總有乾糧日子，係呢個時候除左要平之外，但又想有多d選擇，咁ikea就係一個好選擇!本人就叫左個小食拼盤，有蔬菜薯餅，腸仔，粟米，仲有炸雞塊，你話好食就一定唔係，但勝在多選擇，當中最好味就係蔬菜薯餅，而最唔好食就係炸雞塊，真心太乾同粉太厚!除左呢樣仲叫左個素食小丸，素丸味道不錯，如果可以配瑞士肉丸個種紅苺醬應該會比酸忌廉好，至於素肉丸底配既米飯我覺得就一般般~都係個句，健康既食物係味道的確健康d既~<sssss>
3,講呢度好，係價錢取勝，店員服務好親切，而食物方面就好一般。糖醋排骨，太甜了，而且肥肉也很多，要揀嚟食，肉也偏硬，姐姐在我身後勺起小排骨再放入微波爐叮，那一刻真係笑了。酸辣湯雲吞有四粒，一大碗湯，只可惜湯不酸也不辣。食剩很多，實在浪費了。賣單68元。<sssss><sssss>
3,帶小狗去何文田，狗狗去沖涼，我就去醫肚。見到這間裝修不錯便立即入去了，點知...侍應態度一般，黑口黑面。雞肉好硬好鞋，無雞味。麵包好硬，凍，好像自己焗的一樣。最後咖啡也沒有咖啡味，唉...<sssss>
3,鴨利洲都冇咩泰國菜館你揀。門口有泰國女人同大笨象，好易認。lunch 都full.入到去個個都叫冬蔭公湯河。 1試果然夠酸，岩哂我口味，都幾大碗下，仲有蝦蝦哈。 當然5少得我既最愛生菜肉碎包>3< 好大碟，不過嫌5夠酸同油左d.  拿，加d冬蔭公湯河d湯落去好味左好多。 加番d酸比佢 haha.  另外個泰式香葉炒飯都夠辣。 有辣椒見到。 太辣就同冰水1齊吞啦<sssss><sssss><sssss>
3,到荃灣shopping， 走累了看到扶手電梯的廣告到最上層層的餐廳<sssss>胡椒餅是一開四件，比較乾身用碎少量的豬肉加入調味和蔥做餡料有點胡椒香<sssss>羊肉薄餅： 羊肉碎太糊狀雖然沒有酥味但除了鹹味，沒有嘗出其他食材的味來。<sssss>小籠包一般，麵粉有點厚身。<sssss>黃金鍋巴充滿濃濃的蛋黃香味，米粒脆口。不錯！<sssss>雞絲冷麵，手撕的雞絲沒有太多雞皮伴有青瓜的爽脆配合麻醬冷麵調和芝麻粒很清香。<sssss>
3,"係咪真係又平又好食其實我又唔太覺喎叫左一個西蘭花闊面啲汁唔夠creamy, 食到咁上下覺得好單調另一個軟殼蟹牛油果卷可能我真係唔鐘意入面紫薑嗰陣味食落覺得味道有啲怪怪地咁另一個海鮮pizza, 冇乜特別, 味道普通對我黎講cheese唔夠係咪因為一間做多國菜既餐廳所以做啲菜式都唔夠專業?<sssss><sssss><sssss>"
3,話說琴日放假同個fd一齊去食華嫂冰室，地方係逼既，阿姐少惡，唔係好想落單咁。不過食左個招牌咸牛肉芝士豬仔包加凍柚子蜜，食得岀係有心思，起碼包皮有少脆內面係軟。而我fd食豬扒喇沙米加熱鴛鴦，佢都話唔錯既。佢話個豬扒整落似新鮮豬，都唔會似一般茶餐廳d豬咁硬同乾。不過唔知係咪d碗碟洗得唔乾淨而我地個腸胃又敏感，食完兩個鐘後翻到屋企，我地兩條友都痾到....，我同我個fd都成晚痾至少6次，就算幾好食都好，下次真係有得揀都寧願唔食茶記。。。<sssss>
3,"一個星期六下午到了阿龍吃午飯, 朋友一早告訴我鋪頭不大, 會坐得不大舒服, 但這并不重要, 我只覺得差不多近五十元一碟飯, 只有小小的肉和主要是用咖哩汁撈飯太不值."
3,午餐兩個人經過，見有團肉轉轉下，就入去試下士耳其食物！轉轉羊肉卷 - 羶味夠、有趙頭伊斯更達燒羊 - 醬汁味濃、羊味夾牛肉卷 - 帶牛味的春卷、鬆脆士耳其湯 - 帶少辣薯仔味湯沙立比（茶) - 玉桂香、入口濃滑<sssss><sssss><sssss><sssss><sssss><sssss> （Dessert)- 有趙頭、玉桂味
3,"澳洲牛奶公司聽就聽得多,一直都好想去試,今次終於有機會啦~去到見到門口有好多人排隊,我等左差唔多15分鐘先入到去~入到去係好典型既茶餐廳格局,啲位坐到好迫,而啲侍應好似唔多友善咁......一坐低就叫左個常餐，叫左炒蛋同意粉~佢個炒蛋果然好滑好香，比大家x好食好多,咁普通既野食都整得咁好味,勁!個意粉好彈牙,煮既時間岩岩好,我最怕食好硬既意粉,呢個真係正~食完啲侍應極快收哂我啲野,搞到我即刻走啦......雖然咁迫又食到好趕咁,不過真係好好味,我會再黎~"
3,"8月4日上機前和波波前來食飯, 10點鐘到...鹵水併盤 - 鹵水鵝, 鵝頸, 豆腐, 司華力腸??? 咁攪嘢??                   味道都ok..梅羔骨 - 酸酸甜甜幾好送飯一碟潮洲咸菜 - 唔夠酸唔夠咸另叫了個菜, 完全無味, 似白灼....服務態度幾差, 叫極又無人應....不值一去, 早知去burger king 重好...<sssss>"
3,今日同朋友行完街，經過見呢間王家沙唔洗等位，又好耐無食過上海菜就去試下。醉嘉美雞：雞肉幾嫩滑，而且皮薄唔肥膩，酒味亦唔算太過強烈，食落有微微既酒香，唔錯。酸辣湯餛飩:材料豐富，可惜個人覺得唔夠酸辣，有少少失望。餛飩皮比較薄，所以一夾就爛，不過餡料好足料，都可以一試。脆皮素鵝：外層腐皮煎到香脆又唔太乾身，配合我至愛既冬菇及木耳，食落更有口感好好味。豆沙窩餅：豆沙餡唔會過甜，餅皮亦唔會太厚，食落一Ｄ都唔覺油膩，唔錯既晚飯甜點。<sssss><sssss><sssss><sssss>
3,"我與大食友人開餐,二人唔太肚餓只點整體味道較為清淡,年糕軟滑,配料豐富,有紹菜,蝦仁,雞件冬菇等即叩即蒸,一籠有10隻,餡多而肉汁豐富,皮薄帶點點煙韌口感,有水準呀!<sssss><sssss>"
3,"平時多數都係同朋友來食晚餐順便食甜品,不過呢日我就突然feel到同同事來食午餐~午餐menu都有唔少選擇,最後我叫了平時唔會食的慢煮豬髀配牛油飯.<sssss>開頭我都擔心會食唔晒,呢份擔心絕隊係多餘.因為佢D飯其實好少,好少.不過個豬髀真係好食,好惹味,D汁又好開胃,用來撈飯真係秒殺D飯粒,亦令牛油飯D油膩感大大降低.<sssss>我覺得係唔錯,只係D煙肉少到睇唔到,同埋整體分量偏少,男仔可能會覺得唔夠飽,女仔就剛剛好,反正我唔食得太多澱粉,還可以接受gei~~<sssss>"
3,"今晚有親戚請去那兒飲, 諗注中環區都算係唔錯啦, 但在上菜時我們整台都很不滿意, 因為上到條魚時, 我們向服務員投訴話條魚蒸得唔係好熟, 她竟然無咩反應又無出聲就幫我地收左條魚, 雖然那味魚已吃了7成, 只欠中間少許唔熟, 但那服務員的態度實在唔掂, 原全好似啞左甘, 睬你都死甘, 實在令人對這店子失望,話晒都中環區, 服務員的質數都有番甘上下丫... 而且""潮江春""這類集團式酒家, 應該對員工有點要求, 真令人失望, 我就唔會再去幫襯呀, 無為貼錢買難受...><"
3,"同老公仔有一陣子沒有吃過Ikea了!很掛念它的肉丸!到了沙田,走到了Ikea吃tea...點了個的確很抵吃的$19就有十粒,而且還有幾粒小薯仔我很喜歡它的souce,味道香濃,和肉丸很match,而肉丸本身肉質煙韌,不錯不錯!加了一個,比較貴,$25,得薄薄的一大塊味道不太新鮮,而且過咸呢$7有一杯,可以無限添飲!這樣就過了個寫意的下午呢!<sssss><sssss><sssss>"
3,早前返工好喜歡走入元朗食飯，而每次經過此店，都會給門前一條條烤得微焦帶香的燒魚所吸引，而講真一個人根本食唔晒一條魚，而海南雞飯就係個人第二個目標。<sssss>店子不大，都是坐路邊食有風味得多，身邊行人如梭，有少許廟街感覺。<sssss>雞油飯出奇地無味，雖然賣相黃澄澄，望落幾吸引，但食落又唔係果一回事，雞件總算香滑，但份量少，女士食仲可以，自已正常都要食兩碗啦！下次雞就唔好攪，試下魚都仲得。<sssss>
3,"等了半小時便有位.進入店內, 原來店餔面積不大, 座位狹窄. 基本上, 一吃完便想快快離開.見只有味玉拉麵附有溏心蛋, 便要了一客. 老公叫了九州拉麵.麵質相當不錯, 很彈牙. 好好食!  但配料卻令人失望. 溏心蛋凍的, 味道又不夠. 只吃到蛋的柔軟, 但吃不到蛋的味道.味玉拉麵的肉粒, 非常硬, 不好吃.  九州拉麵內的叉燒也是硬的, 不好吃.麵及湯雖好味, 但各樣配料有待改善.<sssss><sssss>"
3,"第一次""幫襯"" 惠記已經是廿多年前仍然是年輕的我，仍記得當日一試難忘、老實㗕、呢到D食物並不是特別的出色，做法是粗枝大葉那種（~港式大排擋）。但親民的價格、隨意配搭餸菜的民眾味道。尤其是平時工作繁忙、午飯時約齊幾個朋友、叫碟燒鴨、咖哩羊肉加支大啤齊齊分享、盡把疲勞一掃而空！今天中午剛好落灣仔辦點事情、突然覺得好想再嚐一次老朋友的味道。12 點左右到達時已經坐滿了客，一個人叫咗碟燒鴨飯加個細咖哩羊，埋單 $81 ， 老友你重想有什麼要求呀？！"
3,如果唔係睇OPENICE都唔知有間”大叻”喺碧海藍天，不突止仲要喺AEON超級巿場二樓嘅深深處。<sssss>入番正題，之前食過其實大叻嘅粉麵﹑雞飯都唔錯。不過今次嘅香茅雞翼湯河有改進空間。雞翼炸至外皮金黃，咬落香口啖啖肉，當係小食的確唔錯；但清湯河粉味道太寡，如果唔係有少量芽菜同蔥花鋪喺面，真係成碗冇味。最後都係問咗侍應拎咗辣椒醬加色加味。
3,"喺我身邊最近呢間舖頭可以止到麻辣隱<sssss>冬菇麻辣薯粉,配菜全走大麻辣冬菇超厚肉超大隻超淋身,好濃冬菇味薯粉 好彈牙湯底好香夠麻辣仲叫咗一個蘿蔔清湯米線,配菜全走蘿蔔 真係好淋好入味又夠大嚿米線都爽滑"
3,餐牌只得很少選擇，菜式沒有想像中特別！意粉分量極少及過硬 味道尚可 但叫左杯蘋果甘荀冰沙，淡而無味🙁上菜速度還算快 廚房3個人 樓面卻得一個人招呼客人 所以根本應付不來。由於分量真系極少 甘既價錢唔系太值。到埋單 ，好彩睇下張單先 ，咪埋左人地枱張單😅不過埋單都真系耐左d。anyway個人認為有點中伏😅😅所以一次就夠了<sssss>
3,係韓國食過、又幾好食、知道香港開咗分店、所以去試吓😜😜。因為我地係行完街先去食、兩個女仔又晤想食到好飽飽咁、所以只係叫咗元祖奶奶雞（有蠔個款)🐔🐔同韓國比、味道有d分別、可能係我地選咗小辣、導致有晤同。不過、用料好新鮮、真係雞有雞味、蠔都有蠔味、而且洋蔥、薯仔呢d配菜好入味、仲好好味😋😋只係覺得份量無半份雞咁多、少咗dd。😌😌
3,係灣仔區搵平野食好難，搵到勝價比高更難，今日經過船街發現Double Tree既早餐好抵食，早餐選擇也很多，A-J餐各有不同，我就點算了H餐，兩款自選餸，五香肉丁和漢堡扒配米粉，另外這餐包多士、蛋和火腿，再加杯凍檸茶都是$36，CP值頗高，但溫馨提示早餐時段星期一至五早上11:00後暫停供應，星期六、日及假期中午12:00暫停供應，截單時間非常準時。坐在餐單內用餐，已眼見不少客進來想吃早餐，但侍應說已停，他們只好失望離開。<sssss><sssss>
3,因為在其他食肆無乜機會食蝦拉麵，所以叫了「櫻花蝦達人」。餐牌還有另一款蝦拉麵，因為是辣的，今次不考慮。拉麵賣相很豐富<sssss>麵：無乜麵味，鹼水味重。湯：濃稠，有蝦和豚味，有櫻花蝦在內。個人口味認為可以不下豚湯，純用蝦湯就好。現在蝦味唔夠鮮明。主要配料：除了粟米和蛋，有一隻連殼炸蝦，兩隻去頭去殼的蝦碌和一片蟹柳。連殼炸蝦好食，有鮮蝦味。去殼蝦碌雖然爽口，但毫無蝦味。蟹柳在第一口咬下時覺得「油益味」好重。整體算好食，但細節要改善。可再惠顧但要試其他款式。
3,未來茶木之前，覺得水果和餸菜是兩回事，不能混在一起。看著menu，發現每道菜裡面都有水果。本來很擔心味道會很怪，因為先前在網上看到有人用橙皮做菜。點了排骨，配搭的水果是菠蘿，算是正路，另一道菜是配芒果。肉類染上了水果的味道，但水果自己的味道仍在，沒有被影響，很清新。
3,店內裝修黑白兩色，店內電影海報真多！服務生都是年輕人。反正去過一次吃早餐。24元的套餐，包括火腿通粉、煎雙蛋、牛油多士、咖啡或茶。蛋可以選擇炒蛋或煎蛋，結果我選擇煎蛋，但煎蛋味道清淡…不適合我，早知應該點炒蛋配西多士，那該多完美呀，呵呵。通粉亦很清淡，真的還蠻適合做早餐的。因為是冰室，所以也提供三文治、麥片、通粉、多士和各類飲品。很多著西服同制服黎吃早餐的白領和售貨員。<sssss><sssss><sssss><sssss>
3,夜晚晚係深水步想食甜品，甜入心絕對係好選擇，平日開到1:00，啱哂熱愛宵夜甜品的朋友們。焦糖布甸椰皇子 $36<sssss>有心思的甜品很值得加分焦糖布甸既質感好滑嫩而且有濃濃的蛋香浸沉在椰奶內簡直一流表面薄薄的焦糖更是脆香底層用椰皇水做成啫喱，清爽得黎爽口而且甜甜地味道好天然加上椰子有厚厚的椰皇肉食落清甜好味令人深深愛上
3,今日去飲茶，居然BB要俾茶銭。個BB得17月大。就算食Buffet，都係3歳先要俾銭。
3,咁多人讚肉丸...咁我就去試下啦.19蚊10粒.佩埋薯片同茄汁.我覺得肉丸太鹹.食唔到肉味.薯片都係好普通.唔會再特登去食.但如果行到攰去坐下high tea都幾好既...
3,去完朋友屋企玩，朋友就帶左我黎呢間食，因為貪佢好多選擇，同埋有我至愛嘅酥皮湯飲去到都要係門口排一陣隊，不過都好快，係坐位有少少迫，但價錢真係好抵介紹下先酥皮湯好多海鮮，要加錢轉的<sssss>叫左蒜蓉包同沙律跟餐加錢<sssss>小食拼盤～味道一般啦<sssss>三文魚白汁意粉～我覺得太乾<sssss>韓式芝士炒飯<sssss>
3,今晚約了老公二人撐枱腳。見完客，遊蕩了一個小時剛好約定時段。工廈內不泛食肆，一間裝修簡潔的餐廳被我們選中了。簡簡單單的套餐有湯，有主菜，有甜品，只二百多，抵食。今日餐湯是忌廉南瓜，味道濃郁，好清甜。<sssss>主菜選了牛柳，相當不錯。肉汁飽滿，肉味夠。只可惜七成熟變了五成熟。<sssss>粒粒如乒乓球大小的泡扶好可愛，味道不太甜，份量剛好。<sssss>咖啡最好味，好香好濃。飲後餘韻重。<sssss>
3,聽個fd講話正咁順路行旺角咪黎試下囉10蚊串生腸係幾爽既但食落同普通果d冇分別但價錢真係貴成個dup 值唔值真係見仁見智喇...
3,話說幾星期前開始尋覓薑餅人先生...奇華雖有薑餅卻不是「人」只是普通的曲奇餅形狀沒有x'mas氣氛不是我想要的那位是日路經此處本想來杯mocha卻在counter位置發現了薑餅人先生!!!嘩~~~二話不說立即要了一位~!薑餅人先生樣子cutie~笑容滿面在此經濟環境下的x'mas依然可以24小時保持笑容!把他帶回家陪我渡過備戰的日子~23號才到期...沒有把他吃下去..味道評分方便不能作準~<sssss>
3,"呢到豬軟骨先至係極品. 軟骨大大件,唔會太硬,又唔會好似牛根咁淋,你o地下次一定要食啊!"
3,今次我地一行兩個半人去試吓韓仔風味。我地叫咗、沙律、炒年糕、海鮮豆腐禽鍋、仲有炸醬麵。沙律有蟹柳絲、青瓜絲、生菜、粟米、車尼茄、拌芝麻醬、味道唔算好特別、好多餐廳都會有既沙律、都ok啦👌👌炒年糕、有d似食豬腸粉加好多好多既辣醬咁、但又唔算好辣、年糕本身無味、真係要靠個醬先有味、都👌👌啦。海鮮豆腐鍋、海鮮好新鮮、再加咗已調味豬肉片、令到個湯底好鮮甜、d肉片仲好爽甜、鍋底有粉絲、如果唔飽、可加錢要白飯或者烏冬。最後、個炸醬麵、麵底好食、個醬似好濃味既麵豉醬加薯仔、肉碎、但佢又唔太咸、都幾好食。
3,<sssss>多年來。可算是最愛之一。畢竟甜甜的燒汁實在難以抗拒，麥當勞大部份的包種都是乾的。重推的第一天給自已買來一個過過口癮，老實說，近年的包包賣相確實有點醜，生菜醬汁一紙都是，而且製作包的時候都是upside-down製作，所以又要反過來吃，總之就是一手都係汁。幸好現在的通通都是即叫即製，拉上補下算了吧。自已沒有吃過玉子的一款，因為總覺得燒汁跟那蛋不會配合，而且一包有兩種醬又是怪怪的，還是忠於原味，如果稍後時間有Double將軍應該會吃得更開心。期待期待。<sssss>
3,同好姐妹食high tea，要有3層架，要沖壺花茶，仲要有靚影。所以搵到黎呢間，有tea食，仲有維港景色睇！同埋夠晒靜，啱我地傾下悄悄話<sssss>叫左個tea set，啲食物都好精緻，味道就普通，唔係太特別。尖沙咀，呢個價錢，加埋海景，都係值嘅！
3,"台灣既鼎泰豐就食得多, 香港既鼎泰豐真係第一次食~!等左30 分鐘, 終於有位~馬上點菜, 小籠包比不上台灣的味道~ 香港的味道不夠濃, 入面既湯不夠熱, 而且外面既皮又厚~再叫左酸辣湯, 入面有好多料, 好似豆腐, 肉絲, 鴨血等, 酸辣味剛好. 不錯.再黎一個蔥蛋炒飯, 看似最簡單既菜, 其實一D 都唔簡單~ 呢度水準都OK~ 蛋同蔥切得幼細, 炒得又香~ 辣味小黃瓜好爽口, 如果份量多少少就好喇~!紅燒牛肉面...點都係比唔上台灣既味道~ 香港的太味精..肉不夠, 面少. 名不符實~"
3,"如果不訂位, 那條每晚都有的人龍相信都要一段時間消化當然, 最想重溫的是這裡的雞!!<sssss>招牌原味的雞, 很大隻, 不過一放入口就有點失望, 雞不算很入味, 肉又不算很嫩滑<sssss>總於忍不住要點多隻雞, 這終於像樣了, 較為入味, 肉沒那麼'鞋', 拾回不少分數呢!<sssss>最緊要脆口及夠熱, 基本的這店都做到了, 是可讚的一碟炸大腸!"
3,一向喜愛吃餃子，和朋友在太子找東西吃，原本去一間深水埗也有分店的餃子店。來到荔枝角道，看見有餃子兩隻字的鋪頭，就很快坐下了。還笑着說很多人呢。怎要仔細察看，原來不是我們原定去的那間。也好，可以是新的餃子。我們叫了粟米香菇湯餃、芝士豬肉湯餃子、咖喱薯仔雞腳湯餃子。他的湯底很好渴，每隻餃子也很足料， 10分豐滿。還有他們秘製的菜圃😘不過，來這裏吃要有耐性，因為他們客人多，鋪頭細細，有時還需要坐在路邊吃。他們樓面只有兩個，煮的一個，真是結賬也要等。如喜愛吃餃子的你，一定不能錯過。
3,今朝由於想自己一個靜靜地食下早餐，做下自己野咁，就出左去kfc食下早餐。一去到我就叫左個7號餐，同埋為左唔要咁肥膩，所以將薯餅改左做多士。拎左野食我就即刻搵左個睇到街景嘅位坐低食野，講真食物嘅質素只屬一般，多士是凍的，唔夠脆，塊雞扒唔夠滑，有啲老，個蛋唔係滑蛋，煮得太熟喇，但係望住個街景，過一個悠閒嘅朝早都算係唔錯嘅。<sssss>
3,今日一行五人去左旺角鮮入圍煮打邊爐，一入餐廳，感覺很特別，好似去左室內大排檔咁，一張張的大圓槢枱配塑膠櫈，有一排海鮮檔攤，有很多新鮮活跳的海鮮供客人選購~我地叫左個花膠煲雞湯底，花膠份量都好多，建議先飲湯，一入口充滿花膠黏味，又不濃味，且雞味濃，值得一試。另一特色，就係花膠蝦丸，彈牙得黎又有蝦既鮮味，正!手切肥牛又係另一推介，脂肪比例平均，入口有濃濃牛肉味，入口即溶，正，五分滿分，是次晚飯我會俾3.5 分。
3,最鍾意試新野，但又驚排隊，所以一早6點鐘起身飛出黎銅鑼灣，點知都要等……等到頸都長，一黎試下個湯先，唔太咸，唔會好油膩，叉燒肉質ok，麵質ok糖心蛋- 熟在，完全無流心  嬲！仲要凍冰冰!整體ok，試一次夠了。<sssss><sssss><sssss><sssss><sssss><sssss><sssss>
3,"<sssss>星期六係銅鑼灣食晚飯,周圍都好多人排隊,難得見這間無人排隊,網上有咁多人讚,就入去一試.入內裝修似日本拉麵館,但座位比較窄,可能今日比較凍,無乜冷氣,比較焗.點左個辛辣炙燒豚肉味玉拉麵,濃底好""潔""唔辣,但食唔出豬骨湯底味,而且好油.豚肉燒得比較燶,無乜豚肉味.蛋係流心蛋,味道不錯.麵可選擇硬度,我點了適中,麵質彈牙.食飽後,有2粒雪糕糯米磁,糯米磁不是雪到好硬入唔到口那種,它是一來可入口,值得一讚."
3,天天都擠滿等位的食客，有咩咁吸引呢？這天下午五時半人不多，毋須等位。其實食物種類離不開技巧不高的輕食如意粉，雪糕厚多士等。價錢相對其他店高。結果選了sauteed mushroom 和Iced Dazzling cocoa. 還好，磨菇用牛油，香車，洋葱和蒜頭蓉炒，夠香亦味道剛好。凍朱古力頗滑夠朱古力味，亦不太甜。雖然所點的還可以，但值得花那麼多時間等位嗎？<sssss><sssss><sssss><sssss><sssss><sssss><sssss>
3,"去左幾次都係食三哥酸辣粉叫冬茹+豬肉呢度有辣度揀,旺角個間冇食物黎講都滿意但服務態度就唔多好個時第一次三哥酸辣粉 對辣度個d唔係好明於是問下d staff我: 係咪有10小辣可以揀?staff: 要咩送呀? (唔係好友善)我再問多次staff: 有5小辣個d, 要咩送呀?我忍唔住講: 你答左我先得唔得?可唔可以唔好咁急?個時又冇乜人, 客氣問多兩句都好唔願意咁同埋有好幾次係繁忙時間都漏左我單我見某他客都等到好鼓譟等成差唔多20-30分鐘服務有待改善..."
3,今晚到Mega Box逛逛，或許是因為星期二，或許是因為下着雨，遊人或許是不多，這樣逛街是相當舒適 ; 腳累了，肚餓了，是時候進食了，便走進商場12樓的Ruby Tuesday 晚飯。從前很少到此，印象中菜式分量不少，於是我們只點了2個菜式。<sssss><sssss><sssss><sssss>
3,"見上左榜,又試試!清真牛肉館呢個名其實之前已經聽過,不過就未食過,見大家都講牛肉餅同咖哩牛腩好好食,咁我都係主要食呢兩樣,加埋窩湯!牛肉餅幾得意,味道又真係唔錯,一個人食兩個就啱啱好,咖哩牛腩咖哩個味ok啦,但係d牛腩比較硬,比較難嚥,所以只係普通..可能太多人,但係得一個樓面,又要搭枱,下次未必嚟了!"
3,今日相約朋友係大埔食飯由朋友決定食咩朋友話陳漢記，食完可以食埋隔離森泰遠，不錯之選😜😜所以就決定了等埋朋友收工，去到差不多七點大約等左十分鐘度就有位，都算快坐低立即落order，因為繁忙時間，怕等得耐爽脆魚皮：如果唔落醬油係完全冇問，既唔爽又唔脆，失望😔北菇滑雞加臘腸：$5兩條臘腸算抵，唔錯，唔會太肥，雞依然夠滑魚片腸粉：又係失望之選腸粉夠滑，但d魚肉就有些霉，唔太新鮮水餃麵：水餃好一般，但d麵幾好，有少少彈牙<sssss>
3,"朋友聚會我哋從開飯啦睇見一於食新野，第一件事一定要講個燒魷魚＄98細到好似得知原子筆咁大係火箭魷，相片中係大尾魷厚薄佢世都唔可以＄98大家一定唔好食、因為係完全無味乾爭爭、生蝦＄98 、5隻抵唔抵食見仁見智,都可以說幾爽！飛天通菜十分惹味、可以一試！蝦桶比較乾好硬、冇乜味，燒鱸魚＄98這個價錢可以食，可以比較鮮甜、肉沒有散開~椒鹽軟殼蟹好燶，識落有啲苦，食了一半我們不吃了，整體來說一般般<sssss><sssss><sssss><sssss><sssss><sssss>"
3,成日見人講呢間三記好好食，咪試口碑囉。7點半到已經見有人等位啦，我地一行三人，好彩有將細剛剛食完，咁伙記就俾左我地坐啦。三個人又唔叫得多！便叫了隻BB鴿、一碟煎墨魚餅、一個魚頭煲同一個炒豆苗。隻BB鴿唔記得叫佢紅燒，味道都一般啦，紅燒應該香脆；墨魚餅就係炸墨魚圓，幾香脆！個魚頭煲就咸左少少！碟菜都係一般啦。食落唔算差。但又無話超好食啦。
3,"有朋友黎香港, 剛好住京華酒店, 順道去唐宮飲飲茶, 其實都有1-2年無黎過, 不過今次去覺得氣氛同食物都drop 左少少......叫左幾多點心, 不過記憶中......小籠包個皮痳痳地, 差燒腸d差燒分報得幾好但腸粉本身一般.  福建炒飯似乎過濕. 蔥油餅, 珍珠雞都唔錯~服務ok, 不過整體上好似幾年前好d........<sssss>"
3,之前一直想試，今次終於有機會!但比我想像中較遜色!手打牛丸很普通但有彈性，但湯偏淡。胡椒豬肚湯亦一樣，略淡，胡椒味很重很辣，但很足料，有很多豬肚和白果!之後既牙籤雞，雞件很滑，外脆內軟!  而最推介的就是蟹+蠔粥，上桌子時還有'滾'的感覺，粥的蠔味很重，蟹也新鮮，只是味道偏淡!總括來說，如果所有菜加多些鹽，一定很美味!  <sssss><sssss><sssss><sssss>
3,今日經過太子， 周圍搵野食，見到呢間野裝修唔錯， 之後望下佢門口既餐牌， 價錢又ok， 入面 都坐滿曬人， 諗住應該唔錯， 咁就同朋友入左去， 之後叫左一個招牌的紅燒牛肉麵， 同埋一個肉燥雞球飯， 。 紅燒牛肉麵 既牛肉係牛腩黎既 ，個碗就大。 分量唔多 。 個肉燥雞球飯 d肉燥好乾 ， 雞球冇汁比人點。 食過咁多間台灣野，呢一間既肉燥雞球飯係最差 一句講曬冇下次！ 有相為證。 食到一半先記得影 特登開個帳號 上黎寫評語<sssss><sssss>
3,"很久沒到過泉章居了, 身為客家人的我, 今晚我主意, 帶幾位友人來吃晚飯, 叫了個四人套餐, 有三""送"" 一湯:鹽焗雞: 算幾香, 但有些皮太厚及不入味.荔芋扣肉煲: 扣肉肥瘦不勻, 廋肉太多了, 雖說潮流興健康食品, 但肥豬肉是扣肉的特色啊! 肥肉雖不太健康, 但口感很特別的. 由於吃得太飽, 沒有吃荔芋.蟹肉扒豆苗: 真材實料的鮮蟹肉, 雖不算多, 總好過冇, 豆苗炒得剛好, 不會炒得太耐而變苦.帶子海皇羹: 冇乜味, 不覺有落了甚麼海鮮."
3,近期好hit麻，講真成$180一個雪糕真係唔捨得食，心想食啦食啦，果陣去北海道又食唔倒，city's super買個蜜瓜都唔止啦，於是咪食囉<sssss>味道：雪糕果part係直頭難食，個雪糕好''水''，綠茶味唔夠厚實，牛奶又唔夠濃唔滑，唔鐘意食呢啲質地空泛既雪糕蜜瓜果part，咪蜜瓜咪囉，冇特別，反而隻匙幾靚，即棄架係咪睇唔出呢早知去city's super買個蜜瓜再去via tokyo買杯雪糕食啦
3,"去完韓國後, 好鍾意食韓國菜今次離左呢間試下~19:30去到, 好多人, 等左成9個字先有位叫左幾樣野食啦炸雞沙律炸雞一般, 有D失望, 沙律有大葱, 很新鮮, 但係覺得好辣韓式豬頸肉炒飯加左一隻蛋同芝士好好味韓式石頭窩飯略嫌肉唔夠多燒韓牛餅 有啲膩, 不過好食, 用左芝士同sour cream整, 口感一流墨魚紫菜包飯唔錯,味道好新穎"
3,越來越貴有時食過set 都唔飽茶餐廳一碟飯仲送飲品都係咁下上價錢而且仲好飽tim la超唔得ar
3,環境舒適， 裝修好好，衛生感覺都唔錯，下午2時半後不多人。落單方面但Menu唔夠，在排遂時睇唔到食啲乜嘢，又睇唔出頭頂有個是日午餐選擇，去到落單有啲尷尬， 後面啲人等緊，要很快作出選擇，所以求其揀咗個午餐。食物方面切角魚生飯味道冇特別， 配的豉油味道一般，份量較為小，唔推介喺度食。Kikusan Roll味道好好，不用豉油都夠味，好多roll好滿足， 好值得一食🤠不過出菜時間慢，食完個Set，個Roll都未出。有點不耐煩。<sssss><sssss>
3,<sssss>紅咗甘多年，新粉絲一直湧現。再次食多次，真係無比較下，就會覺得好好味。1）豬潤太薄，好處係煮得快，容易控制，但問題係唔多爽，與家庭做既無咩分別。2）豬潤無乜味，感覺好普通。唔覺得價格平，要27蚊。如果客人食過已經高調關門位于SOGO後面既豬潤粥，就知道乜叫好既豬潤。有厚度，食落係有鮮味和爽。這裏既豬潤絕對無。深水埗其實附近有檔比這裡做得出色既豬潤麵，就係漢X。如果豬潤粥水準係100分，漢X應該有80分，這裡最多50分。不過，無比較下，好多人都無所謂咯。
3,一人一個麵，梗係食婆婆擔擔麵啦，招牌菜？但啲麵好鬼難夾，而且擺多一陣，就有脹脹哋嘅感覺，一碗已經好飽。我覺得個麵唔夠多花生味，我鍾意再多啲。另一個麵係雲吞麵，清淡啲。朋友話ok<sssss>樟茶鴨第一次食。唔知係茶定煙薰味，其實幾有趣。皮輕微焦脆肉滑。<sssss>PS. 星期三的上海婆婆無人食咁滯，到底係人流問題定飯巿淡到咁
3,冇北京填鴨食 唔知味道高力豆沙同豆沙窝餅好好味蒜泥白肉好清新砂窝云呑雞味道一般 咸咗啲 我啲外國朋友唔鐘意食水煮魚呀 松花魚呀 都正路冇乜驚喜始终大牌子 集團嘢中規中矩啦
3,朋友生日都想食意大利飯。所以選荃灣這間餐廳。勝在價錢平。所以試下。地方氣氛吾錯。但比較嘈。2個人叫左1個頭盤。意大利飯和千層面Ham n melon $48哈密瓜夠香同大件。巴馬火腿夠味。甜同咸配合得好好Mush risotto $68菇味好濃。意大利飯正常。軟硬適中。Lasagna $68肉醬千層面。應該叫做肉粒千層面。冇咩面既存在。只可以講好夠牛肉。但芝士味冇。總體：頭盤最好。意大利飯正常。但以價錢黎講都吾錯。希望下次食豬手。<sssss><sssss><sssss>
3,"同朋友行完書展, 0黎三六九開餐~ 店舖位與位間都幾窄, 幸好一入0黎就有張卡坐~ 我地叫左雪菜炒年糕: 無乜味, 而且年糕有少少怪怪地0既味道酸辣湯: 酸味蓋過辣味蝦仁炒旦: 旦生熟剛好,蝦亦好味肉絲津白: 太油了炸銀絲卷: 好味宮保雞丁: 輕微辣, 味道可以豆漿: 甜味適中服務可以, 有個待應都幾好禮貌, 不過下次會選擇去第二間~"
3,每次係深水土步，想食米線都會黎哩間。因為又抵食，而且味道都唔差，加$3就有野飲。大大碗，一定夠飽。最鍾意食炸醬+酸菜，酸菜d味道好特別，岩晒我。不過杯凍檸茶就唔好飲啦。
3,"朋友生日~  唔知食乜好, 另一個朋友推介呢間於是就黎試下~前一日BOOK左枱, 但黎到都唔多人, 仲有好多吉枱~3個女仔叫左2個SET加一個小食, 都食唔晒...餐湯~ 普通都幾咸...餐包~ 普通Carbonara~ 普通龍蝦+黑松露薯條<sssss>黑松露醬冇乜黑松露味~  龍蝦~ 普通火辣水牛雞翼~ 只係得辣味Cheese cake~ 普通Coffee~ 普通... 唔到..."
3,"為了榴槤而黎...之前上openrice睇相已經覺得好吸引,所以一直都想試試...和朋友2人叫左個芒果番石榴冰同榴槤雪沙,好飽 食唔晒...-芒果番石榴冰 好香番石榴味 不過好多細細粒既核 食既時候好麻煩...-榴槤雪沙 材料有榴槤雪糕 榴槤肉 榴槤乾和榴槤威化餅,好大份 一個人絕對食唔晒...<sssss><sssss>"
3,咖啡出色好香夠滑、生牛河就好一般唔抵食有待改進、侍應態度一流👍🏻好好笑容好禮貌六點去完全唔使等位..............................<sssss><sssss>
3,食物其實一般，也不算有新驚喜。但冇得拎飛等，要客人喺門口排隊......明太子意粉相信最多人食，味道不過不失。鬆餅好多果醬配，感覺同咖啡弄的差不多，甚至咖啡弄好食d飲品：普通果茶，🈚️新鮮感。好大壺！*入座前，店員話至少每人要消費一杯飲品。佢d飲品好大壺，根本一個人飲唔曬，上述要求有d不太人道！總結：不會再嚟！試過就夠！<sssss><sssss><sssss>
3,今個中午，突然好想食上海拉麵，就去咗翡翠拉麵小籠包店。叫咗個四川擔擔麵，因為怕佢太辣，所以叫咗個小辣。d拉麵煮得好彈牙，湯㡳帶甜，味道不錯，可能叫咗小辣，一啲辣的感覺也沒有，下次可久叫返正常辣度會更好味。<sssss>朋友就叫咗碗酸辣湯拉麵，一上枱，一股濃郁嘅酸辣味湧上來，佢話勁辣及酸，吃完成身暖哂，嘴也有點麻了，佢真係上門拉麵連湯食晒。<sssss> 當然亦有叫小小籠包，不過今日師傅教得麻麻地，一夾起就即刻穿咗，啲湯流晒係個籠度，有點掃興。<sssss>
3,"果日lunch time行過, 吾知食乜好lee間野0既生煎包好香好香咁引左我入去睇睇個menu....又忽然想食糖醋骨飯好耐冇食了...(魚米家的好好食)於是就叫了糖醋骨菜飯菜飯好吃糖醋骨....沒有煮到好""林""身搞到痴曬牙...食到好吾舒服個汁都係正正常常咁但攝左落牙縫真的好難受...同埋地方真係有點細..識0既還好..如果吾識gei..坐到咁近...真係有d老尷<sssss>"
3,今日得閒落咗深水埗去食刺身山🤓👍🏼比想像中好食.魚身都好新鮮～佢有三種食法第一種食法包手卷第二種食法茶漬飯第三種食法撈勻佢個人覺得茶漬飯比較好食😊如果要去食嘅話最好閒日去.我今日排左九個字🙈🙈🙈行開可以一試<sssss><sssss><sssss><sssss><sssss><sssss><sssss><sssss><sssss>
3,"4/17/2007   8:30pm收得工都成8:30, 無咩胃口, 但都要食d野先~唸左好耐, 想試下kebab. 去到時, 一個操流利廣東話既印巴藉男子向我解釋不同既食物. 最後我都係攔左雞肉卡巴($45).要takeaway,等了5分鐘. 一打開,卡巴包得幾實, 有洋蔥, 雞肉(不過頗多雞皮), 菜絲同ｄ汁咁上下,味道一般, 不太特別, 有ｄ似burger,但一試無妨.我唸羊肉會好食d.p.s一個regular size都幾大，食完好飽．"
3,"10/2/07: 同屋企人食飯, 4個人食物:1) 北京烤鴨($320), (隻鴨好瘦, 唔知係唔係叫烤鴨, 唔係片皮鴨, 所以好多肉, 不過都幾好)2) 炒年糕($75), (清清淡淡)3) 小籠包8隻($48), (好好食, d片唔易穿, d湯又多, 正)4) 混吞雞半份($108), (不過不失)"
3,"那天大概16:45經過發現華嫂新大陸。且見不用等位，箭步速入...點估到佢話今天所有食品售罄！開左張成半個月都咁好生意，一定有其個人之處，仲見人食住個好多料嘅菠蘿包咁新款...隔左2日再嚟過！曄...巧多人，心想縮沙但蝦子餅話等陣囉！一等半粒鐘...坐低店員還說""沒有翻單""。算了算了，我又不愛""攤凍""嚟食，所以試住d先啦!<sssss><sssss><sssss><sssss>"
3,行過見到幾靚就忍唔住行左黎食牛肝菌忌廉汁意大行粉<sssss>份量偏少，但味道濃郁，不過對男仔黎講未必飽意粉軟硬適中，吸收到忌廉汁嘅味道<sssss>巨峰梳打，普普通通咁冇乜特別自己就覺得太甜
3,肉丸又有意粉~ 平時叫薯仔多~ 不過今日想食意粉~ 19蚊~ 好平 > 3 <本身次次都買蕃茄沙津~ 但依家變哂做車x茄沙津 就無買lu~~~不過都係唔太鐘意~要行咁遠路~ =口=<sssss>
3,< 意式雲呢拿凍糕 $36 >見到呢個名的確幾好奇到底係咩一回事既甜品，詢問過部長表示話係一隻法式甜品，口感猶如雪糕同蛋糕之間，其實食落係一舊比較冰凍既蛋糕，加上雲呢拿味並唔出眾，唔太岩我口味！<sssss>
3,無論午市及晚市也會見無數人排隊的餐館，所以在下選擇了下午三點這段時間去惠顧一下。雖然不用排隊，但鋪內其實也坐滿了其他食客，我就被安排到bar枱坐下。可能地方不算大的關係，座位編排相對地狹窄，我亦快速的揀選了拉麵款式，而剛巧我坐在bar枱關係，使我有機會欣賞一下廚師的煮麵手法。不消幾分鐘，麵已經放在我的面前了。慣了先喝一口湯才吃，湯入口味道濃郁，麵條亦煮得剛好，整體感觀確實不錯。到結賬的時候，才知道下午茶時段有8折優惠~大家下午茶時段又多一個選擇囉～<sssss>
3,由佢一開就想試啦 個個都講到好好味咁 其實本身我就覺得一碗拉麵無咩特別 但既然大家都吹到禁大 都想一試佢嘅實力! 第一次來 覺得成間餐廳都好得意 一格格好似自修室咁 D員工都好好笑容 點餐果時先知原來一蘭係得一款拉麵 都岩我食 平時有得揀就選擇困難症咁揀極都未有得食.. 一食碗麵果下先知點解一蘭開左禁耐都仲禁多人排隊 個湯底真係好惹味好好食 今次第一次食揀左1/2倍醬汁 應該下次揀1倍會更好食! 不過始終覺得得一款麵好易會食厭 唔知過左好耐 一蘭仲洗唔洗排隊呢~<sssss><sssss>
3,果日同朋友睇哈利波波~睇戲前肚餓~當然要衣下肚先啦!!去左exp度食!!睇佢d menu好似唔錯咁=)我叫左番茄大蝦扁意大利麵~好好味!!d蝦大隻又彈牙!!同埋d汁都好正!!(不過唯一唔好就係好d豆好酸!)不過整體上really 唔錯!!另外配左杯草莓飲品!!but好酸!!唔係好掂!!另外一個朋友叫左烏dun set~佢話唔好味!~佢個麵配天婦羅~佢比左隻炸蝦我試...唔好味!!d炸粉勁厚~油到不得了~同埋佢要ga杯蘋果荀汁都好酸好難飲.....所以大體上~~呢間野都係麻麻地~~只係ok=)
3,座位不算好坐，但竟然有枱布，叫了四式薄餅有特別的魚味，幾過引! 豬仔骨叫了半份，夠晒味!夠晒淋!份量兩人食ok啦!但最唔好無水比客人，因水要另外比錢十五蚊支啊!   飲品都幾貴! 同埋地方有點嘈!總括黎講都可以呢!  <sssss><sssss>
3,之前見到雜誌有介紹過呢間材料豐富嘅日式料理餐廳，就已經心思思，諗住得閒去試下，睇下會唔會係得個樣，比人呃like嘅產物。<sssss>一入到去，餐廳職員就奉上熱茶，同中華海草。海草份量唔多，但作為前菜，過下口癮都唔錯。<sssss>今次我就四重火山盛丼，當中嘅四重包含咗鮮松葉蟹肉、拖羅蓉、加拿大海膽同三文魚籽，材料多到好似真係要爆瀉出泥咁。鮮松葉蟹肉碎上，尚算新鮮，冇雪藏味；拖羅蓉材料豐富，材料切成大細不一嘅拖羅蓉，增加口感；海膽肥美；三文魚籽晶瑩剔透，但略有腥味。<sssss>
3,<sssss>過年時去澳門玩了兩天，碰上不錯的運氣，也品嘗了當地幾家有名的麵店；真係食完夾拎今日行鴨記路過此店，即興點碗雲吞麵雲吞麵 25元<sssss>雲吞麵幾大碗，五粒雲吞大大粒，蝦肉份量足夠。麵底爽，口感足，無碱水味。湯底不濃、略覺得淡口左！可能剛吃完澳門的幾家老店回來。硬係要比起上嚟，自己覺得過塘魚係肥D。口味係好主觀，但這裏的麵依然是水準以上，平易近人！<sssss>每張枱都有樽開胃酸蘿蔔，幾貼心和人性化，讚！
3,"H 轉了工，現跟K的公司同在觀塘，而且十分近，星期六返工半天，放工後當然約埋一齊去嘆茶啦，觀塘的酒樓間間都要等位，最怕等的H當然選間不用等位的利苑啦!第一次到這間飲茶，我們食了以下點心錦""老""雲吞：份量都幾多，雲吞都算脆，味道都OK蘿白絲酥餅：H&K 都話""正""XO醬炒腸粉：除腸粉外，重有配料蝦及芽菜一齊炒，炒得幾香，味精都幾好總括環境，食物及服務都唔錯，不過價錢可以便宜點都較好，哈哈!"
3,今次黎dinner竟然唔使等位好似去左間salon 咁因為每個waiter d 髮型都好1絕esp d 男waiters~4個女仔叫得小小野1口小籠包*****雞絲粉皮***失望，翡翠個d仲好味炒4季豆***賽膀蟹*勁差!!!勁大舊蛋!!勁求奇之作豆沙窩餅***
3,這不是日記，是一篇夜記，因為事件是在晚上發生的。在附近很遲下班的朋友突召小人，小人義不容辭即時趕到，幫助開解一番。呻苦之夜，朋友也沒甚麼胃口，寧願叫些小菜下酒。潮州打冷，經常會叫的是蝦棗蟹棗。以豬肉混和蝦或蟹肉來炸，算是不太油膩；可是肉質頗實，未能嚐到各種肉類的鮮味。<sssss>椒鹽九肚魚亦不外如是，椒鹽似乎落的不多，而九肚魚還帶有些微的腥。反為用作伴碟的脆炸川椒葉更佳。<sssss>是夜主題在於紓緩朋友的心情，食物雖屬一般，不過邊吃邊談還是合適的。
3,"紅叮今次來這間麥當勞,這間給我印象不好～因為曾經有一次去買早餐，就用一張優惪卷，原來發覺過期了，之後那位員工和別一個員工笑我用過期卷，那一次令我怒氣衝霄今次因為只想熱香餅，便熱香餅餐吧，也頗貴１８元左右，坐下看看漫畫，一邊食熱香餅，好不好食也說不出，只能說一般，純碎過癮，如果它可以熱一點的話，就最好。。。。看完漫畫也差不多夠時間上班，可能隔數個月才說多一次麥當勞早餐<sssss>"
3,又去馬鞍山搵食 去咗茶木食飯 等左5分鐘就入得環境舒適  人不太多 見到有D新食物 但係無叫到 咁就叫咗個咕嚕肉叫咗個沙朗牛排飯- 咕嚕肉味道都不錯 有好多配料口感不太硬 很好食  都不錯酸酸甜甜 好開胃<sssss>-沙朗牛排飯好多肉燥 有半隻蛋 牛排勁硬 完全咬唔開之後無食過變咗淨係食肉燥飯 =.=<sssss>希望下次會再好點. . .
3,講真，西貢食海鮮都唔平，仲要坐上層有海景，由於係平日既星期一，所以招呼特別周到，公司飯局來這裡環境確實不錯，因可以比佢地感受到香港既特色海鮮店，其實這裡的海鮮跟鯉魚門，三聖邨沒大分別，只要是新鮮的都一樣好食。<sssss><sssss><sssss><sssss><sssss><sssss><sssss><sssss><sssss><sssss><sssss><sssss>
3,心情極度欠佳決定以洗剪吹來結束這一天得到ada姐姐既全力配合希望有個新開始厚福街的食街美名開始出現危機了選擇是很多但大路食店的進駐加上加租而令街尾有不少吉舖都大減了吸引力最終揀了最穩陣的越南野牛柳粒炒紅飯加西米冰套餐價尚算合理可恨炒飯炒得較乾已是滿肚子氣的我很難悉數啃下但材料豐富牛柳亦不錯加上綠色的西米冰總算舒了一口悶氣你有壓力我有壓力連床褥都受不住壓力令彈弓壞了彈不回來還要再壓住它不斷也是好彩又如何回復正常?無法得一夕安枕唔通真係要換床褥?或者試下加張床墊囉不過邊度有得賣?
3,26/12/2007開party，叫了外賣兩個pizza一個傳統香草一個四色芝士還有三文魚長通粉闊條麵還有沙律。送到來的時候，東西都移了位！=.=8個人吃，份量不夠。個人不太好pizza，味道感覺普通......不滿足的一晚。
3,今日同亞佬睇完戲係朗豪坊..7：40食飯時間....見到築地拉面。忍吾住試下（因為亞佬勁鐘意拉面...）又吾洗等。落到去坐左一半人我地叫左辣既叉燒拉面同豬軟骨小食豬軟骨小食（4x)味道吾錯。但分量超少拉面...辣還辣。湯還湯。仲差過味千。肉都叫肥瘦適中。面林左少少。但幾油下。我同亞佬食左一半已經放左筷子吾食前後坐左一小時都冇...咁就一百八十幾...吾會再黎羅<sssss><sssss>
3,雖然我唔expect 好似廣告咁有咁多牛油果，但係都無理由咁下化，一撻仔...真心笑左，完全食唔到牛油果味，好彩個包剛整，芝士同個雞味夠出遮...咁姑寒就賣貴d啦，做咩遮你<sssss>
3,第一次食一蘭係喺osaka，其實湯底好濃好好味，而且係日本食拉麵質素一定有保證。香港一蘭開左咁耐都未試過，因真係好多人。今日就襯宵夜時段去會一會佢。基本上香港店既格局同日本大同小異，都係自閉式食拉麵。自己可以選配料，拉麵軟硬度，豬骨味都幾香甜濃郁，第一次食，我所有野都選普通。拉麵都彈牙，叉燒就普通，拉麵份量很好岩我，但大男人可能唔夠。<sssss>
3,"食過好幾次都覺得幾正，今日就再同妹妹嚟食。叫左套餐1,係蘿蔔韮菜餃酸辣米線，要小辣跟jor hot lemon tea. 小辣平時係食到嘅，但今日唔知重手左定點，超級辣！而且一d酸味都冇，以前係隱約有小小酸嘅。好彩韮菜餃依然足粒，啖啖肉同菜，好好食 而蘿蔔有4舊，入面有1舊壞左，其他冇事，亦算淋身入味同冇渣。<sssss>妹妹叫左豬扒米線跟小辣，一樣太辣冇酸個湯底:-( 而豬扒水準keep到嘅，軟身得嚟唔會嚡，味道偏咸但幾惹味！<sssss>"
3,"上個星期一食過,我係第一次去!都好彩,一入去就有位,好快就有人叫我們點野食,為了不想被佢\\\吹,我們在情況下叫o左二個餐\\\食我個係抄蛋多士加熱鲜奶,熱鲜奶一般,個抄蛋好滑有蛋汁,個多士好厚,同其他茶餐\\\廳o吾同,不過收$20就貴o左d!其他茶餐\\\廳有埋個湯麵都係收人數$20!我想佢\\\出名,所以價錢都o吾同!"
3,<sssss>又到冬至，中午與同事相約到這間越南餐廳食，由於當時十分想吃白飯，所以就叫左餐牌上的飯餐，相對撈檬來說，飯的選擇是較少，最後我選擇了這個，沙爹牛肉飯，落單後很快就有得吃，賣相就如你所見，味道其實不錯，雖然香味不太濃，但入口不辣帶甜很開胃，兩三下就將白飯食完。牛肉比較難咬開，牛肉味稍嫌不足。扺玩指數：5/10相對同區的餐廳來說不便宜，味道還可，但未見特出，飯餐的份量真的較少，同事叫的撈檬相對較抵食味道似乎亦不差。
3,魚蛋粉好~魚蛋很爽彈牙，有魚味，但是太彈了，有點假.....魚片就唔得喇...塊皮炸得唔令，同魚蛋唔夾，不過魚片整得好味係好難!!!呢度魚蛋粉自動加腩汁，幾好!!河粉都幾令~
3,黑松露滑蛋多士(跟餐加嘅 好似係加$10)都抵加呢個 因為唔細份亦特別少少😙黑松露份量夠 蛋亦算滑👍麵包搽足牛油 係烘得乾咗少少😛.☕☕飛仔華田☕☕好大好大杯👏不過咁熱一個人ko到😎😎雖然大杯 但冇用水溝稀 依然好濃👍👍有格格脆片 同最愛嘅脆脆粒😍相機都食得好味📷.🍶🍶波波奶茶🍶🍶就係奶茶整成波波冰💁不過其實要多啲波波冰先夠凍啊❄❄❄.<sssss>
3,"朋友話香港最好食嘅牛肉麵,應該係呢間,我好奇,所以要去下,先叫個沙律伴麻醬,味道OK,麻醬沙律好難唔好食…再叫招牌牛肉麵,麵爽彈牙,牛肉也很入味,食落無渣好滑,確實不錯,但不至於是全港最好吧可能去食既時候抱嘅期望太高了,但整體都OK<sssss><sssss>"
3,諗住復活節入下元朗食野上openrice見e間幾多like咁黎試下其實野食一般唔緊要 但亂開價真係好無品見平時食開泰國野 無特別問佢生蝦價錢埋單佢夠膽生蝦198仲貴過羊架118咩蝦咁貴 入口又唔夠爽身 味道一般綜合黎講其他野食都無話特別好食真係極失望！！！以後唔會再黎！！！<sssss><sssss><sssss>
3,星期日中午，人流不多的The One，寧靜舒適。我們選吃泰國菜，午餐只須$50-$60。每客午餐有湯、主菜和飲品。朋友點了海南雞飯做主菜，而我點了濕炒豬頸肉河粉。湯是冬瓜湯，秋冬時分喝，有點怪怪的。沒有太多味精，味道尚算清甜。海南雞嫩滑，雞味清香，份量亦算多。<sssss>炒河粉的蔬菜非常豐富，顏色吸引；豬頸肉煎得甘香，有點爽脆。但醬汁太多太黏稠了，變得像固體一樣，而河粉份量很少。<sssss>四處食客不多，環境舒適。
3,lunch去食茶記有個唔好處就係，要急急腳食完，急急腳讓位比下一個客人。即使成班人去食，都係咁話。今日食完飯，好快又比人趕走。仲有時間剩，唯有去Ｍ記坐下啦。<sssss>好懷孕同事們岩岩餐飯有無飯飽。。。一人叫左一個批。麥當勞嘅蘋果批永遠都咁好食，外皮夠哂脆，中間蘋果粒粒又甜又濃。呢個價錢黎講，性價比好高！仲有新出嘅朱古力批，我就覺得有少少唔夾，甜左Ｄ，同埋朱古力醬太杰身，唔夠蘋果批好味。另外兩杯飲品係送嘅，朋友有媽咪會定係其他會員卡，好抵，又有得食，又有免費野飲！
3,去完大酒店，係附近搵野食，見幾多人幫襯，一於試下<sssss>    <sssss> 鹵水鵝，見個色水就知係好鹹⋯⋯不過下面啲豆腐就幾好食   <sssss>韮菜豬紅，份量算多，不過韮菜太少    <sssss> 雞，聲稱係新鮮雞，都幾好食，呢度半隻要百幾蚊   <sssss>炒芥蘭，餐牌無嘅，自己叫，好大碟    <sssss>煎蠔餅，啲蠔都幾大隻    <sssss>蒸鱔，好新鮮，味道調較得剛剛好，不過差唔多二百蚊呢
3,"因見食友寫呢度得,所以jul 24, 08,自已嚟個輕鬆lunch,叫咗 : 1) 淨芹菜豬肉水餃-1碗10粒子-皮中厚,個餡都多,有芹香味,但終喺覺得少了份肉鮮味-但其實都算唔錯- 侍應們都講普通話,不過唔洗驚佢哋都識聽廣東話嘅 - 唔行嚟謝斐道都唔知咁多食肆選擇<sssss>"
3,"收工收得夜, 返到去巳經9:45pm餓到不能再餓. 見到仲未關既羅麥記, 馬上入去其實自己未食過, 不過真的太肚餓. 唔理喇~!食了一個餐: 芝士豬頸肉撈麵加凍奶茶. 唔駛加一~ 很好芝士豬頸肉撈麵<sssss>第一次食芝士撈麵, 感覺太乾. 芝士唔夠多, 食到最後變左得番個麵, 要自己再加胡椒粉先夠味~ 豬頸肉煎得不錯. 入口還很juicy又香. 如果餐廳可把撈麵煮得冇咁乾再多d 芝士汁, 應該可以更好味"
3,"這兒的Tea Set雖然比散叫便宜點,但食物味道仍然是認真麻麻地阿叫了小食拼盤Tea Set$85,軟殼蟹和鷄翼好味,其他只是普通又叫了甜品拼盤Tea Set$70,只有朱古力tart好味,其他也只是普通"
3,"昨晚跟一位朋友到得龍, 一坐下有位肥部長過來說一大堆什麼今晚割了條班, 問我們有沒有興趣要份蒸頭腩, 又說我們得兩個人不敢介紹我們吃蒸腩翅等等等等. 到我們說試一份時他即改口問我們要腩翅還是翅尾我們一個不留神就上了這個肥部長當, 叫了一份約斤半重的蒸班腩,價錢是$238. 我們根本不知份量還叫了兩個小菜.明知我們得兩個人還借頭借路向我們推介貴價菜,大家想光顧也要想清楚,去到更要小心這個肥部長."
3,同朋友o係依度食dinner，兩個人，a la carte又怕多得o濟，所以食buffet~ $150一位包餐茶，選擇唔算多，但都叫做咩都有d~ 狂風掃落葉地食o左一轉就飽晒~ 叫o左個咖啡，但唔多掂，得個苦字，無咖啡味~ 下次都係a la carte.... 補充，service依然好nice，live band依然好大聲... hahah!
3,住咗佐敦十幾二十年，竟然都未幫襯過，有點慚愧...人相當多，可能同價錢平有關。但價亷，並不代表物美...嚟到呢亭上海包點小店，點可以唔叫個餡餅? 餡料乾爭爭，亳不juicy，食到個口都乾埋一份；表皮又煎得唔夠燶，又不夠熱。跟從前厚福街唯一可謂差個十萬八千里...麵又如何呢? 來個豬扒雲吞麵。麵條有嚼勁，食得出係手造嘅，份量亦極多；雲吞還可以，餡入面白菜份量夠，頗對口味；豬扒顏色有點噯昧，吃落亦只是普通，而且油了一點...只吃麵條就可以嘞...<sssss><sssss>
3,"再一次返兜呢間用花膠雞湯做湯底嘅火鍋店<sssss>湯底好多料, 入邊見到有花膠加半隻雞店員叫我們先食咗入面啲雞肉先之後再落配料打邊爐<sssss>牛肩脊賣相唔錯、入口都幾有牛味<sssss>店內還有一個海鮮corner、可以自己出去揀海鮮海鮮價是價錢同街市差不多，花甲和扇貝都好大隻。其他配料就普普通通、飲品亦不算太平.我都會為咗個湯底再返去<sssss><sssss>"
3,"經過花園街,雖然食完下午茶,但都忍唔住要買兩個蛋撻仔食下,見到新鮮出爐,正~!!食落口.....唔.......個皮淋O既....有D失望.....平時食都好脆架.....好在今日只係買左兩個,平時我一個人係食4個架~今日因為食左下午茶所以先買2個...."
3,"<sssss>每日限量超級巨型魷魚鈑<sssss>very nice!!!燒得得啱啱好唔會靭but 膽固醇指數直線上升魚生飯<sssss>腥...冇醋熱飯另上大家覺得有冇問題?如果魚生唔夠新鮮如果整得唔夠正宗不如直情唔再serve 呢個 dish廢事到米, ok?雖然有誠意, but 應該叫waiters waitresses 同客人傾計爭取意見<sssss>"
3,"之前食過佢既台式撈麵,今次試佢烤雞卷用雞皮包住雞脾肉,外皮燒到脆,入面仲有肉汁比起功夫一腿既雞卷size細好多..味道無咁多選擇,,都係差d不過掃街過下口癮都唔錯 $18@1 $30@2<sssss>"
3,"真的, 很鹹。26元一碗的三食送米線, 我叫了腩肉炸醬及腐皮。碗是比譚仔少, 份量是一碗滿瀉的。味道嘛... 只是不過爾爾, 沒有任何值得談的地方。反而朋友的酸辣幾討好, 絕對比普通的好多了。也叫了炸雞翼及炸豬扒各一, 香酥的炸雞翼, 確係幾好, 怪不得檯檯都食; 豬扒也夠厚切, 肉汁叫多, 可惜兩者都有一通病: 太油了!環境一般, 味道一般, 真的想不到再去光顧的理由。"
3,是曰晚餐簡簡單單在屋企樓下攪掂。我地點左小籠包，炒菜同鹹魚雞粒炒飯。小籠包大大隻，充滿湯汁，飽皮不是最薄但算OK. 味道不錯。<sssss>腐乳椒絲通菜香口，菜唔油膩亦算嫩。有淡淡腐乳香。<sssss>鹹魚雞粒炒飯，配料唔多，但炒到粒粒分明，咸咸地，都幾香，仲好大碟，足夠2人食。<sssss>整體表現平穩，價錢合理，是家常飯好地方。可以再訪。
3,"呢日睇完戲, 差唔多6點幾, 就左入去呢度食己經好多人呀, 我地等左3個字,仲要搭枱先有位諗左好耐先諗到食呢d野咋:煎餃因成舊都是肉, 所以麻麻百頁小唐菜- good百頁是豆腐干切成一條條, 下面湯浸菜, 幾清ga漿爆雞丁- good個汁ok, 夠干身呀但加埋都成270蚊, 所以偏貴呢d地方都咁貴, 不如去尖咀食好過lor<sssss><sssss><sssss>"
3,"有個同事話公司附近有間小小外賣店D 野幾好食, so 今日放lunch 時去了一試。果然D 野食真的不錯 ! 我叫咗""焗薯仔"", 睇到嗰樣就忍唔住。 D 配料同薯仔好match,味道唔會太重, 而且有薯仔的香味。 正!  :]"
3,"情人節晚餐，識食一定食中餐。今年再黎金鐘北京樓，這一天係星期日，所以茶樓比上年黎較人多熱鬧。<sssss>    <sssss>    <sssss>    就係鐘意中菜地道得黎帶點西式。<sssss>    <sssss>    <sssss>    <sssss>    <sssss>    <sssss>    <sssss>    <sssss> 好飽, 二人食了八百元，雖然唔算平，但以情人節黎講，性價比值高。環境一流，食物質素偏高，氣氛當然冇西餐廳浪漫，但呢一餐食得舒服值得。"
3,不時路經灣仔都會來這裡，貪其一般都有位而價錢適中。自己不能吃太辣，所以點了不辣的‘上湯’底。像車仔麵的點菜方式，點了羊肉片、龍蝦丸、鹵水蛋。一杯豆漿六元。這裡的湯底，如果吃不辣的話，其實只是水加一點味精、雞粉（可能有一點點湯料吧）。相信是太多的麵店的湯底都太弱，才導致很多香港人吃麵時不是加很多很多的醋，就是要加辣油。米綫很軟，有點碎。餸方面，除了鹵水蛋的蛋黃很乾，其他是ok的。達到醫肚的效果，但談不上美味。這個位置這個價錢也不至於太差，但遜於雲南桂林過橋米綫。
3,海膽意粉都算幾多 但就冇咩海膽味，羊胺係幾好食但係就幾生，明明叫左七成但都好多血水，應該叫幾多成都一樣五成熟。餐廳環境都吾錯 但係就好偏辟。本身話網上訂座有88折，但最得冇折總計就1100，離開左先知，有啲失望。總結都應該吾會再黎食，食物中等，而且偏僻，加上最後無折番俾我，所以應該吾會再去了。<sssss><sssss>
3,好細個已經有食..佢由細鋪轉大鋪都係勁多人...服務就真係mama...唔應人必食: 蝦餅好脆...泰色炒金邊粉酸酸甜甜!菠羅炒飯都幾好食串燒我個人反而覺得無咩特別龍眼冰!好飲不過甜左d..好大杯明爐魚:幾多食! 咖哩:甜甜地...我覺得mama<sssss>
3,<sssss> <sssss> <sssss> <sssss> <sssss> <sssss> <sssss> <sssss> 因事要到荃灣順便去沙嗲王食午飯點知沙嗲王竟然無串燒沙嗲食喎鮮芒果蝦沙律，雖然蝦無乜蝦味，但爽口而且醬汁醒神開胃五殼杏仁，一般啦白咖哩豬扒飯及青蘋果綠茶，白咖哩好好味呀，豬扒好有口感印度薄餅加咖哩汁，薄餅好健康，因為唔多油所以覺得乾左d囉沙嗲牛肉粉絲及糖心蛋，粉絲唔夠爽口，牛肉過熟北海道芝心餅，有驚喜呀，外脆內軟，正斗好味贈品沙嗲王XO辣椒醬
3,"這店聞名已久,試完漢堡包,立刻去隔離試這名店. 和同事一行三人, 分別叫了: 牛舌酸辣粉, 五香牛肉酸辣粉, 和涼面. 已聽聞這店幾麻幾辣,大家便叫了小辣.另加了三元涼茶.所有食物不用五分鐘便有,我選了牛舌酸辣粉,一看湯頗油,立刻試了口湯,真的好麻. 那碗面看來頗細,但其實內裡也不少. 粉的口感頗特別,我覺得味道可以,但沒人說得那樣好,但真的好麻好辣."
3,上次經過嗰間小店睇個餐牌，見到佢個”牛犇麵”已經覺有點趣！而餐牌上嘅圖都好吸引今日行經，決定一試不過又未話好食到要再食！<sssss>牛犇麵，牛肉好淋，濃湯，不過唔係好夠熱<sssss>千層豬耳仔<sssss>醉雞唔錯，不過有啲貴<sssss>水餃🥟有原隻蝦，韭菜，豬肉再配埋黑醋
3,服務員很有禮貌地安排了坐位!加分~記得以前讀書時，都會跟同學一班人食下午荼，以前環境很靜的，人又不多。相較以前現在餐廳外都排著人龍了。我跟朋友點了1)青酒煮蜆肉意粉- 我對蜆肉麻麻地，可是味道都不錯，意粉很爽很有咬感2)蟹肉薄餅- 薄批比厚批好吃吧!蟹肉也很多。是即叫即整的。不錯~3)雞軟骨- 粉比較厚，味道都可以啦!4)3色特飲- 這個不試也罷!好像飲咳水一樣。總括來說，試下無況!<sssss>
3,"有時放飯晏咗 索性等多一陣食下午茶餐侍應示意可以入座先 到1400先至落單下午茶仍然係<sssss>上枱時都熱 夠大份 酸辣適中連湯飲埋會好飽<sssss>好香蔥味 但食完會覺得太濃味附上嘅清湯 可以紓緩下<sssss>脆身 好香芝麻味仲有個點心 ,但係太肚餓食咗 冇影到相———————————————————————$48 免加一/茶芥上海婆婆荃灣綠楊坊2樓S22-23號舖"
3,每年中秋，老闆和生意伙伴們都會互送月餅，而老闆收到月餅後都會與同事們分享這次收到的是月餅比較特別。一：這月餅是和NGO樂善堂合作，賣出一盒月餅的所得的善款可供一戶基層家庭十餐營養膳食，開心過節又可以幫助別人，一舉兩得二：這月餅並非大型連鎖店或大酒店品，而是甜品大師Tony Wong的甜品店的出品，讓人十分期待<sssss>這個月餅是稀少糖奶黃月餅，奶黃內餡是用了稀少糖製造。月餅的外皮是曲奇酥皮，相對平日吃到的較厚身，質感較鬆散。至於內餡，算是幼滑，但略嫌不夠香。<sssss>
3,裝修不太像印度餐廳 但仍舒服搵位算易 因為唔满...印藉侍應很落力介紹菜式咖哩角比較明顯是自家制 但內裡太乾餅的種裡蠻多 約有二十種<sssss><sssss><sssss><sssss><sssss><sssss><sssss><sssss>
3,今日行過旺角見到呢間裝修都幾時尚嘅餐廳而且人頭湧湧 所以入去食下 員工服務都唔錯 而且有禮貌又友善<sssss>晚餐揀咗芝士番茄黑豚肉柳 諗住應該算幾特別菜式賣相的確唔差採用嘅係新鮮蕃茄並唔係加工過嘅番茄醬<sssss><sssss>不過豬柳味道唔算入味而且應該加入左過多嘅鬆肉粉入口既時候會成口粉 比較失望配菜嘅薯菜亦都唔脆冇下次
3,"第二次幫襯，因為好友生日。一如以往，訂了檯都要慢慢排隊入座。環境座位依舊的迫，可以有效加強朋友間的“親密度“。食物選擇不多，同上次一樣，不過刺身新鮮道及味道比上一次差了。甜蝦 - 甜, 不過好冰三文魚 - 一般帶子 - 甜, 好味吞拿魚 - 不太新鮮湯 - 即沖, 冇特別飲品 - 提子味果個盒裝飲品幾好價錢唔算平。如果再有朋友生日想食都會再陪佢食，但不是自己的選擇。   <sssss>"
3,"夜晚的一餐係食潮州湯粉行完黃埔之後, 去到銅鑼灣買衫, 都唔知做セ鬼空氣咁差, 抖氣都抖唔到, 影響埋食慾, 只係想食碗粉就當晚餐吃的, 是一碗紫菜太子墨墨丸雙拚河粉, 太子墨即係八爪魚仔, 日式的八爪魚改成潮州式的處理, 一點都不討好, 因為日本的做法係醃製, 當然野味, 太子墨本身無セ味, 就咁白灼點會好食? 好彩墨魚丸夠彈牙, 又夠味, 挽回不少分數!湯底夠味, 紫菜幾好味, 唔腥!下次再食, 只會食墨丸, 唔要太子墨了!<sssss>"
3,"<sssss>呢晚同D同事食完韓國野之後覺得有d意猶未盡所以同事帶左我地去食聰嫂, 話好出名的平時其實自己唔係特別鐘意食榴槤但係唔知點解有一排突然好想食所以我就叫左榴槤黑糯米 (右下角)上面有D粒粒珠的物體榴槤係撈埋左d唔知咩有少少類似雪糕的感覺覺得榴槤味有d淡~如果再濃d就好啦~"
3,今日同男友特登黎食豆腐花我男友好少食and 唔係咁鐘意食甜點....但佢話唯一係豆腐又可以甜食同咸食都咁好味！我地叫jo 2個凍豆腐花($6 @)，1個凍豆漿($ 4)同一碟煎豆腐($8)公和D豆腐花好滑.....好好味丫下次要試下雙拼先得！環境非常懷舊~<sssss><sssss>
3,"難得工作關係來到元朗，當然趁便一試Ｂ仔涼粉吧.B仔涼粉可說是陪伴我們從小孩成長到大人的甜品店,名氣之大令我也忘記了這兒的店名是叫佳記甜品呢火炎熱的下午,也不減街上人前來吃甜品的熱情,大約等了10分鐘才能入座.<sssss>B仔涼粉,芒果依舊鮮甜,冰凍涼粉實在是解渴必然之選.只是西米露好像比從前吃的稀釋了,應該是因為成本高了店家也要想方法降低成本吧現在回想起來,元朗區好像因為有B仔涼粉,吸引了大量人們跨區而來呢"
3,之前好多人介紹過話呢間腸粉好滑，未試過又點知有幾滑溜呢?一去到個時搵咗一陣，因為間舖位置唔係咁起眼，不過離遠就見到一條隊個個都係買腸粉，其實位於深水埗後行，個個買完都企係後行食環境真係麻麻地。就買咗6蚊4條試試，買完後剛好巷有幾張櫈可以坐係度食。一口食落去真係好滑溜，平時出面好多時整得唔好會好乾好黏身，而佢地嘅真係好滑，仲有個混醬同芝麻夾埋真係perfect回味無窮。<sssss>
3,"和太太兩個人吃dinner... 當晚都好多人, 比想像中多人...我地叫左.是日靚湯....皮蛋... 好味但未係最好... 富貴白菜.... 好清, 但唔特別黑松露燒雞.... 可以... 有少少松露香味.... 都特別梅子肉.... 好好味... 酸酸的汁, 很香很淋的肉, 像東坡肉... 肥但不油.... 有水準...甜品吃了紅豆沙... 沒有喜愛的陳皮味, 好一般.... overall 都幾好... service 都ok..."
3,經Openrice book咗枱，但很抱歉遲到了半小時<sssss><sssss>茶包好可愛，我愛清清地既茶配afternoon tea若能有茶壺自己加水會比較好，唯一不足是水是溫水　不夠熱<sssss>這個架中的甜食比較吸引我，架頂上的份子料理很有趣<sssss>可能坐中冷氣位，非常之凍  價錢可以，我覺得服務人員的態度不錯，常常微笑
3,張公館令我又驚又喜。驚的方面，是食物十分難食，安全没有水準，淡而無味。食之無味，令我失望到ㄧ個極點。可能連茶記都好吃过它。喜的方面，服務周到，這是要讚的地方。此外，張公館的風景十分吸睛，喜歡ㄧ邊吃東西，ㄧ邊看風景的話，這間餐廳十分適合你，但你只喜歡食的方面，你就要想想啊！<sssss><sssss><sssss>
3,"因為間間餐廳都要等好耐 , 最快係小南國 , 所以就揀狙佢啦 !<sssss>上菜都好快 , 擺盤亦都好有心思 !<sssss><sssss>小籠包無心目中所想咁好  <sssss>炒飯幾好 , 唔油 , 唔太鹹 .<sssss>雲吞雞<sssss>甜品都 OK<sssss><sssss>"
3,我一向喜歡這間位於九龍城的麵包餅店。現在麵包餅店搬過了幾個鋪位，而原來店址改成了間咖啡店，有供應三文治、蛋糕、咖啡和乳酪等。<sssss>店內裝修簡約，已白色為主，加上門口入口處的落地大玻璃，很光猛。<sssss>我要了杯latte和從蛋糕櫃選了件opera。蛋糕的朱古力很香，層次好吃。<sssss>這店出品的麵包和蛋糕吃得多，咖啡真是第一次。咖啡香和奶泡也打得細滑。雖然我想我不會專登來喝這咖啡，但水準其實算有板有眼，在這區來說真的很不錯。<sssss>
3,環境 嘈雜，食物無味，生蠔瘦只有 鹽水味，牛肉要3成熟，變了6成熟， 又靭又硬又乾，牛肉汁無味，龍蝦還有燶味， 圍黑邊，看見已沒胃囗，只有甜品，咖啡還可以，但唔會有下次。
3,餐肉豬潤米+凍檸茶其實講眞維記的豬潤未算嫩、爽、滑，但勝在個湯底做得好好，當想飲豬潤水的時候就想起佢水準都依然維持到，豬潤加勁薑女仕們對身體就最好又有得食又有得飲自已都懶得做，不如去維記食啦<sssss>
3,"WEEKEND帶小朋友來到馬灣這個海邊意大利餐廳坐低, 格調還不錯!叫了一個小食拼盤!<sssss>只是一個普通沙律拼盤, 普羅雲利和巴馬芝士太咸, 吃不出芝士味, 但又 太”流”, 可以話係難食來形容! 二人份量索價$158(另加一), 有點貴!<sssss>好在望住海, 對青馬大橋, 叫做有D景色睇下!"
3,自選味道手抓餅 (7/10)芝士，栗米，肉鬆。芝士是整片的，其他份量也夠，手抓餅的餅底好脆好鬆軟，熱辣辣的，很是滿足。另外再加消暑冬瓜茶，沒有太甜，味道剛剛好。P.S 星期日此店休息。因為我有兩次星期日來也沒開店，所以問店主確認的。<sssss><sssss>
3,fullhouse個名好吸引，門面亦帶給童話既感覺，食品就不過不失，豬勒骨，份量足夠，賣相相當吸引，醬汁味道都剛好，不咸，有小小酸酸甜甜及香料味，用焗烤焗到剛好熟，食落不太韌，可以試下，喇沙也不錯 好香及夠重味，可惜煮得唔夠耐，d豆卞仲係硬硬地，同埋細碗左小小 ，手抓餅就一般，沒有味，冷左好硬。<sssss><sssss>
3,"9/12  見好多人排隊,有人一口氣,買十幾個砵仔糕,我都買個試試,睇下有幾好味砵仔糕暖暖地,都算軟滑,唔太甜,豆太少<sssss>"
3,"小食價錢雖平, 但味道不濟. 可以skip重慶雞煲惹味, 大大兜泡椒煮魽魚份量夠, 一百幾十, 係抵食, 似一般小菜飯局質素, 但味道唔深印象.反而豬軟骨好好味, SIZE同軟硬度適中, 可恨唔可以淨叫食送... 始終係街坊生意, 服務係好!"
3,"跟一班朋友約吃飯最好就係食日式放題因為唔洗諗食咩好又大部份人都岩食 哈哈 今次係旺角瓊華的滿屋建議大家提前預約我們約好了晚上八時所以當晚去到就有位 不用等不用猶豫第一時間當然吃刺身壽司<sssss><sssss><sssss>三文魚和蝦都尚算新鮮 壽司反而更好吃😋熟食有燒雞翼、串燒等等最後到了甜品環節<sssss>有cheese cake , tiramisu etc最驚喜是有我最喜歡的movenpick雪糕<sssss>正！雖然每人只限一杯但吃到最後已很飽有一杯雪糕作結尾 真幸福"
3,我第1次食生牛肉感覺幾好因為無腥味幾嫩~無要野飲要甜品勁細碗10啖都無就食晒~係椰汁燸米~甜左d~間野價$ ok~會再食<sssss>
3,昨天與兩位好友相聚，一向鍾情韓國菜的好友選了這間餐廳~七點鐘到達餐廳，因為有訂位，所以唔洗等位😊。入到去都仲有好多空位，可能係因為平日，所以人不多~總括今餐都好好味😊價錢都算合理，唔錯~<sssss><sssss><sssss><sssss><sssss>
3,黃昏大雨衝進去，想把午餐連晚餐一起吃下，見餐牌中幾乎最貴的 $268 芝士焗龍蝦伴薯條，便立即叫了。等了好一陣子，應該即叫即做，龍蝦鋪滿芝士，味道不錯，可惜不夠熱，肉也不是很多。薯條就好吃了，是粗身那種，脆脆的熱辣辣，平時經常吃不完薯條的我很快便清掉。下次會試牛扒配薯條。<sssss>
3,"叫左拉麵同pizza!都OK啦!不過我地坐係近溜冰場既枱就一D都唔好坐啦!因為係高櫈黎家!但係總括黎講都食得過,應該會再去!"
3,"食泰國菜又點小得生蝦,,一坐低就叫左3碟生蝦,夠晒冰凍,汁料味道剛好,不太酸又不太辣。店員推介咖喱蟹包,但大家一至認為咖喱牛腩,好食d.大蝦冬陰公,虾頭勁多羔,其他食品沒什麼特別,都算不錯,但馬拉盞通菜千萬不要選擇了普通家庭食反,也是一個好選擇,低食服務冇"
3,心血來潮想食豬潤麵，雖然朋友不太喜歡，但都肯陪我去真係好！假日約1時多到達，有2間鋪，等約5分鐘已有位，比預期中快，加上老闆好好笑容。好佩服姐姐不用紙筆落單已牢牢記得客人要什麼。點了豬潤餐肉米、朋友的腸仔蛋麵。湯底好濃，豬潤好多件夠足料，而質地爽口，多食可以預防生飛滋，哈哈。不過都是以前較有水準。而腸仔蛋公仔麵味道都不錯了，以薑湯為湯底，味道較清，粉麵份量幾多。<sssss>還有咖央西多士，咖央不太甜，西多士幾脆幾香口，好有蛋味，不錯。<sssss>
3,星期四晚九點幾先到，佢收十點呀。叫左中的蠔仔粥，今次有點沙，再叫左個大腸拼豬頭肉，仲有埋豆腐，都係不過不失，不過豬頭肉好多毛呀!!
3,其實，一間餐廳食物的質量雖然重要，但服務態度，也不能忽視啊！作為一間西餐廳，一頓晚飯平均人頭也要六百元，理應服務質素有番咁上下，但餐廳多位職員不停催促，main course未食完，就想收走碟及上甜品，不停由不同職員輪流這樣，門外又不是有客人排隊，餐廳內又有數張吉枱，都不明白為何這樣趕，未叫埋單，已把單送上，然後跟你說，張枱夠鐘了，要交枱了。。。之前一路没有人提示有時間限制的即使食物質素再好，也不會再去幫襯囉，而且啲龍蝦肉仲有啲霉
3,永樂街食肆不多 剛發現醋娘子新店開張 店子雖小 但選擇也不少 由早餐粢飯豆漿 午餐排骨菜飯套餐 至晚餐四川小菜 今晚4個人食飯 叫左拍青瓜 麻辣口水雞 酸辣湯雲吞 上海排骨粗炒 回鍋肉 生煎包 新張當日老闆送左廚房推介既牛油蒜蓉雞翼 陣陣蒜容香味 正拍青瓜夠大碟賣相吾錯 多酸少辣岩曬我 口水雞係雞脾上 酸辣湯足料冇欺場 菜肉雲吞都幾新鮮 有heart之作 粗炒吾會太咸 排骨幾香口鬆化 回鍋肉味道都幾好 略嫌多油左小小<sssss>
3,在灣仔，想快快脆脆飲下午茶。腦子里只湧出華星兩個字。營養餐有火腿煎蛋，牛油多士，凍熱鮮奶，36元街坊價。豬扒包（$23），豬扒夠鬆軟，抵食。炸雞翼，入味。只是環境比較污糟，希望日後可以改善一吓。<sssss><sssss><sssss><sssss><sssss>
3,"星林居其實同車仔麵差唔多,,,只不過就係自己寫紙落單,,,以前係尖沙咀番學所以成日黎食,,,<sssss><sssss><sssss>e個生菜紅腸牛展米線,,,菜多多,,,麵多多,,,料多多,,,大大碗,,,都只係$28蚊!!!尖沙咀食到$28蚊,,,又好食既,,,又大碗,,,算係咁吧!!!"
3,成日見到傷心酸辣粉個招牌好似好靚咁，咪去試下佢有咩料子啦。真令人失望！$30一碗酸辣粉加蘿蔔，我屋企煮兩餅面都多過佢，配菜又少，失晒酸辣粉紅綠並濟既色彩。試一試味，辣得平常，酸又過甚，仲以為自己食緊酸粉。蘿蔔好似岩岩切完就咁扔落碗野咁，完全索唔到d湯汁，又唔稔，同碗面格格不入。總結：有d難食。
3,"七點左右上到去都仲未有人,食食下就好多人入黎4個人叫左5樣野食1.蠔仔粥: 蠔仔生生地,但係落得好多.潮洲粥都係飯還飯,湯還湯2.滷水拼盤: 幾ok,d野好入味3.太極菜湯: 個賣相好靚.菜味好重,不過似一個creamy 菜湯,似外國野多過潮州野仲叫左炸魷魚同埋炒蜆.由於我喉嚨痛,所以冇try到.但d frd都話ok~~*7點幾上去都要訂位!!**個環境好熱"
3,我都算係芝士迷，所有芝士嘅嘢我都非常鍾意。有時唔知點hea好就唯有喺附近Cafe坐下，做吓嘢順便可以等下朋友。<sssss>今次叫咗藍莓芝士蛋糕，表面有好多粒藍 莓都幾新鮮。下面啲芝士好香滑但係濃郁度不足，食起來柔軟但芝士香味欠奉。只能稱得上是普普通通，如果這個價錢來講我覺得可以有更多其他好選擇。
3,"<sssss><sssss><sssss><sssss><sssss>一個人放工冇咩胃口, 隨便走入雲貴川米線, 平時都會點三四款餸同麻辣鷄翼,  今日就清清地只叫左魚片頭清湯米線, 加多碟生菜 ($17) 同口水鶏翼 ($26) , 平日食開酸辣麻辣湯底, 今日只叫左清湯, 湯底味道都唔錯, 魚片頭就一直係至愛不容置異, 不過就無左酸辣麻辣湯底咁多配菜;  口水鷄翼就差少少, 調味只在外皮, 鷄翼入面D肉都係一般味道, 明顯只係得面個層有做功夫, 下次都係要點番招牌既麻辣鷄翼"
3,排左成45分鐘 終於有得食 全部叫蛋黃哥點心 有奶黃包 蝦餃 蛋撻 布甸 炒飯 全部都熱辣辣 好新鮮 奶黃包超熱 一咬 留哂d汁出黎 好味 蝦餃我覺得個皮較厚 但好多蝦 蛋撻好味 係蛋白牛奶蛋撻配少少芝士😙 布甸凍 但超甜 炒飯有兩塊煙肉 但d飯好健康既 不過埋單300 有d唔化算<sssss><sssss><sssss><sssss>
3,今日自己一人晚餐諗起有hungry korean咁岩自己其實好想試番一直好掛住既韓式辣冷麵就睇下呢間點之前都同fd食過不過印象普通今次既冷麵味道幾好一食落口就好juicy辣度正常 甜度反而可以有改善因為我食到最後覺得都幾甜下有d漏同埋個麵原來都幾滯下好快就飽左如果可以加多d配料好似蛋 蘿蔔絲 個d會更加好因為得幾片青瓜 食完就得番個麵既甜辣味就有d唔係幾想食落去不過整體都可接受<sssss><sssss>
3,老公好鐘意食包 我就唔like 之前佢話想試呢間 就陪佢 叫左個套餐加個雞亦 因為我唔食包都有個雞亦食 老公比我試左啖 點知覺得個包舊肉超juicy 好似我響美國餐廳食果d咁 試埋個薯格 因為即整 香噴噴 反而個雞亦麻麻<sssss><sssss>
3,"一家人去食晚餐, 太古的潮庭都是一個不錯的選擇呀, 地方舒服, 但食物都是美心集團的一貫味道, 咸菜胡椒豬肚湯就比較咸, 其他的都OK, 係可以再去的一間餐廳.<sssss><sssss><sssss><sssss><sssss>"
3,二人同行去試推介的抵食肉眼扒午餐，88元食纽西蘭牛扒。先上餐湯，一般水準。未喝完湯，主菜已經上枱，大大塊肉眼扒，有牛肉味，味道和肉質也很好，新鮮沙律配黑醋汁不錯，可惜BB薯有熟、有生和有苦的。<sssss><sssss><sssss>另外還有點了烤雞墨西哥卷配黑醋汁沙律和薯條，墨西卷味道好，份量偏少，薯條則難以下嚥，又硬又乾。餐廳佈置有特色，水管燈泡裝飾，富有藝術感，環境舒適。<sssss>不過只會試一次呢！
3,"毎次去YL都會想去食依度既牛腩 ~ 因佢夠淋夠入味. 啱啱個 weekend 又入左去YL見朋友, 原本諗住去食麻辣米線但最終都係去返食牛腩麵. 入到去人唔算多, 可能中早 (六點幾), 不過食完時已坐滿晒人了. 睇見佢既MENU就有少少眼花 ~ 有成六七張. 最後我要左牛腩墨魚丸麵. 記得上次食過佢既牛丸覺得麻麻, 所以今次TRY下其他丸. 個墨魚丸都算幾真才實料, 但味道唔係好夠. 個牛腩仲係好味 ~ hope 佢地可以keep住個水準啦!"
3,咖啡癮起，到了這間深水埗小店嘆咖啡。<sssss>餐廳選擇頗多，除了咖啡，還有主食，如PASTA，ALL DAY BREAKFAST，BAGEL等等。<sssss>這次我只點了一杯<sssss>咖啡有簡單拉花，賣相不俗，奶泡都算滑，但咖啡味太輕，焦糖味也不太突出。而咖啡店來說，質素有待提升。<sssss>
3,十工味系列的姊妹店，朋友今晚帶路食火鍋。原來川式火鍋都可以選擇辣或不辣，我就叫左個麻辣沙巴龍躉，龍躉非常入味，滾左好耐吸哂湯汁。<sssss>叫左啲蔬菜，菜類可以吸哂湯汁，蔬菜爽甜入味，爽脆新鮮，喜歡蘿蔔和蓮藕，脆口清甜。<sssss>枝竹又喺火鍋必食既，豆香突出，鐘意枝竹軟身豆味濃。<sssss>牛丸、竹輪都喺朋友鐘意食既，我就最鐘意午餐肉，肉香油香重，滾一滾味道更加肉味十足。<sssss>薯粉打邊爐最健康，彈牙薯粉掛上麻香湯汁。食完哂仲有龍躉肉，最後食都好滑溜。
3,環境：沒裝修、大排檔格局，談不上清潔乾淨。午市粉、麵餐，晚市宵夜另有小炒加打冷。服務：尚可。食物：宵夜加晚飯，先來個牛什麵，沒特別。 豬紅加上汁，有小辣，是打冷必叫的。鵝片夠入味，炒蜆又是微辣，入口沒沙粒，好！生腸墨魚均爽口。
3,"嘉麗園系元朗出名食牛腩，手打墨魚丸既粉麵店，今次特登叫左個外賣黎試，我叫左個崩沙腩米都成6-7拾一碗，味道好香濃，牛腩好（林），米粉ok,湯底香濃，可惜食完成晚不停飲水<sssss>"
3,以前曾去土耳其，很喜歡土耳其菜。今天突然想懷腼一下，所以到了這間餐廳。Turkish Tea：可以再熱D！Diced Lamp Kebap：幾好味，唯應該用圓形的包，而不是這款Mexican Wrap，所以不夠傳神！Turkish Ice-Cream：好香雲呢拿味，好滑！價錢：在土耳其，Kebap只賣1美元﹝約港幣8元﹞，香港竟賣60元，大貴了！<sssss><sssss><sssss>
3,試食左幾個潮州菜必吃，有鵝片、烏頭魚飯、𧐢烙。鵝片汹水有深度有層次，但鵝片切到鵝件咁，亦溝入其他部位，識食嘅就知唔應該「參」的。烏頭足秤但要加錢，都要接受啦。𧐢餅亦童叟無欺，夠份量，𧐢鮮，屬港式𧐢餅。最失望係無白粥，唔知大家點睇，但潮菜店無白粥就好似燒味鋪無白飯咁。講句公道話，喺坑口有咁嘅一檔已經算非常好，背負住老店嘅招牌，當然有壓力，睇到佢地上下係齊心想做好，只係要時間上軌道。
3,"這店係一間老店,在這條街上唔係好顯眼, 但佢係我讀書時期經已存在嫁啦.四個人叫左酸辣豬扒麵 (出左事個酸辣湯底唔酸唔辣仲怪怪地,塊豬扒好黑好dry.放棄)雪菜肉絲麵(這個好味雪菜和肉絲份量亦足,不過一定要配粗麵)上海水餃麵(不過不失啦, 水餃皮有點過厚)排骨菜飯(水準之作)蔥油餅(必吃,好得.一定要親熱食)""陷""餅(亦係好好味,肉汁夠多)煎餃(脆口,有點多油)服務你就唔好有咩要求啦...................總結來說,不錯啦."
3,蕎麥冷麵 好食，好貴  薄餅，唔錯，香與辣。 烤牛肉其實無乜特別，係燒的香味、肉味。泡菜豬肉豆腐，勝在泡菜的酸辣很配豬肉。 冷麵，閃光最中意，食過不停。因為鮮甜中帶辣，很開胃～
3,點了蟹肉蛋包飯、白汁芝士水餃和沙嗲牛肉粉絲蟹肉蛋包飯 -- 最好味，賣相亦吸引。蟹肉鮮甜、炒飯夠熱沙嗲牛肉粉絲 -- 湯汁濃郁，牛肉很嫩滑白汁芝士水餃 -- 水餃是急凍的，芝士汁尚可飲品方面有凍檬茶、熱奶茶和椰果荔枝xx凍檬茶 -- 無茶味、無檬味 (haha...... -_-)熱奶茶和椰果荔枝xx -- 尚可、無特別<sssss>
3,好好食，不過係要等位的！我和朋友們在對面馬路等左大約半個鐘頭有位，個朋友話已經唔算耐喎！好在果晚唔係好大風，唔係就食風飽～去試的你，記得要有心理準備！<sssss><sssss>
3,<sssss><sssss><sssss>整體味道吾錯，韓國炒粉絲好好味，好有韓國風味，甜甜的，但係$40得好少…鐵板牛肉不推介，本來唸住應該係辛辣口味的，但原來係甜甜地既，不太特別，可能辣豬肉會好点韓國辣麵吾錯，但係好少餸
3,"在葵芳工作巳經差不多兩年, 黑板式工作生活令人乏味. 只有這間我獨愛既餐廳, 每朝給我在這裡充電. 餐廳佈置優雅, 還播著輕鬆音樂. 感覺像去了旅行一樣, 早上去不會像午餐時間多人, 可以輕鬆享受. 對我來說, 的確可以充個電再上班. 而且食物質素不錯. 雖然只是一般腸仔炒蛋蕃茄豆配多士, 但即叫即做, 所以送上來時是熱騰騰.咖啡是我愛的即磨香濃咖啡~~ 給我精神   而且早餐價錢大眾化,我這個B1餐只是$29, 比起在荼餐廳吃. 在這裡真是超值. <sssss><sssss><sssss>"
3,今日行過呢間舖，見食評話到咁好食，就即管試試，我買左一串生腸一串墨魚，我好鍾意食墨魚，我覺得墨魚就真係一般，又小，絕對唔夠葵涌廣場4樓果檔，人地買6蚊呢度買10蚊，不過旺角同葵涌梗係唔同哪！唔講價錢，葵涌果度真係好食好多，我食親都3串，墨魚一般嗟，但係大生腸就真係好靚，又爽又甜，好得呀，不過如果10蚊就貴左d，食兩三串就即係食餐飯哪！不過又真係好食！
3,"在Pacific Place 来说， 价钱不算贵，所以要了解份量因此一般， 味道一般甚至难吃也不为过。服务还好，人不太多。Overall, 有问题 但还可以接受，算多一个选择。<sssss><sssss><sssss><sssss><sssss><sssss>"
3,同幾位朋友聚餐，出到旺角唔知食咩好，其中一位推介，—》強記小廚《— 夜晚7點左右去到，唔洗等位。不過地方不大4個人叫左4個餸，3個白飯，2支啤酒。菜款平凡一般 埋單4位$334<sssss><sssss><sssss><sssss><sssss>
3,阿豬媽炸雞🐔🐔✨✨✨✨✨✨✨✨✨✨✨✨✨皇帝雞($35)韓辣醬幾好食 但係都辣辣地㗎唔食得辣嘅你哋就唔好揀啦😄年糕太乾😣炸雞唔夠脆 不過雞肉都幾嫩滑🙈🙈🙈 個人認為紅磡嗰間oopa炸雞好食啲🙆🏻仲有大約5 6點到就成日見到佢地關左 所以想食既就早啲啦🙆🏻🙆🏻<sssss>
3,又輪到每星期一次的出街食飯時間，每次都好頭痛。最後終於有了結果喇! 餐湯是雜菜湯，湯底好清，又多蔬菜，不過味道稍甜。因為前一晚實在實得太滯，主菜我揀較清一點的香芒三文魚沙律，雖然什麼功夫可言，但買相錯喎，令人增進食肉。試了同事少少的rib eye，肉質唔靚，有根而且有點韌，不過份量幾大。甜品是柚子布甸，好濃郁柚子味，幾清香，酸中帶甜。餐茶要了水蜜桃綠茶，不是一小杯，而且大一壺俾你，真係幾抵，其他餐廳飲，起碼都要二三十蚊啦。食物水準一般，都可以一試的。<sssss>
3,<sssss>店內小小的 <sssss>入到大坑行去滿遠~<sssss><sssss>價錢幾合理😌<sssss>✨檳城香濃肉骨茶 (細 $82*)✨<sssss>幾乎點完已經上桌 用小火翻熱🔥小小的鍋子😳掀開蓋子 餡料不多 少量肉骨 豆卜 一粒紅棗～<sssss>👉🏻湯底呷下沒足夠的藥材香..幸好尚算清澈不油～👉🏻肉骨肉質燉得夠腍 不過不夠入味 件數亦不多🤔<sssss>配上幾粒淋淋的油炸鬼 份量少 沒有脆又軟的感覺😶<sssss><sssss><sssss><sssss>
3,"o係香港食到咁既吞拿魚生飯算係咁,不過未至於正吧我個人鍾意吞拿魚茸飯多過火炙吞拿魚,不過d 吞拿魚有筋,要扣分,講味道,笑笑o個個吞拿魚茸飯正好多,不過仲細碗!麵豉湯好咸,其他配菜無咩特別,所以我覺得咁既價錢確實係貴左d,不過service ok o既~"
3,呢個包係之前食爽爽醉雞之前食。<sssss>包用上整panini果種白意大利包，單論包其實好軟熟好值得食，之但係...雞翼竟然麻麻，唔覺有咩surprise之處。雖然係已經去左骨，而且偏咸，但好在既就係洋蔥既辣味救番佢。因為個咖哩我都覺唔太特別，好普通泰式咖哩既味道。所以我幾期待有機會既話就食個慢煮五花腩，應該會超夾，如果好似咁整得普通正常已經足夠。
3,今日lunch走咗去食韓國餐，叫咗個海鮮刀削麵，湯底係海鮮湯好清甜味道岩岩好。刀削麵既麵質彈牙，好多蔬菜係入面，有好多蜆，雖然唔係話好大隻，但係都好鮮甜，又冇沙。魷魚都係得幾塊，煮得夠林，好容易咬開。蝦真係好細粒，可以話真係好難先見得到 <sssss><sssss><sssss>
3,尋晚無去食明記，走左黎好耐無食過既潮興，果然keep到以前一樣水準 - 唔係好食！我同女友兩人食左四樣野：魯水墨魚併鴨腎、方魚肉碎粥、豉椒炒蜆、油鹽水浸勝瓜魯水野算ok，鴨腎亦唔會太硬，但粥同勝瓜呢啲有水既餸，味精好重好咸，個粥係多方魚，重幾大舊，但竟然舊舊都有骨，食到刺到我女友個咁損左！而炒蜆好明顯係浸熟左後兜兩兜加個汁，所以無乜味。最後加多支大啤，埋單$318，重貴過明記......<sssss><sssss><sssss><sssss>
3,"自從中二時 (都有 10幾年前) 來吃過好食之後, 都沒機會再試,今日難得來大埔中心買野, 就入去看看有沒有退步服務: 一入左去,冇人理你, 當然只有3張桌有人,拒地d 阿姐自己繼續講笑, 我舉手叫我身邊       阿姐寫野,拒都係叫第二個遠D的來寫(P.S. 當然身邊阿姐什麼事都沒在做), 叫個飯,         唔係擺低,,係""劈""左上枱就算環境: 仍然係咁細味道: 係同出面唔同, 好味D, 但見到成層油在週圍,搞到行左當晝都仲有飽肚感好失望, 好明顯有退步..好碼一段時間唔去幫襯"
3,午市特價飯23蚊，選擇都幾多，今日揀o左咖哩牛肉飯，咖哩汁算整得唔錯，味道夠濃，唔太辣，而牛肉就o岩o岩熟，唔太鞋，成碟飯都算合格。另外加5蚊有杯熱飲，凍飲就加7蚊，但今日杯凍奶茶唔掂，太甜，又冇茶味，唔合格。不過食到飽先係30蚊，o向銅鑼灣兼金百利地方都算抵，值得一試。
3,Sogo感謝周年慶所以有雪糕買一送一優惠。有榛子同皇牌黑松露朱古力味軟雪糕，作為一個雪糕迷特登走黎試😂！特登唔揀混合味，因為想每一隻都試得清楚，唔想混淆。榛子果仁味幾清香，不過不失，唔會太甜，可惜嘅係感覺有點水，唔夠滑，份量亦比想像中少，我覺得比另個隻味好食，雪糕筒好脆好薄做得唔錯，食完都唔覺膩。<sssss>皇牌黑松露朱古力冇廣告講到咁好食，眼見粒粒黑松露碎，黑松露味同朱古力味分別都唔係想像中咁濃郁，無咩特別。好彩係室內搵空位置食，唔係相信呢種天氣食甘濕既雪糕，一定好快溶。<sssss>
3,兩個人下午茶兩份餐大家share食我地久不久都來呢度噗下午茶呢間主要是法國餐廳所以好多三文治都係用法國麵包今日的三文治有蛋沙律，吞拿魚及一般的撻另外一份是蛋治拼腸仔食物都很精致，飲品亦保持香濃滑不過嚟呢度主要有得慢慢坐享受一下一個悠閒下午茶打發一些無聊時間就真<sssss><sssss>
3,"經過朗豪坊看到新開的一間台式飲料店非常多人排隊, 而裝潢亦相當有特色。於是與男友決定排隊試試...排了大約20分鐘, 但因珍珠要時間再煮, 要再等40-45分鐘...打算試試最正常普通的珍珠奶茶試試水準...最後飲到一半已經要扔掉...奶茶非常非常淡, 珍珠亦沒有甜味。<sssss>下次如果又要試的話會試試水果茶類, 但今次非常失望。"
3,太耐無食台灣野，今次就來來讚好過下口引啦！！食台灣野首選當然係肉燥飯加珍珠奶茶…肉燥飯份量唔算大，但都夠飽肚既。而味道方便都唔錯，好在一d都唔肥膩，吃得好舒服<sssss>而珍珠奶茶茶味唔夠香濃，甜度都爭少少，不過勝在份量夠多，珍珠亦好彈牙<sssss>
3,"突然....諗起佢ge[魚翅撈飯]!!!我諗起男友...因為我地第一次食飯就響呢道~果陣,,我同佢都未一齊....因為我話請佢食飯多謝佢....but..最後係佢比$~果次...我就係食[魚翅撈飯]...味道都ok既~而且都算多料....而佢就係食[蛋包飯]...不過佢就話麻麻...我地仲有叫d小食....豆腐同蝦餅...都好好味~但係...而家好似已經冇[魚翅撈飯]喇...."
3,"方榮記--以前一直食開的火鍋店, 因工作關係已有大半年沒去, 決定舊地重遊, 點知....1. 服務態度-奇差!- D 姐姐圍埋一齊吹水, 叫佢加水, 立刻有面色睇, 好似我地阻住佢咁, 反而賣酒姐姐仲勤力...2. 食物水準- 海鮮OK, 不過手切牛肉真係""鞋""到好似食橡膠咁, ....3. 唯一OK 的就係湯底, 保持水準.....不過真係要改善一下服務, 真係令到D顧客好難受, 又唔係收費特別平.下次去光顧, 真係要諗諗.."
3,"<sssss>呢度嘅環境有啲似有少少裝修嘅港式快餐店.我食咗型男漢堡,個芝麻麵包都幾香,中間嘅漢堡扒係用鮮牛肉打成,都幾厚呀.同埋仲有芝士,煙肉,番茄,紅菜頭,生菜,沙律醬,酸酸哋咁,又有少少雜菜嘅脆口感覺,大個得嚟又唔會好滯.薯條就麻麻哋,唔係好脆."
3,<sssss>以前一掛住上海菜就會搵地方試，如果太懶唔想搵新地方就會黎呢1間。方便，但不是最好的選擇囉~<sssss><sssss><sssss>蔥油餅後面係生煎包，一般啦！皮厚，冇乜汁，個底都唔太脆。同正宗上海野有段距離。<sssss>以前食過甜、咸粢飯，都幾好食！但今次冇食！
3,"去左MEGABOX睇戲,睇戲前搵下午茶啦呢間有位,咁就入去啦叫左2個PIZZA,唔記得名,有個雞有個意大利腸2個都一般,見咁多好評點知食落都麻麻地,唔夠脆,特別係個意大腸,真的一般,無咩味D野飲最唔掂,完全無茶味,茶記好飲過佢X10倍不過地方幾好座,仲有冰球比賽睇,加分!<sssss>"
3,"地道泰國菜- 泰廚於旺角通菜街既呢間泰國餐廳經常大排長龍口碑都幾好! 推介泰式豬手同串燒, 串燒即叫即燒, 有豬,雞, 牛等, 款款都相當惹味, 但注意醬汁偏辣! 泰式豬手同港式既相差唔大, 比出面既質感更軟稔, 但份量較少!而家做緊滿$200 只需+$1 就換到泰式生蝦/春卷/沙律等前菜, 都幾化算!<sssss><sssss><sssss><sssss><sssss>"
3,十多年前每逢想吃牛什河金銘都是坐亞望冠之選。過去數年已仙遊的蕃茄米線長青的麻辣米線新進的豬大王總搶了金銘的光芒，我也好久沒吃他了。始終如一祇吃牛什河，牛肚牛肺牛粉腸牛膀十多件，河粉還夾着些通菜，灑些葱花辣椒醬，冒着煙吃一口，原應很滋味，可以哇啦哇啦五分鐘內吞噬湯也喝清，但我們結局是斯斯文文各自吃剩少少，是我們不餓還是胃口轉了？歸途上努力研究，都相信是牛什和湯頭少了從前那無以名狀的惹味。可惜。<sssss>
3,"來過幾次, 吃過不同的食物,這裡能夠吃到一般茶樓找不到的懷舊點心而且食物質素亦很有水準, 就連茶都特別香濃~特別一提, 有一次聽到阿姐推出蛋撻仔時叫賣「蛋撻仔蛋撻女呀喂」<sssss><sssss>"
3,"嗰日同朋友行鴨寮街,順道去老鳯冰室朝一朝聖!入到冰室睇下啲裝修,唔錯唔錯..最欣賞係嗰Menu,非常特別,難忘!<sssss><sssss><sssss>由於太肚餓,櫈都未坐熱就即刻order兩款招牌菜<sssss>芝士豬頸肉撈丁<sssss>味道尚可,豬頸肉好有彈性,可能芝士底關係食左一半之後感覺有啲膩黑松露炒蛋多士<sssss>呢個招牌菜味道認真唔錯,炒蛋好滑,讚總結兩個人去叫兩個招牌菜,每人一半就份量啱啱好"
3,近年香港愈來愈興食雲南、四川風味既酸辣米線，其實好多都一般般。川味閣論味道其實都一般般，不過勝在夠大碗兼抵食。$20已經有基本面底同配菜，加幾蚊多個餸真係隨時飽到想嘔！薯粉雖然比較靭無咁易咬斷，不過佢仲有米線同埋有得揀湯面同撈面，都算係多元化搭夠啦！
3,自從滇川雲南小鍋米線進駐粉嶺之後，午餐時份的確多了選擇，而且價錢相宜，份量恰到好處，吸引了一班中學生的顧客。<sssss>有時候放假，都會跟太太來個輕食。<sssss><sssss>太太是麻辣米線底配雞翼及雲吞，辣度其實一般，雞翼只得兩隻，女孩子或學生還可以。<sssss><sssss>而自己是鮑片配午餐肉，鮑片其實是螺片，沒什麼味道，只是煙煙韌韌，午餐肉簡直是百搭王，配任何麵食都可以，但豆芽似乎更吸引，清爽的口感，我喜歡。<sssss>
3,"三絲榢幾好, 比小巴黎好, 同埋唔會食完之後個口好大陣味蒜容包唔夠味, 唔得濕炒金邊粉都十分普通, 唔以試下其他雞翼十分熱氣, 但十分香口好食"
3,成日路過呢間米線鋪，都無行入去食。因聽聞話不太好食。今晚決定去試下。喉嚨太不舒適，唔敢吃酸辣。所以叫咗碗小窩米線加腐皮豬腩肉。味道比我想像中好。米線煮得好煙韌。最怕嗰啲煮到林哂嘅米線。豬腩肉也好好味。切得薄薄的。但有點太肥。不過好味嘅野多數都係肥膩。腐皮反而一般般，太碎又太硬。不夠軟熟。不過整體尚算不錯。<sssss>
3,探望完親戚後來到Pop Walk 食下午茶，見湄南提供下午茶餐便進去試試。香茅豬柳湯金邊粉$42<sssss>豬柳肥肉頗多，香茅味不足，可能是豬柳浸在湯內，味道變淡了。香茅咖哩牛腩飯 $56<sssss>咖哩的椰香味濃郁，牛腩夠軟身。椰汁千層糕（+$20 配）<sssss>賣相一般，像是色素糕，本以為是凍點，但原來是熱食，連碟都是熱哄哄的，配上椰汁，的確是另類體驗。整體而言，以下午茶餐來說，並不是便宜之選，主食大多以$40+，而且不包含任何飲品。
3,這夜為愛人慶生，特意揀了這家較為僻靜的小店來慶祝的，事先來過附近看過，最捧是靠窗看街的位置了。預早的留了枱，當曰到來，店子已坐滿客人了，還有在等枱的，好不熱鬧。點了這裡出名的乳豬頗肥美肉滑，皮薄脆。炒蝦仁夠大隻鮮甜。可惜原先想試的小青口沽清不能試還有一讚是這裡的服務很好，侍應對menu很熟悉服務也殷勤。
3,"今晚經過糖佰府,見唔洗排隊就入去試食一下..因為平時成日聽人講話呢間好食....佢個餐牌都算多野食, 我叫左呢個白雪世界入面有勁多西米, 芒果都多, 有2舊椰汁冰, 好香,溶左之後成個甜品都好好食<sssss>呢個朱古力窩夫賣相好靚, 但味道我就覺得一般, 單食窩夫感覺有D淡, 要加咪雪糕一齊食先好食<sssss><sssss>"
3,呢一日咁岩去左元朗見呢間一直都咁出名D人什至專登入泥食食完正餐既我同朋友決定入去朝下聖B仔涼粉食唔哂雞翼尖我又唔太中意食其他出名既熟食都冇咩興趣最後我地叫左呢兩樣芒果西米露<sssss>D芒果系真系幾好食好甜 其餘都普普通通香蕉涼粉<sssss>呢個真系失望香蕉秋好食 但個涼粉一D味都冇連糖水應有既甜味佢都唔夠最後食咩D香蕉算數食左呢兩碗野得出既總結系呢到D水果幾好食唔怪得集好多水果於一身既B仔涼粉咁出名不過 我食完都系唔明有咩咁吸引D人特登去食
3,家裡小孩喜歡吃炸雞，但作為媽媽就擔心炸雞太肥膩，所以知道銅鑼灣這標榜烤雞店有炸雞知道就帶他們來試試Call了餐廳知道訂座已滿只可walkin，我們已有心理準備要等，但奇怪的是在我以後來的都已入座，我問職員情況他只冷冷拋下一句「我知但未到你囉」😡最後跟小孩等了50分鐘才入座！食物還好，味道是可以的，但在餐牌上說不辣的小朋友也說辣，後來侍應解釋在醃料中是有放小小胡椒辣椒粉的......可以小朋友的味覺特別靈敏吧！<sssss><sssss><sssss>
3,"第二站黎呢度,2點左右仍人山人海,環境都幾差下,店裏面十分熱!但為左食,冇計啦!我地要左個招牌朱手牛丸麵$21朱手頗入味,且冇異味冇毛,牛丸細細粒幾彈牙!麵挺爽口,也冇""簡"" 水味,不錯!$21碗合理價錢,但又不能評為outstanding,所以試過一次便算."
3,lunch time去食，點左個玉子雞扒肉燥飯平時好少食肉燥飯，比唔到專業嘅評價，但係覺得都好好味，好多汁個雞扒就麻麻，無咩驚喜值得一提嘅係玉子，佢有輕微炸過，外脆內滑，口感好好不過另外最失望嘅係珍珠奶茶，原本以為台灣出名嘅店應該珍珠奶茶都唔錯，點知.....甜到無法形容，究竟落左幾多糖價錢都唔係話特別平<sssss><sssss>
3,"近幾年, 每年的聖誔節, 小樹頭旦糕和薑糕咖啡, 務必成為我的囊中物. 上次友人選了別的旦糕, 跟小樹頭緣慳一面.  呢次無論如何, 也要尋回那滋味.也是呷著薑餅咖啡, 之前講過, 不贅了. 今次的主角係小樹頭. 其實我最愛係那裝修. 有粒合桃, 紅莓和朱古力造成的葉仔, 而旦糕造成長條圓柱體, 加上條紋, 跟樹幹無異! 味道方面, 老實說, 只係一般的朱古力旦糕, 味道不算特別濃, 正合我意!  但這麼有氣氛和應節的食品, 每年聖誔, 例必要一吃才罷休!<sssss>"
3,同女朋友食下午茶，去左上年好ＨＩＴ既Lady M黎到唔駛排隊，可能過左氣啦<sssss>食左幾件蛋糕，最好食都係抹茶蛋糕，抹茶味好重，個蛋糕好滑，而且唔太膩其他既都係個靚樣，食落普普通通同埋真係貴左Ｄ
3,是咁的，是日想去Holley brown eat，可惜全部都太飽肚，唯有改地方來到wired cafe之前在銅鑼灣分店開業不久就已吃過名物沖繩蛋塔飯，一堆新鮮蔬菜加肉醬加飯，第一次試到fresh的感覺。今次原想下午茶，可是餐牌中沒有想吃的，改了吃三明治！雖然說三明治沒什麼特色，但是可以有不同的夾料選擇，新年仍在進行中，所以只選擇吃比較清淡的芝士加沙律菜。<sssss>有薯角是我意料之外，可是很像翻炸及炸太久，用餐最大敗點，飽夠熱脆身，配菜新鮮。
3,"3人黎一定要搭台，叫左碗紅燒牛肉麵，一碟紅油抄手同埋上海粗炒，另外一人一杯豆漿total $108 only, 好抵！紅燒牛肉麵湯有小小辣，但牛肉大大舊又夠林，好好食！紅油抄手個汁返而有小小鹹又唔辣，碗牛肉麵仲辣過佢，但就好足料。<sssss>上海粗炒好油無乜味，可以唔試。<sssss>"
3,一直愛吃君滬的鍋貼，今次轉轉口味吃粢飯。食物到手時仍是熱騰騰，但比相像中細件很多。粢飯煮得太腍，過分軟糯黏身。可能放久了的關係，油條已不再香脆。菜脯、肉鬆味道相配，份量亦很足。再有機會到君滬的話，還是吃鍋貼好。<sssss><sssss>
3,星期六下午三時多，睇完戲就去吃late lunch. 記得綠茶蛋捲不錯，所以就入內。餐廳不算滿座，不用等位。叫了兩個烏冬餐，一個飯烏冬餐，跟綠茶蛋捲。食物味道正常，海鮮炒意粉叫少油都做到。吉列豬扒暖暖，脆的，但汁太咸又加哂落飯。醬油烏冬正常。綠茶蛋捲很moist 很新鮮。最差的是服務，叫加水叫左幾次都無件事，叫人都扮聽唔到。終於有人肯加水，但加得半杯，叫佢加滿佢話唔夠水，咁我叫佢轉頭再加。點知無件事，仲要直行直過。最後又要叫另外一個人加水。咁既服務，完全0分。<sssss>
3,"夜晚收工同成班同事打算食宵夜。咁岩見到e間收3點,見時間充裕所以就即刻去馬。價錢方面$139打邊爐+$59蒸海鮮+加一。飲品方面任飲。海鮮方面龍蝦賣晒所以轉左一人比多一隻鮑魚比我地。但係鮑魚就太韌,其他海鮮無特別。食完海鮮之後打邊爐,種類較多選擇。由於夜晚較少人所以打邊爐配料上得快。總括來講宵夜時段 由12點坐到3點, 有充裕時間享受美食,而且一行我地10個人,比左張最入大枱我地, 坐得較舒服及環境寧靜。<sssss><sssss><sssss><sssss>"
3,流沙奶黃煎堆仔外層脆卜卜，芝麻增添幾分香味。內層奶黃夠哂流沙，時間掌握得幾好，試過食過一間係乾哂。<sssss>黑松露鳳眼餃晶瑩剔透嘅皮，唔會太厚。包住勁大隻鮮蝦，淡淡都彈牙爽口。黑松露令味道進一步升華。<sssss>黑松露芝士蟹子灌湯餃好大個灌湯餃，入面充滿邪惡嘅芝士同淡淡蝦肉。邊食邊品嚐到個湯嘅鮮甜。<sssss>叉燒腸粉腸粉嫩滑，叉燒肥瘦啱啱好，配甜豉油一流。<sssss>香芋排骨芋頭夠哂粉，而且有滿滿芋香。排骨蒸得啱啱好，又吸收哂芋頭嘅精華，好味道。<sssss>
3,"銅鑼灣之旅另一站係文輝, 今次寫佢地係因為味道比上次食好好多今次係食紫菜雙丸米同一碟粉果! 上次食, 我仲記得唔係好好食, 因為湯無味, 只有墨魚丸比較好少少, 但今次, 印象完全唔同哂喇雙丸米的湯夠哂味, 我食哂啲粉次外, 湯都飲大半碗, 好味吖嘛 原來佢除左墨魚丸好味之外, 豬肉丸都做得唔錯, 好食!粉果熱辣辣, 一碟三隻, 只賣九蚊, 點特辣辣椒油食, 刺激又好食如果次次都可以有咩嘅水準, 我都會成日嚟食o架<sssss><sssss>"
3,裝修有心思，地方闊落，餐具好得意，但食物係中伏級數。安格斯牛係見紅但好硬，如牛肉幹，完全切唔到。蘑菇同炒蛋都欠味道，比較好食的竟然係番茄😂😂服務員比較遲鈍 。<sssss><sssss><sssss>
3,"黎開元朗開工, 午餐一個人就是但搵間餐廳黎食, 見呢度門口幾靚, 就入去試下.入去唔算多位, 對住廚房排排坐, 入面幾多日本裝飾.<sssss>分顏色既天王, 即係唔同口味.<sssss>鍾意濃味D, 所以要左黑天王($79), 即係黑蒜油拉麵. <sssss>飲啖湯幾濃豬骨湯底味, 黑蒜油少少蒜味. 幼拉麵幾爽口彈牙, 义燒正常不過得一片. 個蛋唔知算唔算流心, 不過個黃都唔錯. 仲有椰菜木耳配料, 夾埋一齊食幾好.都幾好味, 下次可以帶老婆黎試下."
3,今次食左香酥雞扒面（牛肉湯底）首先，講下湯底先 ！ 係真係用骨煲 好濃味同係台灣小店到食既 完全係一樣味 夠晒正第二，個面質 都幾有咬口 而且同個湯一齊食時 個面唔會話好似同湯分開咁 係同個湯甲埋一齊既感覺！第三，塊雞扒好大塊！ 又夠脆 但咸左少少囉！ 但做得唔錯架 第四，百香果紅茶香 同茶味好甲 唔會好搶 既有茶香又有百香果香，多冰 所以第一口會覺得太甜 等冰溶左少少 就會岩岩好<sssss>
3,"去到的時候幸好唔用等位,可以即入有位坐好多人..環境好吵一坐落,都未看有什食,個侍應就過來..叫食咩嘩..急到甘看左一看正係見到一個餐之後叫左一份 .一份通粉:無什特別(味精感)剪蛋:同炒蛋比較,完全無得比,毫無特別,唔建議叫剪蛋炒蛋:好滑,尼個真係好好味,成份早餐正係覺尼個最好食食到差唔多,叫個侍應寫野飲..個態度真係熱奶茶:好滑身,好香(最好叫熱的,會好d)價錢:$26可以接受的價錢,有個炒蛋同奶茶覺值尼個價總括:如果正係想試炒蛋一味,可以去一試,但如果真係想好好地食一份早餐,唔推薦去,"
3,前幾日同女朋友食，個咖哩烏凍好失望。似街邊咖哩魚蛋啲咖哩。另外，吉列牛啲牛肉都係麻麻地。唯一可讚係芝士蛋幾好。店員的服務態度散漫，吉列牛到左，但係等左店員拎個爐要3分鐘。唔係應該知客人點左吉列牛就一早準備好嗎？個爐之後無火，頭一位店員聽完無左件事，要再嗌多次另一位店員先幫到手。可能我夜晚9點幾先入座晏啦，感覺店員唔多想幫客人。可能趕收工掛。店鋪就算有幾好味，但服務差都幾難有回頭客。希望貴鋪可加以改善。
3,好耐冇路經富寧花園， 等我食返個下午茶先。下午兩點去食，大把位完全唔需要等。不過我一坐低，阿姐就問我食乜，如果可以等下就好啦， 睇餐牌都需要時間架，真係當我背左咩。雖然佢出名嘅係牛腩，但個人唔算太喜好，卒之揀咗個雙丸面，盛惠港幣＄32<sssss>雙丸面我就要左魚蛋同牛丸（走青），魚蛋同牛丸當然都好好食啦，夠哂彈牙，啲生面煮得好爽，一啲都唔淋仲有最緊要嘅係咩呢， 就係配佢特製嘅辣椒油啦！<sssss>佢自家製嘅辣椒油出名夠辣夠香，落少少都好惹味！呢餐都算滿足
3,"閒日中午人不太多, 搭枱便不用等位。蒸粉果: 皮好厚!!! 即時大打折扣, 幸好味道不太咸生菜鯪魚球: 份量挺多的, 咸淡適中, 但魚沒有魚味, 媽說應該用了很多生粉...水晶包: 4粒細細的, 乾乾的物體! 暖的, 但不夠熱, 只有兩款餡, 豆沙和另一種黃色的物體, 不是奶黃, 似奶油多一點!!! 皮厚餡少, 奶油餡味道勁怪, 難吃!是次experience 很差, 可能點的都不是他們的招牌吧, 眼見別人的蒸腸粉好大碟呢 @@"
3,其實本身自己唔係太鍾意食豬潤但係係招牌菜 冇理由唔試下架麻點知...一食好好食喎....又多個湯有淡淡薑味...好正真係好好食...但係新開果邊就好似冇咁好食係果分懷舊既味道嗎?<sssss>
3,聽朋友說佐敦有一家不錯拉麵店，今天於是結伴前來拉麵達人，希望真的是達人級數吧<sssss>我點了一個櫻花蝦拉麵<sssss>外觀還不錯，只是紫菜不夠挺身，湯底味道頗濃，蝦味濃郁，蝦尚算新鮮，入口不錯拉麵麵條不夠堅韌，口感略嫌不足，但份量算大，算是挽回不小分數
3,平時諗到想食什麼就什麼今晚星期五同我家老細諗極都唔知食mud我話不如康怡廣場啦都幾幸運去到唔使等位好鬼肚餓就頂唔順快快叫野食平時食開蝦多士個樣都唔係咁越式既關係可能味道都唔錯芥蘭就差d冇味唔知想點生牛肉湯河就好普通食公仔麵應該會開心d最後菠蘿炒飯有驚喜好正好好食值得一食<sssss><sssss><sssss><sssss>
3,每次想黎呢間都係好長龍，今日紅過長沙灣試下睇下多唔多人，雖然都排緊隊但好快到我地入到去叫左個出名濃cheese蛋飯 有埋侍應幫手倒蛋和cheese有炮菜小小辣幾開胃同埋中意食cheese 真係唔錯之後再叫左個咖啡漢堡飯 咖哩味夠 都唔錯 價錢合理<sssss><sssss><sssss>
3,一向係元朗既放題都不俾睇好 今次我決定身先士卒 就揀左呢間放題試下 仲要加埋錢試下佢個長腳蟹 估唔到有驚喜 蟹肉鮮甜多汁 食物總類繁多 如天婦羅 刺身 壽司 自家制甜品 韓國雪條 連火鍋都有 不過今次就冇試啦 下次再黎先再食<sssss>
3,先生公司就在謝斐道，經常上去幫忙！肚餓吃的最多的就是蛇王二的叉雞髀飯外賣幾乎是次次必點，覺得最好吃的就係叉雞髀飯，因為店舖唔算太大而我又想慢慢吃唔想太趕就每次打包上去公司吃！叉燒燒得焦香入味肥瘦均勻雞好嫩，最重要無血水，好有雞肉味姜蔥油好正點，雞一定要加姜蔥油才好吃夠味盒飯的份量都OK、點外賣通常都係點好比完錢再交個號碼圓牌出門口等待！但通常唔會超過5分鐘最多就會有外賣，另外飯有杯飲品送，以前每次都叫送奶茶，亦都無問過有無其他！直至到有天公司上面有位同事飲的是阿華田，才知道還有多一樣可以選擇
3,"同朋友慶祝生日, 特登就朋友的工作地點, 所以揀左係QRE CENTRE既餐廳食.朋友想食意大利餐廳, 所以預先打黎訂左位.黎到一人叫左一個SET, D SET 都係$120 - $200 左右. LUNCH 黎講係可以接受既價錢.我特別鐘意呢度既裝修, 佈置. 係窗邊有D 磚, 真係有D 置身係外國既感覺.我地都係叫左意大利粉. 兩個都係蕃茄味. 味道適中. 下次可以再試."
3,公司附近去年開了間「來多碗車仔麵」，一看其像麵醬般的辣醬，嚐過其水魷及豬大腸的味道，便知是以往觀塘名店「金僑」的班底弄的。就是呢三樣野可謂冠絕觀塘，佢既辣醬看似平平無奇，黑沉沉的一舊，但愈吃愈有辣勁，是化腐朽為神奇之物也。至於此店的水魷爽而有咬口，豬大腸肥瘦適中兼鹵得入味，今天貪心點加埋魚蛋、豬皮及青菜，再配一點米粉，便是平民一頓盛宴了。相對以往的「金僑」，此店比較光猛乾淨，難怪它近日已成為我的食堂了。<sssss>
3,"一年前食過 Yamm, 覺得神級好食, 所以不斷推介給朋友.但最近有個朋友 complain 話食物好唔掂, 所以自己就再 book 位食下.今次訂位一星期就有, 以往起碼要一個月....  都心知唔多吉利.Yamm 真係變左.  以前牡丹蝦任食, 現在 一 隻咁大把.其他食物質素都下降了.....  好失望"
3,<sssss><sssss>所謂的米芝蓮，只是虛有其名。難得明天是端午節，特別相約友好品嘗新餐廳。先點了名菜燕窩雞翼，$120一隻，只屬一般。再來釀蟹蓋、焗螺、招牌炒飯、乳鴿、雲腿菜膽，滿心歡喜，只換來不斷的媽媽聲，失望之後還是失望！價錢貴還算了，食物水準竟比不上東寶？！別來！$2000的選擇可以更多！後記: 朋友將車交給代客泊車，原來埋單時自動入數，盛惠$80!
3,"試左新出果個板燒雞腿包餐,個包件雞幾好食,都有d汁,但係我唔明點解要配果隻汁...d白汁配返魚係咪好d?件雞其實都已經好夠味,如果我下次要食我會走醬...至於薯皇,麻麻地,可能凍左,冇咁好食,我都係鍾意食薯條多d"
3,潑水節前的午餐<sssss>要自行係紙上寫No.再比侍應 今日人流超多 所以食物要等耐啲麵有幾款選擇有少少冬陰公湯但又係清湯有少少辣係面<sssss>遊船河 甜甜地 好特別既湯底<sssss>彩虹湯底都係甜湯底認真啲數真係7隻色白色既丸好彈牙有豆腐泡 扁身豆腐魚蛋魷魚好淋身又吾硬綠色既粉吾知用咩整睇落好似河粉係厚身 爽口既麵質<sssss><sssss>
3,This comment is from my friends:一個人踱去卑利街的Brunch Club試試，叫了一客omlette with bacon...坦白說真的有点失望！因為實在太咸啦！！！Dark Belgium Hot Chocolate又非常甜，一啲都唔dark feel...那七彩繽紛的mashmellow...有点嚇人！
3,星期三既夜晚，銅鑼灣既食店一如既往既多人。我地一行4人係冇準備既情況下當然搵唔到食，係咁岩得咁橋飛機撞紙鷂既情況下，我地走左左入去呢個附有日式裝潢既餐廳。<sssss>唔講真係好似飛左去日本咁<sssss>刺生中規中舉啦<sssss>鮑魚生鮮仲識郁嫁<sssss>食物新鮮唔錯 ，款式都唔會話太多。最怕就係一d餐廳咩都賣周身刀無張利......但係佢地既背景音樂就太嘈啦，連服務生姐姐講咩都聽唔到，如果想傾住計咁食就唔太適合啦。不過感覺到佢地都係用心經營既讚<sssss>
3,"上年12月生日當晚男友帶咗我去Caprice. 之前有網友話食物同service都唔好, 我反而覺得佢食物有London的水準, service都好好. 我舊年去了英國的Fat Duck (voted world's best restaurant 2005) 同Gordon Ramsay, 我真係唔覺Caprice 差咁遠. 唔知係咪因為當日係我生日呢???Photo: my birthday cake<sssss>"
3,"今日試o左佢好出名o既咖哩根腩伊牛根同牛腩唔夠林, 鞋鞋地...... d人仲特登去買個咖哩汁, 唔知係咪貪佢夠辣夠鹹同冇咖哩味呢??????一碗$24, 細細碗, 冇湯ge, 唔抵......坐上層, 一陣厠所味去一次就足夠...................但要讚一讚個伙記, 佢好好記性, d 食客叫食物, 佢唔使寫底, 再一次過同老闆娘講, 呢一層要乜o野"
3,譚仔定三哥，三哥定譚仔，好亂呀！不管譚仔定三哥，lunch都係好多人既。  環境：哩間多卡位比較上好坐。 食物：雞肉炸醬酸辣米線，唔算好辣，偏酸，米線份量夠飽╴炸醬惹味呀。 <sssss>
3,"本身我個人就唔係咁鍾意食米線ge...但見呢間野幾出名同本身我勁鍾意食spicy野所以就try try了見佢料既choice真係唔多,同埋係d普通野..所以價錢都算中上唔平wor..但spicy既level就有得簡,都幾細心食完覺得個湯好正!!!! spicy得黎有香味~~唔會係味精湯only!同埋都ok大碗,都好夠食!但不得不提係佢既土匪雞亦!!都係好正好香!!個味十分特別~好多肉汁彈出黎同埋塊皮好脆!!有黑芝麻擺面幾特別!應該會為左雞亦再黎食過!"
3,一心咁多人去試下 點知⋯⋯好多都唔新鮮  苦味  三文魚唔鮮 海膽苦既 好多海鮮都唔新鮮 攪到有d苦 失望！二百幾我寧願食大喜x喇連熱食都不太好味，焗蠔隻蠔屎黎 好細粒，冬菇鞋到不得了，天婦羅蝦瘦到媽媽都唔認得，吞拿魚腥到不得了，又梅。好少少既係炸野 但係都係剛剛合格分數 ，甜品泡夫竟然裡面cream係硬既，依間冇下次！好失望呀⋯⋯<sssss><sssss>
3,<sssss>數返轉頭～原來對上一次食Buffet已經係上年7月嘅事，仲要都係朗豪酒店度食！The Place供應的菜式同上年吃的大同小異…<sssss>必食的依然係生蠔＆Movenpick雪糕！今次就試到烤肉眼扒原來都整得好juicy～好嫩滑～唔會過韌！食飽歎返碗豆腐花，飲返杯檸檬茶就大完滿啦！
3,"一向支持小店反對大集團式的經營, 看著這間店從裝修到正式開業, 一心想去試一下。早上10點不用等位, 朋友是個腸粉控, 很期待吃到正宗的腸粉。餐單上選擇不多, 除了主打的腸粉外, 就是潮式面, 可以選擇款式。朋友點了個豬肉腸粉加蛋: 算是很滑, 米漿應該是現調的, 彈牙。我點了個瑞士汁雞翼公仔面, 沒有特別之處, 雞翼尚算入味。雖然支持小店, 但這間店的選擇實在太少了, 而且水吧的質素不好, 一杯凍咖啡沖得沒有咖啡味, 只有冰和水, 港式餐廳一杯好飲品是靈魂, 這點有很大的進步空間。"
3,下！服務好！我有次去食野，服務唔得，野食又凍，薯蓉又唔見左忽，野飲亂黎。我記得我填意見紙果陣，待應係度莊莊下，一點都唔大睇！意粉屋呢間最差！
3,今日來到廣華街一間上海野度食，叫做金滿居，我估同隔離果兩間金滿象係同一個老闆。附近上海食店唔多，今晚就來試一試。<sssss>同事點了麻婆豆腐菜飯，睇落有好多，但其實個碗係平的。。不過味道不錯。<sssss>我點了個擔擔面，開頭食落去花生醬唔係好夠濃，食到一半左右就開始杰和變濃，可能係因為攤凍了？ 味道正常啦，唔算特別好味。<sssss>同事的雞煨麵，上菜後先知雞煨麵原來係甘。。同事話好清。<sssss><sssss>點了個雞絲粉皮和海帶絲。<sssss>人均$60左右，味道同份量都一般般。
3,早前和辣椒女兩個去<亭記>食，當然順便叫多幾件粿品試試啦！一問之下，原來最少叫三個才煎，我們便叫做了韭菜粿、芋頭粿和筍粿。韭菜粿- 韭菜好新鮮，好好味，但就比較油，令感覺唔多好。芋頭粿- 芋頭味比較淡，又乾身，感覺麻麻地。筍粿- 我對筍唔多喜歡，但辣椒女就話唔錯。說真的，我覺得這裡都唔錯，如來這裡食又順便叫來食，都可以的。<sssss>
3,<sssss><sssss>一開始見到綠色仲係以為抹茶，但佢既真身就係班蘭糕! (hk$12一件) 完全可以用晶瑩剔透黎形容，口感煙煙韌韌，味道清香，而綠豆蓉甜而不膩又軟滑!<sssss>米紙蝦卷 (hk$30)，一共有三卷，薄薄既米紙包住蝦肉、檬粉、青瓜絲等等，雖然賣相幾靚，但我個人接受唔到青草味，所以我每一啖都一定要蘸佢地既秘製醬汁<sssss>哩杯係好健康既牛油果沙冰 (hk$25)，但奇怪既係一啲冰感都無，口感同奶昔一模一樣! 好creamy值得一試!
3,"難得有$100coupon就去食啦六點半去到唔駛等位小籠包--真係好好味,皮薄汁多,價錢都唔貴<sssss>銀絲卷 --無乜特別,不過都幾好<sssss>樟茶鴨 --好入味,我好中意,不過我女朋友話太乾身<sssss>炸醬面--好普通,個醬唔夠熱,最後都食唔晒<sssss>除左個面唔夠熱之外其他都好好食另外個人參烏龍茶都值得一讚 飲落甘甘地好正!!!"
3,$21豬潤麵：好多豬潤、淋、唔un、切得又夠薄身、juicy$8咖央多：個底好火農，另外對隻味無咩感覺後悔應該嗌招牌'咖央西多'嘛...衰心急，蠢左P.S：人多時間要在門外稍等，排隊…不過都好快有位！
3,Lunch time時間 去左老點食點心 以前唔駛齊人就可以入座 但今次要齊人先可以佢呢間係比較新派既點心 今次試下芝心炸蝦丸 真係值得一試 冰梅豬手 好骨膠好入味唯一既係蝦竹筒飯 飯比較乾身 唔係好食得慣不過佢上點心速度好快 叫左點心無幾耐就成枱都係點心<sssss>
3,"上星期又再次來此店食lunch..其實味道都ok架, 特別係d肉躁勝在夠多配飯就一流,而且肉燥鹵得入味又唔會偏咸 加上內裡有點冬姑粒食落軟軟好有口感, 最喜歡佢地既飯粒粒分明軟硬適中就係我至愛既米飯<sssss> 反而佢地d小食鹽酥雞就麻麻, 基本上同一般既炸雞無咩分別.唔知係咪樣樣都係肉呢..食到最後覺得好飽漏.下次都係叫番少d肉比較岩我d."
3,"新麻蒲午市套餐午市套餐介乎$70-$80到 價錢合理且選擇多, 但味道中規中矩1.  海鮮辣豆腐湯辣味欠奉, 味道偏淡, 海鮮份量略少2. 生牛肉拌飯生牛肉可多加調味, 整體亦是偏淡, 普通的비빔밥應該會更好食<sssss><sssss>"
3,"叫咗個黑椒牛丸河粉同魚皮餃米粉加碟油菜。黑椒牛丸好大陣黑椒味，同埋粒丸幾彈牙！河粉就不過不失，有少少易斷。個魚皮餃okay,啲皮唔會話好厚。米粉配埋啲湯麵幾入味！油菜就都係啲菜加蠔油，唔會煮到太爛👍🏻<sssss>"
3,由於好多車泊響街，終於食番次就腳的王林記。同上次感覺爭唔多，主觀地覺得唔合口味。主觀就係咁，正如有人鍾意安利，有人鍾意呢度。無話邊果好食過邊果，但就肯定兩個都好食過出面好多間。<sssss>
3,琴日同個friend兩條友去食，自助任食個半鐘，其實覺得時間少左啲，兩個鐘應該會開心啲。食物環境都ok，豬頸肉同魷魚都好味，燒菠蘿幾甜！鐘意啲甜品，奶凍同蛋都可以一試至於飲品既選擇我覺得少左啲<sssss><sssss>
3,"今日忽然想食小籠包,男朋友媽咪介紹食尼間中菜餐廳,食物不過不失,味道唔差,環境尚算可以。今日係星期二,午餐時間人流唔算太多，坐得幾舒服,但當中點菜時發生咗D小插曲,嚟咗一個唔係我哋原本點嘅麵,同部長講返嚟錯,但之後服務態度就大不相同，令人覺得有D奇怪⋯⋯本人覺得服務麻麻哋,有待改善。<sssss><sssss><sssss><sssss><sssss>"
3,朋友在附近上班，就來這裡午餐。蝦餃：蝦肉鮮爽，餃皮不太厚，惜太大隻了。叉燒腸粉：叉燒味道不錯，腸粉皮薄，豉油咸度適中。春卷：鮮蝦餡料夠鮮，春卷皮薄不油膩。XO醬鳯爪：調味不錯，惜XO醬不夠香，而鳯爪太淋。灌湯餃：皮簿湯鮮，還有原隻鮑魚及魚翅，好吃。粉葛赤小豆煲鯪魚：湯料不足，所以不夠濃郁，但味道還可以。蟹肉扒鮮露荀：蟹肉不夠鮮味，露荀是隔夜貨，刀口也黃了，而調味油水也不足。是日點心比小菜出色，希望是午市的關係！
3,"剛去完希慎道Apple Shop 整完電話,就去咗後面街蘭芳道嗰間越南餐廳食午飯。平日食晏時間經常有人排隊，可能今天是最後一天的假期，所以無需等位。平日有套餐都OK抵食，但今天因為假期，所以冇套餐叫！香茅豬扒飯 （$58-）<sssss>豬扒炸得都幾香，但肉質比平時「梅」，可能「那」肉過咗龍！蔬菜份量都唔算少，而且有紅色嘅紅蘿蔔仔和綠色嘅西蘭花，最喜歡的就是有片蒸蛋，蛋裏原來夾着有粉絲，木耳絲...等材料，營養豐富之外又特別。成碟飯五顏六色，賣相靚不在話下，營養價值都好高！"
3,之前淨係試過beans既甜品，今次食晚餐，有d失望叫左個蟹籽蟹肉意粉，個汁淡淡地，亦都冇咩芝士味 (所以唔太膩)，蟹肉得好少，唯一讚既就係個意粉，硬度剛剛好!<sssss>另外加左杯荔枝泡沫鮮奶伯爵茶，味道與一般荔枝茶無異，雖然有股清香的荔枝香味，但只是面層加了濃濃既奶泡，層次增加!<sssss>
3,"第一次去譚仔既時候 =]再一次去既就 =[ 。唔酸唔辣了! 。賣點只剩配料方面夠多 。外表依然斯文,, 。但味道已經.. 大不如前!。沒什麼特別失望的一行。期待下次見面。<sssss><sssss><sssss>"
3,吾明點解咁多like? 味道還可以，但味精太多，而且吾係主打串燒，仲有刺身，點選左海膽，味道可以，價錢比串燒合理。但呢個價錢可以有好多選擇，環境昏暗，其實食物個樣係點都好難睇得清楚。總括黎講，以為咁多like 先試試，但有點失望！<sssss><sssss>
3,"成日holiday見到有人排隊咪""泥""試下囉,不過除咗大件夾抵死,咪又係咁!雞絲湯米同牛肉湯麪我仲煑得好過佢,奶茶未算極品,豆腐$3一大件,味道算o.k.,杏仁霜就唔夠香,不過好大杯!"
3,想試下爆汁牛肉餅，只此一家。味道好，只因新鮮熱辣食到多汁既牛肉餅，其實那些汁，佔了七成都是油，食完好膩！減肥人仕不吃為佳。其他主打小菜如咖喱牛腩，水準真是很普通，同區有很多小菜館都做得比佢好幾倍，所以如果不是想試一下牛肉餅，建議去第二間食好過！
3,假日遊西贡，不經不過來到碼頭邊，看見這間適泊魚燒，被店內傳來陣陣香氣吸引，便用20元買4粒燒魚餅試下，由於即場制作，新鲜熱辣，内軟外脆，內裏配上鲜奶吉士醬，非常嫩滑，美味可口。<sssss>
3,與朋友吃完生日飯，週圍逛逛，經過此店，便入內吃飯後甜品。大家各自叫甜品，我叫了一個自由搭配的養生糖水。：豆花很滑，南瓜泥很少而且不夠香甜，手工芋圓煙煙靭靭還算不錯，薏米和淮山都夠焾，糖水甜度適中。感覺是十分健康的甜品，但由於所有配料都是撈在一起而沒有放在一起煮的，所以好像欠了中式甜品那種香味。價錢合理，糖水的配料十分健康，但味道沒大驚喜。店員服務態度很好，整體感覺還算不錯。<sssss><sssss>
3,有大半年沒有幫襯，在不知不覺下轉營了，以前是日式茶餐廳感覺，食物大至有多士，通粉，日式咖哩飯之類。雖然裝潢沒有變，但食物種類方面高層次了，相對價錢當然貴了。午市並沒有套餐。南瓜雞肉意粉橙黃的醬汁應該是南瓜餚製成的，南瓜味欠奉，只有一種黑胡椒味，完全蓋過所有味道。基本上為何要咁大量胡椒作調味呢？答案可能要蓋過雞肉的雪藏味。唯一好的是意粉硬度，不會太港式的偏軟，有韌度。<sssss>加拾元有即磨咖啡，味道中規中矩，質量一般。<sssss>
3,很久沒有到過電器道熟食中心，不知何年何日到過這裡吃小菜，原來現在另外開多了兩間食肆，泰國菜＆印度菜，看過食評，兩間都值得一試，無耐泰國菜要訂位，所以就轉移食印度菜．同老公黎個豐富晚餐：－送－辣薄餅：胡椒味勁，同食薯片一樣咁熱氣．咖哩魚柳：好香，好甜既咖哩，魚柳又滑喱．印度炒飯：味道不錯，加埋果ｄ印度herbs又令人好開胃．Naan：軟熟，點咖哩食，一流．青檸soda：甜了少少．<sssss><sssss><sssss><sssss><sssss>
3,"一位好耐冇見既朋友話想黎食雞. 又同左佢地黎食3個人叫左2隻雞同一碟沙茶炒麵$65雞就唔多講不過食過兩次潮館既麵, 都係麻麻上次糖醋麵, 出面雖脆, 但入面係林. 食得唔暢快今次既沙茶炒麵, 問過哥仔係炸麵黎原來係煎粗麵, 個配搭都幾新鮮. 不過我expect 佢係炸到鬆起既幼麵哩個粗麵, 同上次既糖醋麵都係一樣, 一餅野咁, 可能潮式既炒麵係咁掛.我就唔太喜歡食左兩次麵都係唔太得, 已經將佢既麵類black list牛肉有點韌不過沙嗲醬幾好食, 聞起好香<sssss><sssss>"
3,第一次幫襯妹記時，她還是寄居晌麥花臣球場附近。多年前搬上旺角熟食街市也仍是她的粉絲。4月9號，較平時早起，就襯剛好要到旺角開會前探探她吧。早上人少，即點皮蛋豬心粥補補傷透的心....豬心仍是往昔般新鮮，熱驣驣的粥吃下滿足心窩....可惜粥底又再退歩：粥身是綿、但不夠厚、且魚味少了、而換來師傅多了....唉，匆匆吃完心裡歎息。雖然出品仍比連鎖粥店高很多，味精也較少，回憶往昔，還是令人唏噓...........<sssss>
3,雖然不用排隊等位，但呢間餐廳已不會再來。老公生日，冇特別慶祝，諗住呢間咁多好評就試吓。叫咗一份5成肉眼扒，一份7成牛柳。等了差不多半個鐘兩份扒才到（中間同個Captain叫了一杯Stella 一杯Hogarden，但兩杯都漏單）。結果肉眼扒是8成熟（食落似食毛巾），牛柳5成。最後我同我老公唯有交換食……真的不會再來，亦唔recommend朋友來。
3,"這幾天sogo做周年大優惠，逛完便去底層超市行行。<sssss>行過Bake,見到仍有很多芝士撻，立即排隊。排的時間比我想像中短，約半小時。很快便買到芝士撻。<sssss>一口咬落去，oh no,凍冰冰的，微熱都沒有。芝士餡也不澎湃，沒有流出來。芝士餡比想像中少很多味道不是不好，是期望過高，一心以為會撻在口中流。傳說中最好味的芝士撻！？Oh,我覺得美心出品的比這個更好味，價格也是比較親民點。難怪，晚上9點也有大量存貨。"
3,星期日同P大人去開荃灣買野，突然想食上海野，行到去荃豐個d位置，由於唔想行咁遠既關係就去左荃昌試試呢一間名棧喇。酸辣湯 - 味道唔錯，唔算好辣個種。菜肉餛飩旦旦麵 - 餛飩應該係自家製既幾好食，旦旦麵個湯對我黎講都幾辣，至於麵都算爽口。鮮肉鍋貼 - 呢個好食喎!煎得外脆，肉新鮮，而且食落去入面有肉汁爆出，正!豆漿 - 普普通通，無咩特別咁喇。總括，將價就貨既話，質素算係好好，經過肚餓想食上海野既話一吃無妨  <sssss><sssss><sssss><sssss>
3,女友話想食卡巴好耐，所以黎到tst呢間幾出名既試下去到之後，發覺要等1張檯，經理幾好禮貌的，唔錯等位既時間就可以落單，我地叫左羊肉卡巴，串燒飯，兩杯Mango奶昔，經理真係會問你奶昔係咪少辣- -佢招牌gag黎坐落有d迫真係，不過最後佢搬左一張檯走羊肉卡巴好味，好多汁，但真係幾辣，雖然我叫少辣個飯真係一般，好乾呀個雞，比起d羊差好多，後悔叫呢個，應該叫兩個卡巴仲正大家想試既可以試下，唔錯<sssss>
3,食完晚飯 去食糖水點知好多人排隊 等左20分鐘先有位地方比較逼夾 叫咗個芝麻杏仁茶同埋椰皇紫薯芋圓-芝麻杏仁茶比較糊狀 同埋芝麻味重過杏仁味 食落還算可以<sssss>-椰皇紫薯芋圓 一食落啲竽圓 是凍的而且竽圓份量非常少 味道一般 如果是熱騰騰的 應該會更好食~ <sssss>
3,"貴及唔好食，覺得好唔抵<sssss>我買咗一件細既栗子蛋糕，$140 咁諗住貴都試下啦，可能好好食，點知 ...面頭 d栗子係浸過勁多糖水咁，超甜又唔soft. d栗子蓉有係雪過唔夠滑，d蛋糕texture有係""鞋""既。超失望。得個甜字。"
3,"天氣炎熱~諗住食下酸野開胃~呢間D人周圍sell~話新開,D野食好抵,由泰國人煮~我同朋友就入去試下~香茅豬扒撈檬:幾好食~豬扒夠脆~香茅牛肉撈檬:香茅牛肉D味好怪...D汁唔夠酸而且辣左D...粒粒藍苺冰:好好飲~珍多冰:個面好多泡泡...好恐怖!環境幾好~幾舒服~服務唔錯~食物尚算可以~小食價格貴左D...所以冇食...<sssss><sssss><sssss><sssss>"
3,"囝囝鍾意超人特工隊公仔,攪到我牛龜咁大,竟然要個開心樂園餐,好攪笑,有時真係好服M 記,單係同人合作可以題高生意同形象,諗下早幾年既SNOOPY同HELLO KITTY就知啦,唔知下次有乜?"
3,專食餃子嘅餃餃餃子喺灣仔坐完cafe 又唔見好肚餓，諗起下廈門街有間專食餃子嘅餃餃餃子，可以食少少啱啱好。一開menu 就見到呢個shake shake 餃子引起左我嘅興趣。三款味道可以揀：梅子鰹魚味、醬油牛油味、粟米濃湯味。等左一陣，俾咗一袋五隻餃子加包醬油牛油味精粉。餃子係ok 嘅，熱辣辣感覺不錯。味精粉幾香牛油味，不過有啲假。食落其實唔係好特別，最尾都係要沾豉油食。總結：即係味精粉加餃子，如果唔係貪新鮮貪得意，可以不試。<sssss><sssss><sssss>
3,"o個日諗唔到食咩..就問下朋友意見, 佢推薦我去薯仔屋咁我就去試下今次去無訂位去到佢話full左...好彩最後佢都開左張枱俾我地無白走一趙入面好多玩具, 好正呀...全部我都好鍾意我同朋友叫左個二人餐等左好耐先有得食頭盤ge都可以但係個就一般...d薯條俾d汁浸到好""林""同爛個都唔錯但係個份量就太大= =之後叫左杯飲..我就覺得太甜~整體就普通, 不過勝在多玩具睇下如果有朋友鍾意玩具都會考慮再去"
3,曾經令我上癮嘅四川野，以前聯記嘅嘅都又辣又好味！曾經，水煮魚嘅魚滑粉絲爽正到不能，家下魚腥粉絲淋到離譜又無味。曾經，酸辣魔芋酸辣惹味，精髓係當中綠色嘅辣椒仔，而家無左精髓外變左普通青紅椒。其他仲有酸辣粉都變左，唔係係咪變左老細定點，好失望忍唔住要寫篇抒發下
3,朋友介紹左我幾次 知我鐘意食辣叫我黎試下佢個麻辣牛肉麵 話我一定鐘意出開尖沙咀就去試下啦店鋪開於地庫 先攞位 自行出收銀購買食物之後坐返埋位 員工自然會為你送上食物 枱比較多 人滿坐時都幾迫下 又係迫住聽隔離枱講咩麻辣牛筋腩麵湯底牛味很濃郁 可惜麻辣不能隔入感覺就似食茶記牛腩河 自己加辣椒油牛筋入汁好林 可惜牛腩有一件好硬 咬唔開 似未煮好另一件又好林麵質有彈性 比油麵幼身 不錯<sssss>鹽酥雞即叫即炸 雞肉好干好瘦食到一絲絲既肉出黎 唔得<sssss>
3,"諗唔到旺角仲有咩好野食 , 同女朋友去amico食dinner, 20:30 等左5﹣10 mins 左右有位.Order左 幾樣食物1. 卡邦尼意粉 2. 大蝦意大利飯 3.Caesar Salad服務一般，但食物﹠價錢 有少少喜出望外。<sssss>香濃芝士味 & 好creamy <sssss>蝦大隻爽口,意大利飯不錯<sssss>味道很好，新鮮"
3,香港的水饺馆有那么几家，这一家的北方水饺应该算很不错的。店堂环境跟一般茶餐厅差不多，服务员也懒洋洋不愿意跟人打招呼。一碗酸辣汤，有很多木耳，口味其实很一般。但一碗京葱羊肉水饺，汤的香气四溢就与众不同。饺子是名副其实的皮薄馅大，一碗饺子转瞬间就全部下肚，绝对超过半山水饺那家。
3,"星期六晚同流沙包去佐北京水餃店食dinner, 我叫佐個担担排骨面, 流沙包叫佐個担担水餃面+豆漿既set, 再加個小籠包. 呢度D担担面果然好味, 排骨又夠腍夠入味, 勁好食. 不過個小籠包就唔得lu, 皮厚又蒸佐好耐, 而且裏面都無汁既, 唔合格, 價錢平($12)都唔會再試. <sssss>"
3,兩個人...食左:酸辣湯:真係又酸又辣....但係唔係人人受得住果浸酸味.....菜肉雲吞:唔錯...幾好味...不過個湯唔得..有浸怪味....紅燒雞翼菜飯雞翼味道唔錯..可惜太鹹....菜飯則一般....無鍚排骨:幾好味....蔗水豆漿各1杯.....埋單$124....多謝豬姐請食飯....
3,不知是不是我運氣差...個人覺得有點名過其實意粉我寧取義順的牛通多士確實比一般的厚也既香脆而鬆軟那蛋也炒得頗滑...不過...份量卻少得可憐!我估計一隻蛋也未必有奶茶我覺得比不上一般茶餐廳的香滑比較起來我覺得蘭香的B餐好多了起碼坐得舒服些不過在佐敦便沒辦法了
3,"情人節一早到尖沙咀逛了逛, 跟住搵咗呢間cafe坐坐嘆杯咖啡, 到時唔算多人, 約等了十五分鐘. 安排入坐到窗邊位, 雖然對住漢口道唔係乜靚景，但望窗位令我有種優閒感覺。<sssss>果茶，好濃味又多果肉，幾好。<sssss>煙燻鴨胸沙律，煙鴨胸好香鴨胸亦'林'身，沙律菜好多、成大碗都係、菜好新鮮。<sssss>呢個咖啡幾有趣，奶同咖啡分開兩個瓶，份量可以自己配搭，可以玩下，不過咖啡唔算香。<sssss>好有趣，有㗎哩牛腩配法包，㗎哩味道又唔錯喎，有少少辣。<sssss>"
3,我窮，但都頂硬上，叫手切牛肉，諗住得。不過，滾滾後發現un un地，再試，一樣係咁，我就變成第一次在火鍋店食剩半碟牛肉了。好在，叫象拔蚌，未算呃秤，有咁上下，算是食得下。但那籃菜，其實賣相而不佳，一坐下即擺上台，一下子就唔太開胃了。食完今次，下次去九龍城，都係想幫襯一下其他的火鍋館了。
3,"這裏久不久就來,近來最多吃嫩雞煨麵:初次試過便喜愛它鮃甜而帶糊狀熱辣湯底,麵條經大滾了7-8分鐘後變得腍滑,這種口感很不錯!雞肉是固名思義的嫩,似是雞中亦。它用的是小白菜加點筍粒,可以豐富咬口,這小店出品實可一吃再吃。試過渣甸坊香港麵家、灣仔三六九的,暫時以它做得最好。<sssss><sssss>"
3,朋友說好想去吉壽試試昨天約好，今晚去食放題，先叫魚生，燒羊架，炸物、沙律，秋都魚，燒箥蘿（好甜多汁，幫助消化），汽水、雪糕，都好多食物選擇，好快坐滿9成人，不防一試的，只是時間有些急，5:45入座7：00最後落單7：30要走啦！<sssss>
3,"今日中午路經此處選擇左o係度開餐叫左個酸辣湯底米線料有竹笙,豬潤同雞肉大大碗好足料竹笙吸左湯既酸辣味唔錯豬潤切得細細又薄薄既一片片唔會un亦幾鮮味雞肉又係細細薄薄咁味道較清三樣之中最好係竹笙配料有少量腐皮同芽菜湯底酸中帶辣都ok咁3蚊一個送都幾抵因為樣樣分量都好多下但味道我覺得同荃灣o個d差不多而且配料既款式又少過荃灣o個d下次唔會專登去食另外都叫左個凍檸茶茶味不足不過只係8蚊杯好抵下<sssss>"
3,其實想試全記好耐，見今日係777，就駕車入去試吓，點了二人套餐，有七樣海鮮揀四樣，我地揀咗：1. 芝士焗龍蝦伊麵底(芝士味唔夠濃，得一隻龍蝦切開兩邊，伊麵份量足夠兩個人食)2. 清蒸海上鮮(我都唔知係乜野魚，但味道尚可)3. 鮑魚仔(每人兩隻，好細隻，唔得)4. 薑蔥炒蟹(呢樣最唔好食，我食咗一舊就冇再食)仲有蒜蓉炒西蘭花同埋糖水/生果盆，我地點咗生果盆，有五件西瓜食。埋計348元，唔計加一及茶芥。
3,"上次去都好地地,今次好似差左咁,唔知點解,一間食肆多左人推介,多左客,就會自然差左,好似係一個定律咁...雖然個蕃茄牛撈蛋通都尚可,但係個虴油雞翼,係唔掂架!因為竟然食得出係番叮...唉,個汁仲要""琼""左架...點會咁架...上次無試豬扒,今次試埋,覺得不外如是...埋單時,兩個人都要過百,感覺係幾貴...我諗,經過今次,我未必會再試了!"
3,"LUNCH 同同事出去食, 本來想食金鳳, 因為太多人所以轉左過黎呢度食<sssss>吉豬有D細, 食落仲係新鮮熱辣辣, 不過炸得過左火, 有D燶味, 飯既份量有D細, 對男士黎講可能唔夠食, 麵豉湯同配菜冇特別PS: 星期五午飯時間仲有好多位, 岩哂唔想逼既人"
3,"同老公睇完show, 佢未食飯, 都成十點幾, 是但啦, 入黎試試。地方一般, 舊式地方, 老侍應, 冇咩service 可言。先叫一個獅子頭客飯, 有一碗中湯跟, 獅子頭有一粒....不過鋪面既白菜仔都幾多。獻汁幾濃, 好勁味精。再黎一個5個既小籠包(上海叫小饅頭), 皮幾厚, 有豬肉汁, 味道適中。之後仲有一個炸醬幼麵, 唔得, 麵餅上時仲係一舊舊, 都未煮開!!! 味都係幾濃, 感覺係煮濃左既酸辣湯+ 麵餅...唔, 都唔太貴, 81蚊!<sssss>"
3,<sssss>泰式菠蘿海鮮炒飯 ($62)返學天地堂做咩好?⏰ 緊係同同學仔出去嘆返個靚lunch啦!👭👭👭呢度中午有set lunch，包一個主菜，湯/沙律同一杯飲品，個人認為價錢尚算合理。😎講講食物質素，個炒飯都幾足料! 🤗本身expect呢個飯食完有種去左轉泰國既感覺，點知個飯冇乜菠蘿味，只係普通落左調味既炒飯😞不過佢味道係唔差既，只係完全冇泰式風味，有少少失望😟反而之前去食晚餐好d，晚餐menu特別d，同埋食物都好味d
3,係中環食個lunch想坐得好少少都要七八十蚊先落到樓行過見到35蚊下午茶係最大吸引我既原因兩點幾到人流只有數個 環境清靜舒服叫左個柱侯牛腩麵一直以來 我都好抗拒竹昇麵 對於個浸鹼水味 未食聞到都怕怕 但終於有一次例外了呢個麵好爽 一d怪味都無唯一可惜 牛腩無牛味柱侯湯好淡味所以多得呢到既辣椒油救左成個湯辣椒油 好香 有d似xo 醬既感覺但一d辣味都無 而且我落左五六羹先夠😓即刻變成油浸麵<sssss><sssss>
3,估唔到又一城有間平價餐廳，野食又唔差，下次可試埋其他野。EGG BENEDICT $78沙律麻麻地，醋味偏重。水煮蛋賣相麻麻，不過好嫩滑。烘多士香脆，配火腿生菜，都好味。薯條失色，淋曬。MOCHA HOKKAIDO 3.6 PANNA COTTA W/ BAILEYS+HAZELNUT ICE CREAM $58布甸好滑唔會太甜，酒味適中。覺得好驚喜，個雪糕係MOVENPICK嘅，雪糕超好味，唔會太甜太漏👍🏻👍🏻👍🏻<sssss><sssss>
3,這店的人龍真的太誇張，我們下午 5:30 左右入座已有九成滿座吃畢時約 6:30，已有約六七組的人龍在等候  ******煙三文魚薄批：沒有一般pizza的油膩，芥末醬與三文魚跟批底的蕃茄醬出奇匹配是很醒胃的餐前小吃，兩人各吃了四塊也不為過 脆脆豬排飯：最穩陣的飯，也很美味，只是不喜歡醬汁中的西芹粒(是個人口味問題) 三色布甸：我們叫了兩客，很誇張吧，一人吃三色最香甜美味的是中間的雲呢拿味，有焦糖脆面，而其餘兩款只是一般  <sssss><sssss><sssss>
3,仲諗住其他分店好好食你間都幾唔錯.....點知失望之作.....不過份量尚算大碟.....一定食飽你<sssss><sssss><sssss>坦白講.....如果你純屬諗住飽肚嘅....呢度一定滿足到你因為豬扒都好大塊......只係個汁......真係濃得濟.....至於個魚飹......真係超級一般般....大家可以有更多嘅選擇.....不過好彩佢有唔同嘅款式任君選擇....咁多始終有一款啱你胃口嘅.....但係你又唔好啊..... 一到午市實爆埸....吹咩⚡️⚡️⚡️🤣🤣🤣
3,"見到女長人既經歷, 好同意,所以發表下:係好n 年前同家人食過幾次, 可能當時仲好細, 而且我又鍾意食京菜,所以好開心! 但近排去食番, 完全唔得, d食唔單止退步, 好記得碟乞兒雞唔熱, d服務態度勁差, 唔怪得咁少客, 仲要收每人十幾廿蚊茶錢, 勁唔抵!"
3,"好耐之前黎過,再重溫0下先...... 同男友2人點左: 1)砂鍋雲吞雞--佢有幾個size,我地要左最細0既例牌,湯幾清,雲吞好味!! 2)小籠飽--不過不失咁la 3)紅油抄手---都係不過不失咁la 要求唔太高的話,呢度係比較容易搵到位0既食肆,食物質素比以前差了點, 價錢算相宜,不過唔會有咩驚喜"
3,今次在四樓和同事吃午飯，裝修頗好，皮蛋依然味美，但燒鵝真的差了：太肥，又沒有以前的好吃．禮雲子豆腐很”的色”，味道ｏｋ，頗香口，但有少少腥．其他菜色不過不失．紅豆沙顏色大紅，是否加了色素？
3,灣仔區，時常都有很多白領人士加班，收夜，而經常要加班的我，消夜或晚飯總是喜歡吃粉麵，附近地方除了大家都認識的南記之外，這間魚蛋粉確實很好吃。平時除了會去買他們的魚蛋粉之外，我還時常喜歡吃他們出品的雲吞麵，他們的雲吞做的食尺寸是一口即食的這款，味道調配也很合我口味，我在裏面的蝦真的是很爽口，絕對不是出邊另一些鋪頭爽口，而雲吞麵另一個主角當然係麵底，他們的麵底亦是我喜歡的小小爽，不太硬也不太軟的這一種。<sssss><sssss>
3,兩個人叫左一個海鮮薄批，一個帶子墨魚麵，一個粟米蝦餅，一杯水蜜桃芒果梳打，一杯蘋果芒果提子汁。o的食物上檯速度好快，值得一讚~個人推介個薄餅，夠哂薄，o岩哂唔想食咁飽可以試多樣食物既我地~好似好多料既餅乾咁~墨魚麵無咩墨魚味，好普通~蝦餅彈牙，不過感覺同粟米唔係太夾~<sssss><sssss><sssss><sssss><sssss>
3,之前在太子排極都排唔到既牧羊少年咖啡店，近排開了分店在沙田。就在文化博物館地下，當然要去試吓。環境應沒有太子的雅致，樓底高，沒特別的裝潢；點菜上菜極快，要一讚她的咖啡，濃厚順滑，食物點了全日早餐及小漢堡，味道也不錯。周日博物館旁小朋友較多關係挺嘈吵的，也許新開周日下午也即有位，店內有很多旅遊書免費借閱，咁岩有我地即將會去既越南，來慢活一吓傾吓偈也不錯<sssss><sssss><sssss><sssss>
3,"今次選錯地方, 不是說呢度唔好食 ! 我很愛它們的厚多士 ! 而是撞岩今天友人想傾心事 ! 但偏偏呢度唔岩....侍應不下 七-九次吹我地走 ! 加上放了零食在枱上, 侍應玩的性質最走了 ! (因新口味, 我估佢想試吧 ! 之後自動拎返黎 )叉燒通粉, 都係普通炒蛋份量少左好多, 我估因為通漲吧 !!唯一不變是我的多宜"
3,连续去过两次 分别试了套餐和单点的石斑鱼 感觉中规中距，不是特别多的人去，整个餐厅有点冷清，砂锅鱼还算有些特色，还有一些沙拉也还好，总体来说，适合六人以上的用餐活动。
3,<sssss>抹茶雪糕+抹茶Kitkat $38又許一次願🎂🎉我生日好快樂哦吃什麼都不重要，最重要是同朋友一齊吃💓呢麥當當常常推出新雪糕，今次就有抹茶雪糕出售四位777吃貨成員都是抹茶控，吃完部隊鍋，我們便去金鐘的麥當當啦好友們更為我插枝蠟蠋😂😚好興奮阿，等我許願先抹茶雪糕味道就真係吾太掂啦😂勁微抹茶味😢有點點膠味，加左脆米，口感好左啲😚，窩夫就吾錯既有心心眼💓原因：全部都是俾朋友的謝謝慶生🍴
3,入去依間餐廳嘅原因係因為門面裝修到中國古代一樣，而且有陣陣食物香氣！坐低黎一打開menu 卻見嘅係意式風味嘅菜式！pizza 啦， 意式飯、仲有意式甜點～ 我點左雞亦同海鮮龍蝦湯意式飯～ 兩款嘅味道不過不失～ 睇得出廚師好用心～ 因為等上菜等左45分鐘～ 幸好個日唔趕時間～ 個日覺得雞亦做到內juicy外脆依點值得稱讚！如果龍蝦湯龍飯龍蝦味政出就更好喇👍🏻<sssss><sssss><sssss>
3,屯門Vcity有間餐廳以懷舊冰室做主題既「羅麥記」，菜式多樣化，以70年代既裝潢，地磚、海佈、廣告牌，一定會令你回想返你既童年！叫咩野食好呢？諗左陣，叫左「豬頸肉芝士撈丁$50」及「千層朱古力西多$35」。<sssss>「豬頸肉芝士撈丁」，芝士好香，不太膩，豬頸肉不太乾身，味道剛好，但麵既份量略少。<sssss>「千層朱古力西多」淨睇賣相已經好吸引啦！食落不會太甜，麵包炸得剛好，不太燶，好好味。
3,"見佢越來越多好評, 放工順道就來試下~我同bf叫左煎腸粉 $13 (好味)lor米飯 $20 (都ok, 但係size竟然等同酒樓白飯)燒賣 $6 (無咩特別, 最特別係$6得4粒)魚旦 $6 (都ok爽不過唔入味)lor白 $6 (都ok可以一試)喳喳 $8 (size同樣少得可憐, 得酒樓飯後送糖水的size)兩個人食完都好似無咩落過肚就盛為$59~多數不會再來了, 就算來都只會吃煎腸粉呢~"
3,"Charlene 太空館形朱古力蛋糕靚仔鏡面朱古力漿下也是朱古力mousse,朱古力海綿蛋糕,棒子醬, 底有點點脆米味甜而不膩, 朱古力味略遜價錢仲係 $30, 但size  細左 1/4, 我情願比貴小小, 可以食到大件小小既cake <sssss><sssss>"
3,"覺得同深水埔分店差不多.不過多左牛柏葉.用新鮮牛柏葉,比急凍好食好多.香草雞翼就麻麻,唔似香草似沙薑粉."
3,朋友話想試下近期幾紅的Burgerman漢堡包，我倆兄弟約好放工后就去回一回佢。店子不算大，但裝飾幾美國style，個feel絕對適合賣漢堡包。我點了和牛漢堡加沙律另配汽水，成個套餐約80幾蚊。等大約10分鐘后，期待的burger終於送來。先食個沙侓，菜都是一般大路貨色，算新鮮也爽囗。我就非常欣賞那個沙律汁，甜甜地好味，應該是自己調配的，正呀！ 主菜和牛漢堡包，味道尚可，面包鬆軟，但那個和牛就只是一般。肉味不太濃，肉汁也不夠，以打正名和牛就失色一點了。<sssss><sssss>
3,"兩個去食, 叫咗兩個常餐. 個通粉硬咗啲, 可以淋少少, 個湯就... 硬係差啲啲. 冇澳牛咁惹味.(唔通就係冇咗啲味精?)個炒蛋話就話用北海道牛奶炒, 但係唔覺得滑喎. 件多士一句講哂就係唔新鮮. 硬掘掘.火腿 & 义燒又 ok 喎. 义燒夠肥美, 讚!最好係唔似澳牛咁一坐低就趕人走咁囉. 可以坐得舒服少少."
3,今日做完檢查經過佐敦，諗住黎試下粗紅薯粉，一坐低望個餐牌，價錢大眾化<sssss><sssss><sssss>點了豬紅豬耳粗紅薯粉中辣味道：湯底略酸，粉偏硬，食左1/3已覺飽肚，肉碎香口，豬紅略咸，豬耳正常涼拌皮蛋，見佢金黃色好得意，試下叫黎食味道：口感好怪食唔到皮蛋味，d味有陣膠味咁黑豆漿，少甜，但無咩豆漿味總括黎講 試過就算
3,難得星期一放假 朝早10點幾 去觀塘華嫂朝聖一下。元朗食過一次 覺得好正 但元朗實在太遠 去觀塘試下囉咪。下場係幾失望的。芫茜皮蛋豬膶牛肉米線。<sssss><sssss>幾大碗。都足料。但湯底好淡。豬膶太老 好硬。牛肉唔錯 算腍。皮蛋係冰花的 唔錯。重點係湯底冇咩味 記得上次去元朗唔係咁。熱奶茶 唔係好滑 有少少鞋口 茶香就幾好。<sssss>唉 破壞左對元朗華嫂的印象～
3,"時日收夜,老婆又想食楊州炒飯,而肥仔記亦轉了手,食物味道大不如前,便諗起呢度.已很久無幫親,又係果句因之前食物味道差左.今次叫了楊州炒飯及蠔餅,以我個人認為,想試一間小菜飯店的好與壞,最好叫它們的炒飯,連炒飯都做得差,其他食物不試也吧.楊州炒飯上桌,基本材料有齊,不似有些食店用火腿代替叉燒,而蝦亦用那些蝦毛,呢度D叉燒唔會太乾,蝦亦彈牙,而且炒得極有鑊氣.蠔餅須不是用鴨蛋,而用雞蛋,但做得外層香脆,裏面唔會乾爭爭,蠔肉亦非常鮮味,點埋魚露食,不錯不錯.以後深夜又多間選擇了."
3,萬事達麥當勞，現今裝修非常華麗，又有充電器，又有很多高檯，感覺與以往差距甚大。<sssss><sssss><sssss>周圍都有很多不同的遊客，例如看見中國人在吃例如看見國內人士在剝皮吃橙，又有人在做傳銷，但是最好看的都是McCafe的阿姐，即使年紀不小，但是看見她專心的在弄咖啡，場面也是挺敬業樂業，值得尊重。<sssss>其實我只是在這間麥當勞內，坐著吃個蘋果批。坊間的麥當勞都人頭擁擁，這家人流竟不多。雖然蘋果批未必是即叫即整，但起碼不會放了很久放涼了般，閒來坐坐休息，環境不錯。
3,係有少少唏噓的，之前排隊排到要人手截龍，千辛萬苦先拎到張籌的Sogo芝士撻，現在話咁易就買到了。一場來到便買半打回家慢慢品嚐！<sssss>買半打就有盒裝，回家馬上放入焗爐，叮熱食！熱食溫暖，帶有鹹味的芝士呈流質，皮鬆脆，吃完感覺有點膩，一口氣吃一個已是極限。剩下的放入雪櫃翌日再吃，從雪櫃解凍三分鐘，竟然有想不到的美味雪硬的芝士撻質感像硬cheesecake，但比cheezsecake更硬身! 皮變得更脆更實淨! 冷熱比較，我更喜歡凍食
3,"向來去開銅鑼灣譚仔 , 今次改試灣仔三哥進入店內 , 即時有位姐姐安排座位 , 睇完餐牌叫番一向食開的清湯墨丸及清湯豬膶米線 , 等左五分鐘就有得食一試之下覺得湯較濃味較咸 , 米線就可能因煮的時間而有所分别 , 墨丸及豬膶就無咩唔同另外亦叫咗土匪雞翼 , 一樣熱辣辣及香口好味 食材方面應該無咩分别 , 但個人反而較為喜歡湯味較清啖的譚仔<sssss><sssss>"
3,Happy Friday~不準時下班的關係，只能選在附近的沙田吃晚餐，幸好人不多，不用等已可入座。其實選擇不太合心意，壽司、炸雞、冷麵。炸雞配大蔥沙律 $88外皮很厚，雞肉只是細細粒，只有1/2 大，不過配上大蔥吃很惹味，可惜會有口氣。<sssss>紳士先生 II $68味道欠缺層次感，因為只有午餐肉作餡料，很單調，加上蛋皮作外層，少一點脆口的感覺。<sssss>水冷麵 $72這個絕對是驚喜之選，也是當中最美味。透心涼的彈牙麵條，一會兒便感受到陣陣辣味，值得推介。<sssss>
3,話說係青衣城啱啱做完野，見有啲餓，所以就去咗呢間想試好耐嘅餐廳食野先叫咗呢杯草莓冰茶嚟飲味道嚟講還算可以~  唔算有藥水味道不過茶味不夠<sssss>之後係馬拉盞通菜，其實辣又唔算辣，而且亦未有食到馬拉盞嘅味道而且溫度也應該熱辣辣可惜這碟兩者欠奉，而且份量也不太足夠，只能說當係普通菜咁食，唔多算係一種享受。<sssss>本來仲叫咗個豬手，點知等咗大半個鐘之後先同我地講，話烤唔熟可能個爐壞咗所以叫我地order過第二樣，其實服務態度係ok ，只係.......  真係太耐.........
3,"這個網有很多食家都讚,便去見識下但結果大失所望砂鍋津白-家人讚係全晚最好,但本人覺得津白勁少,而且好鹹小籠包-一般,但本人的麻煩細佬話叮叮類點心仲好食d京燒羊肉-一般北京填鴨-唔掂,雖然師傅堂切,但皮一點也不脆,仲有點韌服務方面,也不算太差不過對本人來說,見識過就算"
3,落住大雨過黎食碗熱辣辣既餃子，叫左一碟雲耳椰菜煎餃同一碗白菜湯餃。餃子皮稍嫌厚實，味道不過不失，煎餃很油，值得一讚既係湯餃既老火涼茶靚湯，係野葛菜生魚豬骨湯，清甜無味精，黎親食既都會飲個碗底朝天。另外佢既獨門辣醬，加入左菜甫，令到味道稍嫌太淡既餃子生色不少。有時間會再黎幫襯<sssss>
3,"呢間野，平時勁多人等位同等外賣既，見今次唔係好多人排隊/等位，就黎食下，但間野都坐滿左人，所以最後就嗌外賣自取。佢個外賣係要加$1蚊既(因為個外賣盒要收錢), 等左大概十幾分鐘，佢地唔係嗌號碼叫人拎外賣，而係嗌野食既名，搞到有時都唔知係咪嗌到自己個份外賣，有點混亂甘我就嗌左雲吞米線，碗米線好夠熱，同埋佢d 雲吞幾足料，幾好食，仲有個米線既份量係適中既，可惜，個清湯既湯底係完全冇味。。。。搞到我自己要加返d 五香粉調返味，唔係真係淡到唔太想食。。。<sssss>"
3,之前係ig見到就去左試個個60蚊左右既三杯雞打邊爐入面分量好足夠，一個女仔一定食唔晒有肉子豆腐，雞，肥牛等等味道都算ok既，有少少辣可能我唔係好鍾意食咁重口味打邊爐我覺得普普通通，吉野家好味d我朋友就幾鍾意食，60幾蚊黎講係可以試一下佢本身送個杯野飲好野杯，見到好多打邊爐既都另外叫左野飲叫左百香果唔錯<sssss>
3,見到新開，係屋企附近，就去試下，叫左個老雲壇酸菜魚，勁多湯，但個湯又冇咩味，似攞湯黎煮條魚，完全冇燒過既感覺，燒過正常會燶燶地，一條三百幾蚊既魚煮成咁，真係覺得晒左，失望<sssss>
3,"<sssss>黎開呢頭行街順便起度食飯貢丸加鹵水雞翼紅薯粉($39)貢丸夠彈牙, 味道佳, 不過鹵水雞翼就太乾身麻麻地紅薯粉滑溜, 都幾好<sssss>餐飲叫了杯芒果汁, 不過不失<sssss>"
3,呢晚去左呢間食，係有好多野食，但10樣有9樣都麻麻地，偏咸左d !  待應們又經常掛住傾計，服務一般，呢間日本料理 我試過一次就好了! 壽司都好一般，二百幾蚊，去一次就算了!<sssss><sssss><sssss><sssss><sssss><sssss><sssss><sssss><sssss><sssss><sssss><sssss>
3,我眼中的深水埗有三寶：合益泰、公和同新香園（個人認為名氣豬潤麵店好普通）。一講新香園，個個諗起既係蛋牛治、西多士同紅豆冰。但我認為上面的唔係最好，最令我難忘的係以下呢碗麵：<sssss>南乳豬手麵（$23），香港地唔難搵，企理就難搵D。呢度個豬手炆到非常腍，但又唔會支離破碎，完整的一件係你面前。睇顏色已經知道豬手係好均勻入哂南乳味。雖然唔係好濃，但只係呢種骨膠原質地已經勝利！麵就普通啦，但23蚊真係抵到唔識！諗起而家都已經想食一碗
3,荃灣一向都好多好野食，米線呀雞煲呀都好容易係呢度搵到，雲米家就係其中一間既有米線（麻辣酸辣清湯嗰啲啦）同埋雞煲既街坊小店。今次一行二人試咗佢嘅酸菜雞煲（半隻雞），仲加埋一份蜆。佢有幾種辣度可以揀，因為我唔算食得好辣，所以揀咗小辣。<sssss>就係呢煲，佢既辣岩岩好，唔會太勁食唔到。而且入面有好多切到好細既酸菜絲，酸味又係岩岩好，酸辣得宜。半隻雞同蜆既份量都唔少，我地之後仲加左一份豬潤、生菜同薯粉，夠捧住個肚返屋企過冬眠啦。晚安。
3,今晚決定食清D，同女朋友清下腸胃仔基於晏晝已經食左小籠包既關係今晚只係叫左一個素鍋貼、琵琶豆腐、芙蓉木耳豆苗<sssss><sssss><sssss>素鍋貼咬開入面好似無餡的~ 唔知係唔係眼花~ 怎麼可能連一條冬菰絲也沒有蛋花木耳少得可憐，荳苗應該是選用了有機品種，味道幾清爽琵琶豆腐就煎得幾好，不過都唔叫有咩驚喜自問平日都食得算清，不過哩度D調味比我想像中更清如果平日大魚大肉既朋友恐怕你未必食得慣同埋價錢都係唔夠經濟~
3,星期日放假最啱就係約幾個朋友見下面一年都見唔到幾次難得攝到少少時間出黎食個下午茶吹下水最後去左銅鑼灣hesheeat食完仲可以行下街女人食甜品係會有第二個胃3個人都食完lunch 出黎仲可以叫3份甜品share食紅豆抹茶窩夫身為一個抹茶控覺得球抹茶雪糕抹茶味略嫌不足但個窩夫夠熱夠鬆軟整體都算唔錯！<sssss>檸檬忌廉班戟卷麻麻地可能我唔太鐘意檸檬味食左一啖就比哂朋友食<sssss>岩鹽焦糖厚焗鬆餅3個甜品入面最好食係呢個最鐘意個鬆餅下次黎可以再叫鬆餅<sssss>
3,"今晚同老友encore呢間日式餐廳。<sssss>大阪燒：有多款不同材料選擇，今次選左帶子粒，好味<sssss>燒牛舌：大大塊好juicy<sssss>北海道蟹柳上湯石頭燒：蟹腳細少冇咩肉欠鮮味比較失望<sssss>燒栗米：有牛油香，賣相同味道一樣good!<sssss>蟹腳意粉：一上枱已經香噴噴，蟹腳夠多肉，正<sssss>呢間野食同環境ok,係我心水的男人食堂！"
3,適逢假日，我約了好友打邊爐聚聚。任食，雞煲...都試過很多遍了。可不有一些新嘗試？今天來到這間以老鴨火鍋聞名的餐廳。坐下後，店員送上一個優惠前菜：香炸豆腐。很惹味，但有點辣。過一會兒，主角出場了！好足料，湯底鮮甜 - 可以在放下配料前先品嚐鴨肉及湯底。配料不過不失，唯娃娃菜全都帶有苦澀的味道。本來想以冰鎮菠蘿作結， 但大家都吃得太飽了。留待下次吧！溫馨提醒：先在網上訂座，可享有九折優惠！<sssss><sssss><sssss><sssss><sssss><sssss>
3,周末late lunch，中環遊第一站@Cafe 8。<sssss>Panini：雖然一早包好再加熱，但仍感覺新鮮，味道也不錯！<sssss>Fish and Potato Pie with Salad：勁熱！雖然係焗批，但感覺亦不太肥！<sssss>Coffee Latte：較淡口！可以！<sssss>Iced Milk Coffee：冇特別評價。<sssss>
3,"除安格斯肉眼食得過之外其他全部唔點，蒜香大蜆意粉用忌廉煮攪到D蜆冇蜆味得忌廉味失敗，帶子蟹肉紅花意大利飯太熟唔al denta 帶子太熟over cook 有紅花又落忌廉唔知想點，個廚係唔係淨係識用忌廉煮野😓，羊架賣$178 味道ok 但晚餐main course 擺餐仲用椰菜花真係同茶記冇分別，caeser 好肉酸，pizza 正常,野菌湯罐頭都不如，7個人食$1200蚊唔係貴，食材冇問題係d廚唔得！"
3,來了多次，是因為這裡有小店獨有的家庭味。很多人不喜歡，卻也因為那像家庭式般隨意的服務。這裡的雲吞味道也沒什麼特別（始終只是雲吞），只是吃得出新鮮，多菜，味道較淡而已，點一點醋食，就很有家的感覺。排骨也不錯，新鮮炸出來，外脆內軟，菜飯亦夠多菜。豆漿也是不太甜，對我口味。服務是麻麻，不可能坐久，有時會趕客，但對我而言，最不好的是分量少。惟有等有時候不太餓時再回來吧。
3,"如果講好食既話..我覺得好多間米線都好食過佢所以普普通通吧!過橋米線幾抵下既..幾多料咖!.一個人系食吾晒 2個人食就差吾多!米線吾算太滑佢d牛肉果d都吾系太好味,,有d硬不過佢d chicken wings真系幾野味 幾好食13蚊3隻.25蚊5隻!<sssss><sssss>"
3,"已有一排無去幫襯了, 今晚專登去看看有沒有新出品, 果然無失望, 見它有好幾款新的甜品及食品推出. 今次選了檸檬栗子芝士蛋糕($25), 長條形的, 面有一層檸檬漿, 內餡是混了栗子(種子?)的蛋糕, texture比較實, 味道淡淡的不知是什麼味, 只有面頭的檸檬是甜甜酸酸的比較好食, 結果是餘下一半的蛋糕沒有食, 試一次夠了.玉桂卷($15), 這個就好好味, 叮熱後好香好香玉桂味, 包又夠香軟, good!"
3,夜晚放工唔知道食咩，行住搵食，見到那間舖好似都幾多食，估計應該都唔會太難食，於是同某人行入去食咯。我的都好彩，啱啱有卡位⋯我照例食酸辣的大辣，加了通菜和豬軟骨。湯的味道OK，食的過，不過D豬軟骨就假D咯，我自己覺得個豬軟骨唔好味咯～<sssss>某天轉了米粉食、我其實覺得幾奇離，酸辣米粉，聽住就驚驚D，不過佢話好味喔～<sssss>通菜就同其他間冇分別，不過的腐乳汁有D甜甜的口感，都幾特別。有興趣的可以試下噶<sssss>
3,野食都幾濃味同埋都幾貴性價比唔係太高酸辣湯有d杰 不過不失炒年糕幾好 煙un咸香蝦球 送飯一流 但真係好咸個汁燒茄子 又係好濃味Overall食完係會口渴無咩事都唔會再去
3,牧羊少年咖啡．茶．酒館見到個餐廳名都已經覺得間餐廳好有情調入到去只有微弱既燈光，四周圍貼滿postcard，好有歷險既感覺<sssss><sssss><sssss>PIZZA同個WAFFLE都係外脆內軟，味道唔錯帆立貝味道都算鮮甜食物唔算太有特性，但志在環境好有風味，好岩同朋友坐底靜靜地傾計不過呢間晚市好多人，晏Ｄ去可能要等耐Ｄ同埋呢間餐廳入座起計兩小時用餐，唔可以傾得太耐計
3,第一次透過openrice apps訂位，我兩位訂了20:00，我們19:45到場，服務員說時間未到叫我倆坐一陣並安排入坐，到20:15我已經發現他已忘記我在等候，最後左等右等21:00才安排上坐 點餐，薯仔濃湯，慢煮牛柳，咸肉扁意粉，椒鹽雞軟骨，兩杯飲品整體一般，咸肉意粉比較好吃，簡單得黎有口感，不過份量比較少，結帳 $870地方已經唔大，啲枱佈置得咁密，如果唔係坐窗口位根本會全程捱撞，佈置得再有氣氛都無意思，食物不過不失，但個價錢該區仲有其他選擇可選，希望再有機會光顧
3,"間懷舊潮式糖水舖, 好多時去九龍城食晚飯時都經過, 但就一次都未去過!  今次係友人既帶領下入去食糖水, 對於潮式糖水無咩概念, 友人就推介我先食呢碗綠豆邊清心丸($35)作為入門之選!  有冷熱選擇, 我食熱, 食落粒粒綠豆邊(即去皮綠豆), 加上有嚼勁既清心丸, 甜度適中, 份量都幾足, 一個人食晒都幾飽, 估唔到潮式糖水都唔錯, 下次可以再試第二樣!<sssss>"
3,一心嚟試個甜品，一般貨色，落單時問可唔可以走 cream 又話得，嚟到唔記得走，再問個侍應，佢似乎因為趕住收工又話做唔到，個麵包有好大部份都塗左大量牛油同蜜糖，好酥又太甜，唔好食 <sssss>其他食物都可接受，呢款飲品仲有 d 驚喜，無用台式飲品慣用果汁溝出嚟嘅假味道，而係以鮮果同茶包浸 d 味出嚟，幾好<sssss><sssss>
3,"記得以前食super sandwiches會好開心,因為d三文治同焗薯好好食~而家呢...有好多sets比人揀,有意粉.食過個白汁三文魚蜆肉扁意粉,都ok好食~但係焗薯真係差左好多...西蘭花芝士焗薯整得好求其又難食左...又有個乜鬼日式既baked potato,想點?玩fusion乎?...我而家鍾意去食delifrance多d喇"
3,這間位於大埔的「」的「」只售 $23，實在是非常抵。它除了有四粒質素不差的白魚蛋、數片魚片和一小段菜心外，就連炸得十分香口脆身的炸魚皮都有，而且下起青蔥來也毫不吝嗇，賣這個價錢，絕對是抵食之選。<sssss><sssss><sssss>這間「」，值得捧場。
3,"不知甚麼原因 , 有一段時間非常喜歡譚仔雲南米缐，尤其是那惹味的土匪雞翼，是每次必吃的小食。今天路過譚仔， 遠遠已聞到一股誘人香氣，但門外擠滿等位的人群，決定外賣一客土匪雞翼，回家慢慢品嚐。雞翼皮香肉滑，美味十足，配上黑芝麻，更加香口，而且雞翼毫不油膩，絕對是色香味俱備的美食。一客五隻雞翼， 轉眼間已吃光，原來要買兩客，胃口才能夠滿足。<sssss>"
3,"對嗜辣的人士,一般食肆的中辣或大辣都唔覺好夠味因此,本人未食過這裡的麻辣小鍋米線都叫中辣果然對板!夠麻夠辣配料選了水餃和豬肚,只是一般還是湯底吸引些服務:好街坊feel當晚無乜客,幾個人(老板兼伙記之類)企係度食豐水梨!"
3,"Dinner buffet 來了多次，一次比一次差。因為有Openrice七拆優惠卷所以今晚再試一次。我最喜歡的翡翠螺己經不見了; 蟹腳又細又幼;  豆腐花由熱變凍....五大人二長者, 六時五十分入座, 八時二十分己埋單。請大家注意:1. 已加價, 今日星期五大人HK348，小童/長者HK248。2. Openrice七拆優惠卷只限大人; 小童/長者無discount.Sorry，己後不會再來。"
3,瞓醒都成1點 突如奇想 一支公扮下獨行俠去行個短山 (由鰂魚涌上柏架山既大風坳)隨意找個地方E肚 走入前身叫現在叫既食店改名換性後 不知食物水準如何 但感觀上實是企理不少侍應給我一個星期六供應既MENU 一看下有廿多款$33既炒飯炒麵餐(凍飲加$2)我選擇了星洲炒米 凍奶茶米粉夠晒大碟 料多味濃 係炒得太濕 算OK.. 太膩食左2/3 奶茶 偏甜少奶 好彩有茶味又不澀口<sssss><sssss><sssss><sssss>
3,"好耐冇食譚仔了，今晚突然想食米線於是去食。一如以往，叫返我最愛嘅乍醬雞肉魚片頭清湯米缐。等左10分鐘來了，分量好多，米線好滑，雞肉ok,魚片頭冇乜特別，但乍醬就好好食，有dd辣，幾開胃<sssss>埋單$39，抵食"
3,"剛去完威院探完朋友已2時，已肚餓，不敢去新城市廣場西餐，怕等位，上foodgulu看,這裏不用等，之前食過，環境雅緻，帶青蛙試。嫩雞煨麵$51,wou份量較小，但雞湯好濃，好有雞味，雞肉not shoe,麵條Not林patpat,鴨腳札一般鮑貝棉花雞太油，要用茶浸浸。食之前用茶洗杯碟，有油是面。是新城市廣場，又想快有位，有坐得舒服，我推薦。<sssss><sssss><sssss>"
3,最特別係個wasabi 雪糕 其他覺得普通 有d唔明白點解無負評😂😂😂😂😂😂😂😂😂😂😂😂😂😂😂😂😂😂😂😂😂😂😀😂😂😂😂😀<sssss>
3,"格仔餅在港蜂行了好一陣子，每次經過Waffle專門店總見大排長龍，難得此店有Waffle，有coffee, 又有位，所以一試。叫了一客香蕉朱古力Waffle及朱古力咖啡。Waffle size頗大，可惜是上碟時已不太熱，內裏雖稔，但外層一點也不脆。配以朱古力雪糕及焦糖香蕉，脆焦糖令香蕉更可口，但朱古力雪糕不夠濃！而朱古力咖啡也未免太甜了！總括而言，對這個下午茶颇為失望！下回試試咸點，再作評論！--<sssss><sssss><sssss><sssss>"
3,"1.爽嫩豬潤小鍋米線$20(四川麻辣湯底/小辣)~~好味,豬潤不會太韌,配料的酸菜,芽菜,韭菜及香肉碎也好正.湯底唔重味精.2.五香牛展小鍋米線$20(重慶酸辣湯底/中辣)~~第一啖先喝湯,即刻逐親,因為那陣香料味好勁,這湯底比四川湯底更濃.<sssss>"
3,幾好！推荐:咸水角，蘿白糕，韭菜粿，牛河不過有d要撞彩lor，例如:粉粿同牛河。上次係度食個牛河勁好味，不過今次冇咩鑊氣！咸水角冇失水準！脆卜卜！即炸！新鮮熱辣辣！鹵水麻麻地~貴阿！<sssss><sssss><sssss><sssss><sssss><sssss>
3,好友知我喜日本文化，特地約我來吃拉麵。店內裝修確實像日本的拉面店，亦像日本般會先送上一杯冰水。可惜吧台對面的風景是一條小後巷，乾脆拉上窗簾可能比較好。<sssss><sssss>我叫了黑蒜達人 （92元）。湯底很濃，有黑蒜味，是我吃過最棒的湯底，但其他就普通，正常拉麵的味道。<sssss>小吃叫了芝士蝦球<sssss>份量有點少，只有5顆。裡面確實有濃厚的芝士，但味道普通，印象不深。 整體來說，食物質素普通，唯一難忘的是湯底和日本風的裝飾，價錢卻偏貴，有點不值。
3,"見到 飲食節目有介紹的花花雪糕, 於是上前了解下。 一個花花雪糕 可選兩個味, 連個威化筒, $88。 但係買咗杯裝兩球雪糕就$75。 杧果味好似食緊杧果布甸, 蜜糖味好清甜。 雪糕味道偏甜, 價錢略貴。<sssss>"
3,黎到vcity雖然好似好多食肆，但係想同朋友普普通通咁食個下午茶其實都唔係好多選擇。天氣咁熱就懶得行去新墟或者其他其方搵嘢食，咁唯有留番係商場到揀下，最後就揀左紅椒力量食下泰國嘢啦之前lunch黎食過佢既海南雞飯同泰式鹵豬髀飯，味道都幾好既。但下午茶想食下粉麵就嗌左雞翼冬蔭公湯金邊粉($38)同凍檸茶(+$5)雞翼就有3隻，啲金邊粉份量都唔少，唔會話係下午茶份量就得好少咁冬蔭公湯都算幾好味，配金邊粉幾夾，下午茶嚟講係個唔錯既選擇<sssss><sssss><sssss>
3,又到食飯時間，晏晝同屋企人冇嘢做，就去左呢間野度食，等位都唔算太耐，好快就有位入左去。記得之前有一次係日本食過，係非常好味道。所以今次就要睇下香港嘅好唔好味啦。<sssss>呢個意粉賣相正常，但係我嫌佢啲汁有少少唔夠，乾身咗啲搞到啲面。啲味道都正常嘅可以接受。不過就唔係特別好食。<sssss>呢個Pizza份量比較少，一人份量。啲材料都係好普通冇咩特別。好彩菠蘿夠多，有返啲汁，如果唔係成個Pizza都會好乾。
3,"之前去澳門食過好好味既蝦子撈麵就算淨蝦子撈麵都好滿足於是返到香港就好想試下香港既蝦子撈麵見到openrice對呢間既評價咁好就去試下叫左餃子蝦子撈麵d麵乾爭爭,雖然無鹼水味但係都無乜味道搞到我要落d醋調節下d味加上d麵又硬硬地,宜家覺得頂住個胃蝦子多就係多,但成口蝦子不過又係無味唯有個餃子不錯鮮蝦加上有黑木耳,口感不錯<sssss><sssss>"
3,被同事帶路出去食lunch，第一次黎呢間。唔知平時多唔多人，但今日12:15pm左右一入去就只得幾位食客，可能啲學生仲放緊假，上班族都可能清緊假。即坐低睇menu好快落單，野食亦都好快到。食左個小鍋米線$25，嗌左兩個餸，魚肉春卷$7，紫菜$6，走芽菜，冇加野飲。價位尚算正常，唔算好抵食。<sssss>魚肉春卷得3粒，同紫菜一樣，都係果啲野，唔會難食既。湯底好酸，我諗我應該走酸菜的。不過同行既同事就好鍾意，睇個人口味啦～下次走酸菜再試一下吧。
3,本來打算去廟街食煲仔飯，但6點幾已經大排長龍，由於趕著看戲，所以決定找別的吃，行過101臺灣品味館，未試過又不用等位，於是就進去試試⋯<sssss>我只點了豆腐肉燥飯，豆腐很滑，但飯是A煲的水尾，暖暖地但卻硬硬的，加B煲新鮮煲起熱騰騰又軟熟的，2種感覺太強烈了，一碗飯2種口感，感覺不太爽呢，肉燥份量也太小了，不夠送飯⋯<sssss>Nosir點的肉燥鹽酥雞球飯，鹽酥雞味道不錯又脆脆的～<sssss>餐飲點了朱古力奶茶和珍珠奶茶，味道一般，珍珠不夠彈牙<sssss>是日晚餐$103
3,"有晒心理準備冇service, 超趕咁去食。一去到有幾個人排隊，ok! 等!  好快就等到位。同老婆一坐低就叫2個茶餐。叉燒意粉就唔講啦，個多士好大好厚好香好脆，果然非常美味。炒蛋真的好香好滑，係除左老婆炒之外我食過最好味的! d伙計其實都ok好人，只係有太多人，有時佢地都會惡少少。不過我中午食完呢餐之後，一直到夜晚都唔餓... 一定係落左好多好多牛油。<sssss><sssss>"
3,依間既滷肉飯真心唔錯😋肉燥好入味 又足料通常滷肉飯好易整到太咸但依間味道好適中 唔會好咸 加上飯係珍珠米 成個配搭好好依個價錢泥講真係好抵👍🏻👍🏻想係香港食比較正宗既台灣野既你妳你 不妨一試！<sssss>
3,和朋友中午十二時左右到的餐廳，人不算多，很快就落座了。點了兩份主食，兩份甜品，干坐了三十分鐘一樣都沒有上旁邊比我們來的晚的人，點的一樣的茶漬飯，都比我們上得早。茶漬飯味道一般，甜品還OK，但覺得性價比都並不高。以及前面等餐時和要額外餐具時，服務員態度都挺好的，但最後服務員來給單據時語氣並不好，啪的一下把單據拍在桌子上有減分，不知道是不是因為前面等餐時有催好幾次。綜合來說應該不會再來了，會選擇性價比更高的店。
3,今晚同一個好鐘意食韓國野既朋友食飯，最後一定就係韓國菜啦。今次就簡簡單單呢食Hungry Korean。<sssss>炸醬麵，點都唔夠韓國咁好食，呢到既炸醬麵麵質比較淋，醬汁都算唔錯，有少許甜味。<sssss>牛肉紫菜包飯，賣相都唔錯，有黃瓜、雞蛋、波菜、紅蘿白和牛肉。食咗一件冇咩特別，牛肉味道唔出，同普通紫菜包飯無分別。
3,"因為有朋友食過話唔錯, 所以聖誕前和朋友黎食. 呢度裝修都ok, 最初以為樓上鋪會冇乜人, 但原來熟客都唔少, Service幾好. 一定要食蔥油家常餅, 正到痺. 頭盤我們選了三併, 醉雞, 燻魚和芥蘭頭, 另外砂鍋什錦都唔錯. 侍應介紹一味芹菜磨菇炒獅子魚都好正. 我地十二人連前菜共叫了十一個菜每人平均約$150, 都唔算貴, 不過有些菜則略為肥膩(如炒年糕), 可能寧波菜都比較偏油吧! 這裏與之間不算迫, 故也很舒服, 如果一群朋友食飯這裏也是不錯的選擇."
3,"上次去長沙灣那間好差呀,但呢間截然不同,款式又多.食了牛肉包$3~正,牛肉好似手刴咁,又新鮮又多汁.生煎鍋貼$2~比較一般,但勝在皮夠薄.酸辣湯~較稠(即係好傑呀)"
3,舊同事是深水埗的地膽 ，曾經同我提過有一間食麻辣嘢好香口，之後同佢一齊去試了，佢都話水準冇變過keep得到。哩度食麻辣大大碗，好似打邊爐咁逐樣送點，都幾好玩，但就唔係好飽肚 。還有他們的午餐，我也試了一飯一餸，一樣幾抵食!<sssss>
3,買20罐有5罐是凹的!
3,砂... 幼了，包裝標3.0粗條，但真的幼了。買了好幾次原味，今次原味冇貨一轉綠茶就中伏，不會再買了。
3,我未吃，看好味，但是我前2天買王林蘋果，今天切難心的，
3,呢間 All about pet 買咗好耐，覺得收到罐罐很少凹，安心比主子食。今次買咗23罐不同口味，包裝得很好，但其中16罐有大大少少凹位，究竟供應商有無注意出貨品質?
3,網上購物係要方便快捷同價格相宜 一路幫襯hktvmall 雖則話自由市場自由定價 但E+真係令人覺得有D唔開心 果日發現幾間寵物店 鋪頭先係203蚊 同樣行貨 但響E到買 248/238 甚至更高⋯仲要買兩盒三盒先至便宜小小 爭的太遠了⋯藥都係 鋪頭130蚊十粒 E到要163蚊 三隻狗 長期使用⋯依條數都唔細 未話其他嘢⋯同埋等送貨時間等等⋯貴咁多 我不如出門口行三分鐘買好過！咁樣長期落去 真係會好影響我哋長期幫襯hktvmall既客人既購物意欲㗎
3,我家兩隻貓貓也不太喜歡這個味道，下次會購買其他味道
3,多次購買品質也十分良好，但今次有點失望，魚肉有黑色，又奇怪地搭一片魚尾
3,第一次退貨，商家也同意了，HKTVmall發郵件通知退貨日期與時間，等咗成日，完全冇咗回事，搵客戶服務部，每次都係繁忙中，根本唔會有真人回答問題，什麼VIP有專員處理回覆都是假的，用咗咁耐呢個購物平台，真係對HKTVmall呢個平台好失望
3,普通吸水，另一牌子Poxxx真的超吸水。落單時我未瞓醒，以為心愛的牌子有折扣，唉⋯買了好多
3,一片大二片極細，不是與圖片一樣。
3,"一般，20元係抵嘅
"
3,未食。包裝企理，望落ok。
3,已order幾次，上一次有兩罐凹咗，我冇寫評論，今次有一罐凹咗，希望多加留意
3,一直有買開，但今次D砂有陣怪味，請問生產有改變或問題嗎？
3,有一罐凹陷，希望店長改善一下
3,6罐有2罐是凹咗，應該是包裝前已經這樣，但仍然將凹了的罐發給客人。
3,個人口味覺得有d腥，跟西蘭花煮，有別於其他牌子，但彈牙可口的！
3,開箱後發現其中一個罐頭有凹陷，凹陷程度有啲嚴重，罐頭蓋明顯有小小罅隙咁，不過見佢冇影響到罐頭，所以有特別要求退貨。上次買嘅時候並沒有損毀問題，希望下次送貨可以小心啲啲，感謝。
3,品質可以，貓貓喜歡食。
3,貓貓喜歡吃，但今次沒有妥善包裝，6罐有5罐都凹陷了
3,平時係街買是真空，但今次收到貨不是真空，有點失望， 要盡快食。 味道是唔錯的
3,飲開原味就覺得呢隻真係好。。。難。。。飲。。。
3,"買了6罐, 有1罐漲了, 不能食用, 品質沒有保證 -_-"
3,除左運送時間差之外，其他都好
3,貓貓食開. 但入面有一罐開損壞
3,剛收到貨，折開發現罐罐凹咗，送貨包裝需要留及改善。
3,以為盒裝原來袋裝，自己又無留意，被照片誤導了⋯
3,質地薄左啲，不過吸尿效果ok
3,共買咗13罐，有8罐係凹! 呢罐差D拉唔開，離曬譜!
3,收到罐罐後立即開了一罐給貓貓吃，第一次買到牠不喜歡的罐罐。
3,都係有幾罐凹咗，運輸問題
3,第一次買 ，略為多汁 ，用氣炸鍋烤熟後 ，有啲炭香味，還可以
3,送了一隻2022.10過期的產品，從未比人咁樣送嘢，妳不如不送
3,今次係回購， 但有啲失望， 薯仔勁多，但洋蔥得一個！
3,貓砂好用，但包裝破損部份貓砂漏出，密實封口處有待改善
3,愈來愈薄身，以前好似厚身啲。
3,趁減價買左5、6包，有包味怪怪的
3,好鹹&#40; ¯ᒡ̱¯ &#41;و
3,綠茶甩色嚴重...白色貓腳仔染到4隻腳都綠晒...除左甩色問題，凝結低塵還是OK的..
3,綠茶味道超濃化學味道，人聞到都覺得好刺鼻，何況貓貓嗅覺靈敏過人類咁多，長期使用真係怕聞壞貓嘅嗅覺同埋影響其他器官，買咗冇得唔用冇辦法
3,砂粒太细，猫猫的爪時常附上砂粒。砂粒容易變成粉狀&#39;。
3,我隻英短貓試完吐出嚟唔食～
3,"今次包裝、送貨一般兩罐凹咗…"
3,煮熟縮水得好細 同埋韌口
3,經常回購，唔知今次係咪我係最後一個客人，送貨員只背著一個環保袋裝我啲貨！包魚到我手上已解凍出水，真心失望！
3,長期購買都好好，今日取貨，其中一罐凹咗
3,用咗4包，凝結力一般，會痴底，咁嘅價錢有其他更好選擇，未必會再買
3,我隻狗狗食了幾日，有肚屙情況！ 我都混合它食開嗰隻糧一齊食，產品說明，會改善皮膚同腸胃問題，但我覺得冇效果！失望🤨
3,"包裝顯示果個係17,5л, 唔係Litre果個L, 用埋曬d奇怪單位。
正確重量應該大約係每包6.5kg, 三包就差不多係19.5kg。
寫成17.5L完全係誤導人。"
3,盒野咁細盒，唔使俾咁大個紙盒呀嘛？
3,我買綠茶味 但比左另一隻味我😵
3,猫兒們愛食，回購$36/支，剛見到$30/支 !!! 
3,已經唔似以前咁吸咗液體會結成一嚿，依家吸咗液體會變成糊狀。
3,罐頭有凹陷情況，是包裝不好吧，麻煩商戶改善
3,收貨地點很差，全部hktvmall的貨就咁擺喺路中心，疫情問題非常不衛生
3,起碼完全唔係gel，只係一樽藍色嘅水。
3,成日送漏野，又唔知搵你地邊個跟，愈做愈差，多貨送唔切唔係借口，收得錢唔該跟好啲，其他平台又唔見有呢個問題
3,其實可唔可以入箱呢？買6包都係冇箱，散晒咁送嚟，好難存放
3,藍色包裝是今次買的。商應該和黃色包裝是同一出品商。但是黃色包裝，帶子size較大，有454 g。藍色包裝只有300 g。有點唔到誤導。
3,"產品到期日是2024年7月。時間不足1年。
"
3,比較細粒 但無咩縮水 價錢偏貴
3,我跟這單買埋貓砂，可惜原來無貨，當日送貨時，還叮囑送貨員，希望將貓砂送到門口，但最後原來係沒有貨，我亦不察覺，我要看回訂單才發覺俾取消，完全係沒有通知，很失望。
3,買了兩包，其中一包袋底穿了 一路行一路漏！
3,打邊爐，放湯煮麵都唔錯
3,品質越嚟越差，好多碎粉塵。
3,自從轉左有愛竉簡體字係包裝度之後，質數愈黎愈差，一鏟就散開了
3,不知什麼原因個盒巳經打開咗，幸好入面3支滴劑是密封無損毀，有效期至23年11月。
3,狗狗食其他牌子會食哂，但呢隻冇。佢唔係好欣賞。
3,價錢算合理但貓貓不吃，各貓口味不同
3,價錢幾超值，品質不過不失，綠茶味道有點太濃烈，我隻猫猫係白色，睇到猫砂有啲甩色⋯
3,唔係真空，肉發黑，唔會有下次
3,唔知係唔係有啲咸，主子食完即刻要飲水
3,來到時包裝盒已開，幸好入面產品沒有破損
3,之前食開另一個牌子，見這個牌子多人買所以試下，但希望可以改善下包裝。如圖所示，膠紙我未撕，但已經有很多粉走左出嚟。剛拆盒時唔知會有咁嘅情況，動作大小小，即刻一堆粉係空中飄。
3,用左伊隻牌子幾年，d尿一直都凝結得好好！但最近加左白色顆粒，尿團就明顯鬆散左好多，好易出現細小尿塊！
3,綠茶貓砂甩色，搞到貓貓兩隻手都染左綠色
3,用膠紙痴住全部罐頭嘅包裝方法，令客人拆果陣非常麻煩
3,跟之前買的不一樣，鴨肉餅應該較深色，這包有一半的顏色跟雞肉餅一樣淺色，而且油膩味很重，跟這牌子以往的那種香味不一樣。
3,17個細薯仔+1個細洋蔥  希望下次買多給1個細洋蔥.
3,只能門市買，送貨會強收膠袋錢
3,以前買$5 好乾水，近呢幾次都好濕浸過水咁， 依家仲要加貨
3,未用，希望好用，外箱爛咗，不過唔影響貨品
3,啲砂唔同左好似，以前啲砂係乳白色，而加係淺啡色，貓唔肯用痾喺地下。。
3,星期日在門市買，95折後59.8。挺大塊的，ok
3,產品沒有問題，但購物過程無法使用優惠碼，已發訊息反映，未收到回覆和答案，請正視跟進我的$50優惠碼
3,"見標示為Dec 26 到期，一次訂了兩包，但送來的卻是Nov 26到期的產品.

不要求換貨，但希望產品資訊能夠準確，不要誤導消費者。"
3,運輸沒有用冷袋，到货已融了一半! 
3,質素好不穩定，有時肉餅變得好乾脆，有時肉餅外面和裡面不同色，最返買的這包味道和之前不一樣，感覺肉的成份減少了，可否跟廠商反映下呢
3,"$70，鴨舌/翼/腳都没有，肥膏不算多，肉都幾嫩。
但好奇怪，整隻鴨一條雜毛都無剩，有點擔心是用浸松香/瀝青去除毛啊。"
3,"大狗同細狗都好鐘意食 但係每次都一定要望住狗狗食
，因為經常會出現咬唔斷 吞一半 令一半就撠住左 
，要用手係狗口入面拉番出黎 ，容易有危險，"
3,"貓砂本身是好用的,但最近買的比之前碎多砂塵,且氣味不同之前,不覺有綠茶味"
3,"買完過左一陣減左130蚊
一打開其實聞得出同以往唔同左味 貓貓聞左幾下又照平時咁食哂
當時68x蚊冇懷疑係假貨/水貨 
而家見佢五百蚊一包真係相當有可疑"
3,唔太襟用，貓砂用冇幾耐就出粉，吸味能力一般
3,"1月中以原價@158-買嚟試吓，好貴；但品質是有效的。
24/3見特價@99-效期2024，以為清貨優惠就即刻買3份。
怎麼今日竟然見到@88-仲要係效期2025年的新貨😳要扣分！😒"
3,綠茶味太假、氣味太大，貓貓不願進貓砂盆，減少便溺次數，而且結聚了的糰糰剷起時容易散，用過其他牌子的較好！不會回購！
3,"星期二先訂完要$99, 今日已經變左$88??!!"
3,最近兩次收到的雞肉粒贈品包裝上都沒有打印生產或最佳食用日期，請改善。
3,做咩發幼粒俾我 踢到全屋都係
3,誇張…加咗幾十蚊包 ，小食又係加左，考慮轉糧
3,我家猫猫食左一輪先返黎評價～冇乜改善過～都係濕便同柯時有肚痛咕咕聲～冇成過型～可能唔岩用，純粹個人意見。
3,多次回購，唯一唔好就係次次都不包裝就咁送黎，希望衛生問題可以用箱或有包裝📦
3,用戶已設定此評論內容為非公開
3,見做特價，即管買箱試下，發現貓貓好鍾意，所以即刻加單買多3箱；後來喺顧客留言處見到有人留言話好鹹，今晚開罐時自己試咗，的確偏鹹！如貓貓長期食對佢哋腎臟真係唔係咁好！如真心為所有貓著想，製造商製作時真係要減鹽！
3,買三包只送泥一包～請處理一下～
3,購買15罐，但抵收到13罐😓
3,"今次買咗兩包，
拆開紙箱時已經有貓砂滲漏出來，
發現其中一包袋底穿了個窿，
要求回覆及跟進"
3,我的貓咪不太喜這口味？
3,點解唔係原箱發貨，散裝會有機會運送過程中壓碎、破損受到污染，正正今次第一次購買，又買咗11包，收貨後發覺已經有幾包壓醉，每包已經不是真空包裝，有啲失望
3,我買上面的，送來是相中，可退回差額嗎？
3,"超細粒糧,good for 小狗．"
3,"開蓋直接見到雞肉，沒有鋁箔紙防潮。感覺都受潮了，雞肉變得半軟不脆的，和其他牌子凍乾雞肉質感相差很遠。給貓吃，這樣的質感貓黐牙咬唔開，食唔到。

其他牌子凍乾雞比較脆，感覺也比較新鮮，貓能咬開吃。"
3,的確係抵用，好吸水，但大粒砂比較難黐住條狀嘅便便，仲有呢隻綠茶味嘅香精味太濃烈，係好假嘅香精味！
3,"我用在貓砂機的。呢個價錢有17L係抵。
但可能貓砂機唔岩用定點，佢比我平時買嘅豆腐砂粗。呢包砂只用到11日，我平時買6L用到4/5日，所以整體黎講，我買大包反而用少左日子。"
3,"罐是凹的
已掉 不敢餵貓
不知道品質有沒有受影響"
3,貓砂無問題，但係見唔到圖片中所講嘅禮品
3,收貨時包裝密封，乾糧狀態良好，主子胃口如常清乾糧，但封口條黐得不好，第一次開已覺得較難做到密封，之後到第五日封條更是甩出來，要另找方法替乾糧做氣密保存以保鮮。
3,夠重但只有一個洋蔥（之前訂過有兩個）同埋個洋蔥有澀味、冇之前咁新鮮同有一個薯仔爛咗比起以前訂質素差咗
3,1月8號買了，結果沒貨，但貓砂一直沒下架，我1月15號再買就有貨，不滿的是沒貨就不要上架，又要退款，煩，不過好在最後也是90元買到。
3,外紙箱完好，泡泡膠都無問題，但打開泡泡包裝，有一罐偏左，好彩未爆，未知有沒有無影響品質。以往向這店購入都無問題，希望不是店舖明知有損傷都比客啦!
3,買嘅係原味，但開嚟用先發覺比錯咗粟米味，好驚啲貓唔食咗，希望下次留意吓
3,之前一直有回購，直到有一次冇貨便於其他商店買同樣牌子貓砂，並冇呢個供應商嘅貓砂咁多碎粉，個品質完全唔一樣
3,買左6包，第一包未使用已有酸的氣味。有待觀察第二包
3,抵就抵，13個細薯仔，只有一個洋蔥，平均啲更佳
3,買24罐竟然有8罐都凹？以前買都只是1-2罐有此問題，今次未免太多😞
3,連續購買兩次都無送小食
3,次次買粗幼都好似唔同，有無人知在包裝上在那可看到是粗/幼版
3,"買了9罐有1罐凹陷有破損, 其他罐正常, 希望只是包裝及運輸上出問題"
3,請問呢款是否粗粒？thx 
3,訂原味，打開時卻是綠茶
3,味道肉質都好，但送到黎已經解晒凍。
3,很细包，不算抵買，應該不會再回購
3,貓貓鐘意食！所以今次買左大罐再買埋其他零食！但發覺所講買滿指定金額所送既兩件貨都無比到我！呢樣就有啲失望！！！
3,漏咗少少出嚟，好彩無整污糟其他貨品。未用，不過用過另一隻配方覺得無咩中藥味，想試吓呢個配方，原來呢隻中藥味都幾勁 😅 希望好用
3,"屋企隻貓貓食咗呢個品牌嘅湯包成年，之前超市買。
近期超市冇貨，於是在hktv mall買，發現倒出嚟嘅味道唔同咗，貓貓亦都不肯飲。買咗十包都要報銷。
唔知係咪個批次有問題"
3,"買了兩包, 一包可以!另一包一件正常!一件超細!不值！"
3,明明寫買滿398送行李箱，送貨並無送行李箱
3,好似擺在外面太久了，條魚有啲腍....
3,細粒咗好多，粟米味勁咗。
3,其實這狗糧在這店買開的。但原星期4收貨，到星期日即剛剛才收到訊息話可取這貨了。如果無貨我寧願商戶話無貨，我就唔買住或在實體店買。我多數在星期三買滿500元，以賺取95折。而我不用送貨，次次都自己取貨。但一批貨要去取兩次就唔好啦，麻煩嘛。
3,盒子都压变型了。希望下次注意。
3,買一箱有一半都漏氣，其中一包更穿左漏貓砂，夏天濕氣重好難保存，原本品質幾好，但送貨差
3,買個陣無注意到係幼粒裝，比我個貓砂盆既縫都細，一倒全部掉曬囉下面個尿墊到，根本無辦法用，唉，怪自己眼大睇錯，白白浪費左
3,這次的魚肉比較散，味道ok
3,之前買了魚扒約一兩個月，每次都買很多。今次買少了，只買了兩包。。但其中一包有一塊灰灰黑黑沒多少肉，也不太明中空是甚麼情況。不常在家，所以也不適用退貨（也可能不合退貨條件）。但希望公司留意一下客人不太喜歡這種。。好像明明兩塊價錢但有一塊有點不能接受一樣。
3,第一次購買，都是看見評語不錯，但本人覺得一般，因為雞皮上有不少毛未清乾淨，隻雞也比較細，及一剪開肉及骨就散開，我要砌好形狀才放上碟。
3,剛收貨， 訂左兩包都係漏氣， 無真空，之前買過唔係咁，仲有其中一包有瘀血， 要快d 食
3,上星期買完32蚊，今個星期有優惠50蚊兩包
3,12:33分鐘打黎問屋企有冇人，但冇話幾點鐘送黎；結果13:25分鐘先送黎；仲黑口黑面。
3,買2次都有渣，冇乜甜味，麻麻地好食
3,訂咗2包，其中一包無真空，袋似裂左，想更換一包??
3,我買貴了108. 同 一樣貨 TV mall 其他公司 105。。 大家要小心check清楚先至買. 
3,"星期二60元，買咗2包，一包幾靚幾大包，值5星，但另一包細啲，仲要有啲黑點，只值2星，所以平均係3.5星。
網購呢家嘢，真係要講彩數⋯⋯"
3,瓶底有塵，感覺放了很久，亦沒有清潔過就出貨
3,個蓋嘅設計令人開時好唔就手，好唔方便。
3,送來的貨同原本想買嘅不一樣
3,還可以，最好即日食哂，隔夜有濃烈雪櫃味
3,外表一切ok，但去皮後雞肉有好多瘀傷&#40;我家一向不吃雞皮&#41;，以後不會再回購了。
3,"比較咸,如果可以除去雞頭及雞頸會比較好"
3,未食，一共買了3包，但送到黎全部已經出哂水?明白天氣熱，但出水到咁應該放了些時間，希望沒有壞⋯⋯
3,我以前收到的都是兩塊三文魚腩扒，一塊大一塊細。但今次收到的兩包是一塊腩扒一塊魚尾位，非常失望，以後不會再在網上買了。
3,用開，價錢平過藥房和大行，所以購買。
3,今次的雞肉很鹹，肉質尚可
3,"1&#41; 訂單指明18:00-21:00送貨但4:30pm打黎話已經放左係門口就算，咁個時間選擇黎做咩？請問一陣貨品唔見被偷，係唔係貴公司會賠返?2&#41; 貴公司apps寫明要客人簽收貨品，請問係唔係職員可以冒簽/代簽當交左貨？"
3,第一次買，送貨時有紙箱裝好，不過開箱後，發現袋底已爛咗。
3,有欺騙成份，又話產自挪威，結果標籤乜都唔寫，仲係響大陸包裝。
3,雞肉質嫰滑，但比以往咸
3,好細卷，同百佳個D差好遠 *_*
3,"買兩包其中一包真空漏氣我買了數量2隻，但收貨只有1隻"""
3,今次隻雞比較肥，肉與肉中間都有一層肥膏，但味道係一如既往好味。希望下次唔好用肥雞整。
3,重訂，今次包裝不及上次防漏
3,嚟到已完全溶雪，要扣分，另外食用時發覺依然有幾多魚鱗
3,訂二包，二包也不是圖片的大塊
3,我係長者，但食都好覺得好鹹囉！可以改淡些少。
3,味道舒適，不過用後頭髮有乾
3,很咸，比其他同類型既熟雞偏咸但方便
3,特價20蚊包抵食，但係覺得太甜同埋好多雞皮，但係小朋友鍾意吃。
3,特價$50， 但今次肉質又鞋又un.
3,兩塊幾大塊下，個樣都靚嘅，但食落比其他牌子乾柴
3,呢隻砂之前買過幾次，但係今次覺得差咗，因為每次沖廁都沖唔走，even 同一次嘅砂但沖兩三次都仲喺度，永遠都剩一啲砂響廁底，有點失望
3,有少少咸，肉質柴，但整體都食得落
3,"因為HKTV極速送無得寫評論，所以寫喺度今日訂左9樣嘢（$6XX）,淨係送左3樣嘢俾我（$1XX）想退錢退貨，客服即刻打嚟話可以send whatsapp俾佢，即日補番啲貨俾我，點知send完俾佢，等左3個鐘，覆都唔覆超級劣質服務"
3,這個已購買好多次，呢一兩次都係比較差左，一片魚好，另一片就弱雞左，以前若發生差不多情況，會加一片小的補償。&lt;br /&gt;而家就無喇。
3,一直買開，不過今次批次唔知點解打開有幾隻係橙色😖唔夠膽食用🙈
3,"急凍貨品收到時已完全解凍,林吱吱,像冰鮮魚一樣,品質欠佳！"
3,啱啱先發現只收到薯仔，收唔到洋蔥. 係咪只有1樣？
3,"1. 第1次購買此品牌, 每次小量添加, 貓貓肯吃.

2. 產品到期日是 9 NOV 2023, 品質正常, 食後沒事.

3. 最失敗是產品包裝設計, 那個ZIP 口是打縐的, 不能完全鎖緊, 鎖好後ZIP位口是透罅隙的, 而且使用1-2天後ZIP 拉鍊都壞掉不能用, 要自己轉密實袋儲乾糧.

4. 收貨時是用紙箱裝着貓糧, 不知是產品封口本身設計這麼失敗, 還是入紙箱時屈着封口變成如此. 
請零售商/代理商要正視此問題. &#40;吃另一品牌ZIP袋用2個月拉鍊都無問題&#41;

5.送了逗貓棒和貓零食, 逗貓棒玩得樂透了.
"
3,未食，外表OK但係好細隻！
3,"平時係街買是真空，但今次收到貨不是真空，有點失望， 要盡快食。 味道是唔錯的"
3,其他嘢都包得好好，唯獨呢兩罐冇包，結果就凹咗⋯
3,"吸水能力係幾好, 但可惜砂好臭"
3,未食，但不像相片都是大片的，一包有大有細塊，另一包全部三塊细的。
3,"比想像中小，抽起來也不似有17.5L／17.5KG
想問一下size是否有錯誤？
但貨品quality OK，我的貓也很喜歡"
3,可能運送關係，個泵頭咀斷咗，不過只屬小問題，我可以換支舊嘅落去用
3,平時買開，貓糧ok，但話送小零食今次無收到🥲
3,改一塊包裝方便小家庭食用
3,本來好期待試這產品，可惜送錯貨，已退貨。想再買，但又唔知會否再送錯貨。
3,濕水後很易爛，初出時不會的
3,打開膠袋，很香鹽焗香味，味較咸，肉質有點鞋，整體是可以的!
3,2025.5.8日購買食用日期到2026年，平時食其他品牌建議大約30日內食用，因人而異決定是否繼續購買。
3,"用後很乾, 可能不適合我 "
3,你唔好去搶，突然間貴咗差唔多一倍！
3,重量以（g）顯示，但用量則以茶匙顯示，家裏有很多不同大小的茶匙，曾詢問每次要服用多少（g），但回答要我自己看説明書，所以始終不知道要給多少份量才算正確，希望能改善一下，我是coffee lover，所以秤重沒有問題。
3,"訂原味砂,收貨時無留意,原來比左綠茶味. 真討厭.
"
3,好離奇，今日諗住補啲貓砂，倒倒吓倒唔出發現有啲嘢塞住，點知有包膠嘢，攞出嚟竟然係一包肉泥！！一包肉泥被混入咗响一包密封真空貓砂度……
3,買3包，有兩包爆開口！ 唔怪之得咁平......
3,一般濕糧，比外面平少少
3,平均$9蚊包 但比藥房買$10數量小啲 但不用自己拎都可以
3,算足磅。質量幾好。但一大一小，冇得分2餐，比較唔適合一個人食。
3,沒另外包裝、令原裝盒有污漬。
3,因為太重，亦沒有電梯，上一層樓梯搬運吃力，如果可以改在地面交收，或代送上船運坪洲就好！
3,只有幾條牛肉絲。湯汁唔夠多，貓貓似乎鐘意 Thrive 多D。
3,"感覺好似同之前買的不同, 今次好似散砂比較多"
3,"作為貓奴既我,覺得呢隻麻麻地
僻味又不是太僻
吸水凝結都不太實
不過價錢方便是有優勢的"
3,雖然魚條較坊間細，但將貨就價而言，尚可以接受。
3,比之前買既大舊 差d以為買錯
3,之前用2.0 幼，第一次用普通裝，呢款短D，深色D，用上㴝好似一樣，跟着指定時間到提取店撲空，請你們更正時間，給顧客正確時間，浪費了很多保貴時間
3,買了四箱，也見結賬頁面有贈額外貓砂，但沒有收到，感到可惜
3,$66.9唔算好抵 但勝在唔使拎
3,訂兩包但送貨只係送一包，仲有一包去左邊？
3,"一直見各大貓奴群組評話係HKTVMALL買的N1比較多粉塵不好用。
而我自己一直係另一超市買店內／網購買都試過，沒有呢個問題, 好用。我也懷疑是否行／水貨或者貨源的關係。
12月HKTVMALL有寵物用品優惠$400/85折，即管買了5包試下，已經選擇係官網買確保係行貨。收貨係透明位已見係好多粉塵同比貓沙較粗，看家中超市存貨的包裝, 比較過大家都是3.0原味，沒有買錯粗幼，完全一樣，不知道為何品質會有如此不同。 "
3,普通 mousse 狀既濕糧，老貓岩食
3,"依隻沙我已經用左幾年, 不過一向都真空包裝, 而今次第一次幫 HKTV MALL 買, 買 6 包, 6 包都冇真空, 已經漏左氣, 希望唔影響隻沙品質啦 ~"
3,"我每次買呢隻罐罐。收貨都會遇到好多都係凹咗😓
希望可以改善下🥹🥹🥹
狗狗真係好鐘意食呢款"
3,好迷你吖～支耳水～估3星期至1個月～都用完了！haha
3,第一次用，主子未有 unlike.
3,百佳賣$89.9平你哋$10仲要有一包除塵紙送！
3,公司常買，經常斷貨，但每次翻貨仍然是同一到期日，現在只剩3個月到期，頁面全無提示，仲入了幾盒，良心何在？
3,紙質唔錯，但比預期細卷。
3,持續用左6枝，發炎問題有改善，但不能夠根治。
3,產品包裝既顏色同之前係城大買開既有出入，係正貨嗎？左手邊係城大右手邊係呢到買，唔知俾唔俾主子食好
3,我煮到飯焦，唔錯效果。😋
3,紙盒爛晒一邊，廁紙外露！
3,我根據app 主食罐分類買左埋主食罐，收貨發現其實佢地都係副食罐，副食罐不能長期俾貓貓食，所以我又要再買主食罐。app既一個分類其實都好影響顧客，希望可以改善呢個問題。
3,收到貨發現包裝是破的，用膠紙粘貼繼續賣😓
3,"HKD38.60,價錢OK。好細條好薄，但係咁嘅價錢OK嘅。但係完全冇鰻魚味，合埋雙眼食嘅話係完全唔會覺得自己係食緊鰻魚，因為完全冇鰻魚味。"
3,濃味可接受，說明鹽焗雞，但是顏色像咖喱雞，想像是悉數太多不接受
3,味道可以，但有開心果殼，食用時要小心
3,味道可以，但$50 143g 得一隻普通筷子咁長，細條咗啲。貪佢送嚟唔使出街買。
3,原來唔可以吸水，清洗完急凍的帶子和三文魚，用廚房紙包住吸水，點知啲廚房紙黏住帶子又要用水沖走廚房紙，之前用其他牌子唔會咁，跟住只用嚟抹手，用完就算
3,第一次買的時候好用：吸水又厚，質素取勝⋯⋯等左一段時間先有貨，買左兩份6包:今次差好多，一樣吸水只不過2張厚度變成3張，價錢一樣。結論：咁樣價錢質素選擇好多。
3,已多次回購，但今次收到的有很多處明顯黑印+鞋印（參看附圖），非常失望
3,"網民評價99元，買要111.元多
厠紙一卷很薄，吾夠其它牌子
厚，很小用，太貴，很小買來
用。
"
3,多次回購，但今次整箱內有一卷紙巾跑出來了！
3,低糖真係淡到冇味...不過健康啲
3,本來覺得紙質夠韌又柔軟好好用，但今次啲貨有啲難撕開，間隔嘅接駁位唔明顯，又好多粉
3,"同 先前用過的 皇冠 質量有差距.  纸質比較租, 印花好淺像 平牌子. 每卷只有 Vida 的 3/2 大.  如果不是原厰送來 我會以為是冒牌貨.  这般價格我會揀 Tempo"
3,低糖版同全糖版比，都係全糖、澀得起好飲啲。低糖好似淡味左咁。送貨好好，時間準確於半小時內，貨物存放得乾淨，沒有撞過的痕跡
3,好薄，香味濃到有啲臭。
3,真係好細條魚，又幼身，因未食，唔知係乜鰻
3,"司机改送貨時間但無送到,預定那日又可出現,好笑"
3,205元20包，價錢是不錯的，而且買這個數量&#40;20包&#41;不用自己抬是很好的，唯獨是包裝成很大缺點，20包紙分成4至5袋放入背心膠袋隨便打個結便了事，需知背心膠袋并不是密封的，這種包裝方式，開口位其實很多，產品本身的膠袋不算很厚實，這些紙很大機會用來處理接觸食物，所以難免令人不放心，而運輸過程尤其是到步分貨時，20包的體積數量相信很難避免被放置過在地上。我曾在葯房買過一整箱，一箱都是大約20包左右，換句話說，其實是應該可以做到原箱送貨的。退一步說，如果因平價不能提供紙箱，那麼我建議外袋包裝也應該用上密封的包裝方法，好讓用家放心。事實上，價錢賣得比這裡更平的葯房，不是沒有的。
3,爛左盒，運送整扁左好多盒
3,一直買這款飲品放家裏裏，第二次收貨后有破損了。
3,第一次買時覺得唔錯夠大條細骨也不多便回購，但第二次送來的兩條都好多細骨。
3,沒有外加包裝，包裝易破損。
3,收貨時已見到出現漏出液體的情況，以即時通知送貨員，他說叫我報上公司
3,"有時可原箱送,但有時.送使紙飲品貨品整潔不易撞凹或變形,卻偏要把4件用塑膠袋運送.無語!今次是幾次訂購中最差四件有三件纸品有不同程度凹或起角.&#40;見圖&#41;"
3,要有心理準備，完全不像白飯的，滑滑的、膠膠的，有啲食塑膠的感覺，好過冇得食咁解，我會選擇自己煮藜麥飯多啲！
3,好短， 屋企3 個人一日開一卷廁紙，應該太短
3,送貨員工好好👍🏻直得讚許
3,"因要買滿400才送貨,所以盡量以一箱買以方便存放,但貴司竟全部拆散為六包裝,另本身價格與超市相約,超市特價還便宜一些,但最重要是超市可看到""日期最佳"",而在貴司訂的貨比超市還早到期,又要大量買才可免送貨,所以,以後買這些超市飲品,還是在超市買較好,明白買滿400才免費送貨的成本問題,但要大量存貨於家而不能看到到期日,對消費者不方便"
3,個盒爛左～之前買咁多次未試過
3,買嘅係3號，。長度同大型超市一樣，但呢條品質唔好，林 ，霉，好唔得，外表睇唔出
3,"這個牌子算這個款式最差,多次購買都係這樣黐埋一齊,底面不一,難以撕開"
3,比初初用無咁4D，堅韌，容易穿。其實每個產品初出時就好好用，耐咗就開始變質
3,買滿1000元送的。味道普通，因為糖份少所以好淡，我自己覺得還好，老公覺得難飲。同單買了德國寶電蒸爐，比了1星評價，卻被刪了，覺得HKTVmall的誠信好有問題...
3,"固唔到咁細條，呢個價錢有其他地方賣同價但大1/3。

不會再買。"
3,送到來時已開始溶雪，而且很細條，這個價錢不合理太貴
3,眼觀，好似比超市買的細卷一點
3,20包分開幾個市背心袋，為何不用一個大袋裝晒或一個紙盒呢!  收藏也不方便，也不環保
3,lu lu 豬公仔得意，紙質ok
3,多提供優惠或贈品. 謝
3,運氣好，只有其中一包𠝹穿咗。
3,遲咗聽師傅電話2分鐘就要安排第二天送貨，如果可以彈性處理就好吧！
3,已經買了幾次了！越用好似越有問題，紙質跟平時超市買既一條質地唔同，好粗鞋，仲去完廁所有紙巾碎痴住！越用越差
3,細細包，方便携帶，豬仔都幾得意
3,平均2x蚊一條，價錢同平時用開牌子差唔多，所以買黎試下，但卷紙好輕，軟林林，感覺份量好少
3,買完只喺相差一日就便咗十元
3,質量比較飄忽，第一次買時雞肉煙韌有質感，但第二次買時雞肉就比較霉！希望可以控制一下品質，味道就幾好嘅！
3,可以有更多的優惠更好，不算平
3,頗適合口味清淡的人，希望健康D
3,27卷用紙箱裝住，有點意料之外…
3,不知是否遷就包裝盒，泡泡紙給界穿，連其中一包糖也界開了，弄得一盒也是😞
3,無任何包裝，收到就係咁樣
3,買多次都完整，今次收到時發現紙箱有壓扁相信爆過，連入面有幾卷紙都壓到扁斜，幸好冇濕，幾卷壓到扁斜可以換嗎？
3,到貨已解谏，細條， 魚身薄
3,購入價 $75，貴過$75別買。
3,完完全全用膠紙將兩包抹手紙緊緊包裹，是完完全全的緊緊緊緊包裹，一拆膠紙便把兩獨立包裝的抹手紙拆散沒有了膠袋保護，麻煩下次只貼少量膠紙可以嗎？用不著一圈又一圈上上下下的緊貼吧，謝謝
3,很喜歡這果醬，今次是第二次回購，可惜收貨時發现罐底凹陷，看著很不爽，想了多天便決定申請退貨，想不到商户竟然很快處理，感覺這裡購物很有保障，抵贊。下次一定會再回購。
3,明明訂了兩排，但其中一排拆散晒用膠袋裝，撞到凹晒，已經連續兩次都係咁，請跟進！
3,未飲，買四pad，有兩pad撞到凹晒！
3,比另一牌子濕咗水較易碎，你可以話廁所易沖走d紙。但如果手有水，就黐到成手都係廁紙。。。
3,我明明買的是姆明款，但送了lulu pig款畀我
3,"5000  1583  

好過無"
3,廁紙好香，好用，但拆開箱發現有兩卷廁紙包裝膠爛咗
3,第一次訂購的鈣思寶都是四排完整一箱，自此之後只有部分是有原箱。但今次訂購24排完全沒有原箱之餘，貨品變得凹陷。請問日後可以提供原箱包裝嗎？謝謝你。
3,只收到10*2，因暫未找到能發送照片的售後界面，只能發在這裡了。請後台工作人員幫忙補發貨
3,沒有收到買滿$200送的保溫水壺，能跟進嗎？
3,一直用開，今次買紙質薄左。
3,今次品質比之前差了，底面纸調轉。
3,每包平均價比超市貴很多，一定要先查看超市的價錢
3,購物已滿600為何沒有送口罩呢？
3,每卷量好似有啲少，用得好快
3,本身好抵用，但係有一包嚟貨嘅時候已經戒爛咗
3,已經好耐冇買條裝厠紙，點知都係冇改善，依然用封箱膠紙肋到變晒形，外袋又污糟邋遢，仲要整爛咗！話明係衛生廁紙可唔可以衛生啲處理！
3,貨品沒問題，但為什麼是次購物沒有mall dollar 回贈？！（星期四當天使用HKTVmall Citibank 信用卡付款的&#41;
3,最初買啲品質好好，好香又有印花，之後見原箱有優惠就轉買原箱，以為係原箱平啲所以質量平平。今次轉買返呢隻，點知啲質量係同原箱一樣！買唔返最初既質量，我買得皇冠就唔係因為平，而家做唔返個個質量，我仲點買得落手？
3,"3大包自取, 用尼龍草綑起串住3包手挽位, 疫情下無外包裝，難於清理, 必須改善！"
3,滲漏，瓶蓋冇左，滲漏洗頭水影響其他貨品，要大清洗
3,之前一路用開，最近呢次買薄過以前，失望，一濕水成手都係紙碎
3,請生產商留意，品質經常不同，纸質有時不軟，好”鞋”，香味有時也沒有。另外，太鬆散，不耐用，請改善
3,買咗幾次，今次好明顯紙質薄左易爛左
3,貴過兩大超市，變咗草紙質感。
3,長期購買，不過今次又是每包有3片，即有2片是細的。
3,紙皮箱濕咗，有三卷廁紙都濕咗，落雨天應該注意下！
3,"15號用hktvplus買 $50, 16號變$40 蝕"
3,香味不錯，手感柔軟，唯一缺點就是一沾水就爛，水溶性廁紙非它莫屬，包唔會塞廁所
3,送到黎時只見個盒已經爆開幾處。希望以後包裝成箱飲品時注意下以免膠樽有機會損毀。
3,香味太重，紙巾質地同4D紫色差少少，無咁厚同滑
3,飲品味正，不太甜，原箱送來4pack每pack都有2盒壓至變形，扣分
3,買開覺得肉質滑，味道好，不太鹹。但今次見到明顯瘀黑，好似有問不敢食
3,買左兩包， 一包真空， 一包無
3,兩舊都近魚尾位，變得太細舊又冇腩位食，味道ok
3,雞胸嘅肉質都幾韌，咬好耐都咬唔到，唯有直接呑，味道就幾好
3,種得出的很少，但貓咪會吃
3,買【20包裝】以為會原箱送貨，失望！散修修送來 還送少貨給我。見到之前有人反應過這個問題以為已有改進但係無。。
3,"買完貨都未送到,跟住就做特價,有些不開心"
3,"易種
但貓貓不愛吃
如有中文說明書會比較好"
3,品質跟價格比較尚算合理
3,算係少粉塵，但唔係好除到臭！
3,三天後發芽成長不理想😑
3,太薄又易爛，仲買4包🤦‍♀️不會回購
3,"已經買回購一次
食咗一排間唔時會軟便
氣管問題未見有大改善"
3,購買多次，價格合理。但今次太咸了。會停購一段時間。
3,比以前用開嘅Petit luminous薄好多，勉強可以話係瞬吸，但會浮面，摸落仲係好濕，唔適合後肢冇力/癱瘓狗狗，肚毛會濕曬，做一般寵物厠所應該可以接受
3,"雖然外面下大雨 包裝仍然不錯。
但這種面紙比較薄， 有時需要一次用兩三張 希望廠家改良用較厚的紙張"
3,收到的款式，不是姆明。
3,芝麻油已溢出，拆開包裝時滿手是油。
3,真係一啲都唔好食，個包好乾，要不停飲水先吞得到！
3,"一直用了這尿墊很多年， 但今次剛訂了一覺箱，發現尿墊品質很差， 第一， 薄咗好多，吸水力唔強 。第二，旁邊嘅防流位亦都發揮唔到作用，宜家每次尿液屙完都會向外流落地下。
對突然降低質素很失望，會考慮轉換其他牌子。"
3,味道好似白米但唔粘亦比較滑身，煲粥唔錯！夠飽肚！
3,咖啡味一啲都唔好聞  之後都係買翻綠茶味算
3,活動寫住買滿60就有得送一排飲嘢，買咗两箱乜都無送到，說好的贈品呢？？？
3,如果能夠送貓棒或毛毛球更加好
3,近排啲貓砂味道唔同咗， 冇咗浸綠茶味，仲有啲臭!!!
3, 第二次回購 但今次的厚度較上次薄  稱不上是厚型
3,好難形容，聞落似枯木味！
3,"今次薄咗好多，吸力差咗！！
"
3,不是兔兔包裝，是深藍色原裝款，唔靚！
3,包裝打開就沒有得關起來，設計太失敗，貓糧好油膩，完全唔值五百幾。
3,買过幾次了，今次特別咸，肉質冇問題，仍然好滑。
3,"幼砂凝結力一般, 尿尿滲透到砂盤底後會化成泥漿質地，好難剷。"
3,購買14罐，一整pack 完整無缺，另外兩罐是凹的。
3,貓咪鐘意，但是比較乾，同時要準備水給貓咪。
3,"我想問下啲芝麻粉入面係咪濕濕地咁樣㗎？？即係好似受潮咁樣😐😐😐我以為係好乾一粒粒好乾爽，我又唔知個包裝係咪咁？"
3,開箱後有一包被拆開了！見圖！
3,價錢平咗， 但紙質薄咗同埋有好多紙碎， 質素差
3,一分錢一分貨，淘寶價錢淘寶質素，用過Donki $79蚊果隻再用番呢種$60一包就覺得差好遠，唔夠吸力，範圍會化到好大 姐係代表太薄，同一隻小型犬用Donki 藍白包裝果款唔會咁 夠吸力。因為成日化到好大範圍唔想狗仔踩到 通常好快就要換墊，平左十幾蚊但用多左 真係得不償失，請自己判斷～
3,"以為係無糖的, 點知原來係加咗糖"
3,買過兩次，好用 但原來買貴 過出面好多
3,因為原味同綠茶味無貨所以試吓咖啡味，點知陣味好怪，一點咖啡嘅味都冇，以後唔會再買。
3,送貨不駛自己攞，一個字贊
3,$601⃣️盒十包，已經特價，暫時未覺得特別有咩效，所以算貴
3,Wellness core分別唔同口味共10罐都係凹
3,沒有膠穀固定包位置，只有一個包裝膠袋入住9個包！
3,買錯咗，以為係章魚小丸子。覺得太醎。
3,產品描述聲稱零添加，0 糖，配料是純淮山，打開食用後發覺有甜味，而且係好立克味道，粉嘅顏色係淡黃，所以好懷疑呢個淮山粉係咪真係淮山粉？定係好立克粉。我同時買左另一個香港牌子純淮山粉，人哋係純白色，而且冇甜味，所以呢款產品令人懷疑其品質，如果係好立克粉食咗都冇乜嘢，只係俾人呃咗，如果係其他嘢就唔知會唔會影響健康
3,買左8包 有3包 貓砂已被界開
3,價錢算平 但係唔係好大卷比較鬆
3,今日貨品送到黎時，發現貨品嚴重扭曲變形，難以想像經歷過幾多次碰撞先會搞成咁。但過往購買過幾次都完全冇問題，希望今次只係個別事件。
3,價錢未算最抵，但有送貨就好好
3,鐵罐裝雖有bubble錢包裝但仍然是凹的，面積都幾大吓
3,"無箱真係唔係幾好
好似堆垃圾
膠袋都爛曬、污糟曬
辛苦曬送貨哥哥"
3,執貨嗰啲真係好求其，有箱又唔用， 亂咁放。用袋都唔緊要啦，有兩袋裏面都有水，都唔知邊幾支爆咗，又要等補送， 勁麻煩。HKTV 應該確保貨物完好送到顧客手上。
3,數量正確，有些少損毀。另外有收貨時有四樽獨立了，我住村屋要去村口交收比較麻煩
3,近期的紙質薄了，會出現紙屑，是偷工減料嗎？
3,同上，送到來紙箱濕透了，內裏貨物辛好沒事。
3,我買4排低糖菊花茶，卻給我3條低糖+1條全糖的
3,送錯貨，產品說明是無香味，但送來是白茶花香
3,洗潔精樽蓋未有擰實，洗清潔漏出膠袋、下次請確保瓶蓋擰實，以免漏出。
3,肉質係夠稔，但除咗甜味重之外，無肉味或其他味，就係甜肉一塊
3,買左三箱茶，話係原箱。送過來幾個膠袋裝36支茶。第一好難儲存，第二亦都好難拎。茶品質沒有問題。 但係包裝真係好有待改善。
3,已經購買四包裝，可以原箱，為何要拆散用膠袋裝
3,最近一次唔得，啲樽身有明顯污漬和磨損，不是個別例子，而是全部24支都有。雖然是樽身不影響內容物，但顧客仍會期待一支即飲的飲品是清潔乾淨。拿上手不會整手深黑色灰塵，
3,6件中有兩件不太理想，都係去門市自己揀好d！
3,因為無盒包裝，啲維他奶撞到凹咗。
3,已經多次回購，好用。但每次送貨均會有一盒被壓爛紙盒。這是扣分位。
3,可以同維達反映一下嗎？唔明點解咁都可以出貨比人
3,用膠袋裝真係好難拎，分左成4袋，膠袋又穿洞，成12枝唔可以入一個箱嗎？
3,叉燒加添色素，而且有肥肉，叉燒肉岩巉有厚有薄唔平均，味道幾好，不過不會再購，注重食物自然。
3,"為什麼要包多一個膠袋？有什麼作用 還要收一蚊，以往凍肉都不會包多一個袋好唔環保？"
3,本來都同其他人一樣，以為係原箱。送貨嚟嗰陣見漏咗呢箱，以為送漏咗，最後發現12支茶分佈喺幾袋嘢裡面。不過既然網頁改左無寫明原箱，就只能怪自己一「箱」情願。呢隻細支無箱難儲存，計番價錢，樓下超市買大支裝平50%又慳位， 留言係提醒自己以後一定唔可以再買呢隻。
3,味道冇之前咁好，茶味較淡！
3,食開，好食，但外面買平D
3,"價錢合理, 但飲品比較浠！"
3,"買左瑞典版，上面網頁上寫產地瑞典，下面又寫星加波。收貨之後點知產地又係星加波？咩事呀？！
請回覆！"
3,上次係一條裝今次唔係～好多包裝被壓至變型，幾乎被壓爆～價錢係OK～回購商品
3,第一次買食咗感覺好d，但之後再買好似冇乜功效
3,今日先發現其中一包菊花茶外紙殼壓壞咗，菊花茶漏晒出嚟
3,唔係好似之前的評語講得咁厚。
3,產品冇問題但係張貼紙貼到啲膠樽有膠紙，癡立立咁樣 🤦🏼‍♂️
3,"回購
$169價格長期企硬"
3,紙箱損毀了，有一包包裝袋破爛。其他的沒有問題。
3,貨品是3條包裝一齊，封膠帶前請先附加保護膠，可避免運送時受損及回家拆開時容易分開！
3,紫薯味很淡，包本身的奶黃味比較重，而且感覺是香精味的奶黃味，遮蓋了其他味道，個人不喜歡。
3,"參考網上資料，水滾放入三分鐘，
有啲縮得勁，有啲縮得冇咁勁，但味道不錯！"
3,連續有幾罐都係咁樣 雖然唔影響食用 但今次買12罐原箱都咁 唔知單罐會唔會仲差😥有小小失望
3,最近買飲品，都唔係成箱咁送貨，希望之後可以原箱送嚟
3,訂了12支 有6支都是凹的
3,"購買原箱四排,希望原箱收貨,唔希望收到散貨"
3,來錯了，我叫菊花茶來了錫蘭檸檬茶。這是頭一次。
3,"買左2件. 但只送左一箱（6x4&#41;,另外只有6x3,少左一pqck"
3,原箱可否再裝多包? 多提供贈品. 謝
3,撐王維基及HKTVMALL 團隊
3,貓貓很喜歡這個罐頭 但是今次買了11罐有3罐都撞凹了一點 希望後續加強一下包裝~ 感謝
3,兩箱都是抽紙，冇得退貨得退錢，退錢40幾蚊，我唔覺得合理咯
3,"加了附帶的白色粉未，也完全搖勻了。
但還是液體狀態，並不是官方說的啫喱。
是還要再做什麼步驟？"
3,欠一支浴室除霉漂潔 送貨漏咗嘢次數好頻密
3,"買了2包，一包大，一包細，差別大。
但標簽重量一樣"
3,"回購, $146/2箱,  但紙張時而柔軟, 時而粗鞋, 想知㸃解"
3,貨品不錯👍🏻只係包裝問題，貼到咁🙈又黐到咁實一實，爭啲最佳食用日期及食品標籤都撕爛⋯⋯
3,食用日期很短，只得六個月
3,一直買開都冇問題，但今次啲濕紙巾有點乾，但不是完全乾晒嗰種。
3,回購，系细D，適合淺嘗
3,包裝唔同咗，食完覺得質素差咗
3,紙巾數量較少 形成包裝鬆散
3,19蚊😏最平嘅時候入貨，疫情下所有清潔用品都用得很快🤣
3,比想像中細件 味道一般 唔特別推薦
3,$199肉較薄真空包裝，此價可接受！
3,"紙質ok,能在優惠時買才抵。"
3,無碎，鐘意無漂白，食用方便。
3,12合，只係用膠袋送貨，下次會唔會用紙箱包裝，我覺得這樣會好些
3,唔夠爽口彈牙，期望唔好太大
3,6罐有2罐凹陷， 發現只放波波紙在盒底，沒有用波波紙包罐身，估計做成運輸時碰撞後凹陷。
3,可能運輸途中保冷不足夠，已解凍了一半
3,當中有兩卷有污漬，好似發霉喎
3,味道沒變壞，但飲品顏色 黃黃綠綠的，看著有點不安。不會再購買。之前購買這牌子的 咖啡師燕麥奶不錯。
3,好細隻，我中意大隻些唔使咁多件數
3,"味道有些""旱""味，有點怪。質地很""傑""，難唧出嚟"
3,賞味期限長，但包裝欠佳，只用普通膠袋裝
3,已經回購好多次，之前都幾好，無咩問題。不過最近幾次收到啲罐頭好多都凹左。今次凹得仲好嚴重，幾乎每罐都會有凹左。希望下次唔會再係咁
3,很薄，比起900g差的，不過減價$199可接受。
3,味道太濃，都係無味版本好一些
3,加購時買的，包裝殘殘舊舊，貨品包裝紙盒凹陷，品質味道一般，淡淡的荳味。
3,还没有喝，但包装很一般，纸盒有些凹痕
3,其中一件貨已經失去真空狀態，本人要求換貨，不是退款。今天剛收到通知， Apps內的解決方法就是換貨，但電郵的處理方法是退款，為何有所差異？那個才是真？本人重申，只希望換貨，不要退款，因為我已等了大半年才等到這個平的價錢！至於這個牌子的羊架質量是很好的，很嫩，已多次購買，今次買了四件，共八個架
3,"基於信任這個品牌的原因, 當有特價都會買多些備用! 現在不會了, 因給上次的經驗嚇怕了! 更不會一箱箱的買, 中伏會非常痛的啊!
上次買的, 有一包膠袋係有鐵锈而且有多個開口, 裡面有幾多細菌不言而喻! 後來發覺全部都係包裝有缺口的, 根本不敢用, 只可用嚟抺其他嘢地下吸濕用, 真係貴! 現在的商家真奸, 第一次買用落幾好, 下次買品質嚴重下降, 例如紙質容易碎, 買了箱這種紙, 心中的憤怒可以想像! "
3,盒內有幾個位置有微濕的印
3,貨品不太冰凍 ，可能分貨時太陽照射住， 就是之後 放入保冷袋也沒什麼作用
3,品質ok， 但價錢好貴
3,撕開聞到一陣酸味唔知正唔正常，甜度適中。
3,上次買的很滿意，不太咸又好嫩滑，昨日收到的勁咸又不及上次的滑，水準未能保持，不敢介紹給朋友。
3,"用咗，但係未知效用如何？
要用耐啲先知。"
3,圈紙包裝不密封， 中間8成係穿
3,"label 啲紙已化開了，膠樽有花痕，感覺好似放了得久，希望不影響食用。
希望商戶能對儲存貨品方面加以改善。
best before : 22 . 11 . 2023
"
3,買過2次都是，2箱有1箱穿爛
3,粟米粒唔rich ，試一次就夠
3,紙板個圈好大，廚房紙不多，不會再買這貨品
3,街外$30至32兩包。優惠價$40兩包。推廣價並不划算。
3,客服仍然在跟進随貨品附送之贈品，還沒有人通知補送。效率極差
3,比以前細了很多，品質還可以
3,$248，沒有比較，沒有傷害
3,未食，足重量，但真係幾細隻。
3,"表面睇係ok,因未食，所以沒有其他評語"
3,比街貴 勝在不用揾同自己拎
3,之前買金色包裝2ply，$50有3條5包裝，今次粉紫色3ply，$54有3條6包裝嘅，同樣都係標準裝M，金色係好飽滿，啲紙巾就嚟爆出嚟咁，今次紫色明顯每包容量少啲，包裝鬆動有空氣感，但相對多3包出嚟，同埋紙質厚身啲，俾大家一個參考
3,比市面上中碼細包，好快要換一包，即係張數唔夠多
3,紙質幾好，不過真係好細包，下次買返另一款好D
3,送貨包裝非常安全實淨。但是拆開，盒奶是這個樣子。即是產品本身包裝問題，不是送貨包裝問題。未開來飲，未能評論盒奶質素。
3,小貴，因為都真係幾細舊，味道可以，冇乜肥肉
3,"貨品質量沒問題
但在門市即場購買凍肉雞中翼1kg＋羊架700g, 
店員分兩個單薄的沒手抽的雪袋給客戶取走！
這就是您們HKTVMALL購物體驗嗎？
在百X惠X買兩件凍肉，收錢員也會自動自覺幫客人裝白色背心雪袋啦！
下次真不會到你們門市買凍肉"
3,送貨左成箱原味黎😭😭😭😭😭 用開爽身粉味覺得好香先買😭 屋企人冇留意到拆開哂都冇得換喇😭😭😭😭😭😭😭😭😭大家記得睇到淺藍色先好拆開
3,送到來時，包裝個膠袋已經污糟，有欠衛生
3,好少肉，直播價199一排不太值..
3,這品牌原來有2種叉燒，一種是正常即食的，另一種就是這款生的。上次買過即食的，覺得ok，重購放雪櫃可隨時加餸。兩個包裝都好似的，所以沒仔細睇細節，見是開心農場叉燒就剔入購物車。中招了！生的！怎吃？我家沒焗爐、氣炸鍋之類的爐具，買咗都無得食！奉勸各位購買時要小心睇清楚！
3,只用紙袋包住，打開見到成包變形。感覺不好。
3,有幾排壓到變晒形⋯⋯🤦‍♀️
3,送貨時其中有一盒紙巾盒包裝凹陷
3,未擦膠袋， 就咁睇好似幾細粒
3,送到黎包裝袋爛左個窿；本身用開回購
3,想試一試新的 極致棉柔抽取式面紙，雖有壓花，但紙質不夠柔滑，跟我用開的寶碧面紙還差很遠
3,超級細隻，一支骨得一啖肉，唔會再買
3,包裝似一般的透明膠袋，很不雅觀。
3,一次比一次細……唔怪得平左$10啦
3,購買好幾次，之前個幾次都有16支今次得14支，好似越來越細包
3,"香味ok今次為贈品才購買，但品質還是跟幾年前一樣，洗手用來抹手，成手都係紙碎。"
3,第1次買，見特價199試下，收貨後，原來好細，重量係夠嘅，但每支肉直徑1吋高左右。
3,"雖是2排, 2排肉質與部位不同。一排是排骨，比較厚嫩，另一排不知哪個部位，肉質明顯就比較柴。"
3,塑膠瓶蓋在運送途中已鬆開，漏出辣油，幸好外層包裝的膠袋沒有滲漏。咖哩味被極度強烈的辣味掩蓋了，不能吃辣的人千萬勿試。
3,愈來愈差，連續用到最後一二張，竟然滿佈玉色污漬，成卷都唔知係未乾淨，而家仲剩二卷，只係用來抹手抹污漬，唔敢再用於食物
3,"方便 味道好  不過買咗三次  愈買愈細排...愈黎愈細"
3,"好味,多次回購,但今次送來同一個箱有柔順劑和衣物芳香噴霧,攪到一陣味,而且被壓扁晒,拎起手倒出時會凹會倒瀉的,請pack箱嘅留意番"
3,左手邊係上次買落，右手邊係今次買。唔聲唔聲咁變短左。
3,6卷裝 原來唔係開半張 買過4卷裝可以撕半張較方便
3,不是太重羊味，整體評論麻麻哋。
3,"購買時見到apps推廣優惠為$399/2，但在選購時加入2pack,價格仍是$488。系統更新遲，阻礙購買。最終只好以$249原價購買，但價格屬高。經客服查詢，回覆十分慢。"
3,上星期買才$238今日看到價錢已是$268！加價不合理
3,"兩排pack埋一齊，一解凍就要解凍晒，食唔晒！冇理由連續兩日都食羊扒！
可否參考其他三文魚腩的包裝，可以逐件食！
分開包裝都不會太麻煩，成本不會太高吧？！"
3,常常翻訂$399 有二排價格合理，過今日出廣告仲有9折，omg越來越平
3,48.9元有95折唔需要自己抽呢隻都好飲
3,45元3盒滿5OO元95折，平過出面， 味道 濃郁 ok。
3,好喝，有優惠很便宜，購買了9盒豆乳，送貨來的時候用膠袋裝豆乳，包裝盒全部都是凹的，如果購買數量是多的，建議可以原箱運送過來，淨下來不夠原箱散的豆乳，可以包裝好一點，謝謝麻煩跟進😊🙏
3,$399./2包   比較以前越來越細件，猜想重700g 骨以佔400g
3,送貨准時，有禮貌。 但羊架冇雪袋，溶左雪有D擔心。希望可改善！
3,收到原來比較細件，下次都係要買返900克以上嗰款～
3,第三次回購這款羊架，買咗4包，但係比咗另一款我，是否有搞錯？
3,"已回購多次, 今次收到的較以往的有點肥"
3,"比想像中細嚿,骨大肉小!"
3,包裝待改進，塑膠瓶蓋在運送途中已鬆開，漏出辣油，幸好有外層包裝。
3,"原來咁細件,早知買$279/900g果款啦！"
3,$399 2包，一包有兩排，算是小羊架，很細排，不算很多肉，但肉質給味道還可以
3,奶味比較少，忌廉味又唔夠
3,第二次买，味道可以，好味
3,上次買咗好好食，今次係回購，但今次唔知咩事，解凍後未開包裝袋已經有血水流出😔
3,"$40唔洗拎, 但送貨態度超差。
約了18:00-21:00送貨, 送貨員不停來電和whatsapp追問要6點送貨, 我說在回家途中, 等我半小時, 送貨員便說最多等到我6點半, 轉頭又話已到, 貨物可否放門口, 我6:30到家, 我whatsapp佢幾時究竟幾時到, 送貨員就回覆依加黎。 不停的催促搞到我超緊張, 市面上依加咁多網購, 人家送貨都冇你地咁差。"
3,有1支開左個味道係酸既，係咪有問題？
3,有Lu Lu豬好可愛，用的時候也賞心悅目。價錢亦比超市和藥房平。可是包裝真的需要改善，送到的時候外圍透明的膠已經爛了，其中有兩盒都爛了。呢啲情況退貨又唔係，唔退又唔知點用。都唔知盒紙仲衛唔衛生？！
3,"油爆了,  速遞說退回去通知退款"
3,一個order分2次攞，嘥時間，到達取羊架時發現現埸比網上購買平廿幾三十蚊一包，有被騙的感覺
3,多次回購，今次.好似細件咗
3,6罐有3罐係凹，紙皮箱包裝得好好無缺，我相信同運送無關，貨品未入箱已損壞。
3,未飲，但睇見裏面流質，奶白色好淡。
3,件貨係靚嘅， 結構亦好穩陣， 但係邊緣大峰利，要自己做返D手工先得囉
3,"我要既係原味, 但送左白茶味俾我, 唔想麻煩照用。"
3,"未食，但質量一般。
"
3,知道貴公司近期訂單繁多！送貨員都儘力當日送到！但到貨已是晚上十一點，而且因大部份是急凍食品，貴公司亦沒有以保温袋包裝好！遲了兩個鐘，所有急凍食品已完全溶解！現在天氣炎熱，而且疫情嚴重！很担心食物容易增加病菌變壞！敬請貴司注意此狀況！要多多改善??????
3,"送來的時候，膠樽已經變形。
曾看見有評論也有出現這情況，究竟是包裝運輸的問題、還是貨源的問題？"
3,綠色液體有點奇怪，完全唔覺得有麥味，可能純素關係。會嘗試接受！
3,"雖然日本監督，但原料不同
都係日本產好食好多"
3,"7月份買, 24年5月先過期, 但係流心餡食落已有油益味, 同埋太甜, 個包係偏向有咬口, 不是鬆軟, 品質有待改善, 不會回購了"
3,個包幾軟熟，不過奶黃有陣香精味，唔會再買
3,"味道ok, 只是較細件"
3,12支得1支正常 無凹
3,我覺得比較硬，但內裹有很多口味。
3,每條蟹柳有一張紙包住，要移除好麻煩，另外一隻牌子是沒有呢張紙的
3,"今次有三, 四盒 凹咗, 但絲質品質ok"
3,換了新裝？ 變了白色樽？
3,"包ok ,餡一陣假味
不要買 "
3,蠔油 有待改善 同日本牌子 中有距離
3,產品冇問題都好香。 但係紙巾包住嗰層膠爛咗。我見爛得唔係好嚴重算。  疫情期間咁樣唔係幾好。放喺門外嘅時候可以打直放。 唔好打橫放地上。
3,好細pack. 係超市ㄧ支咁細既骨肯定唔駛20蚊支。唔抵食。
3,第一次訂購時，有銀色保溫包裝啲牛角包無扁袋又無破損；第二次訂購時，用普通袋包裝啲牛角包扁哂加黐埋一嚿，而且到食用時至發現袋有穿窿，超嬲所以掉咗；今次又再訂，又用普通袋包裝啲牛角包扁哂，袋又濕仲摸到黐埋一嚿，辛好袋無穿窿，希望到食用時可以分開6個，因為無咁大氣炸鍋一次過放6個，黐得實撕開就唔係牛角包，只係食酥皮。你哋唔用保温袋裝，不如唔好代訂，如慳錢可以喺客面前拎走保温袋，及咁熱天氣運送凍貨，途中可唔可以用保温袋或箱呢？唔該為客人諗諗🙏🙏
3,包裝超級差，買了兩瓶，其中一瓶都破了，油漏得到處都是，花了很多功夫去清潔
3,飲料一口醋之後，喉嚨好「確」很不舒服
3,"200度，21分鐘，剛剛好
可惜唔夠“騷”味"
3,好似愈來愈細排 ^_^;
3,真的很油。每100克竟有22.5克脂肪。食完幾塊成手油。
3,"比其他一般牌子size大卷少少. 有壓花, 質感較薄"
3,比想像中細字支，肉較少
3,廁紙紙質不錯，唯一係太細卷，好快用完一卷。
3,"禮盒包裝變形, 不能送人了"
3,特價買，價錢係抵嘅可惜膠樽唔係玻璃樽裝，2L唔會用得短時間，對膠樽內的油氧化情況嚟講會對油品質有所保留
3,送貨準時，有禮貌，睇上去好似好多，其實無咩肉食?
3,細件，肉身好薄。同樣價錢，其他超市會大件好多！
3,蒸左2個，一個勁漏，一個少漏
3,"個價升得好誇張，上星期四199， 星期一229， 今日已經259。 一星期加左60蚊。加左三十幾%  下次見平要買多啲。

佢真係好食。 希望快啲跌返價。"
3,產品好好，但運輸太差，用膠紙包將重野連埋盒裝紙一齊送，紙盒破裂，希望改善
3,蒸10分鐘已經好流沙，但個餡真係太甜，期間減糖版
3,多次回購⋯越購就越細嚿⋯！
3,餡料味道偏甜，有一陣假嘅糖膠味，唔係天然嘅味道。試咗一件，都唔敢比小朋友食，掉哂。
3,剛剛開咗其中一條，發現有兩卷廁紙包裝甚差？其中一格突出包裝！新設計？行貨都咁樣，唔怪得啲人寧願買拼多多！ 希望可以同商戶反映！
3,包內的流沙太甜了 包底的纸太黐
3,好用但係買貴左 藥房平啲
3,出貨快，平過另一間（請見圖片，沒貨扮有貨，拖住幾日都唔出貨；唔準時），味道有d甜。
3,有點奇怪，其中一樽有一個小洞咖啡漏了
3,"$70有送贈品👍🏻

但今次送貨好過份！！！
完全無WhatsApp通知，之後我落一落樓無耐就放喺門外地上。仲要放門前，封住入屋嘅路😑好嬲呀！正常送貨完全唔會咁做，唔WhatsApp通知，都應該放門側係常識。"
3,味道係ok既，送到黎啲包已壓到扁扁的都不要緊，但我每次蒸2個，每次都會有爆餡情況既
3,只送左兩條黎。漏左一條。請跟進
3,sharehub分享條友好彩，買到新貨，收到舊貨嘅朋友要小心留意有發霉
3,係好流心，但係蛋黃味不夠，偏甜
3,Ok. 太甜，唔覺奶香，方便，真係只能頂癮😆
3,呢個禮盒裝門市賣$68，雖然你地貴小小但送埋貨可以接受，但你地另一個包裝門市賣$72而你呢道賣$98實在太離譜，係咪應該要檢討下定價位？
3,回購多次，但今次1箱入面有幾卷嘅包裝已經爆開左，感覺不好
3,HKTV mall 開始唔覆電郵，客戶服務愈來愈差。
3, 喜歡這個肉質結實 。但味道太濃有味精食完口渴
3,有時做特價但未係最抵價～買既時候170蚊5條但過兩日再有貨上架165蚊兩條
3,包裝袋好大塵，一拎上手d手指就變左黑色!
3,用開。但近排發覺紙質比較鞋、 質地差咗。可能要轉第二個款
3,未用過，初試，但拎起上嚟紙質太軟太薄咁，另外包裝差，唔係完全密封。最大問題係爛包裝都入箱，很不衛生！！！
3,以前係成排送上嚟 宜家入袋就算 撞到變晒形漏奶
3,呢隻杏仁奶飲開，平時都係4 packs一排，唔知點解埋單後有優惠價嘅呢一排奶嘅包裝咁怪，變左做一排3 packs + 1 pack另上（嗰 1 pack係同其他飲品放埋一個膠袋內）🤷🏻‍♀️
3,比藥房買的輕，每卷輕咗10克，但不知實際會小幾多格紙
3,貴了…但比之前的輕了9.2g每卷！
3,產地 “-” 即係邊度？
3,上次買無香的送貨送了有香味的 被刪留言
3,"食用期只有一個月多點, 太短!"
3,以前好厚，現在太薄，手濕時會有紙碎
3,用左幾年！這次買了2箱，已經用了幾卷，發現品質差了，紙質「鞋」了很多！希望改善！
3,有一盒送貨時爛了，導致包裝都濕了
3,注意呀 ！一口食曬嘅小羊架……
3,如果有三條優惠裝比較好，五條太多了，好難存放！
3,買廁紙都海鮮價 $83.50！vs $73 / $79
3,"飲開的, 但今次送來三盒都壓到扁晒."
3,另外一箱不是立體壓花，送錯了！
3,少左一條，冇得補回，只可退錢等3日
3,箱子穿了，希望可以改進
3,好好飲，價錢比較貴，　剛在大x 買$30 /2合。
3,"包裝有撞擊而且有點污衊, 希望存貨時留意."
3,收貨當日下雨天，紙盒濕透，差點拿不起起～多謝送貨員下雨天還送上門，保重！
3,收貨後有廁紙的包裝袋爛了，部分卷裝紙的膠袋有少少開口，包裝袋有待改善。
3,收到貨品，放入屋內後才睇到包裝外層破爛，敷滿晒污泥水漬
3,"膠袋不是密封
有漏汁情況"
3,好快用一卷，纸量可以再增多
3,"維他都有中國製同香港製 今次唔知道係咪我冇為意 唔小心買咗中國製,,,, 聽講佢哋中國製通常係內銷 香港啲貨都係首選係香港發售 希望佢哋香港淨係買香港製 中國製留返喺內地賣"
3,"包裝有待改善，買咁多次最差依次
送貨上門不會有此問題，不是整合出貨"
3,落雨送貨沒放好一邊、廁紙濕晒
3,太薄弱，原來要用2至3張來抹乾手。
3,平時都無咩，今次成batch都有浸苦味
3,選錯送貨地址但不可以更改
3,送錯了Tempo三條裝，不想要退款，只想要回五條裝皇冠，唔該跟進！
3,唔夠我平時買噶其他牌子厚實！
3,睇錯價錢，以為$36 4包，原來得3包，買貴左，出面藥房賣$10元一包，貨送到時全部散開，唔合衛生，抹手紙除了抹手外，還要抹其他嘢。
3,呢度廣告上面個營養標籤同實物唔同，到底邊個啱。實物寫煮前係138kcal，同埋咩叫煮前煮後
3,呢個有飲開，產品本無問題，但送貨就越嚟越唔注重，收到貨壓到嚴重變形，抆都抆唔番起 😮‍💨
3,係抵用嘅，但薄同易有紙碎
3,$65/27卷 紙質吾錯
3,質地較預期中薄，好輕身！
3,比维達細卷、3層簿纸！纸質一般！因為減價就買來試下！
3,一濕水就很快溶化，想濕水用来抹吓東西都不易，相反這樣就不会令馬桶塞。纸質也算ok
3,今次箱綠茶紙盒比較殘破，沒有之前訂的完好
3,平時買包裝野飲都唔會淨係用張爛紙袋住，張相盒豆乳仲要我已組嘗試整返好個外盒，好求其！
3,"買開
但今次沒有任何包裝，外盒充滿塵埃，不敢飲"
3,"用開好用，只是包裝與大集團買不一樣
每排沒有了保鮮膜"
3,處理有點麻煩，味道可以接受，太麻煩都不想再回購了。
3,"好咸，啲肉諗到都唔使咬。如果冇咁鹹，都幾方便煮嚟食嘅。"
3,肉質夠嫩，如價格再降一些會好啲。
3,未試，買完之後第二日仲平多30元，仲以為追加會有優惠......
3,一向質量好  氣味温和  可惜太細卷
3,"倩絲之前推出四層純白壓花卷紙，非常好用及柔勒。
所以再次訂購，但發覺最近卷紙物料明顯紙質比較薄&#40;感覺似像三層&#41;相對比較其它牌子還差。"
3,短左小左好多，但價錢依然3個幾一卷
3,訂了兩箱咖啡，兩個紙皮都全濕還破了，令咖啡不停掉在地上，沿路要一路拾起咖啡，幸好咖啡掉在地上沒有破裂！
3,等了好耐好耐，過左7日后，終於到貨啦
3,洗頭水倒瀉了，包裝不好
3,只有洗緊頭的時候香，洗完冇香味，唔明點解有留言話香味可以last全日，$119都唔係平，唔會再買了
3,"訂了兩箱，只送了一箱卷裝及一箱水，相信是放錯了。請問退款是否唯一方法？為何不補送一箱卷裝？
另那箱水如何處理？"
3,每箱紙巾打開都有幾卷包裝袋破損，麻煩跟進，謝謝
3,買左先來減價，5條170，而家158。。。無奈。。題外話，香水愈來愈貴，現在買不下手了，有時倒不如去sasa買。。請HKTV MALL別忘初心！
3,買得多就平啲。但唔方便收藏
3,節扣下為起 ＄54，不算平。另包裝有壓扁。
3,太细卷，得三層纸，太簿、質量一般！唔抵用！
3,33蚊一條，優惠裝平均一條仲貴過Watsons同mannings
3,"呢個價錢有成隻鷄，性價比係高嘅。
因為屋企人少一次食唔晒一隻，所以斬咗半隻出嚟放電飯煲整熱。熱咗之後攞咗一半嚟食，其餘留係電飯煲 keep 住熱。係好香嘅，第一啖食覺得好入味，但係之後再係飯煲攞出嚟嘅就有陣膠味，放得越耐，陣膠味越重。淨低果半隻唔知食好定掉好…….."
3,原箱標明27卷，開箱後發現少了一卷，商戶回電郵有特別跟進，隔兩天仍未知如何跟進
3,發現是入口中國大陸的商品，成份標示有點不同 。
3,"贈品。
質素跟另系列tempo產品相差太遠，這個too thin.  要比錢可有更多選擇。"
3,一雙24罐，只有8罐完整無缺，其餘16罐有不同程度的凹陷
3,沒有pack箱，剛好送貨當日下雨都弄濕了，遲了兩天送貨
3,可以接受，但數量太多了，做三條其實已經係極限
3,菊花茶錯送低糖，請更換
3,唔係話好平，純粹唔使自己攞。
3,"之前買開 夠厚淨幾好用……
但 今次收到貨打開箱時有陣味，發現有幾卷包裝紙上有一點點漬，丟咗嗰幾卷，但明明紙箱無濕無爛……希望注意一下  唔想下次收貨又要浪費幾卷🙏🏻"
3,品質OK所以買5條。不過外面的大膠袋很污糟。
3,勝在唔使自己拎 同超市差唔多價錢
3,150元5條，平均30元一條，每卷3元，每格比較短和細張，另外比較細卷，所以粗用OK，勝在送上門唔駛自己拎。
3,唧出嚟真係見到係一隻蝦，但係味道就冇乜.
3,送貨員沒將貨品送到住址。只放在管理處要我去搬回家。這是第一次，但不要再有下次。
3,"我已經用呢隻廁紙都好耐啦,但係近呢一年全部啲質素都比較差,越嚟越薄喇,越嚟越少張數,可能我會轉其他牌子啦,所以你哋要盡快去檢討下."
3,有幾盒沒有包裝 有壓扁了紙盒
3,呢隻比較林身 唔係爽脆的
3,原來好細盒，一盒有六粒
3,開箱後發現其中一支有問題，請退錢
3,賣相不错，價格合理，味道在等待。
3,產品實際包裝&#40;白玫瑰&#41;跟照片&#40;純白潔淨&#41;和說明不同
3,有一包明顯壞咗，唔知係咪溶過雪定係儲存不當，包裝脹晒氣又變晒紅色，麻煩跟進
3,爸爸食左個胃會唔舒服，未知效果
3,特價$199，隻羊真係好BB嚿肉好細，比湯匙更細
3,買左兩包尿片 兩包個包裝都好污糟 搵個膠袋入住佢都好呀 bb用既野整到甘污糟。。。
3,"肉味香, 但較街買的細隻"
3,還是花生油炒餸較好味。但價錢平又比較健康！
3,一直都有回購，但今次真係覺得俾少少意見。始終都係嬰兒用品，可否加多一個膠袋入好？每次都需要用大量酒精紙巾抹乾淨。。。
3,幾好用呀！購買一份，兩個月都夠用。
3,不是真空，而且包裝袋有點殘
3,我趕住衝出黎開門無戴口罩，點知速遞員都係咁，仲要大家講野簽收又剩，貨物有啲散，佢逐件幫我搬番入門口，多謝佢，但接觸超過1分鐘！收貨日期2月28日，唔該速遞員戴口罩！！！
3,"味道幾好, 但太瘦, 冇乜肉！"
3,算不錯！但比silver fern稍差。
3,多汁肉嫩，已多次回購，不過今次細包咗
3,今次好洄！細份，加埋包裝才剛過700g
3,包裝有黄色污穢滲入抹手紙
3,多次回購，但今次好細隻
3,冇包裝，冇盒冇冰袋，到咗已經開始退冰
3,冇睇清楚，原來係生叉燒，要煮的
3,以前買過幾次 今次稍為細小
3,"我唔明白有咩好食，放湯煮左5分鐘又硬又un 又唔掛汁，點煮先好食？
都係買返日式烘乾蒟蒻麵，又平又掛汁唔會un到消化唔到🥲仲有三包都唔知點處理！食之無味 棄之可惜！"
3,size 細. 一件只能夠一小朋友吃。
3,訂了24支1.2升 但只有4支是1.2升其餘均是920ml
3,這米好像不太新鮮，沒有米香味，可能是存倉太久的舊米。
3,今日收到，但到期日是2021年10月，真係太短時間，要即刻食。
3,買了兩包，有一包可能受潮，兩邊為有輕微發黃。 另一包完好無缺。
3,肉質鮮嫩，特價再買，份糧最好再多
3,我訂了這支粉紅gin 但你們送了白色gin 請安排換貨
3,紙張可惜沒有中間分界線 每次必須使用一大張紙 有點浪費
3,"追加 $229

羊架 煮到10成熟都 好淋
羊肉味 幾好"
3,每格紙比較濶&#40;浪費&#41;，紙容易黏在肉類上。
3,此品牌的羊架較其他品牌的细件，烤完無乜肉食!
3,应该是真空包装，到取时已漏气
3,2包size分別很大，很細那包剛好700g多点！
3,原本一直用開，紙質很好。可惜今次收貨時，包裝膠袋已經爛咗一個口，因為沒有額外的包裝袋或盒，非常唔衞生呢！
3,其實很細包，雖然2排，以為2排底買，但肉比超市見到的少，下次唔買了。
3,價錢一般，只為撐王維基及HKTV mall 團隊
3,紙巾無公仔！有啲紙巾有公仔，又見介紹圖有，仲以為有添！圖騙！
3,平時用開粟米油，因為冇貨先用花生油，支持香港製造
3,多次回購!好味!但今次實在好细舊
3,本人所訂之羊架錯派為兩包CP雞翼，現申請退款或再送
3,沒有給我想要的兔子版，可惜
3,漏 。。。包裝可以再做好d
3,每次收到的纸巾盒大部份都是壓扁凹陷的
3,"米本身沒有問題 ，比大陸的越光米有黏性，顆粒飽滿，但免洗米沒有真空包裝 ,如何免洗?如果商品不承諾真空包裝 ，我是不會回購的"
3,河粉夠滑但原來是有D辣的
3,未食過！今次見到店有售就買一包試試。
3,羊架係好食，特價$199再買，買左3樣野，但只送來羊架，其餘2樣無送，又唔通知幾時送，又唔知點問，已經2天，可以點催？
3,"雖然平過 T 牌, 但係呢隻真係薄超多... 隻手好濕嘅時候覺得一張都抹唔乾果隻.... 唔會再買"
3,比想像中細件，及得14支骨！
3,真係壓到扁晒，不過又冇漏奶喎，想換都換唔到！
3,紙質好，但包裝差。每盒的保護膠 都脫落，影響抽取紙巾
3,放入雪柜後，有很多一粒粒的糖結晶
3,第一次買此牌子既油，價錢比起其他牌子平宜，見評語唔錯⋯⋯都想一試！
3,"幾多次回購,近排發覺纸質差咗及成日幾張黐埋一齊!"
3,因包裝破損，更換了包裝，發現少了一盒檸檬茶，另外被拆開的檸檬茶個別是有點黐立立的。買咗咁多次第一次出現呢個狀況，換了包裝後有點失望。
3,好食，有點肥，會回購。
3,味道的確係幾好食不過真係越買越貴，好耐冇見過$200樓下了-_-
3,買一條厠紙贈送的面紙好像分別不大吧！
3,買錯了 看圖以為是紙盒裝
3,希望售賣版頁上註明成份、飲用期限及水的軟硬度比率，這些都是消費者必須知道的。
3,送來已開始融雪，肉已經變軟
3,拎果陣見佢唔係真空 以為佢包裝係咁 返到屋企發現穿咗個窿…..
3,為何order原箱，會安排拆箱入袋送貨？
3,送得遲，解凍了很多，擔心變壞！！！
3,抵，不過今次送到黎有d溶左雪
3,"ok, 口感唔算好爽, 但起碼唔會霉，蝦味一般"
3,$26/6卷，質素好，長期用。要求TV Mall負責任回收紙盒循環再用，暫時不在網購購買。
3,買了3次都係凹的！又一定要收膠袋錢$...
3,"品質就好一般 
唔算真係好厚實 
都算多碎屑"
3,$50/4包 算唔錯，唔可以同日本製既比。
3,粉的質地幾好，牛肉好「鞋」，又少，得手指頭甘大的兩小塊，味道同普通即食粉麵差不多，價錢卻貴好多，等於三包出前一丁價錢，非常唔抵食！比我揀，一係平平地食出前一丁，一係食貴d，買物有所值超級正的螺螄粉。
3,其中一包紙巾袋黐住外包裝袋，，一打開就爛咗！
3,係幾好味。肉林，但唔係因為有好多肥肉喎，咁係點解呢？係咪落咗啲鬆肉粉呢？解凍後見到橙橙地色，唔係豬肉應有既顏色。咁係咪加咗野染色呢？太多疑問，下次都係唔買嚕～
3,好一般， 無形容嘅咁好味
3,味道一般同份量少，有包肉碎但都冇乜牛味
3,只有五樽，少了一樽，麻煩跟進。其實 HKTV 應設立一個系統以免人手錯漏。
3,香味唔嗅覺到！紙質可以，希望香味可以保持內存點！！
3,家裡沒人，結果放門口，但沒有箱子包裝而這樣放貨物很不合常理，平常都會有箱子，這次一個箱子都沒有，本來已經擔心衛生問題，如果這樣放門口更容易引人犯罪，隨手輕鬆一拎也可以，不喜歡！
3,用開。價錢同超市差唔多，但勝在唔使自己搬。
3,產品是滿意的，原以為今次買2包，會一併包好些，結果仍是一件一件的交付，發現其中一盒的縐痕較多，再拎上手的感覺不太良好，有點失望。希望這些食用的東西可以加多一層保護🙏
3,共訂了兩箱共十二盒，其中一箱外表無異樣但拆開後箱內濕了，其中一盒有滲漏，不敢飲用，而另一盒則堅硬非常，打開後裡面已是凝固了，這是我訂購以來從沒遇過的，非常失望，食用期限為24年6月。
3,收貨後，發現有一兩罐是凹咗
3,自取，完整！不過原來唔抵買，超市一包賣價錢差不多
3,袋子穿洞，換貨後沒有贈品了
3,其中有兩支有D怪味.其他都OK.味道怪又無得投訴
3,正常口味，貪佢夠方便，會encore
3,希望可以原箱送，散裝容易壓壞及不太衛生。
3,"用膠袋散裝裝著, 有一盒包裝唔完整."
3,買6支，有3支嚴重凹陷，好在無爆。嘗試過整理返個紙盒，但搞唔掂無法直立。開咗都要極速飲完，怕橫放喺雪櫃會漏哂出嚟
3,這次外盒包裝濕了有破損但沒影響裡面的盒，只是觀感不大好，下雨天該妥善處理運送的貨品，送到時外盒是濕透了。
3,"10/2 果日落 order, 點解會無 9 折 ？ 剛剛睇到 8/2 - 14/2 買滿精選冷肉滿 $168 有 9 折 .... 請跟進"
3,品質越多越差，紙盒薄了，開口的膠圍邊一取紙巾就脫出，防礙抽取紙巾。不是偶爾一盒，而是每盒都是這樣。
3,"收到貨品時，已經爆開了包裝袋
蠔腥味供出來"
3,共購買3瓶，其中一瓶的蜂巢紙已破開，但貨品並無破損，請下次小心。
3,商品數量易令人誤會，玩文字遊戲。大多數人買時都覺得是包裝隨機但數量仍是4+1，不是隨機收到4或4+1。
3,買6盒4盒都變形，不過個期都算長 去到2021年4月17日
3,較細小但肥瘦適中，未煮!
3,"紙質煙韌，幾好用
不過一包太少張，好快用曬一包"
3,河粉滑，分量不多，牛肉少，有點貴，但也幾好味。
3,"圖片是盒裝, 要睇字先知道係袋裝, 圖片有誤導"
3,冇羊腥味，唔肥。但有些鞋。 size ok. 價錢不貴。
3,我訂購的是無香味紙巾，遲了一星期才收到貨，結果還發錯了白蘭花味。還好味道可以接受，都懶得退換。
3,"你哋打風取消咗顧客嘅物品，但係就唔肯退返所徵收嘅一蚊膠袋費!投訴你哋嘅Gold VIP customer Service,佢&#40;Stephany Wong&#41;居然自己quit咗!完全忽視顧客嘅投訴! 請問呢啲係乜嘢嘅服務態度？"
3,買其他野好少要選，冇留意睇以為2包🤷包裝一般，送到已經半融雪
3,回購多次，今次第一次有包裝損壞，漏曬出嚟黎，希望留意一下，謝謝！
3,和咖啡一起沖一嚿嚿！溶解唔到
3,超勁細塊 失望 唔會再回購
3,好難溶，一嚿嚿咁，好難攪
3,好鹹，食完之後覺得全身都唔舒服，味精太勁，不宜多食🫣
3,比想像中細包，好在不用自己拿
3,初時以為好抵，但之後見到六十幾蚊都有27卷紙嘅優惠，紙巾特價有時$16左右有一條，計番其實呢個combo唔係真係咁good deal
3,比想像中份量少，可能是特別版緣故？
3,"入貨價$229， 未食， 但比想像中細包。另送貨時漏送意粉，已即場追問送貨員&#40;許先生186523&#41;，佢話唔關佢事， 自己電郵至客戶服務部， 回覆&#40;Adam Cheung&#41;話貨品顯示已送出，12月31日至現在完全無回音。幸好只是漏意粉。十多元當見識到HKTV MALL職員的「Ａ字膊」，你們損失的除了一個客人，更是一份誠信。（訂單編號: H181228028044，客服電郵編號00880144 [ ref:_00D7FqXnC._5007FaxbV7:ref）"
3,包裝ok，無溶雪。但比較細隻，$204入手
3,包装太逼，割開紙箱時，貨品也被割破。
3,跟另一款北海道蟹柳有差
3,都有八件一半好肥一半就好瘦！個汁味道OK，但羊腩就真係食唔到啦⋯⋯肥嘅好羶，中伏！唔會再買
3,跟市面上其他同價牌子差不多，沒有特別。
3,第一次買這牌子，打開送貨包裝，見入面意粉條子斷裂不少
3,本人特意訂購6盒，在你們網站見到6盒一般都原箱貨，但不知為何送來只是用膠袋裝在一起，導致紙包飲品變形，可能爆裂滲漏？
3,方便，純粹覺得唔夠濃味
3,Size由160mm改到153mm..
3,"未食, 待價$399二件"
3,包裝穿洞了，大家送貨請小心！
3,"8包（一兩裝）同10包（半兩裝）…………包裝外觀一樣,無字句標明重量,無從分別。未食貪佢個别包裝取用方便攞呢吊味。"
3,買唯達送咗健力士 價錢差唔多ok啦
3,今次送來的紙巾濕晒！以為淨係個盒，點知入面都濕埋。送貨員都係咁 sorry，今次就算啦！以後要注意一下
3,"運送果陣可以保護得好d, 凹的"
3,係兔仔款，但冇口罩套囉～
3,3箱??款，可惜買完就減價???
3,三條廁紙，有一條係散晒，要個廁紙逐件消毒，這是衛生問題😠
3,D質地有d奇怪，每條都係2-3mm闊，好似碎了的紙條形狀。
3,只要在VIP購物日就會將價格調高 所以唔會再買
3,抽紙紙質薄，之前買過唔係甘樣，一個字！差！無下次！
3,已申請要求換貨，不過退款都OK
3,第一次買组合，價錢好似幾抵$146，减咗$62Toilet Paper，即係$84有3O&#39;s  抽裝纸巾
3,一向買開既紙質都唔錯，可以話係好抵用，但今次好失望，廁後有好多紙碎
3,包裝很好，但實在太細包...
3,買咗2sets 4排低糖，到貨係1set低糖1set錫蘭..麻煩跟進一下
3,$56.9價格強硬，好少會有更好優惠。
3,貨品有損壞，洗頭水在瓶蓋邊緣溢出
3,好細包，比想像中薄，買左一箱有排用完⋯
3,一箱入面有兩枝爆左玻璃，搞左一大輪
3,味道不錯，唯一改善係包裝。無盒裝只用啪啪紙保護，送到黎都爛爛地！好彩支野無裂。如果唔係好似上次咁，搞到d貨全部係豉油
3,請留意下，我訂一箱4條既，唔知點解要拆散送嚟，送到嚟就爆咁滯～
3,漏送一條&#40;5盒裝&#41; 維達盒裝面紙。
3,好多包都扎扁晒，有啲扁到飲管入口穿咗窿
3,商品應是3條，漏送1條5盒包裝，請跟進。
3,送錯了其他牌子的紙巾🫣
3,有幾盒壓扁了，纸盒凹陷，不太滿意！
3,第一次買好食， 再回購。。。 質量不一樣
3,以為執到寶平過超市，原來每一包都係扁扁的，計返張數無So
3,未食，不過真的比想像中細隻
3,為何這幾次訂購原條包裝，每次都會送來部分散裝？？？
3,每月回購⋯ 但今次發現樽蓋有扭唔實情況，以至貼紙有浸泡，希望下次商戶留意，謝謝～
3,今次終於收到原箱24包
3,"貴公司不要再send信息及whatapp，.給顧客比意見,好滋擾！"
3,希望包裝能用紙盒墊底，免得送來壓到變型
3,次次都將幾包朱古力夾硬塞落一個細紙盒內，巢曬似垃圾咁搾埋一堆。唔碎先奇。
3,50蚊4條，ok，唔使自己搬
3,"藥房平啲,有時紙張唔係咁好"
3,"今年2月惠顧都有紙皮箱保護,但是今次沒有紙皮箱只有膠袋提供沒有保護仲有紙包飲品變形 "
3,12卷嚟講平過超市買，不過d隻新香味太濃烈，都係爽身粉香d
3,"買左2箱~依家先話送口罩夾,失望T^T
仲要貴過依家個價買~有無得補發口罩夾?"
3,一pack凹左，可以接受
3,味道鮮甜，幾好。但縮水太厲害煮熟後由加大碼變細碼。
3,"本身呢隻非常好用，產品本身非常推薦
所以先訂

但係！
送貨品質就不願置評！！
&#40;於O2O未簽收前馬上聯絡CS, 已即時處理及退款&#41;"
3,今次訂購嘅本地節瓜有啲唔完整，花花哋又奔咗😫
3,出貨快，包裝好，Ok的，個人覺得有d甜。
3,$130 袋裝面紙不是4層
3,"兩隻貓都唔食, 不過6蚊一包都算平"
3,訂了4箱但送了3箱來，欠1箱貨，麻煩請跟進！ 謝謝！
3,雖然大大粒，但味道麻麻，可能炸嗰隻好食D
3,一路買開，第一次個包裝出現咁既情況🙈
3,呢個算OK 包裝可加強
3,低糖又太淡，原味又太甜，下次會買番原味
3,冇睇字，買咗要自己煮嘅😌煮熟嗰隻搵唔返
3,諗住再試一次，都係冇之前咁好味，唔再買啦
3,NO original carton box packing from 百威香港官方旗艦店
3,要讚甜度不太甜，感覺健康，但沒有薯味
3,包裝出問題，一收貨拆包裝袋义燒已經飛出嚟！
3,惠康$20兩瓶，平過買多
3,"抵飲，但係我預期係 4 pack 6 罐， 唔係散晒24 罐， 你哋揾 d嘢紮一紮， 包一包都得， 唔使一定用膠袋

如果你之後都係賣24 散賣，張相就放24 罐 啦"
3,訂購多次，今次第一次有豬臭味！ 😣
3,有六包爛咗，漏晒啲維他奶出嚟，另外，六包包裝凹咗，總共12包麻煩退款
3,"今天3月20日到貨，為何貨品有效期是4月16日，一個月時間都唔夠，這款購了兩盒給家人，另外一盒5月12日到期😬。
貴公司推出就到期貨品是否應該特別註明到期日呢？以便客人預先了解決定訂否。😤😤"
3,有d開口左口 有點失望
3,今次買三條檸檬茶，其中一條又係散裝，到貨時已經壓扁咗個盒，唔明點解次次訂檸檬茶總，有一、兩條會係散裝送嚟
3,要由生焗到佢熟有啲嘥時間， 通常呢啲係巳熟叉燒再返熱， 另外味道－般
3,沒有完整包裝，只用背心膠袋分幾袋，變得不易擺放
3,應該是維他奶生產封裝就有漏出
3,"1.8L × 12枝 = 21.6L
21.6L = 47.6lb
如果原箱送嚟，真係好重。
我收貨係3至4枝用一個膠袋袋住，有d 企唔穩就瞓曬喺地，有D膠袋重穿埋，真係好呢hea。希望可以改善個包裝，4枝一箱，等我地收貨嘅都好搬D"
3,成條紙盒裝既最底個盒難咗！
3,這次的包裝有點失望。上次購買同款2包是用透明膠袋封好的，乾淨又方便；但這次只是簡單地用膠紙捆綁了3包。雖然產品本身沒問題，但這種包裝不僅容易沾灰，提著也容易散開。希望商家能恢復原來的包裝方式，畢竟紙巾是日用品，包裝嚴實點還是比較衛生。
3,包裝有問題，將我所有紙包任飲品，用透明膠紙 困埋一齊， 飲品又有凹陷， 我再將膠紙拆開除低嘅時候亦都會散晒， 我唔能夠將紙包飲品一pat pat放入飲品櫃 要拆散曬 ， 而且都唔係第一次㗎喇，多次都係咁。
3,原箱kanahei 不過差不多成箱都係黃色 有啲唔平均
3,第二次買，幾大隻，但今次既質量無咁好，有啲已經唔完整，一煮就散，狂出水
3,今次發錯貨了，原本買的是綠茶味
3,本來訂咗4 pack低糖，但有1 pack俾錯咗原味
3,今次比較一般，叉燒多根
3,煮熟咗勁縮水，算肥美嘅
3,訂24 包 x 250 毫升，送少12 包 x 250 毫升
3,HKTVMALL 欺騙顧客，未送齊貨，私自取消客人訂單，購貨時寫明有口罩送，但又話口罩冇貨，私自取消顧客訂單。
3,限時加單買、價格平、抵買。
3,追加79元兩罐，肉質比較淋，少咗咬口。
3,我落單既時候係$216 六條，過咗冇幾耐已經降價變$204，覺得有啲唔抵
3,這款的紙質沒有舊版的滑而且細張咗
3,"貨品質量沒問題 唯獨是次送貨員態度惡劣，還掟爛其它貨品 取漏貨，還說客人咁多張訂單，咁多貨⁉️ 送咁多次貨，最差今次‼️"
3,貨到時雪已溶，再壓扁哂😓好核突
3,因為產品是紙包飲品，很容易凹咗個角變形
3,價錢ok $33.60 
3,首次用，冇得和其他牌子比較。質地ok 。但買4卷原來不是本身有透明膠袋包住那款，散裝。有些外面有污糟，打開用，紙巾面，在厚度位置也入了一些黑色一點點污糟東西，有點不衞生。我下次還是去超市自己選外面有透明膠袋包住一套幾卷的。散裝污糟東西會入到去卷紙內的！
3,每盒4只 不算大隻⋯ 味道還可以吧. 性價比ok
3,都係有代糖味，都係92%好啲
3,"購買此商品是因標明100%純綠豆無其他成份，但折貨後發覺包裝寫着composed of Mung Bean Starch, 懷疑摻了澱粉，很失望，因家人有糖尿病要戒澱粉，以為適合他吃，現不敢給他吃，貨不對版，還是我誤會了？"
3,冇話好大隻，但味道還可以
3,送到的時侯，已溶雪了。再放入冰格會黐埋一嚿。而且今次細隻咗!
3,包裝無保溫，貨到已溶解近９成。未食唔知品質有冇變。
3,融哂雪，好失望，都唔知有冇壞
3,"早前訂購的有問題批次的牛奶，HKTV Mall Custmer Service已聯絡可以退款，但是遲遲都沒有收到退款，已發出兩封郵件追查，至今還沒有收到回覆，請跟進。謝謝！
訂單編號： H250529089199

HKTVmall Customer Service #12851300"
3,"加購優惠$50買，但送來了低糖x3, 錫蘭x1"
3,"唔止轉咗包裝, 仲轉埋質地, 每包張數都少咗"
3,"味道ok, 無渣。未煮時兩吋多一點大小，放湯煮就縮水至一半，。我諗快炒可能少啲縮水。"
3,收貨時有少少溶。因為有一點溶，所以有幾隻壓爛了，不過整體尚可！價錢正常，味道不錯！
3,一直長期用開這個衛生紙，最近發現條裝衛生紙嘅紙質開始變得粗糙，而每格紙都很難拉斷，永遠都拉多很多，紙的切口永遠都參差不齊，但另一款一箱27卷的貨品就沒有這個問題。可能係由唔同嘅製造商出品。
3,隻隻都好肥美， 打邊爐一流
3,味道不錯，但有小許吾新鮮，失望?
3,我買四罐其中一罐凹咗因為未食所以暫時未知好唔好食
3,"買3x4=12pcs ,只收到11pcs..來貨欠一卷？？？"
3,送到時冇融雪，味道一般
3,夠淋，汁料味道就一般般，可以接受
3,已多次回購。 今次訂左兩包，其中一包個袋爆開左，啲蠔跌左出黎，請改善。
3,"20/9 $109 , 24/9 買同等品牌同等重量和同等品質則要$119  ，唉！！"
3,今次收到，有點失望，有退冷了
3,呢個係台灣版，味道跟日本版有啲唔同，冇咁醇
3,再回購，這批貨品有陣酸梅味，砂放多厚也黏底，很難鏟，非常失望！
3,有蠔味，但超級腥，唔會再買
3,"夠大隻, 煮完都冇咩縮水, 鮮味還可以"
3,"紙巾唔滑身,平時無用開 唔知係咪特別版唔同D 個人鐘意維達多D"
3,"唔腥 但直頭好似冇乜味"
3,有1條散裝4大包用膠袋送
3,尚未吃因此未能提供資料給你真是不好意思
3,未係最好嘅耐洗紙，有更好的選擇。
3,"包裝比較差 
使用紙皮盒
內部沒有任何泡沫紙進行保護 
收到到汽水罐有不同程度嘅凹陷"
3,第一次買细罐鲍魚，真係好迷你。無食鮑魚的口感。
3,重有一袋貓糧未送到，請聯絡
3,"包裝好好。
未試，有機會再為味道評分"
3,多次未能如時送到，導致無人收貨。成個包裝外面都係水，仲有曱甴走出嚟！
3,送到來已開始溶和出水，不是frozen，失望
3,味道一般，無蔬菜甜味，胡椒粉最出，唔會再回購。同埋因為有澱粉令到個湯底變杰撻撻，唔似清湯。
3,"買滿$40, 點解冇得送檸檬茶積木?"
3,盒低全濕！&#40;黃雨天氣&#41;
3,長期買開的，今次有一包爆口
3,"包裝真係差勁👎🏻次次買4條 即24包
唔明白點解係要拆散一條條用個膠袋袋，唔可以原箱送來，搞到嗰啲奶茶包包都凹凹凸凸變晒形，擺放又唔可以整整齊齊排列
留意到維他產品次次送貨都係咁樣，人哋其他牌子唔會嘅😡😡😡😡"
3,"包裝有被壓扁了，紙盒也是黏黏的感覺，還有如果超市減價價格也是差多。不過唔想自己拎，所以上網order, 不過收到後質量實在不太能接受，味道是沒問題的。"
3,"我是買4排應該可以原箱送到丶為何又要分開兩袋丶收到時多處角位已經變咗型。
最近每次收紙包飲品都要好似玩黏土整番正"
3,"未用，特價，見佢有其他維他命平過超市，平時用開牛油果油，間中試下其他，見佢有Omega 3,又可降膽固醇，所以試下，希望好用。"
3,好腥，唔太好食，買左兩包$40
3,"買4排攞貨時不是1pack過，收貨係有膠袋，但唔會俾你,要就加$1，如果不是家人在旁，點1個人攞4排散裝走，如果有興趣買真係要帶定環保袋"
3,多次回購，但今次收貨有點失望，因為是夾集了另一pack黐上去，沒有了紙箱的承載，這pack底部有污染了，這是飲品，而我不是散買的原因，就是想完整及盡量整潔。
3,真心唔明白 點解每次買你地維他產品 明明買一盒四條裝 係都要拆開用個袋每袋兩條 其實都唔緊要啦 最慘拆開之後 每條既四角位果包飲品一定變哂形 嗰啲角位凹晒 曾經試過直頭爆咗流晒啲奶出嚟 冇得飲都算仲搞到四圍濕晒抹餐死。點解要咁做呢？😡😡😡
3,原箱物品也被壓至紙包飲品盒變型，存放方式需要改善！
3,之前幾次買4pick係原箱包埋一齊送貨的。今次用膠袋，一來收我膠袋錢，二來有D奶有D變咗型。希望可以用返之前原箱送貨！
3,貨品寫有效期不少於60日，但星期五收到的全部有效期到今個月25號，6日都無…
3,包裝沒有寫每包有多少張
3,收到貨時， 抽纸開口已爆開
3,平時買開 品質都好好 但今次一抽出黎突然好多紙巾碎屑
3,用家試用晒一盒，一D幫助都無。
3,正常粉絲，但價錢40幾蚊稍貴
3,收到時包裝已爛 買左好多次第一次有呢個情況
3,普通包裝，不是圖中的兔兔包裝
3,打開一箱有三包開左口，衛生問題要扔左唔用得
3,已經比原定日期遲一日送，仲要包裝爛，這是厨房紙，要衛生，以後不會在HKTV mall 買。
3,太細張，唔抵，只有13cm左右
3,買糖送，口感比方包較硬，味道也不太喜歡。
3,"今次送到嚟啲冷凍食品都仲係雪藏狀態
但係包裝開咗"
3,"睇評論話d貓鐘意食
但我屋企4隻貓都唔肯食
佢呢款泥得黎唔夠泥 小小似泥膠 （無話佢一定係膠）買罐試就明。
我仲要買左9罐。3款味都無貓岩。😬"
3,"可能這個星期購買的都不是兔兔包裝
期待兔兔包裝的可以等下 
不過佢話隨機發送 反正我收到的不是兔兔包裝"
3,"多次回購買兔仔包裝都係送兔仔包裝😒😒
做咩送藍色嚟啊？藍色係咪賣唔出啊？好核突囉"
3,覺得太甜， 似加左糖！
3,味道好好，吃了第二條，才有感覺。會有屁，但也非每日能排便。購買後才見官方社交平台，做優惠價，及如沒效果可退款😮‍💨
3,收到之後見到有些碎了。
3,價錢一星期内经常变动! no good!
3,"Today is March 31,2022. Expiry date is June 29,2022. Manufactured date September 2021. 今日3月31號，到期日係6月29號。生產日子在九月2021年. 有效日期比較短"
3,只送來一條，麻煩請跟進。
3,比較薄 可能用開第2個牌子
3,鍾意多奶的朋友就一般了。
3,"又係凹咗！
好貴！油係生活必須品，希望商家可以盡返的企業良心，唔好咩都加價！"
3,價格差唔多，胜在唔使自己拎
3,5月底都係 $379 一件喎，加到咁……..
3,買左幾箱 好多係凹左， 哩個吾緊要 最大問題係飲左好多包 d飲管係裂的， 好難飲到 入面既野飲應該吾會有咩問題掛
3,"這粉絲質量真的不錯, 但價格太貴, 窒礙回購意欲."
3,味道不特別好，不太感受到減重的功效
3,"美中不足就係沒有註明食用期限
究竟係2019年抑或係2024年
收到都唔敢食
包裝和送貨都非常滿意。"
3,代糖味太重，不是天然的朱古力味道
3,原箱買就冇出事， 連凹都冇。我散買6包裝的薑味維他奶就爆漏。 冇可能樣樣都要原箱買
3,我買成40幾支茶，竟然可以係一箱原箱，其他散裝甘黎，安排果個會唔會有啲搞笑？如果唔係原箱，麻煩寫清楚，我唔使一次過買甘多，你估我屋企係士多？
3,入錯左單，但係都可以啦
3,原來唔係原箱，用膠袋的，包裝差左少少
3,如果能運送兩pack完整4排裝更好，現在的包裝使用過多不必要的封箱膠紙，太浪費
3,唔係好似上次咁用紙箱pack...有2 packs凹咗...
3,唔明點解次次都係咁。。， 雖然唔影響使用
3,"多做優惠價, 長期供貨"
3,之前品質較好，越做越一般了，貨源時時無貨返 !
3,送錯了貨品？我不是訂購這個。
3,包裝及品質一般有四盒開口位爆開咗
3,"比玻璃罐便宜, 但是味道太淡了"
3,之前買了有D變酸，請貴公司注意！
3,"特價$49，買了2 set。
但原來都不及百佳、佳寶抵，不過勝在可以送貨。"
3,"買三條，但只收到一條，送漏足足兩條，差別都好大，退款顯示$28.3，但送漏兩條唔係應該$56.6咩？條數點計出嚟？冇電話真人可查詢，電郵又唔可以reply, 那個「即時對話」完全浪得虛名，等極都唔覆😤"
3,最近幾次購買的廁紙，品質與以前的相差太遠，除了拉不斷之外，每卷廁紙都有好多紙碎，一路用一路飄下來，整過廁所地上都是紙粉碎，請檢討貴公司產品的質量，家人已經不斷催促我棄用，實在對你們的產品失望😞
3,麻麻地……粉絲嚟講都算貴
3,之前試用係豆腐砂唔痴底幾好用，所以再回購，但一時睇錯揀左混合砂，呢款都幾痴地，啲灰色細粒沉晒底，每次剷都係唔乾爽，比較麻煩！
3,"用心包裝，不容易漏出👍🏼
但沒有送來甚麼贈品，不送贈品沒有問題，但不要標注送贈品，特別是在訂單上⋯"
3,一次過買了八排，有三四排都係咁樣，壓扁咗個包裝。未飲，價錢實惠。
3,無以前咁靚，而家會粘底
3,"不嬲用開好幾年, 但今次買之前幾次買; 細包左好多!"
3,"時常缺貨, 多補貨. 謝"
3,"雖然外面下大雨，仍然包裝良好。
但這種紙巾比較薄，有時需要用兩三張! 希望廠家日後改良用較厚身的紙巾。"
3,$99/4包，抵。不過吾係原箱送黎。
3,香港制造但全部飲管都有問題，彎位裂
3,"之前包裝超可愛,現在變返做NORMAL有點失望XD 希望有多些可愛包裝"
3,用膠袋包住，內容紙包飲品全部變形…
3,為何不用箱來包裝？只用紙袋令外觀有損，希望下次會改善。
3,"1.有點意見 2.24罐有三罐凹，其中一罐最厲害🤔"
3,成日收到都有啲被壓扁，希望可以改善一下
3,"以為是原箱4x6,點知係分散好似超市買咁"
3,我要兔仔包裝，送咗呢隻藍色黎好核突囉
3,門口交收，的確是趕客！
3,我有嘢要投訴！要投訴你哋嘅CS Louis Wong！佢攬權block咗我駁去gold vip hotline嘅途徑，我由今日18:11撳入去條hotline嘅link已經係話線路繁忙到依家！我撳WhatsApp又係Louis Wong接，佢拒絕直接覆我問題！乜 貴公司啲CS staff咁大權可以 block gold vip人客㗎咩？請儘快搵Louis Wong嘅上司打電話畀我！
3,請問幾時有4D立體壓花深紫色盒裝紙巾？次次都係兔兔版！🤦‍♀️
3,送货的时候下大雨，包装纸盒湿了，没及时拆，过了两天，纸箱发臭！
3,多次回購，但今次明明買共10pack，無紙盒，好多pack都凹，要自己噤返一盒盒
3,每包紙巾都一大陣油益味，24包紙巾在紙箱裏無額外包裝，可能存放過程有問題
3,價格一星期内经常变动。no good!
3,"包裝十分差, 只用膠袋裝,個盒嚴重變形,慘不忍睹. "
3,"48包有2包撞扁,  幸運地無有破爛 !!"
3,其中一箱的紙箱底部有水蹟
3,"星係比hktvmall,包裝 運送 都好好，12月到期。 但係點解盒奶個味唔同左？ 難晒左好多我仲買左4pack… 係唔係因為轉左廠房所以走晒樣？ 點睇產地係hk定大陸"
3,轉了新裝，細張了，無以前好用
3,口感味道餡料同新鮮嗰啲有距離，叫做試過就算，要食粢飯，都係去舖頭買新鮮嗰啲好啲。一包兩小件，size大個珍珠雞少少，餡料好腍，食唔出係乜嘢材料，特價後$20一包，即係平均$10 1件，感覺比較貴。
3,包裝穩妥，價錢可再平些更好
3,無問題，好好，只係有少少凹
3,我買4pack 6 盒，點解唔可以完整一箱俾我而要用一個膠袋同另外2pack 要再包膠紙呢？已經不是第一次，買其他荳奶都次次係咁！請問可否環保多少少？
3,寫明係（4+1盒優惠裝），送黎竟然係得4盒
3,“舊版”係好用啲，冇對比冇傷害。應該當新產品賣，根本是不同的產品。
3,給我的時候，不是原箱的，有盒更被壓得比較凹
3,買兩箱，其中一箱是散裝4x6包裝，expiry date也不同
3,味道唔錯，但包裝唔得，拆開時已有2罐鮑魚凹左，是否可以更換？
3,"可以比多個袋或者包裝袋嗎？
貨物本身唔係真空，直接放地下都唔緊要
連同其他貨物膠紙痴上去，要小心翼翼剪一輪"
3,所謂嘅香味非常淡，除咗吱出嚟嗰下有少少味之外，查完真係乜味都冇，唔明點解可以sell香氣有12小時。潤髮功效一般，冇乜特別。
3,20/1 /2026 join HKTVmall plus雞胸肉價錢$22.9，轉頭價錢又轉返$26.9，諗住佢平先join plan，好多嘢都貴咗中伏😫
3,"好重, 行到一半時膠袋穿左"
3,"淨係用膠袋裝住
買左六盒，全部都壓到奇形怪狀"
3,"普通低糖維他奶，基本上係無需評論。我經常在HKTV 訂購""原條""飲品、不是散買一或二pack, 希望您們可以改善送貨時保持""原條""。通常買""原條""24包飲品並不會一星期内完成，所以希望有原本的盒易於收藏，謝謝合作！！"
3,貨品冇問題，但送貨不是在我選擇的日期到，永遠都是官式答案- 貨品延誤。而且 TV MALL在沒有查詢客户而再自訂日期送貨，我唔係日日在家等你送貨。
3,回購，這次收到的雞扒全黏在一起，變成一大「餅」，無法分開解凍
3,完整無缺，但還欠兩pack送漏。
3,五公升裝的瓶口設計有問題，倒油的時候，會令油周圍四濺。我要自行在罐頂鑽孔才成功。
3,我係想買無骨雞扒，味道質素正常，但我唔鐘意佢將雞脾連骨切開一大舊。自己又成日睇錯以為佢係無骨雞扒，咁嘅size又有骨，都唔知點煮好。因為已經唔止買錯過一次，所以留低評價提醒返自己。如果可以喺描述加有骨，或者喺相片度影清楚見到啲骨就更好。
3,送到部份凹左，有一包爆開左
3,買了兩箱，其中一箱膠紙破爛咗，少咗2罐
3,錯，比官燕棧好，抵食!
3,包裝太散，之前係一pack，而家全部散裝。
3,為什麼今日叮黎食有點酸味，之前食過幾次好似唔覺有，是否轉了做法？定是變壞了，但又未過期呀！上星期日取件完已直接拎返屋企送冰箱。
3,唔知點解有一陣腥味，用瑞士汁滷過都冚唔住。
3,好用，價錢同出面買無乜分別。
3,"好像溶了在雪, 看起來不太漂亮."
3,之前用開＜維達- [原箱24包] 超韌袋裝 面紙&#40;中碼&#41;白茶花香＞但因為已經下架，見呢隻個名一樣，只係‘’無味‘’，就轉用呢隻，點知原來紙質都唔一樣，呢隻薄啲 柔軟啲 較易穿。
3,送到嚟成箱凹晒，個紙箱容容爛爛，支嘢飲又係凹晒，企都企唔穩
3,$40有兩磅，未食，目測麻麻地。
3,之前一直買開，最近斷貨一排終於買到，但包裝改左，雞扒亦冇以前咁大塊，變左三四舊細嘅加埋一齊，有舊仲要得拳頭咁大
3,等了四天尚有貨品沒有收到，怎麼辦？
3,可能無糖，味道麻麻哋，而且價錢非常貴，只得幾粒
3,"3件幾大塊。但比較肥"
3,"一餸$26, 加餸每款$5, 竹笙要$6, 好貴細土匪要$20.....今日同男友兩個去食, 叫左一個套餐, d 米線少到無人有, 比起平時係其他分店, 呢間o既份量真係好少, 食完要出去補飛先夠飽, 慘不過味道都ok"
3,星期日周圍都係人，連搵食都難，所以最後揀左食Mccafe。不過，有D自己中意食嘅意式包都無哂，所以今次就只可以食小龍蝦意式包同埋New York Cheese Cake。飲方面就叫左cappuccino同埋long black。小龍蝦意式包都唔錯，不過有一兩隻小龍蝦有D腥。而Cheese Cake就幾好食，食落好滑。<sssss><sssss>
3,"在太古城經過，看見沒有什麼人，看看餐牌，價格不算太貴，而且菜式吸引就走進內試試，環境寬敞舒適。<sssss>店員服務ok,食物未到，也會主動添加麵包！<sssss>我點了一個和牛醬寬麵，很有咬口，但略嫌味道較淡！<sssss>另外，點了一個雙拼pizza,味道可以，芝士味濃，材料也足，<sssss>最後埋單，三百多，也不是太貴，所以如果怕多人，可以過來太古城一試！"
3,我真係估唔到呢間野咁多劣評。我地係夜晚先去食既，見佢裝修幾光猛咪試下囉，都唔駛等位。見到佢幅牆度有好多藝員相，但咁都唔代表咩既。我地叫左個蕃茄豬扒米線同酸辣撈米線。個酸辣米線好鬼麻，但冇乜香味，食到條脷麻痺。個蕃茄豬扒米線就普通啦，係茶餐廳個隻蕃茄味，ｄ豬扒又乸過，不過不失咁啦。service方面都唔錯既，個哥仔猛介紹人食呢樣食個樣，可能waiter唔同有唔同service啦。
3,"個位置都不太難搵, 但又真係幾偏僻. 其實個鮮茄牛肉麵都幾健康的. 而且都算大碗. 不過. 味道比我想像中還差太遠, 不是不好食, 而係真係好普通的一碗麵, 在家中自己都可以整一碗. 紅豆冰也是一般, 澳洲牛奶公司的比較好飲. 整體來說,  好一般咋, 不過, 未去過都可以一試, 話哂食評有咁多人比高分. 價錢正常, 因為咁hit 既食店好多時都比同類食店貴幾蚊的, 不是嗎??"
3,試左LUNCH 焗龍利柳配薯條..沙律係唔知乜野切成絲配兩塊生菜..都幾清爽食得過..有新鮮泰國風味..到+20蚊轉左椰香乳酪..飲落都幾好..係唔似乳酪姐..液態與酪態兩者之間LOR..樽裝裝都幾得意..主角黎到薯條不過不失..好過M記個D...但D魚就唔知面係咩配料..食唔出個陣味..反而只覺D魚偏咸..失敗..好彩有5-6舊..整體因有期望下所以對主菜失望左..仲有對面走左D碟成10MINS先有人黎收..
3,"食左個上海麵餐, d ok, 可以接受!! 不過個湯略嫌淡左d, 我要落返d 豆辦醬先冇咁淡; $28 任選三個, 送豆漿! (假日冇得送); 豆漿味道一般, 大至上ok 啦!"
3,"個燉奶好滑呢~~不過好似貴左d~' '~..同埋款式太少喇~我都想試燉蛋架~但我唔食""杏汁""架呢~~____~~食左個公司三文治~哇~~~個蛋好厚好滑呢~^^~飽飽又厚身又脆~~唔錯唔錯~~~公治唔洗另加錢烘底架"
3,周月開了一段日子， 一直想找機會來試試，一直都找不到機會，今日終於和舊同事來到了。第一次來，點了周月拉麵，選淡湯底。<sssss>上桌後試了幾口，湯底充滿胡椒粉味，而且頗油膩而味濃，因為湯底味濃，根本吃不出蔥味，不是我杯茶。幸好拉麵幼身，不軟不硬剛剛好。叉燒較厚切，頗特別。相比拉麵來及豚王，這個拉麵都給比下去。
3,這天去了銅鑼灣，男友還沒有吃東西，只想吃點便宜兼飽肚的，在時代廣場外眺望，便看到十分奪目的黃色廣告牌，發現傷心酸辣粉！上到了該層，可能是銅鑼灣吧，裝潢明顯比旺角分店整潔得多，進去之后發現原來桌椅比旺角分店還要了，不過裝潢就比較好。　同樣地叫了兩碗酸辣粉bb辣，到餐后明顯地發現酸辣粉份量較少，大概少了三分之一吧，不過算了吧，也照吃了。我覺得酸度適中，但感覺不太辣，但桌面上卻沒有辣油，最后便吃到了酸酸的一餐。
3,"<sssss><sssss><sssss><sssss>我絶對懷疑奄列用10隻蛋去炒,超大碟,會爆膽固醇有蛋香又滑,不過真係唔需要咁大碟囉又貴,我覺得平d細份d會比較ok2個人都食唔晒一碟奄列建議健康著想唔好2個人黎食雞翼都算ok,不過係同碟甜酸醬超唔夾紅豆冰勁正,大大杯又多豆牛腩面係敗筆之作,不食也罷....牛腩好鞋...豬扒包意想不到咁好味絶對比d 乜乜馳名既豬扒包好味10倍皮鬆肉軟~~必食之選!!!<sssss>"
3,"<sssss>久聞大名終於在某日到訪黃金時順道光顧怕蝦子撈麵不夠飽所以搭多個薑蔥牛肉蝦子下得夠闊綽, 牛肉彈牙不過冇乜特別, 但有肉到肚始終令到個人感覺踏實一D! 薑蔥黑柏葉, 牛柏葉的真身原來應當是黑色的, 街上看見白色的牛柏葉相信我也不會有胃口去試了.另外牛腩麵亦很出色, 牛腩夠味夠彈牙!!好味道啊!另外還有任食的酸蘿蔔, 酸中帶點點辣且夠爽脆, 一食停不了"
3,聽說這裏的豬扒還挺不錯，加上老闆熱情地招呼問我要吃什麼，我就坐下要了一份豬扒烏冬（13）。面上來時燙死啦，上面是已切成件的豬扒和一些油麥菜。豬扒味道還可以吧，沒覺得太好。而且有塊都是骨。油麥菜好靚！烏冬就有點讓我失望了，湯底只有面味和鹹味，完全食不落，只好加點辣椒油。呢辣椒油倒好很夠味，只加了一點，好耐嘴唇舌頭都是辣的！<sssss>
3,"一個人在九龍城午餐, 難得這裏不用等位就食了.叫了兩個牛肉餅和清真牛肚麵.牛肉餅水準仍然很好, 熱騰騰, 汁仲噴到我一袋都係, 抹完都仲有漬. 本人認為論牛肉餅, 老闆四千金開果間仲好食, 餅皮會更薄, 同樣多汁.牛肚麵就真是麻麻, 好韌似橡筋咁, 但叫左都要食埋, 而且個湯太清."
3,"紅豆糕、白糖糕、芝麻榚、砵仔糕、花生糯米糍各一個人喜好排行榜第一位白糖糕甜甜地, 有微微的酸味, 好想食多件~第二位糯米糍花生皮厚左 d , 但係, 因為皮厚, 才可以中和內涵的甜甜花生, 煙煙硬硬, 唔錯呀~第三位芝麻榚好香芝麻味, 入口即溶, 正~第四位紅豆糕冇乜味道, 麻麻地~第五位砵仔糕呢個係我食過最甜的砵仔糕, 甜到...每件一個包裝袋, 要五件共比六個袋, 好唔環保~ <sssss><sssss>"
3,"今日同老公一齊放假，諗住放假阿仔要返學同老公開開心心去食一餐晏，經過旺角想食拉麵，老公就入OpenRice 睇吓有咩拉麵好食，佢見到台風咁多人like就去試吓，約1:00去到已見到門口有5、6個人排隊，個心好期待入去，終於等到嗰姐姐俾咗兩張紙我哋填食咩，入到去等咗5分鐘左右兩碗麵就到了，食完的感覺真係唔知好食咗係邊度,食沾麵湯唔夠熱，片紫菜又唔脆,啲豬肉好似煲湯渣咁，香港有好多拉麵店好食過佢浪費晒我個胃"
3,"太古廣場的ThaiBasil, 環境設計型格. 價錢在商場來說算相宜.1) 冬陰公味龍蝦湯 - 見到個名幾特別, 不過唔係咁好飲, 因為冬陰公味搶哂龍蝦味. 2) 軟殼蟹 - 呢個幾好食3) 綠咖喱青口 - 大青口好鮮, 不過份量唔算多.  咖喱汁送飯送包一流 <sssss><sssss><sssss>"
3,係舊鋪食過一次，印象好深刻，新鋪再度歸來，無論要我排隊等左一個鐘頭，都非常之值得等嘅。個湯底非常之濃郁，而我選擇左叫紅薯粉，因為比較健康。<sssss>配菜方面， 我叫咗炸雞扒同埋炸響鈴， 普通米線餐廳好少會有依兩個配菜，感覺到係啱啱新鮮出爐嘅，好脆口，熱辣辣<sssss>同行朋友就叫咗另一個蟲草花薑酒雞肉米線，食得出個湯底係真係有用心烹調，一啲味精都冇。<sssss>
3,"特登帶老婆去食, 但失望而回潤牛通, 潤牛米, 一律係$21雖然係加左價, 但加幅合理份量都無乜少到, 一定食得飽但湯底咸少, 亦加左師傅所以一邊食, 一邊覺得口渴以前我會連湯都飲晒的, 但今次只飲左一半都無老婆只係飲左幾啖就收口飲品唔便宜, 凍的要$11, 所以我地都無幫襯寧願食完, 立即去隔離的seven買野飲返到屋企, 仲要飲多一杯水先止到渴連食慣街外午/晚餐的我, 都覺得甘口渴可見佢既師傅份量都幾重手"
3,見到openrice 咁多好評，充滿期望去試下。今時今日呢個百物騰貴ga年代，竟然有平價西餐食，同女朋友睇完個menu就更加興奮。希望越大失望越大，Order 三個餸只得一個係ok。卡邦尼意粉仲差過新意派， 意粉太硬，無彈性。 明顯係煮的時間太短。海鮮薄餅薄餅底唔脆， 海鮮唔新鮮。尤其係尤魚，係「梅」架。蝦殻係薄餅上面，代表廚師求其。鐵板雞扒呢個算係最正常，雞扒煮得岩岩好，唔太老。總結黎講，賣的呢個價錢，食材一定唔係好野，只怪自己誤信openrice 好評⋯
3,"好累但又想返教會......結果去左好友話好食既舖頭食野@@""@味玉拉麵同埋@橫鋼拉麵揀揀左後者,因為有叉燒@@""乾蔥幫左個麵增香,但醬油唔夠濃,叉燒亦都太瘦啦.......最後杯檸茶中間先落糖水,第一啖同最尾一啖都有點澀@@""估唔到朋友既選擇都有失手既時候@@""<sssss>"
3,朋友話南小館有新野，lunch就去試下，點左個家鄉酸菜魚、香脆芝麻蝦多士家鄉酸菜魚:幾開胃醒神，酸辣味多，魚肉都幾嫩滑，唔錯。香脆芝麻蝦多士：多士就麻麻，因為個包唔軟熟，雖然蝦肉爽口彈牙，又多香草及芝麻，但都麻麻地。另外有個香炸胡蘿蔔粿，好似平時個d茶果，但包住甘筍餡料香炸，煙韌之餘又脆，有d甜味出黎，唔錯。另外點左個凍黑芝麻豆漿，普普通通，但都生津解渴。大體上來講，新野有d都吸引，但都算普通水平。
3,"小蛋撻$5 /4 pcs 仲可以選椰撻...佢地撻唔太油!不過唔明,點解果包乾蘇餅即買即到期既? 唔通一定要人即日食晒嗎?不過幾正!"
3,"我都認為唔太值得等咁耐..我差不多等左成粒鐘先有位..其實佢地既味道都唔錯,但係又唔係特別出色,皆因九龍城實在有太多呢類型既食物,平過佢又唔駛等既都有唔少..其中一間係叫熱煲既(openrice好似未add),有個泰式既牛骨火都幾一流,因為佢個牛骨湯底真係好好味,雖然幾heavy,但係都飲到唔停得口..正~"
3,"幾鹹係形容d食物, 有禮係形容員工o既服務態度。蜆肉煙三文魚意粉, 唔係咁鹹o既話都算幾好, 起碼碟意粉係熱辣辣, d湯幾鹹下之外仲杰過糊仔, 同職員反映, 佢即刻話唔好意思仲話要換過俾我, 不過食唔得多又費事o徒野, 所以拒絕左職員o既好意。"
3,這間酒樓的所有食物都尚算ok，最大問題就係服務員嘅服務態度，每次服務員送上食物都係放埋一邊跟住走咗去，完全好似係大排檔食野，食物方面，乳鴿炸得略為乾身， 美極煎虎蝦味道適中唔太咸， 北菇花膠鵝掌，果片花膠就很細小，差啲看不到有花膠，鵝掌炆得上算淋入味，芥末和牛粒，牛肉煮得過火老左啲，蒜蓉帶子蒸飯味道出色，飯軟硬適中，班蘭蛋糕都好好味，總括，服務員啲服務不能接受！<sssss><sssss><sssss><sssss><sssss><sssss><sssss><sssss><sssss>
3,晚飯去的。鯪魚球粥：份量很足，一碗全是魚球的樣子，魚球很彈牙，但是魚的味道比較淡。魚片粥：份量很足，一碗全是魚片的樣子，很鮮。清湯蘿卜牛腩：蘿卜比較好吃，牛腩不夠爛，麻麻地。就分量是足的，就味道，一般吧。
3,<sssss>同朋友係觀塘行完創意市集之後，就黎左呢度坐下，食個甜品。之前search過呢度，已經覺得個環境同食物好靚，想黎好耐😍修女泡芙($58)個名同賣相就好靚啦😆不過味道一般，而且泡芙口感唔夠脆，外層既朱古力太甜，呢個價錢黎講都幾唔扺~南法海風果汁 ($42)酸酸甜甜、解渴、開胃，夏天飲一流!呢度勝在環境好古典、好有feel，影相最佳地點🤗地方就夠大啦，不過座位唔算多，如果想影靚相就最好平日既時段黎，咁就good啦💁🏻
3,心夜來潮既名係電視報紙聽得多了，今次第一次食。不過失望收場，滷水既肉全部都唔夠淋。小米餃無咩特別，平時係蝦作餡，佢就用豬肉。炒飯份量只係緊緊四少碗，大食啲都唔夠份。煎豬肉餅、方魚炒菜、煎蠔咯都係不過不失。整體味道一般，感覺似去食“潮樓”。<sssss><sssss><sssss>
3,"以前讀U時去搭970都會經過呢間冰廳. 晏晝放學有時撞O岩呢度O既港式十字包出爐,都會買返個黎食. 個伙記會用個懷舊紙袋載住,記憶中係$3左右一個. 呢個港式十字包因為入爐前O係包面左十字,因此得名. 佢份量十足,而且好扎實,質感近江蘇餅(不過無咁乾),所以食完好飽肚!由於面層塗左蛋漿,所以幾香口. 包裡面有提子乾,增加甜味."
3,"3個人食左細既安東雞，半半炸雞，海鮮拉面安東雞小辣—越食越辣，味道ok, 啲汁好岩送飯，但啲雞9成係鞋既⋯半半炸雞—原味太乾好鞋，辣味比較無咁乾海鮮拉麵—味道正常同多海鮮👍🏻成餐最好味係前菜 魷魚絲 甜甜地幾好食前菜可refill 但招牌菜都唔好食⋯好難會想再黎幫襯  <sssss><sssss><sssss><sssss><sssss>"
3,今天經過旺角肥姐小食店，見到好多人排隊幫襯，我離遠都聞到距哋散發出嚟嘅香味，終于忍唔住排埋一份，等咗大約十分鐘，終于輪到我，要咗份皇牌套餐，里面有生腸、火雞腎、墨魚串；細生腸同墨魚食落好爽脆入味，火雞腎比較硬，距哋店嘅醬油同埋芥末醬係特色，使原本睇落去同其他店鋪無咩唔同嘅肉串食出唔一樣嘅style；Anyway，味道都算咁上下喇，不過不失！相比其他食鋪仲係有d特色！<sssss><sssss>
3,朋友約了在這裏見面，落地玻璃，凝望著窗外匆匆忙忙的路人呷著一口Green Tea Latte，室內的格局 : 簡單、隨意、沒有過份的裝潢這裏不像樓上cafe店有很多雜誌、Card Games、漫畫的消閒玩意在這裏短短逗留了一個多小時，沒有特意去嚐這裏的菜色和餐牌但驟眼所見，光顧店內的客人也有點來去匆匆的感覺，這裏也不像可以逗留很久的文青地方誠意一讚的是這裏的侍應生很有禮，因為沒有試很多菜色，也不足以評價這裏食物質素<sssss><sssss><sssss><sssss><sssss>
3,好早之前已經好想黎食，今日同個fd慶祝知日就試下剌身都有7-8款揀，我鍾意食三文魚 夠哂肥美 北寄貝都唔錯 其他都幾新鮮我，不過帶子就太細粒囉＞＜另外人覺得天婦羅都整得幾好食丫~仲有得揀天婦羅蟹添~其實整體我都覺得幾好 係芝士年糕同羊安看覺得唔好食<sssss>
3,今日係黃埔呢邊同朋友行完街，跟住茶木開左咁耐，都未去試過。所以今晚就決定先去試下果個超出名嘅吐司盒。好在我地差唔九點半先過去，已經無咩人排隊，我地等一陣就入到去食野。一入到去由於事前我已經諗好食啲咩，所以我地即刻落單，之後我地等左大概十幾分鐘，傳說中嘅吐司盒就終於上枱喇。一上枱我發現份量比我想像中要大，雖然唔夠我之前係內地食嘅咁大，但係以佢嘅價錢都算OK。味道方面，吐司烤得都算脆，唔會太淋。將吐司配埋個雪糕一齊食真係無得輸，所以真係不失為甜品嘅好選擇。<sssss>
3,"忘記寫這篇食評，現在才記起。因為是生日飯，所以滿有期望的，但卻失望而回。先講食物，最好的是龍蝦湯。我很喜歡喝龍蝦湯，亦試過很多餐廳的龍蝦湯，但到目前為止，這裡的是最好的。麵包很好。前菜方面，比較有好感的是蟹肉，其他都一般。主菜叫了西冷及海鮮，有點兒 ""整色整水""，味道只是一般及偏咸，但卻 charge around $600 一道菜，太 overpriced。最後，服務方面，""太"" 好了，好得過了頭，好像被人監視一樣，不太自在。"
3,經朋友介紹遠道而來試吓呢間好聞名嘅麵家，可能今日星期六嘅關係，特別多人，喺門口等咗一陣先有位！我哋今日一行三人，order咗推介嘅清湯牛腩，腩汁蘿蔔，酒味醉雞，仲有三碗湯河粉，首先嚟嘅係牛腩，都幾林身，都幾入味，都算是ok，之後再嚟埋其他嘢，蘿蔔唔夠林，但味道都可以，醉雞都叫幾好味，總括嚟講都算ok，可以再去嘅一間食肆！
3,皇帝雞朋友好鍾意食呢間炸雞甜辣味 以甜為主 冇辣味我覺得雞肉嘅肉質好鞋 咬得好辛苦 除咗個醬幾好之外 其他野都唔太滿意 又唔juicy炸得又老，本身個雞都已經唔滑，係雞胸肉個d位🌚👎5/10<sssss>
3,深水埗名店最有名的 豬潤 ／ 牛肉 ／ 咖央多 環境衛生一般，座位狹窄效率很高，點完馬上就有了今次點了牛肉腸仔米湯底有豬潤味道味道鮮甜但浮泡太多 感覺好穢牛肉沒有太多鬆肉粉味道 有牛肉味腸仔雖然煎過 但中間有點涼 煎不透試了朋友的豬潤薄身爽口，沒有腥味<sssss>
3,"坤記糕品出哂名氣~咁岩去深水埗買野~經過坤記就買返件糕點食下~我去到個陣時已經好夜,,本身想買芝麻糕同紅豆糕食~但芝麻糕賣哂~有D失望> <""所以只買了一件紅豆糕食~紅豆糕有好多粒粒大紅豆~紅豆粒味道清甜~唔錯!但糕身做得不太好,,太軟同埋太甜~如果糕身煙韌番D加上唔好咁甜,,咁個紅豆糕就一定好好食!>V<<sssss>"
3,"我絕對係譚仔fans, 一個星期可以食3日譚仔, 不過旺角呢間分店係最唔好食, 食過幾次個湯底都係淡, 米線亦都唔夠爽口, lunch時間落左order要等差唔多15分鐘先有得食, 尋日試左黑木耳, 味道麻麻地, 最正始終都係腩肉同黑柏葉, 可惜呢間分店並冇黑柏葉供應, 下次想食譚仔都係去返長沙灣青山道分店今次比喊臉並唔係難食, 不過咁多間分店來講, 呢間味道真係唔夠好"
3,其實因為很有名，所以試試。點了紫菜魷魚香腸肥腸銀針粉加一罐可樂，埋單73。我覺得湯底真的一般，魷魚也一般，肥腸可口，蘿蔔有渣，車仔麵可以選擇銀針粉的確少見。上菜速度很快，豬皮不錯，爽口不膩。<sssss>
3,透過OpenRice訂位，到確認時，要求個半鐘還台。否則要推遲2個鐘才能入座。請問這是什麼服務態度？吃火鍋怎麼可能1個半小時就食完？如果給不到正確的用餐時間及訂座就不要設立訂位服務。打電話確認的工作人員態度十分惡劣。之前去食晚餐，永遠都找不到服務人員加湯，有位女性工作人員見到我們揮手都會扮看不到。就算食物多好都沒有用。員工不友善，點可以留住客人？但都要講句公道的說話，此店的酸菜白肉湯底及麻辣湯底都是很棒的。最差就是訂位不能接受這樣的態度。
3,今日假期同家人去上海小龍皇聚餐，我啲揀左六菜一湯，我最中意食川菜，呢間川味回鍋肉炒的好好味，啲食材有新鲜包菜同水果辣椒，仲有豆腐乾切得好薄好嫩又入味，五花肉肥瘦適中，味道香辣中带啲甜特別入味。<sssss>
3,"同事約埋一齊黎食,之前番黎成日食,畢左業之後都好小黎LOU~成日食都係韓國泡菜或者辣醬做的煮法,我地叫左卡邦尼年糕試下,同卡邦尼意粉味道好似只係轉左做年糕,忌廉蛋汁既年糕,口感唔會好粘牙,彈性好好.食起黎咸甜度配合適中,火腿既咸香同年糕既微甜加上芝士特別香,,無左韓國味變左混合菜的感覺!<sssss>香濃湯拉麵;好夠辣,簡直辣到要命,標準既韓國既辛辣麵味道,真係非常岩鐘意辣既朋友!但個麵配料就冇咩普通一個拉麵黎講咁樣6X幾蚊算貴喔<sssss>"
3,"<sssss>唔錯 味道偏甜<sssss>雞肉+豬肉串燒，唔夠ju<sssss><sssss>雖然細份d,但炸得好鬆脆<sssss>好似唔多覺有蟹肉？反而大蝦就有隻，味道都唔錯<sssss>有個朋友次次黎親呢度都食，本人就覺得麻麻。個醬汁太酸，亦完完全全遮蓋曬三文魚既味道<sssss>味道比冬蔭公湯還要濃，不過本人麻麻<sssss>味道都唔錯<sssss>好夠芝士味 超中意另外有叫左香蕉榛子乳酪同chilli watermelon martini 不過無影到"
3,肉類質素唔錯，係值得食嘅，價錢相對係合理；但跟餐白飯就一般，唔多好食，唔知係咪時間問題，感覺唔似日本米之餘，好似係舊飯翻熱果種硬飯，啲肉幾好食都好影響整體口感。另外收錢部分真係要攪攪渠！買單、付款、等找錢，整個過程慢係可以接受，人多會慢，複雜都會慢，無問題，但加一之餘有餘數唔找就真係唔多掂，唔係唔找毫子，而係整數幾蚊完全唔找！幾蚊唔係錢？找過蒞唔收係一回事，但完全無回頭無反應真係有夠離譜。等左一段時間，見負責找數埋數果個直頭坐開埋首自己工作唔再處理，即刻明晒，無下次！
3,上網見到話呢間甜品同野飲都幾特別所以就同朋友黎食lunch喇lunch set選擇吾多於是就同朋友每人揀左個<sssss>係咪見到都覺得靚呢？d碟好靚見到都覺得開心<sssss>呢個朋友揀嘅卡邦尼，佢話吾錯嘅<sssss>呢個係我揀嘅辣肉腸肉醬意粉味道吾錯<sssss>特飲好靚嘅顏色，係soda水加玫瑰荔枝同柚子不過試過就算，因為吾係真係好好食，相同價錢可以再食好d質素<sssss>
3,屋企附近冇太多茶記食嚟食去嘅早餐都係太興、美心咁今日要換下新鮮感<sssss>早餐A 可選粉麵配多士而我今日揀嘅係all day breakfast <sssss><sssss>牛奶抄蛋白好似幾健康咁，但係有啲油膩，味道係唔錯多士略微太細份同太油<sssss>飲番杯即磨咖啡係早餐之選
3,"mongkok放題， 有非非非常多 而滿屋好似好多人食哦，就一於同朋友們一起去食夜晩啦食物種䫋有勁多選擇for 我地， 上野都唔算叫做慢，因為食住等又唔覺得慢食物有好有差紫貝天葵白桃梳打 非常之大背好多冰 但係超級非常甜 甜到要係咁飲茶先得,不適飲品有啲中伏最冇得輸就係movenpick雪糕泰式天使蝦 份量唔多 啲肉唔算太新鮮 唔夠爽滑彈牙最好都係傳統嘅刺身 三文魚 肥美火焰壽司同壽司飯唔算太夾 唔夠熱手捲就一般般 海膽上算有鮮味<sssss>"
3,"此店食物一般,食物味道不夠,很淡,但幾乾淨, 上菜亦很快,通風系統幾好,食完件衫都唔會有味"
3,"昨天到九龍城半天遊的第二站係小曼谷, 叫了蕃茄仔沙冰, 椰皇沙冰, 雪梨沙冰, 西柚沙冰及扎肉粉絲沙律!西柚沙冰幾好飲, 酸咪咪都好多西柚肉, 我推介媽媽飲我以前最愛既蕃茄仔沙冰就差晒喇, 又稀又甜, 同以前小店時代爭好遠!扎肉粉絲沙律好一般, 粉絲過淋!我們入座後便不再收客了, 因為準備落場, 有其他客人不知就裡推門而入, 一個肥肥地既泰妹同人講完話收左舖之後, 就嘻嘻哈哈同廚房D人講叫人""明天請早啦""在我心目中以前既小曼谷唔係咁架!"
3,<sssss>上次飲唔到，呢次終於飲到梳乎蛋造型嘅Crème brûlée Latte（焦糖布丁鮮奶咖啡），雖然有啲移位，變咗輕微水滴型，不過同樣可愛。飲落奶泡比一般鮮奶咖啡濃厚綿密，鮮奶味唔係好出，俾焦糖味蓋過咗。另外買咗件芝士蛋糕，口感都幾順滑，有淡淡嘅芝士酸香。
3,食物一如即往既好味，牛肋條好淋，好入味，湯汁送飯超讚。美中不足的是，檯位太細。兩人既檯，燒烤爐佔據大部分空間，主菜無位擺，只可擺兩邊，就住黎食，唔舒服，望日後可改善。
3,今晚點左芝士脆脆餅，皮蛋，牛舌，稻庭冷烏冬，芝士金菇，芝士翠玉瓜脆脆餅燒得燶左少少，有少少苦，乾得制令到我哋食唔出芝士嘅味道。翠玉瓜兩件但係兩件的大細實在太唔一致，唔係太抵食。稻庭冷烏冬反而是所有菜色之中最好食。皮蛋唔錯，會有白砂糖同酸薑，＄22有一粒，雖然都偏貴但可以一試。芝士金菇又係唔係好夾，都係鍾意返傳統用普通牛油蒜蓉粒去焗金菇會比較好食，金菇會入味啲，芝士同金菇味道都分開咗。所有食物味道都一般，中規中矩，不是太大特別。而且價錢都偏貴。
3,"在openrice 見到呢間野好似都幾好評, 咁就去咗試一試la最好彩就係...我6點幾去食...唔係好使等位....但我7點半走個陣...就超多人....個個都等到火滾......haha.........佢地等咁耐....入去食完一定後悔啦海哲carrot ---> 味道偏淡略有點味精豬扒noodle ---> 豬扒 油膩淡味....noodle 幾好菜肉飽 ---> $15 先得一個小朋友手掌咁大既size...但勝在d 料好新鮮杏仁豆腐花---> 最好食 好滑 同埋杏仁味重"
3,麥記近來陸續有新產品推出，都只是暫時性，新年前試食招財牛肉漢堡，但拒絕食鈕鈕薯條，因為從前試過，覺得普通薯條比較美味，隨餐還送利事封，但只有3個實在不夠用。吃慣了牛肉漢堡，這個招財漢堡，牛肉的味道和質感比較實在，平常的漢堡主要是免治牛肉做成，招財漢堡配上黑椒醬汁，味道不錯，正正因為味道比較濃，舌頭吃慣濃味，吃回普通味道的漢堡，不知道味覺會不會變麻目，可能因此只作限定供應。另一款限定供應的紅豆批，最近才試食了一次，覺得味道太甜，紅豆不夠多，還是喜歡萍果批多一點。<sssss><sssss>
3,這間餐廳開了很久，每次見到也要排隊等入座，因為今次覺得moko的food court無咩冷氣好熱，所以選擇試下這間。等了大約30至45分，上菜速度可以接受，最平118至約188我選擇了橄欖油三文魚扒意大利飯，好味有濃厚的芝士味，但是食幾口已經好飽了，另外有叫漢堡和著條，漢堡內肉汗十分多。凍桃茶也十分清新的感覺，可惜無熱的。<sssss><sssss><sssss>
3,其實all day breakfast 真係不難弄。点解他們也弄得不太好。餐湯和暖。飽又淋。。但用來湯OK la湯只喝了1/3，主菜已快速送上。。。。。心知不妙。賣相不錯。。。但腸選料不太好。肉質味道也不是太好。脆煙肉味道算不錯，也不太乾。菇菌味不錯，但有草青味。飽因返熱過，不脆。又淋。沙律，豆...OK la炒旦算中上。總括是他們太多野是煮定曬，返熱後送上比客人。。。。失敗中的失敗是不夠熱。。。頂。但見朋友的意大利粉不錯，起碼熱。下次叫它好些。<sssss><sssss>
3,雞翼尖鹵得很入味，嫩滑的雞皮，帶著濃甜的香氣車仔麵加通菜，湯濃郁，甜甜地配料墨魚頭，爽口鮮甜，豬紅，蘿蔔，紅腸，蘿蔔仍是那麼甜，但價錢就盛惠60多元。
3,賣髮品所以出佐敦唔想老奉又去澳牛呀牛屋呀魚粥呀咁上開飯睇睇有咩飯堂好試丫見佢有100個好評，試試佢又好姐叫咗所謂出名嘅吉士蛋同意粉（揀咗磨菇煙蠔意）個吉士蛋俾人講到必食咁，事實係統一雞蛋布丁水準…個意粉，硬度同汁都算唔錯，但個煙蠔勢估唔到係蠔豉！喂點先！回返兩粒蠔嘅水好無先！啫係咁，蠔如果係重皮嘢就不如唔好搞，蠔豉真係過到骨？$4x食個意粉係算平但都唔係咁側側膊掛…補充：餐飲叫咗熱朱同熱奶茶，熱朱無奶（奶精都無滴），奶茶色水如珍珠奶茶，估計係3合一。
3,見網上有這麼多好評，難得這了一天假期，滿心歡喜帶家人去試一試元朗餐廳，沒想到上菜效率非常慢，更嚴重的是連吃餐包想加牛油，竟然回覆是只有廚房內的煮食牛油，沒想到這個價錢的餐廳竟然連買牛油的費用也欠奉。餐包夠熱，但完全沒有都麵包香味，失望。湯也不夠熱，二人餐的羊膝味道非常普通，不可口，意大利飯叫好少少，但也不是太特別。漢堡包餐的漢堡比個包細一大截，還要其他餐也吃完了還未到，理由是漢堡煮熟需時，沒想到一塊非常小的漢堡排也要這麼久。甜品也不見得美味，不特別。
3,今晚果胃唔多舒服都無咩胃口食嘢，朋友話不如去呢到，又有粥食，佢又可以食出名嘅乾炒牛河。原來佢有兩間鋪，好在邊間有位可以坐邊到，唔洗等咁耐。成間嘢感覺好殘舊，衛生方面麻麻，但好多人食，所以要搭枱。見到好多人叫一大個湯碗上嘅湯，一問之下，原來係時菜魚腩/魚雲湯，啱哂無胃口嘅我，朋友無叫乾炒牛河反而叫燒味飯，因為我地share食，又有肉，又有菜，又有湯，又有飯，正!<sssss><sssss><sssss>
3,"所以, 來到這裡要坐出面即吸煙區囉...蠢左, 冇睇風向...朋友叫 b 餐, 係檬粉, $25, 我要生牛河算了, 反正好餓, 生牛不用煮, 理應好快!但冇飲品的生牛河卻 要 件27... 不理了...今次牛肉好靚, 不肥, 但湯不太熱, 浸好耐才熟.湯底一般啦, 河粉正常.朋友話檬也 ok.下次坐外面要充住留意風向!<sssss>"
3,今日搵食搵到來沙田，真係好多選擇，見到呢間人頭湧湧，心思思想試下，因為好肚餓，所以叫左好多野食，頭盤薄切燻三文魚，入口即溶接住落係藍青口大蝦海鮮燴飯，呢個都好搶手，一下就清曬，還有蝦.牛油果意大利瓜沙律，照燒雞肉薄餅⋯總結，樣樣都好食，但價錢有點貴<sssss><sssss><sssss><sssss><sssss><sssss><sssss>
3,今日（星期五）同我男朋友去，一個人都無…不過聽到有個人突登來買外賣拎去泰國俾朋友（乜可以入境嫁咩？）男朋友叫左碗牛腩麵，但係佢就話麻麻（不過佢食開重味野…可能bias左）我叫左牛筋米，d牛筋好好食，外面「林」，中間就 yin yin un un …好有口感。雖然男朋友話麻麻但係個湯底其實幾好，我鐘意。
3,"一個人都要成150食個餐, 前菜, 主菜同埋甜品都唔係好多...碟就size大啦..唔係話十分之好食,, 都係假期日子食飯日子搵唔到又無乜要求先會去個隻, 有得揀就唔會去囉."
3,"前個幾日拎車去洗，襯仲有時間，搵間靚靚既cafe坐下，由於之前食無印都食到飽飽，所諗住求其去食塊cake ,飲杯啡，個玫瑰千層蛋糕真係玫瑰味好重，cream都好滑好滑，只係個蛋皮厚左少少，而咖啡就叫左玫瑰同焦糖脆脆咖啡，雖然啡味唔夠重，但玫瑰味同焦糖味，特別係個脆脆，都好有效果，係略甜，想試新口味都可以考慮下。<sssss><sssss>"
3,難得 Pierre 本人重臨香港，好友一個月前已經訂了位，今次又可以品嚐 Pierre 的手藝整體在水準之上，沒有太多的花巧，專注於食物的調配<sssss>Promotion 日期<sssss>沒有太大記憶，只記得太咸<sssss>不錯的配搭<sssss>不過不失<sssss>質感做得好，但 flavour 淡了一點<sssss>這個比較旱一點，但味道 ok<sssss>法國牛柳<sssss>不錯的甜品，不是太甜
3,<sssss>   綠茶窩夫伴雪糕🍓($54)再一次來到這間咖啡店自上次來吃意大利飯後一直念念不忘但這次我選擇了點甜品外賣精緻的它可能是這間店的敗筆友人點了忌廉芝士味的窩夫顔色也一樣綠吃下口綠茶味雖夠但一叉下去就碎脆是脆但不用去到這一碰就碎的地步吧到了最後只在吃蛋碎片這個價錢可以吃更好的食物
3,"星期6去完半月灣游水返黎14:30有d肚餓就黎哩度買d小食已經係第2次幫趁第一次係食fish n chip, 幾好食知道哩度有炸oreo同炸菠蘿就諗住試下店面都好細座位都係放o係店外不過o係西貢哩個位室外茶座更有氣氛tim<sssss>炸菠蘿, 好多油, 粉漿比菠蘿o既水份整到林左, 普通<sssss>炸oreo, 炸完後oreo都林了, 同埋都係好多油, 一般<sssss>"
3,估唔到都有抵食嘢喎。中午飲茶就多，打邊爐都幫襯過，一般啦。今次嚟過簡單晚飯。前菜。萵笋海泝（平日飲茶必叫）啫啫雞煲（有豬潤，但慳皮，超薄，好乾，好硬）東菇扒生菜（都有大大隻東菇）加個優惠沙薑雞半隻。隻雞就係有點驚喜，真係有半隻，冇欺場，入味。$38，抵食啦食餐二人前，四 餸，就多左少少。一菜一雞一前菜就可以了。服務方面，晚市街坊為主。友善。，<sssss><sssss>
3,"我食既係一個茶餐,叉燒通粉加炒蛋多士味道方面,炒蛋幾好,夠滑,叉燒通粉只是一般,好平凡的一碗茶餐廳通粉,不過間舖真係幾多人,唔知點解會咁旺?其實都唔會再去,因為無mug特別.."
3,"路過麥記, 看見display上有新o野, 即管試試新登場的黑芝麻芝士餅加杯Caramel Latte, 黑芝麻味道不太濃, 被芝士味蓋過, 外表不是人人可接受, 驚喜不大而杯Caramel Latte就保持水準, 職員對特別要求都一一做到, 態度不錯, 只是在叫號碼取食物時有點像餐茶廰伙記, 有點不像麥記出現的招呼...<sssss>"
3,"這裹的米線做得幾好食, 米線夠彈性又有口感, 雲吞同腩肉份量夠多又好食以不愛吃酸辣的我來說, 普通的酸辣湯底己算不錯唯有不足之處是地方污糟"
3,"今日有機會試到傳書中的牛肉飽，34蚊有2個都唔係好貴，咬左一口，肉汁已經開始流出，熱辣辣既皮，包住肉汁豐富既牛肉，食左半個牛肉飽，已經流出左大半碗湯汁，而且個皮的確好薄好脆，食完個飽，飲埋d湯一流。咖哩牛腩粉絲湯我地叫個細既，46蚊但得兩扎仔粉絲，裡面得好小料，而且味道太濃太辣,唔可以當湯飲。<sssss><sssss>"
3,"今次第二次黎(好幾年前黎過一次),唔...依稀記得d牛腩都幾un...果然今次都唔例外...叫左牛腩牛丸河，係清湯，都幾甜，牛腩都係un左d...牛丸幾彈牙，不過唔係太鍾意佢太重既胡椒味，還是華南好食d"
3,近日發現，獨自吃午飯，可先處理私務，然後才吃午餐，既可避開1300午餐人潮，遲點吃又不會那麼快餓。<sssss>同樣是擔擔水餃麵，北京水餃麵的麵質還好，裕景坊上海麵家的麵條可能較彈較煙韌。<sssss>不太軟，吸湯，又不太黏身。湯底有點兒太油膩，辣油浦在面頭不太吸引。應該是擔擔醬混進了湯底，以致湯底挺多油，我還是較喜歡混花生醬的上海麵家。<sssss>水餃-兩家店子同樣出色，上海麵家的肉汁較多，北京水餃的肉更香更美味，像是醃製了的肉，混入韭菜等，相當美味。
3,名氣過大了吧，先說知客服務，真的不怎樣，笑容欠奉，帶到一半路遙遙指一下，那方向幾張空台，跟本不知那一張還是任坐怎樣的，八色小籠包是有湯，但不多，湯味挺好，其它味道是淡淡的，來個擔擔麵麵質不錯，湯裡少了花生而且有點稀，窩貼能做到脆底，但不香，裡面肉也不多，海踅頭很爽脆，加上醋香倒反成了最美味的一道菜，蘿蔔絲酥餅也是一讚，外皮鬆脆夠簿，蘿蔔也鮮甜，最難過是酸辣湯．48元是小小的一碗，比街邊的碗仔翅還小啊，就這樣吃掉了四百多<sssss>
3,"剛過去的星期六去咗食,但發覺好似退步咗,湯底冇咗膶味,牛肉就""un"",主角- 豬膶竟然冇味,有少少失望.希望下次再去ge時候會保持返水準."
3,慕名已久，和朋友仔來試了：蕃茄雞蛋餃：皮厚，但涵料少；芝麻醬面：味太淡，芝麻味不夠香，幸而面條煙un冬瓜雙菇：清清淡淡，不錯豆漿：淡而無豆味，扣分驢打滾：傳統的京菜甜點，這裡的和我在北京吃的一樣，好味也許這小店的其他有肉類的菜式會比較好，我見其他顧客都吃得很高興。而以上我點的幾味則一般，失望……. 這次同行的朋友仔又陪我吃素但又吃得不滋味，真sorry!<sssss>
3,好少經呢面 經過呢間 見幾吸引 就諗住買外賣喇叫左個芝士漢堡跟餐 有埋薯條同野飲加多個炸芝士條 漢堡個肉幾好食 中等厚度 一個人食 夠哂飽個人幾中意個粗薯條 加埋茄汁 正啦個芝士條就要即食啦 凍左吾好食但最難頂係杯野飲叫左凍檸茶 吾夠檸檬 得凍 吾甜 真係最吾好飲係佢 呢方面要改改喇!!!!! 除非住得近 不然都吾好外賣好啲 凍哂真係吾多好味 堂食最好喇
3,店員介紹下點左二人份量既晚餐 店裡擺設都好有特色<sssss>玫瑰牛奶：曬個名就知好潤 牛奶偏甜 玫瑰味唔重 主要靠上面既玫瑰花乾出味<sssss>鑊炒薯仔粒牛肉：薯粒偏'林' 可能焗耐左 因為自己唔食得辣 所以唔知原來鑊入面既牛肉有黑椒味<sssss>鵝乾黑松露意粉：最好味呢樣 睇落好creamy但食落唔會好濟 份量控制得剛好<sssss>阿華田cupcake: 是日套餐包既甜品 阿華田味唔重 反而上面既cream重華田味<sssss>
3,由於荃灣區餐廳眾多，要試哂所有店舖都要好幾個月。今日揀了樓下冰室為午市飯堂。他們的午餐包熱飲或餐湯大約為38元至45元之間，價格尚算合理。室內裝修以紅白為主，有2/4/6人的卡位提供。我們今日分別點了咖喱牛腩飯及茄汁豬排飯。<sssss><sssss>
3,"今日出左青衣城食野，都係揀左我成日食的青悅。 因為過左食飯時間，所以唔洗排隊。今次天氣炎熱，我點左好少食既豬肉串撈凍檬粉。唔洗十分鐘就有得食喇。豬肉串黎既時候仲係暖既，都幾惹味，唔會過咸，送撈檬岩岩好。而凍檬份量都幾多，算彈牙；魚露偏淡味，唔夠酸，唔夠過癮！不過整體都ok, 夏天食都幾消暑。<sssss>"
3,路經這家好好上海小館，門口卻又大大隻字寫著馳名四川擔擔麵，一時間被弄糊塗了，到底是什麼葫蘆賣什麼藥? 決定進去一看究竟。<sssss>不用想太多，一碗豬扒擔擔麵就行。像詠黎園的大碗湯底，是有少許辣，卻沒半點麻香，是吃擔擔麵的大忌。加之，麵條不爽不滑，真的難食，即使喜愛擔擔麵的我，也沒吃了太多。豬扒味道則普通，未至要彈，但就沒有驚喜。<sssss>叫杯凍豆漿，完全感受不到豆香，唯一好處是夠冰凍。<sssss>看見阿姐在包雲吞，原本都想試試，不過吃過以上的食物後，最終放棄了，寧可出外而溝貨。
3,"<sssss> 粗粗硬硬既肉條, 肉質又韌又實, 細妹話似硬身豬頸肉, 我就覺得質感似台式香腸, 但沒有什麼肉味 胡椒味好淡, 有些失望 tea set $28 --- 豬頸肉紅米飯 + 凍飲<sssss> 食過幾次, 豬頸肉質素比豬扒穩定, 豬頸肉肥瘦適中, 有嚼頭, 外層燒得香 這兒既紅米飯+白飯, 過於稔身 有時店員唔記得俾蔥"
3,愛人實在太喜歡薯條明明食完飯都要搵小吃，結果就搵到豪大大雞排雖然店內都主要賣雞扒，但仍有薯條炸地瓜選擇叫了一份炸薯條成為＄15拎上手時只是微暖，有點失望因為以前食都是即炸的<sssss><sssss>
3,一家人到此食lunch buffet。百幾蚊黎講，食物選擇款式算OK多，有：刺身/壽司/海鮮/熱盤/沙律吧/粉麵檔/雪糕....入座率達8成，無搶食物情況出現，refill速度正常！收碟亦都OK！待應跟得幾好~《總結》食物：●●●○○(勝在款多)服務：●●●○○(待應反應快)價錢：●●●○○(可接受)<sssss>
3,今日一個人喺中環做嘢，中午週圍無位食飯就上咗霞飛會館。上到去門口個阿姐目無表情話要等喎，跟住轉頭阿部長就叫我坐門口嗰張細枱。都算，一個人無所謂。坐低點咗個小籠飽同一碗擔擔麵，整體味道唔錯，特別係碗麵，個醬汁同湯好香濃，不過小籠飽就不過不失啦。但服務方面就真係不敢恭維。我十二點九坐低點菜，一點三食完即刻俾人收哂啲嘢要埋單，我話我未走喎，部長黑哂面話最好唔好啦。講真大佬呀，我埋單一個人將近百七蚊，淨茶芥加一都成五十蚊，你唔係咁嘅態度啩。味道唔錯都假，中環價錢但態度咁差，總之以後唔會再嚟。
3,本人好辣，慕名而來，豈料失望而回！點了中辣酸辣粉（薯粉）+口水雞。湯是ok的，但粉真的不好吃，不知道是不是煮過頭了，薯粉一d都唔爽口，無口感。口水雞，第一無雞味，第二好多雞骨碎，差d啃死。可能佢之前期望過高，吃完之後真的好失望！ <sssss>
3,<sssss>放假唔想出街，就叫媽咪買外賣返嚟本來想食屋企附近嗰間米線，但媽咪熱烈推介呢間雲桂香！我叫左中辣加豬膶同金針菇，因為外賣可以選擇分開啲湯，咁樣米線就唔會發脹或者淋晒佢哋嘅湯底比較濃郁，比好多米線嘅湯底都好好多，顏色睇落去好似好辣，不過我覺得中辣都還可以接受。唯一唔好嘅係佢啲豬潤「鞋」一定會再幫襯呢一間<sssss>
3,"成日見d人話好食就試下,地方好迫,要同人搭台,4個人坐張好細卡位,野食都唔夠放凍鮮奶$14:冇特別,出去買好過雞蛋三文治$13:抵食,多士厚,牛油味+厚厚的炒滑蛋,好好食,配得好好燉奶$18:幾好味,不過我覺得太甜"
3,"正所謂有來有往, 甜品由我請吧! 同一星期內光顧的餐廳也是一樣, 上次吃不到清心丸, 今次作補償.....蓮子百合清心丸, $22, 蓮子不夠鬆化, 百合也是, 清心丸量少...有點到喉不到肺!菠蘿冰, $19, 第一次見人食係用碗盛戴, 菠蘿似罐頭, 冰都幾多, 見同事面色, 應屬一般貨色!希望下次會好一點吧!<sssss><sssss>"
3,燒粟米:火候醬油均勻，加上芝士偏惹味。$48一支粟米抵唔抵見人見智燒煙肉:個汁唔錯，燒到表面微焦，時間掌握得幾好。但舊肉太肥，8成肥膏2成肉！叫之前真係要唸唸係咪真係接受到..辣椒炒扁面:幾清新，唔會太油，辣度好微量。嗜辣之人可問下有無得加辣。牛扒薯條:medium rare面脆肉嫩我比滿分。本身嗜辣，所以個牛偏辣而唔搶，無遮到個肉味我反而幾鐘意(黑椒辣？) 可惜旁邊大半碟薯條太倒胃口...又幼又炸到偏燶只食到成口油..送既橙糖幾清新，反而令人驚喜<sssss><sssss><sssss>
3,男友媽媽生日，一家到此韓燒。是日皮膚敏感，謝絕所有豬牛羊和熱氣食物，只是醉心於打邊爐。住元朗咁耐，第一次去韓舍，以為食物和環境都不會ok，怎知又比想像中好。環境挺舒服，枱與枱之間都幾多空間。食物選擇都ok，不算好多花款，但基本的都有，不過熟食就欠奉。我喜歡夾餅，有米奇樣的，好得意，好玩之餘都幾好味，其餘食得最多的就是雪糕。我個人覺得這裡好抵食，偶然一試也無妨。
3,之前去韓國一直都想食，但上次去係食個底係湯，未有機會食粥底。5個人食呢間，叫左最平嘅198餐，再另外加錢要埋蟹。一層一層咁食，海鮮好好味，蟶子同帶子一流。有啲菜可以平衡下再食。重點係要食佢個粥，上面蒸嘅嘅精華落哂去個粥，今次食過好想去韓國再試。無限時，坐得都ok<sssss><sssss><sssss><sssss><sssss>
3,"之前來過一次就愛上這裡, 好舒服, 今天帶了個朋友來, 我們沒有吃東西, 只是渴了cocktail , 個bar tender 介紹我們渴La Casa Marg 和Midori Marg , 也不記得那一杯是用不同水果調教出來,味道有些鹹, 另一杯比較好味. weekday 人不太多, 坐了2 個多小時也沒有人等, 上次來的時候是星期五, 7 點多去到已經滿, 下次也會選擇weekday 才來."
3,"睇左九記0既食評都好耐, 一直都好想帶媽子0黎試下(因為媽子鍾意食牛腩).媽子要左牛腩伊, 而我都要左牛腩河, 一0黎到見到賣相都幾好, 但碗太細, 湯唔夠多(可能河粉吸水太快, 食伊面或粗面會較好). 媽子覺得呢度0既牛腩肥糕太多, 令到湯太肥, 而我就覺得牛腩太大有少少硬... so far 不過不失啦~~ 試過便算了"
3,"呢度夜晚有韓燒加hot pot,星期六都係$98+10%!!d料係普通野, 雞翼, 牛肉, 腸仔o個d, 不過d肉醃得唔錯,至於d韓式野, 泡菜可以, 人參湯幾好味!!甜品有芒果pudding, 冇咩芒果味... 綠豆糖水都唔錯!其實都係至在抵食, 同埋可以一次過食韓燒加打邊燼, 岩晒一大班人去!"
3,雞脾肉加三款餸 $40雞肉嫩滑，鹽水汁有台灣晚巿的感覺，難得在不算太鹹。拮雞肉時，由最底拮上面，就不會浪費鹽水。青瓜及菇感覺最夾鹽水，菇吸鹽水的效果好，而青瓜新鮮，平衡下下，所以一定要點。就是撈得有啲耐，同埋有啲貴<sssss>
3,"因為寶貝好鍾意食腸粉，聽說合益泰的腸粉很正，經過珠仔街於是特地去找來試試，因為不知道詳細地址，dau了幾條街終於被我們找到 叫了一碟腸粉&一碗瘦肉粥腸粉滑lulu又香,味道不錯 至於粥就....不及格，瘦肉鞋sap sap，一吃就吃出加了很多味增。下次經過會再吃腸粉 <sssss>"
3,禽日終於試左喇，食左常餐好普通，無想像中咁好食多士無得走油，一係就要改做齋包奄列超超超多油，蛋又剪到一劈劈，賣相不討好，一味大堆頭...肉絲意的肉好肥只係奶茶過得去...而且好逼，好多人企係隔離等，好有壓逼感未必會再去
3,"近期好hea 的呢間燒肉店....滿懷期待去試了~~為免等位...6點已到...即刻有位...店面好有韓味...食物唔太特別, 令""好""韓食的我們有點失落感...仲有呢間店需要自己動手燒肉的...<sssss><sssss><sssss><sssss><sssss>總概黎講...味道還可以, 但如人多不值得等這麼久...<sssss>"
3,"沾仔記因為與麥奀兩者, 是次選了前者點雙併(鮮牛&雲吞)雲吞果真大如乒乓波, 蝦肉也爽; 牛也不錯, 尚有嚼頭再呷淡湯, 可惜, 鹼水味太重, 扣左唔少印象分作為一間入圍食店, 希望I係呢方面改善改善<sssss>"
3,朋友做左媽媽，一個人帶住BB唔可以去太遠地方，揀咗近近地嘅坑口Tea Wood 下午茶聚聚。<sssss>門面幾靚，好似幾大，近門囗仲有蛋糕櫃。<sssss>裝修幾靚，光猛簡潔，梳化座位！<sssss>先黎杯招牌水果茶。新鮮水果即煮，酸中帶甜，味道越飲越濃。<sssss>烏賊汁麵。麵質不錯，少少彈牙，有墨汁味。不過連配料，整個菜式仍然偏軟霖。<sssss>草莓香草磚塊蜜糖吐司。一貫水準，吸晴度十足，吐司烘得香脆，內𥚃口感鬆軟，配上士多啤梨、雪糕、果醬、奶油，香甜十足，嗜甜朋友大愛。
3,新辦公地點搬了過來，初來步到，搵食艱難。多謝朋友介紹，來到滴水坊洗滌我的心靈！樓底高，地方清雅乾淨，每天有不同湯麵或客飯套餐，也可散點炒飯麵類。當日點了：福慧雙修炆米 – 整碟米粉顏色淡淡，只有三色彩椒和菇菌絲同炆，沒有半點油，以為清淡無味，一試之下味道比想像中濃，米粉炆得入味口感豐富。子德芬芳炒飯 – 用香樁醬和松子同炒，比較油膩，味道亦偏濃，不大喜愛。午膳附送例湯一碗，全無味精，但各樣份量較小，女士們只是剛好，男士們一定不夠。但有機會我一定會再來，因這裡真的能洗滌我的心靈，謝謝！
3,中午時候黎無乜人，未到lunch time，食米線我只會揀清湯，食之前期望好大，因為見啲食評唔差，今次叫左腩肉冬菇米線，同行家人叫牛丸蘿蔔米線。碗米線就好大碗，差啲食唔哂，個湯一試入口就覺得好淡，唔夠味，同間舖嘅重慶味有好大對比。特別係啲蘿蔔，淡到無味咁濟，好失望。配菜有大量芽菜韮菜腐皮，其實咁大碗係抵嘅，但個湯底唔得，幾大碗都無用。本身仲想試燒茄子，但實在太飽，個肚無位試，而且都要25蚊一條，唔係咁值。<sssss>
3,如果想吃抵食墨魚丸米線，就去這店吃吧！<sssss>足有六粒墨魚丸，配菜有笌菜，九菜和腐皮，都是$27，米線爽口，湯底選了酸辣，好野味，丸是彈牙的，而這店其他食品都ok，店舖都整潔，不錯的平民美食。
3,"因為有朋友生日,要去唱K慶祝咁冇野做又等緊人之時只好去食住糖水等揀呢間主要原因係個時段得呢間未關門(就閂)我就嗌左呢個<sssss>食評：布丁係硬個隻唔係日式彈下彈下個隻,芒果味都算重,因佢仲有D真芒果伴碟,大熱天時食岩哂,因為佢仲有舊雪糕!!!價錢算係一般般~"
3,"呢度我由細食到大,除0左呢度0既牛腩之外, 響第處我係唔食牛腩0既(我媽同男友都話我寸...)講真, 講寸點夠九記寸, 做到根本唔憂做, 我記得佢以前過年係一休就休好多日, 正月前後隨時摸門釘, 家下唔知仲係咪咁.講返食物, 我覺得d湯真係好正, 係成碗麵0既靈魂. 牛腩我就鍾意爽腩, 因為喜歡佢0既口感.爽腩我會喜歡配麵或者河粉, 多年來一直無變."
3,"第一次去Sodam Chicken吃晚餐，環境很乾淨，十分有韓國的氣氛，服務也超good!!!芝士火鍋很好吃😄😄😄,但有0.1111111111的油膩，不太適合老人家。😅<sssss>"
3,5:30未到食飯又肚餓，路經此地，所以買左個豆沙燒餅。舖面人頭湧湧，叔叔們好忙，還好，服務依然不錯。可是，味道不如想像中那麼好，豆沙偏一邊，而且不夠甜，分量少，餅un un地，燒得未夠。可能還是mass production下的反效果。3塊錢的水準大概是那樣罷了好想試試其他食物呢。
3,每日番工放lunch都想食唔同既野 唔洗門日都係食同一樣野今次選擇近公司既一間泰國餐廳淨係望個門口都好有泰國feel 放左公仔係到入到去餐廳既光線都比較暗之前已經試過海南雞飯 d雞好滑好嫩唔太肥 點埋隻辣醬都幾夾呢個飯會跟個湯 不過個湯就有少少鹹今次試青咖哩豬頸肉飯 呢到有紅黃青咖哩揀 但聽同事講青咖哩好食d就揀左青咖哩青咖哩辣得黎又有少少甜 汁可以用黎撈飯食豬頸肉切得唔算薄 份量適中雖然好辣但越食越惹味 食到出哂汗都抵
3,路過此處，看見這裏人山人海，賣的又是小弟摯愛的上海小點，價錢亦便宜，沒有道理不買來吃吃...窩貼件頭很小，的的骰骰，不像平常在土瓜灣貴記吃到厚皮的style。底部頗脆，餡亦有少許肉汁，不算難吃...阿姐話牛肉包未弄好，於是再下一城，來個豬肉包，相對平常吃到的，同樣較的骰，吃落水準還可以...下次若有食友响隔籬嘉樂等得唔耐煩，可以先過來吃吃窩貼，算是用來打發一下時間la<sssss>
3,九記係非常出名的一家食店，條長龍已經解釋了一切。馳名牛腩面，清湯的，湯清味鮮，牛腩肉軟易入口無騷味只有牛肉的美味，牛筋極軟美味感覺似係咸味的骨膠原。馳名牛腩面，咖哩的，味道濃郁，牛腩肉軟易入口無騷味只有牛肉的美味，牛筋極軟美味感覺似係咸味的骨膠原。面方面，彈牙可口。奶茶咖啡也很香濃，油菜也不差。食物無可挑剔，價錢稍貴，環境很麻麻，暗暗地不太整潔。不過個服務態度很差，而且非常趕客，食野很大壓力。
3,見天氣涼了點又冇約人lunch一支公碌上山獨挑九記當然，要等。枱轉得算快，十五分鐘坐低第一印象：我返左大陸除了幾個汗流夾背的中環人同韓國旅客，90%係同胞其實出名又有旅遊書賣，人多是預料之內例：我地去台灣都9衝人地D三文治、咖啡弄etc香港經濟，旅遊又下滑- 被同胞包圍我不會太反感但真的有點擠迫$68 一個清湯腩河+凍奶茶清湯牛骨味濃腩肥瘦分明河粉則一般凍奶茶很不錯講味道值得再來但講整體...都係留返俾同胞迫<sssss>
3,芝士乜乜個拉麵幾好食。但我地無嘟到泡菜，佢上錯菜最終仲要計埋入去買單，真心有些意外。個乜乜紫菜泡菜卷好一般，不過有靚女服務員，加返d分，不過食之前真系要打電話book 🙄差些無得入！個烤雞都幾好，但個醬到我地快食曬隻雞先黎，真系⋯呵呵！<sssss><sssss><sssss><sssss><sssss><sssss><sssss>
3,"久不久便會想吃炒雞蛋三文治, 蛋白燉鮮奶長期排隊等候入座的餐廳非她莫屬早餐或下午茶都可以多年來的炒蛋治仍保持水準, 難得蛋白燉鮮奶滑滑的, 甜度又適中,所以才會偶爾想來吃一碗這兩款配搭實在絕配由於餐廳經常座無虛席, 在內吃會較好味道, 而且即做出來的食物能即吃最佳,但餐廳內太擁擠了,寧可外賣<sssss><sssss><sssss>"
3,<sssss><sssss><sssss>與朋友聚舊，想暢懷大談一番，在此店要先拿號碼牌等候入座，十分感謝店員的諒解。及後，與朋友點了青咖喱雜菜、大蝦海鮮麵和鮮雜果忌廉窩夫一同分享。青咖喱雜菜蔬菜爽口鮮嫩，汁料香口惹味，味道挺辣，拌飯吃也是好選擇。大蝦海鮮麵所用香料有特色，麵條味濃且香，不錯。鮮雜果忌廉窩夫份量及用料比例令人滿意，有多種水果、多汁美味，配上忌廉窩夫，吃下令人滿足。
3,吃了一頓不太好的下午茶後，去了星巴克喝咖啡。星期六的尖沙咀到處都擠滿人，就連星巴克都座無虛席。幸好眼明手快的我看到一位男士在四人桌閱讀，馬上去「搭枱」去。由於旁邊有人，加上環境有點嘈吵，不太適宜聊天，我們坐了一會，未把飲品喝光便離去了。我喝了榛子牛奶咖啡，價值$42，既冰凍又提神，咖啡味不算濃，不會太苦，每一口都有淡淡的榛子味，好。<sssss>
3,"D 服務員好好態度, <br>我叫佢囉左好多樣野都唔會黑面, <br>反而仲好開心對著我地, <br>又介紹下咩新野, <br>好friendly. <br>美國食物好大份同幾貴, <br>如果冇多D 人, <br>好難試到多D 款, <br>我之前食佢個蝦既新款(好似叫XX漁夫籃)菜色, 好好食, <br>不過供應期有限, 依家又冇左. <br>食物好似冇尖沙咀咁好食. <br>服務去過咁多次都好好."
3,雖然要穿過走廊才去到電梯大堂、有點隱蔽、但想不到餐廳幾大、內裡環境闊落、而且幾乎滿座、看來挺受歡迎的。<sssss>巴馬火腿伴蜜瓜田園沙律配無花果黑醋汁。蜜瓜好甜、沙律配上黑醋汁開胃清新。<sssss>蒜蓉法包好香脆、牛油味濃。<sssss>餐湯是蕃茄湯、蕃茄味濃、酸酸甜甜、加入忌廉令口感更幼滑。<sssss>煙三文魚什菌白酒忌廉汁意粉裡面有煙三文魚和熟三文魚、忌廉汁很creamy、還有唔少蔬菜、材料很足。<sssss>藍莓芝士餅是實淨那種、芝士餅濃、配上微酸的藍莓醬好清新。<sssss>
3,"食上海嘢, 最近都係滬江, 鼎泰豐同霞飛今次試新嘢, 醬鴨, 蒸餃, 照舊清炒河蝦仁醬鴨係冷盤, 味道唔太濃, 肉嫩但偏多肥膏蒸餃味道同鼎泰豐差唔多, 多肉汁清炒河蝦仁保持水準, OK但係近排又多左自遊人, 所以記得訂位<sssss><sssss><sssss>"
3,屋企人話這間炑八吾錯就今個星期日再去食過，餐牌選擇吾少而仲有燒肉添，但因吾肚餓關係只叫個湯和飲品，爸爸叫面就偏淋身普通啦……哥哥豬肉飯偏少豬肉，嫂嫂的蛋飯就好味，而我就叫左個泡菜豬肉湯 飯 $46……味道偏咸，泡菜味都濃但豬肉只有5小片有失望。當諗緊前菜呢？？前菜終於到但差不多食到中間先到已經吾太想食，全部都冇人食。之後再叫左柚子梳打(加$6)份量夠大杯但冇味，只可講這價錢有得食韓國野係蝴蝶邨比較特別，可以一試<sssss><sssss>
3,"叫極都唔理人嘅店員, 全部企喺出餐口隔離, 4,5個人明明望住我聽到我叫都斷行斷過, 本身諗住走人, 但朋友話叫多次啦, 最後有個黑色衫應該係經理/店長喝人先過來. 其實平時食慣茶餐廳,唔介意服務差, 但連落單都要叫人叫成5分鐘就真係一肚氣喇.我叫咗麻辣米線, 朋友叫咗重慶酸辣薯粉. 值得一讚係重慶酸辣個湯底幾好味,啲餸就中規中矩,可以煮得耐啲會比較入味.飲品就真係強差人意,杯 ""凍""檸茶係熱嘅...杯""凍""菊花蜜係暖嘅, 仲要得糖水味...<sssss>"
3,"住在這邊, 水準較為穩定的也常光顧!今次亦係例牌, 包羅萬有- 蛋包海鮮金邊粉, 酸酸甜甜, 海鮮也有很多, 另一樣是炒菜苗, 這個要求了少油少鹽, 油油地, 不過, 菜都好嫩!<sssss><sssss>"
3,"<sssss>雖然而家紫薯心太軟好多地方都食到,但係老老實實我都係第一次試,上枱見到個心太軟吾算太紫色,外皮焗得微微香脆,流心程度都幾高,不過紫薯味可以再重D。<sssss>層層分明嘅芭菲都食過吾少,不過黑糖配oreo都係第一次試,有黑糖啫喱,曲奇雪糕同忌廉,味道都幾特别。<sssss>酥皮好鬆化再夾住香甜嘅芒果同忌廉好味得黎又輕盈,再配埋個芒果雪糕,一脆一冷,吾錯。"
3,"$12/5 粒魚粒蛋, 好似有d 貴, 但其實魚蛋好大粒, 都算值夠麻夠辣, 辣味入哂魚蛋到魚蛋又夠彈佢個煲真係幾重料食完之後, 個種辣係仲會keep 住覺得辣<sssss><sssss>"
3,"同朋友仔飲過兩次下午茶,,兩次都好平,,每人都係二十多元,,以佢本身係稻香集團的茶樓黎計,,真係好抵食大部份食物都ok我覺得最好食係...1.沙茶金錢肚,真係好正!!!d汁好濃好香2.蘿蔔酥失望...1.千層馬拉糕,,個餡竟然是芋蓉,有新意,但問題是唔  好食!!!!差2.腸粉,,兩次都有食,其實係ok ga,但總是唔夠熱..."
3,"之前見呢度咁多人讚所以就去左試一試首先提提大家... 來這家要記得它在街頭1號鋪, 只此一家別無分店, 因為附近有另一間又係叫差唔多名的鋪頭可能是我們期望太高, 個牛肉餅味道只是一般啦, 感覺鹹了一點不過個咖喱羊腩, 味道就真係唔錯!"
3,原來好耐無寫食評啦weekend 約朋友出黎傾偈hea下樓上cafe最適合不過旺角都有好多選擇今次試下呢間----第三站食物嘅選擇吾多，仲有小食反而飲品好多選擇（無影menu…）<sssss><sssss>我試左呢個法式忌廉煙肉雜菌燴長通粉味道ok啦，係個汁稀左d<sssss>花茶----小天使入面有薰衣草，紅玫瑰花，茉莉花，檸檬草入口淡淡花香一邊飲一邊覺得自己好 elegant哈哈哈<sssss>食完玩下牌吾經吾覺就hea左成個下午快樂嘅時光過得特別快下次再約啦
3,咦！好似第一次見到有拼盤😱，懶得揀之下當然叫拼盤啦。入面包括喜來烤肉、牛五花、特級牛頸、牛肋骨肉、烤調味牛排骨，再加兩種飲品🍹。牛肋骨真係超級推薦，燒到兩邊變色大約五分熟，點少少鹽同麻油放入口真係超juicy💦！另外牛五花都好食，本身有調味，加上好薄，入口油香十足，加埋泡菜同蒜入口一流。<sssss>
3,"以前去過食下午茶, 今次午飯時去, 初時學生多, 中段人減少, 後來又來了大批文職員工. 跟友人share碟皮蛋, 蛋生通透, 蛋黃幾香軟, 不錯! 可是我的那碗米線就不太好吃, 首先是米線質地, 可能是用料問題. 叫的是酸辣米線, 可是配菜很少, 而且一點不辣, 大概是廚房弄錯了, 因上次吃的都幾辣. 後來廚子加了酸菜和少許辣才好些. 豬紅味道不特別出色, 不太乾身已收貨."
3,"難得經過灣仔,好似發現新大陸咁，見到未見過的麵包店,不過已經大約晚上九點，麵包的選擇不多，最後揀左一個大既包同一個細既唔記得叫咩名,但呢個包係好香好香芝麻味,同埋上面有好多南瓜子.入面的料還可以接受,食落好似有無花果乾<sssss><sssss>呢個士多啤梨朱古力,朱古力好少，但士多啤梨就令人有驚奇，好少包會放士多啤梨乾，第一次食覺得好有咬口<sssss><sssss>不過兩個包其實都算幾空心，我一切落去已經扁哂"
3,今天決定一試屋企附近呢間上海菜，點之行到門口，就見到兩個職員竟然橫睡在卡位上，當堂服務同衛生真的大打折扣。<sssss>小鮮肉包，正常，沒什麼特別，可能為遷就香港人，中間的肉選用了不太肥的，所以相對肉汁較少。<sssss>自選尚點涼菜（4款），尚點涼拌茄子、四喜烤夫、雞絲粉皮、鎮江排骨，絕對，78蚊，但每款涼菜的份量只有其他店舖的四分一左，而且所有涼菜都是現成的，價勝比完全沒有。<sssss>上海排骨粗炒，味道可以，菜的份量多，排骨的份量正常，面的份量少。
3,<sssss>今日去咗試呢個美國風既餐廳，估唔到佢哋個意粉又幾好食！黑松露香味十足，同雜菌一齊煮基本上冇得輸。意粉亦都煮得幾爽口彈牙，冇overcook嘅情況。雖然唔算特別好食，不過不失啦！價錢都算親民嘅，咁嘅食物質素同服務差唔多啦。
3,"第一次吃焦糖味,之前聽人說味道不錯,但有些朋友又覺得太甜,帶著猶豫的心怖,今天終於試了<sssss>焦糖味流心蛋糕終於回家了,先吃一口,味道不錯,但再多一點,感覺真的有點過甜,不過拌勻了底部的強糕,感覺好似剛剛好,這一次流心芝士不是望角,味道比徹底蓋過了,份量方面,由於焦糖很多水份,所以感覺有點膩,所以3人吃也只是勉強可以吃完,可以算是抵吃吧只是價錢,$148,有點過高"
3,"是晚08 01 2009,放工就約埋個老友一齊食野.見天氣凍凍地,就諗住食碗粥暖胃.第一時間就諗起.呢個地方點知去到門口......竟然要等位...超旺場.不過好快就有位啦!炸兩:全部腸粉類,都係即叫即做.所以保証新鮮.蠔豉滑牛粥/豬潤滑雞粥:鍾意呢度D粥.煲得夠綿.超正.                      而且又足料.仲見到好多人食煲仔飯添!好似幾正,而且價錢都唔算貴.下次同D Friend再試!"
3,"<sssss><sssss><sssss><sssss><sssss>這間餐廳位置偏僻，地方不大並沒什麽特別裝修。路過給這些可愛的拉花吸引著，便入去試試看，喝一口，口感滑，熊仔綠茶味濃，不錯！另一怪獸毛毛latte,顏色藍色夠特別，香滑Vanilla味。主菜意大利飯太乾，不夠汁，咬下去欠缺一粒粒的口感，但有香濃的菇味。另一鷄肉意粉比較油，意粉硬，鷄肉新鮮嫩滑。最好味是鷄翼，夠大隻又入味，好味。"
3,💙芒果蝶豆花糯米飯$78💙藍色細細球好滴骰 有椰漿 椰子脆片 同芒果 挺香的 但糯米飯黏度可以再高啲😚.🍢沙爹串燒(牛雞各3串)$98🍢好大份👏 雞燒得唔錯 仲滑 但牛就真係硬咗啲 而且未夠燒烤味 有點可惜😢.💛油酥手抓薄餅(4塊)$52💛呢個幾好味😎 夾埋串燒仲正😆外層酥脆 內在有層層厚度 所以有韌性 而且用上鐵壺裝 食到最後仲熱啊😚<sssss><sssss><sssss><sssss><sssss><sssss><sssss>
3,"<sssss><sssss>今日約左朋友食LUNCH佢話要食呢間出哂名的東東咁其實一般來講我都唔知呢D食物點先叫好食.呢個波羅油舊牛油好大舊,個皮幾脆,夠甜,夠哂肥.我諗呢個都算係1個中上級既波羅包呢隻雞比又乾,又無咩味,肉就幾多,我諗呢隻唔算好食好老實講,為個波羅包,要坐到咁迫,下次唔好預我,波羅包好多地方都好食"
3,"一直想在香港食韓式炸雞，上網見好多正評，前一排與朋友一行5人到Goobne。我地點了份炸雞，味道一般，雞肉唔滑...整體食物可以,但價錢偏貴，一杯無酒精飲品都要$88，最後我們平均每人$300。地方大，但環境比較嘈，可能當晚是星期六。<sssss>"
3,再次去迪迪尼，亦都再次幫趁corner，今次有兩位朋友未試過，所以都推介喇沙比佢哋食。四人共點左三客喇沙套餐同一客拼盆。喇沙：望落去味濃，味道濃郁。鳳尾蝦及生菜：套餐可跟生菜或鳳尾蝦，鳳尾蝦普普通通。拼盆：有好多樣野，包括炸薯條、魚柳、春卷、咖喱角、鳳尾蝦、雞翼；味道不過不失，不過推介係春卷，香脆；反之雞翼勁乾。埋單$310<sssss><sssss><sssss><sssss>
3,六點去到。全部人一齊入去。全場爆滿。叫完野食*「等足一個鐘」*先有野食！認真冇吹水！從來冇試過有餐廳甘慢。我諗佢廚房得幾個爐。真係幾個幾個慢慢煮。一次出得幾個。個到40-50人。等到等都顛。其他枱有小朋友都得到黑晒面。吹都冇用。因為枱枱都係咁。人地都冇野食。一個鐘淨坐。野飲就出得好快因為係鋪面就甘整。飲晒都冇野食呢。野食方面。問心唔係差。等左成個鐘。餓死左。比咩都覺得好食啦。就算唔洗錢都唔會再去。等一個鐘。不可以原諒！
3,"今晚無帶住期望去左呢到.但都唔算好失望wor~~款式都算好多.樣樣都會不停refill,而最搶手既生蠔都絕無手軟不停refill,雖然話唔係用頂級貨但都算係新鮮,但燒西冷就有d失望啦.好韌,個朱古力噴泉都係敗筆,好稀無朱古力味,但心諗$298仲有8折算係甘啦~~長者仲平d添每位$188都算抵食啦~"
3,"好多人吃pizza我最愛pasta , noodle她們做意粉真是不錯...好有口感墨魚麵..可以嘗試..菠菜三文魚麵...一般蜆肉板煮...有小小沙你不可能用California Pizza Kitchen , pizza hut 比較大陸蘋果..日本蘋果 比較"
3,放假又過開海，順路去試下呢個聽左好耐既蛋包飯。兩點零到，可能過左午飯時間，唔洗等唔洗逼，一去到就有位坐。好快就叫左蛋包飯，凍檸茶。味道比我想像中無咁特別，但食得出係誠意之作，以$35包凍飲黎講，確言係平，靚，正。老闆亦有人情味，同街坊鄰居有傾有講，門口亦有少量泊車位。對於九龍或新界人士，位置有d遙遠，本人亦不會特意再去多次。<sssss>
3,第一次去，早兩星期己訂位。整體來說係ok. 冇一様太差，但冇一様好好。<sssss><sssss><sssss><sssss><sssss><sssss><sssss>三人食 各約四百元....各款菜式也夠味 但不算上上之選特別一提杏汁豬肺湯 有杏香 可是咸味搶了香 入口便減了分 而且每碗只有一舊肺似乎不足料啊
3,試過幾間譚仔，始終呢間既水準較平均。環境，服務及衛生唔係好理想，但咁既價錢吃到味道尚可既大碗米線仲想點﹖點了清湯魚蛋米線，魚蛋十分彈牙，米線份量多，唔駛二十蚊一大碗真係好抵食。另外品嚐過過橋米線，配料雖多，但豬肉牛肉雞肉每樣一兩塊加埋其他配菜，總覺得太雜，米線份量亦同普通單拼米線差唔多，都係食返魚蛋米線算。
3,8點幾眞奇怪經過見有位，食食食咖哩羊腩飯羊腩非常腍好入味，就連薯仔都好入味牛肉餅熱辣辣，皮薄、餡多肉汁更多，食時要小心辣咀呀奶油津白清得來又有奶油味，不錯不錯X芹麵這個麵就麻麻地，所以連個名都忘記麵身少少粗，但又不能吸收到個湯汁一同食，就算麵質不錯，但浪費了個湯底了所以一點都不吸引好食。<sssss><sssss><sssss><sssss>
3,無可否認，以前妹記好好味，好味到我返通宵放工返屋企前專登早落兩個站嘆返碗早晨粥品，但俾左個靚仔整配料之後，如肉丸，就開始衰了，肉丸裡的冬菜和肥豬肉越來越大粒，粥底也沒有以前的好，莫非一出名就水準下降係永恆不變o既定律？
3,"咁人氣既小食店, 終于有機會試下( 因為成日要排隊所以無買)大大隻字話大生腸大墨魚$10 串(重有吾俾影相), 心諗$10 係貴d, 是但啦可能真係好好食呢, 同佢講要一串墨魚, 俾$10 佢找返鄉5, 原來有份大細墨其實食老味個汁好重要, 肥媽都不錯(可惜比起以前街邊車仔個d都係差D)"
3,好耐無去過尋日同屋企人去，三個人單點一個拼盤，三個粉單上面無價錢，巡例自己計下大概幾錢阿媽去俾完錢出黎話三百幾，明明我計出來就二百幾走返去問，個收銀先話睇錯，應該係二百幾收錢個陣齋講又唔俾單我阿媽睇，因為之前都食過好多次俾錢又無留意睇返張單好清楚咁寫住二百幾，即係收多左幾十蚊真係唔知有心定真係無意反正一定要睇清楚張單！而且台面張單都無寫價錢仲有，而家連水都無一杯.....以前都唔係咁差既d野就越來越貴...服務又唔好...
3,時間正值五點幾六點，加上一人食，所以不用等位就即入座。專程到來一試，找了好一會才找到店子。門口細細，人卻不少，落單快手，上菜也快。因行山後肚子餓，又想吃出名的紅燒牛肉又想吃雞扒，於是兩樣一齊來餵飽自己。<sssss>先說紅燒牛肉麵，牛肉入口味濃，質感佳，應該是火候控制得宜。<sssss>至於麵底其實無甚驚喜，普普通通吧。雞脆口得來仍保持有雞味，只可惜太乾身，如有雞肉汁滲出更佳。總括而言，未吃過可一試無妨，首推紅燒牛肉麵。但要等位等很久的話，我會選吃其他。
3,"朝早要去長沙灣, 中間有成個半鐘lunch, 無聊之下, 行左去深水埗, 試下維記係咪真係咁好食去到已經坐左好多人, 好彩仲有位可以攝到入去先叫左一碗潤牛麵湯夠濃, 味道ok; 豬潤新鮮, 唔韌, 唔會煮到過晒火; 而牛肉都嫩滑, 不過就淡左些少食完之後唔係太夠, 叫多個咖央多士多士一般, 麵包烘得唔夠香脆, 而咖央亦都搽得太厚有多士爐的話, 自己買樽咖央都可以整到到食完走的時候, 出面已經有幾個人要等位了總結:試一試都無妨但如果唔順路的話, 都應該唔會特登再去多次了"
3,以前去過呢度食自助午餐，覺得幾好，今次去食自助晚餐亦冇令我失望，唔錯~冷盤方面，魚生幾新鮮，青口同凍肉都ok，但唔覺有生蠔~熱盤普普通通，不過都叫做有蝦有蟹~間中有D特別野出，好似蒸蠔同燉湯，但味道一般~另外亦有即叫即燒o既燒烤counter，有燒蝦、燒羊架、燒牛柳、燒鱔等~甜品唔錯，cheese cake幾正，仲有朱古力噴泉、即叫即做班戟同杯裝Haagen-Dazs雪糕~service好好，有禮貌，收碟快~信用卡有八五折，每人大約二百零幾蚊~
3,"放假行街,去咗厚福街食午餐,101肉燥飯專門店,好多人但唔駛等位,坐位逼逼地,因為早餐食太飽,所以就咁叫咗火腿炒蛋多士+鴨胸新竹米粉+珍珠奶茶,鴨胸肉好好食,米粉湯都好味,唔覺味精好多,米粉軟硬適中,唔會太淋,其實主要想飲杯珍珠奶茶,都OK,甜度適中但奶茶味不夠濃.都OK的一餐."
3,<sssss><sssss><sssss><sssss><sssss><sssss><sssss><sssss>團購下午茶自助餐·二百二十元一位·抵食·有三文魚·八爪魚和吞拿魚刺身·長腳蟹·粥品·pizza·西湯·火腿·沙律·樣樣俱全·甜品有焦糖布甸，富蛋香蛋糕款式不多但在味道好雪糕有軟雪糕和Moverpick有朱古力噴泉最後送餐飲·整體評分:七分
3,一行三人，晚上七時左右去到，侍應哥哥幾友善，即刻安排入座，雖然坐門口旁邊，但座位空間尚算闊落。點了  砂鍋卜卜蜆、海膽炒飯、滷水鵝件共三款菜式。1) 滷水鵝件唔夠淋，味道尚可，但相比另外兩道菜式，份量相對少2)  砂鍋卜卜蜆所有蜆都開哂，無沙，湯底配粉絲、粟米及少許辣椒。湯底清甜非常好飲，如果怕辣建議一開始先夾起部分辣椒，辣椒滾開後，湯底微辣惹味3)  海膽炒飯整版海膽舖面，賣相吸引，惟拌勻後海膽味道不算突出，炒飯亦略為多油<sssss><sssss><sssss>
3,"尖沙咀新店, 去試試先店舖頗大, 同outback有D相同叫左芝士龍蝦焗通心粉, 10安士肉眼芝士龍蝦焗通心粉只有2片琗龍蝦肉, 無味, 通心粉全沾上芝士, 好膩10安士肉眼非鐵板上, 配焗薯仔及雜菜, 牛柳比outback細, 但唔錯價錢比outback貴, 食物比outback細物非所值, 好彩有六折coupon<sssss><sssss>"
3,今天滿心歡喜去試試 星期日下午人不太多 等1會就可進餐廳 4個人叫了4個口味 肉餅味道一般還ok 肉餅不會硬不會乾 但豬肉太肥 成口肥肉肥油 吃多一兩啖就覺得膩了 不想再吃 也不想再光顧
3,等開門，等咗15分鐘，果然真是11點正開門。今天一早就想食小龍包，所以等，一定等！<sssss><sssss>一點就是兩籠！一籠唔夠食！<sssss>這裡的紅油抄手也不錯👍熱呼呼夠香夠辣！最後，覺得還差少少，所以來了客鲜肉鍋貼！完美的一天正式開始。
3,今晚為媽媽慶祝生日，就在安老院附近食飯，因為她是素食，所以揀了這裡。每日例湯麻麻，素鵝有濃味，五柳仙班味道一般，除了個鱔，之外其他食物都係好差，比較上次來吃差了很多，希望改善一下。埋單要$1050，不值😱<sssss><sssss><sssss><sssss><sssss><sssss><sssss><sssss><sssss><sssss><sssss><sssss>
3,跟朋大聊聊天、食個tea，消磨一下午…呢個地方小小，咖啡好味，已經唔知第幾次光顧。食完個包包，再第一次食佢個窩夫，細細粒似咖啡豆咁，幾有趣，味道似雞蛋仔，唔膩，值得試試。假日要有心理準備較多人啊…<sssss><sssss>
3,"去過dan ryan's都有幾次,今次應該係最唔好食既一次叫左3樣野,好後悔叫左小食拼盤...除左potato skins好食外,onion rings暖既唔夠熱, new york wings得個辣字,唔太得ceaser salad都可以keep到, 我幾鍾意食仲叫左個意大利腸焗通粉, 個肉醬唔太岩食, 只係死鹹, 所以攪到個通粉食唔曬...短期內冇乜事都唔會再黎"
3,"<sssss><sssss><sssss>近日M記新出左呢款安格斯芝士漢堡包, 嘩....睇到已經流哂口水啦 其實平日都會覺得M 記的漢堡包不是最好食的, 但今日心思思又想去試下, 點知........一試難忘呀, 估唔到M 記都可以出到呢D包, 堅正喎今次, 安格斯牛肉汁好JUICE, 好有牛味, 仲配左磨菇, 沙律醬同洋蔥, 令到口感豐富得多, 真係值得再去食呀"
3,加購物車時話有廚房紙送，之後我無再留意，依家先醒起點解無嘅？但見到依家買係仲有得送喎，有啲騙人感覺
3,其中有一支爆咗，懶得換，希望下次唔會咁
3,為了新年特別款式而購買，可惜收到的是平日的包裝。雖然價格很抵，還是感到很失望。
3,味道OK，價錢平，但打開包裝發現有3塊痴埋一齊，似曾溶雪再雪，無法分開。最終唯有解凍埋其他再分開，解凍過既食物再放冰箱其實好易有菌，希望這方面可以改善。
3,2磅有3塊厚大雞扒，對我來説太大了，三塊粘在一起，不知是否曾經融雪再急凍所以黏在一起，解凍十分困難，不似另一個牌子，1kg有很多小塊的，細塊解凍處理都比較容易。
3,落咗两排冰震萍果茶，不知道是不是冇貨，俾咗一排菊花茶一排麦精
3,"新出用到而家，次次買6條都5星。
但今期貨紙質有變，遇水會起毛，還痴手。"
3,送到就已經有破損 漏出地下 擔心受污染用唔到 已申請退款 希望下一次可以加固包裝
3,以前買開係一包裝，收到係兩包分開，而且D塵多左，以前明明無咩塵，懷疑係假貨
3,只用一個紙袋包住盒奶，拆開成個盒變咗型，好彩個盒沒有破爛．希望以後包裝注意。
3,皮黑黑的，痴埋一舊野，唔係一次過食晒好難分開。
3,贈品，每次都有跟貓糧送
3,感覺已存放很久，很多包都舖滿冰，睇唔到靚唔靚
3,每件很大塊 收到貨時幾塊痴埋一齊 即係溶過雪 變到一大舊咁 難處理
3,味道可接受，但雞髀扒內含有好多碎骨，給幼兒食有點危險。
3,買左兩包，每包有2件原整同一粒怪怪的，唔會再買。
3,雞扒好多毛， 仲有好薄， 冇乜肉
3,"太香啦,有些擔心用唔到"
3,沒有包裝是沒問題的.但送貨要留意放好.不要壓倒至變形.還沒有蓋子!退款
3,一次買了三罐打開箱就發現缺少了頂蓋商家也照樣發貨，原先想送三個朋友的，現在唯有自己吃了，麻煩商家下次欠蓋就不要發出來了，買來不一定自己吃的而且冇蓋又要一次性吃完（只買一罐既時候就冇蓋用了）
3,有陣不好吃的味道 ...
3,$35有兩磅，抵，但目測肉色比較紅，唔係好自然😅
3,一直都有買開，但今次收到貨見到包裝袋磨穿左⋯
3,"未煮食,見無激素又好評,才買來."
3,肉質是可以的，如果每件雞扒可以獨立急凍不黐在一起就更好，這樣會方便取所需的分量
3,這是什麼意思？！不喜歡做生意嗎？
3,"3大件1次食唔哂,但黐埋一齊很難分割"
3,包裝破損，衛生情況存疑。
3,包裝有點。。。er....
3,未封蓋子已撞凹漏油，打開成手都係😰
3,隻雞很細。不知是否這原因，味道很咸。
3,加購價入，如果不是工人姐姐要食，一定不買，始終一大餅雞扒痴實，真係難分難解
3,上次買好靚，今次回購，打開包裝時，發覺啲鷄扒好似爛布咁，又有鷄毛，唔明點解可以相差咁遠！
3,有少咸，貓咪吃淡一點比較好。
3,近期收到的貓砂香味改變左，超重香味，氣味大到全屋都聞到，長期聞住有d不適…可否轉回之前隻味？
3,"有一包新包裝
一包舊包裝
大佬
你叫人自提
你都比個紙箱人阿"
3,一向用開，但再訂已經加了$10一包
3,以前都有買開OATLY!既燕麥奶 但呢次買2盒 個盒身都好軟
3,大小不一 有啲好大塊 有啲好細塊
3,"今次每樽茶另外再用紙卷住包裝,  建議不需要再獨立包裝, 減省用紙用品用膠等等. 又不是玻璃,  無需再獨立包."
3,產地寫香港/中國， 點知實際上係深圳。 產品圖片上遮住左製造地址。
3,運輸過程中，5罐內有一罐凹得嚴重。😵‍💫直頭個口開咗。
3,我的貓不吃，轉給烏龜吃，烏龜很喜歡吃
3,$4.5買黎試用，不錯用但正價45就唔會考慮
3,"送錯咗貨,買3包原味,居然送咗2包綠茶,1包原味"
3,一直購買。今次易碎。粉多咗。
3,好大陣奶粉味，個人不是太喜歡
3,包裝保護性不足，送來貨品罐身凹陷！
3,送漏左兩罐貓罐頭，但完全冇人同我聯絡。
3,我買的是濾芯，送錯了魚油，請跟進
3,"請問包裝盒上的日期 2023/09/13 是代表甚麼？
是生產日期, 抑或到期日？？"
3,可能因牛奶味太濃烈，所以吸味好，凝固都可以接受。
3,購買24罐，到貨只有3罐，雖然事後有換貨服務，但係要影相又要申報，要再等換貨又要時間，希望店舖唔好再有咁嘅錯誤發生。
3,包裝沒有自動黏合的膠條，開封後容易走氣。
3,有一包爆開咗🤦🏻‍♀️
3,"凝結力真係一般，好多散沙。 散沙又污染翻剩低d砂，結果好快要成盤換新，配方再改良下就好，美國 Ever CleXX, 手鎚, Dr. ElsXX唔錯，如果做到接近就好了。"
3,貓不愛食 不知道是不是因為是假的
3,價錢吸引但未食用，不知是否好味
3,不合貓口味，未必是品質問題。
3,本身用N1見comment話粉塵少所以轉吓，但都係好多粉
3,我家有兩隻貓貓，一隻喜歡這個味道、另一隻一口也不吃
3,我明明買原味~~你們卻給了我綠茶~希望執貨既下次可以小心d !!
3,我買12包全部21年12月，個袋超殘，邊位車得超差，見到人哋買一包都22年到期，又有2021嘅月曆，勁失望
3,最近兩次買嘅貓砂都好碎好細粒，好易整到周圍係。
3,送嚟嗰陣有一包爛開咗，之前買開豆腐砂都冇呢個情況，轉咗呢隻混合砂，包裝就有問題
3,收到猫糧一包但欠贈品傘
3,想請問點解同款幼貓糧，你哋大粒咁多嘅？&#40;左係各下店，右係本身食開&#41; thanks
3,有時發現係咪比左粗粒，但冇對比過，今次訂兩包原味2.0幼粒，卒之發現一包粗，一包幼，我懶撳換貨，我住村屋，如果撳換貨，我要拎返屋企，之後又再拎岀門市，姐搵自己麻煩，唔該留意下，冇貨可以後補，但唔好博大霧，啲今次係個貓廁所即貓砂冇倒哂，放新既落去即時對比對粗幼，附圖片
3,因為一直用開這款原本買6包2.0幼砂&#40;綠茶味&#41;，結果收到的只有4包，其餘兩包是粗砂，而且是&#40;原味&#41;，如果送錯的是同味粗砂都可以混合用，現在不同味又不是幼砂主子唔喜歡用就麻煩了，是特價問題嗎？
3,請下次唔好用膠膜包住啲貨！好難拆！
3,和以前試過其他牌子的相比，油不太透明，椰子味不明顯
3,買咗六罐、我個貓主子一罐都唔食、俾佢激s、無嘢講
3,"品質OK, 但有點咸。"
3,沙的質量不好，很多已成粉狀
3,見好多人買，所以買咗3罐俾貓貓試下，結果有啲失望，因為佢味道較咸，鈉含量應該幾高，質地係肉泥不過較稀，應該唔會再買。
3,久唔久泵頭會漏清潔液&#40;同時出泡&漏至整個瓶身&#41; 已對準矽膠上的出口
3,"買左5罐凹左3罐, 唔知入面有無影響"
3,未用， 不過黎到已經無左真空， 麻麻
3,有點貴、發現紅蘿蔔門市更便宜
3,"網評太好, 所以試買, 但是包裝已經有多處損毀, 搞到一地係砂碎, 品質未知, 希望冇問題啦！🤷🏻‍♂️"
3,貓貓初時很喜歡飲，但回購約第三次便興趣大減。
3,普通，但相信不夠6L，未開既份量，個袋有大半都係空氣，算細細包易用
3,貓罐頭理應是室溫儲存，過往送來的罐頭都是室溫，但今次送來的罐頭全部都是凍的，好似從冰箱拿出來一樣！這樣的溫度差別會令罐頭容易變壞！你們應小心處理！
3,幾好用……雖然有些簿;但吸水還可以
3,整個包裝都搵5到日期同批次。咁幾時製造都唔知。。。。
3,送漏左包貓砂，請盡快聯絡補送，謝謝
3,"陣味好甜，但又唔係特別吸味
用一排個底就好多粉，唔結團之餘，貓貓去完廁所會踩到周圍都係腳印"
3,很失望，等了又等，都沒有綠茶及桃味，用短訊問過不覆，星期四買，星期五有禮物送…..失望
3,貓貓唔鍾意食，聞完走開。。。
3,H181129010935 我訂的是4-12個月配方，但送來的卻是12個月以上配方。
3,牛奶的樽底有凹陷地方，可能是運輸過程中出現問題。
3,份量太少，清潔效能合格
3,"睇好到啲評價 經常送錯size
會再購買 希望唔好送錯"
3,呢隻貓砂吸水後唔結團，而係分解黏住砂盤底，好難清理
3,比之前簿了很多！拎起時會滴尿出嚟
3,凝結力唔錯，但好大陣奶粉味，人貓都唔鍾意，貓咪經常呆坐望沙輕嘆。。。
3,"一路買開，但呢批貨跟之前不同，好深色，好似燶咗咁…..
不知其他顧客有冇同樣情況？"
3,貓貓一直食開這個牌子都沒有問題，12月購買這包後 最近突然痾嘔，驗血沒有問題，剛打算看看這包貓糧的評論，回想起發現買了這一包貓糧後不願進食，出現兩次肚瀉及嘔吐的問題，懷疑是貓糧的問題
3,"之前未用過，見咁多人買所以試吓，點之伏到爆！完全唔可以單獨使用，痴底情況嚴重，基本上啲尿吸唔切，會形成火山型底部極黏底！

因為唔想浪費，後來買咗日立綠玉混合，情況先至有改善。

絕對唔建議單一使用，網上好多評論原來質量下降咗好多，如果貪平最好多混合其他優質貓砂使用，希望幫到大家"
3,用一個可以裝12罐的紙盒盛著4個薄鋁罐而且沒有任何防撞的包裝保護，原本非常期待香港汽水的產品，卻看見不同程度的碰撞損傷，也不敢拿去雪藏怕會爆開，希望貴公司對包裝產品多多用心。
3,請問商戶可唔可以講解相片入面嘅不明白色片狀物係咩嗎？一向買開，耐唔耐就有呢啲夾喺啲砂入面，而啲砂亦越嚟越碎，好易整到周圍係。
3,見到特價即刻入貨，網頁上寫住買貓糧送貓砂，但今日收貨見唔到有貓砂送，已向人工客服反映。
3,倒出全新未開嘅砂，發現有呢啲啡色疑似污糟咗嘅礯竹，請問係咩嚟？ 一直用開，期望快速回覆
3,要了雞肉牛肉味，最後收到淨雞肉味
3,我買原味交咗綠茶，想點啫？不過貨運時間快咗又真嘅。
3,好似比我以前買油咗，質量有d唔同
3,包裝開咗冇得密封，設計唔好
3,貓貓暫時還喜歡吃，但每餐剩多咗，之前每餐一罐吃哂，帶子越來越小，近乎不見了。
3,包裝背面睇唔到有日期⋯⋯
3,"包裝寫住轉左係product of thailand, 同以前美版唔同左。成分對比返舊版好似都好唔同？"
3,之前都有訂開，但係12/10訂購了2包尿墊，送貨只收到一包，到現在還沒有收到退款或是補貨任何回覆，有點失望。
3,"一直都用開買開，產品是唔錯。
但今次收到貨3包有1包已穿洞漏氣，送貨時見一個大膠箱擺好多嘢，撞都撞穿，可否出貨時唔好咁求其呢，以前都係有紙箱裝膠袋就保護到，就算環保都需保護好客人的貨品啦，唔好咁求其啦"
3,買之前都有睇其他人評語，以為會有改善包裝問題，自己都做了心理準備，結果有四罐凹咗，希望你們再改善包裝吧
3,我一直幫襯開你地架，一直同你地買糧，但係今次包糧好深色，明顯同以前買開嘅唔同色，開左包糧幾日，發現平時冇嘔糧嘅貓都喺度嘔糧，你地可唔可以換過包比我？ 盡快
3,"食用日期唔清楚
究竟係幾時過期？定已過？"
3,跟平時在寵物店買的包裝顏色不一樣
3,"為什麼尿墊完全沒有包裝？
沒有包裹着的尿墊在運送过程中
隨地丢隨地放，拖拉拋掟，包裹尿墊的原有膠袋沒有破損是幸運
沒有包裝包裹住的尿墊原身膠袋被破損，细箘病毒入侵，我可不敢用呢。
我今次的尿墊原身袋亦有明顯抓凹痕，沒有细查破損位，如果以後的尿墊都是不包裹着的，不會再購買任何尿墊了。"
3,"用左幾年
越嚟越多粉末

會考慮轉其他"
3,"買了3包幼貓砂，但來錯了一包粗身的。
今次已經是第二次出現來錯貨的問題，上次我以為是自己訂錯，直到今次又錯，我先知是送錯不是訂錯，希望下次不要再出錯😮‍💨😮‍💨"
3,由$10.50加到$15.20 太过份。
3,買的東西品質正常，送的罐罐還有幾天才過期，但品質異常（很灰），所以沒有掉咗。大家要注意哦
3,"想問HKTV有冇確認過真係加拿大入口, 如果真係加拿大本地水貨點解會包裝印哂多國文字, 呢款糧銷量咁大如果係假貨真係害死好多貓, 希望HKTV會跟進. "
3,🥲日期唔新鮮，下年七月過期
3,總代謝能65.42kcal/100g，總代謝能39.252kcal/罐，咁低卡路里！1kg幼貓要食4罐半，先吸收到足夠卡路里喎。亦無添加其他營養和礦物質，不能作為幼貓主食罐。
3,分兩次拎同一件產品冇預先通知
3,我家老猫不大喜歡食，單嗅嗅三種味好似分別不大，好似無魚味。
3,完全無包裝，有一包個袋爛左，一拎起就倒瀉，好心點都包下啦，個包裝袋咁鬼薄。
3,沒有原裝紙盒但一定要3包3包買。好難囉貨。
3,買咗十多罐不同味，送了這罐慕絲，多謝。
3,"無真空受潮了，無咁香脆可口，貓貓們都唔太想食。
另外送貨紙箱有破爛！"
3,不像咖啡味，似烘焙的味道，感覺不錯～
3,一直有回購，但最近兩次的品質一般。特別是三文魚味，超過一半都是如圖片那樣。另外兩隻味道，比以前的較濕，偏水，不是mousse。
3,多汁但貓貓不太吃，各貓口味不同
3,之前購買的貓砂有淡淡的豆乳味，今次不知添加了什麼變了人工甜味，好似糖果貓砂，感覺不天然了
3,肉粒太大貓貓唔食 可能我兩隻貓太奄尖 連湯都唔肯飲
3,包裝冇密實封條，難以保存
3,清潔劑不是入滿，少好多
3,包糧質量應該係冇咩問題，至少貓貓食左幾日冇異樣，但翻轉晒個包裝都揾唔到食用到期日，呢度接受唔到。
3,有其中一包貓砂破了少許，但情況可以接受，希望下次送貨時要注意是否完整無缺，謝謝
3,挑食的貓貓要求注意 我的貓不食
3,"其實我哋每一個月都有一箱箱咁買返嚟用。一直都冇乜問題，啲奶香味都幾正常。。

但係最近啱啱開咗一箱。
全部啲貓砂都有浸酸餿味。好怪"
3,粉塵都幾多。 不過除臭功能非常好
3,比較脆 唔太 chewy 另多謝店主送的小食 ：）
3,這個牌子轉為主食罐後，貓就不肯吃了。會否提供番小食罐呢？
3,商家說明買 貓罐頭 ，送貓小食 ，但並沒有發生 ，為什麼呢？
3,包裝較差，只是用紙袋包裝，太污糟、太多膠紙。。。。難以拆開，希望改善！
3,初時以為是貓屙血，後來發現是貓砂上有不同顏色色素，虛驚一場！
3,買了原箱3包 可惜都不是真空
3,包裝同糧睇落一樣，標籤都預左無，但無拉鍊真係好唔方便。貓貓未食，未知反應如何。
3,想像中細包，同之前4L差唔多大包
3,已幫襯幾次，之前每次都係淺黃色，今次收貨發現變左灰色，唔知係味潮左？？？
3,"買來噴空間, 不知有沒有作用, 但都幾貴. 包裝良好, 無滴漏."
3,今次貨品其中有啲罐開後會有咁嘅情況，唔會再係正常啩☹️即時掉了，唔敢比猫猫食😑
3,收到後變形，包裝唔太好
3,試用過一次，未試倒有咩效果。
3,滴完第2日，貓咪狂甩毛，地下都一執執毛。
3,用開都長時間，一直都無問題，但今次的貓砂有啲唔同，除咗裡面夾雜咗綠色、紅色条狀，仲多咗一種奇怪嘅味，以前有些少奶味，但今次聞唔出甚麽味，難聞，連主子每次去廁所都好奇怪扡聞完又聞，到底有甚麼出錯
3,其實都有透底，將價就貨。
3,包裝如有密封設計會較好
3,同我買開嘅唔一樣，希望無問題吧
3,"今日開發現包貓砂好啡黃🥹係咪變左質？
上網睇過啲圖片都唔係咁。。
都係買返豆腐砂。。"
3,今次買了10包其中一包爆咗口溜咗啲貓沙出嚟，如果每5包用膠紙痴住咁樣會好好多👎🏻😑
3,買滿199元送貓砂，並沒有送
3,已回購多次此貨品，之前購買他，因為他的粉塵很少，性價比很高。但是最近貨品的質量沒有這麼好了，粉塵多了很多，應該不會再回購了
3,"用開既牌子 , 之前斷左貨  , 終於上架 , 但今次貨物冇真空 , 漏風一樣, 砂都碎變粉 , 請改善"
3,原來不能沖厠的，我在清理時要留意分開，有點點煩。
3,吸味麻麻，聞到狗狗尿騷味
3,"無送到貓小食, 另一間鋪頭同款貓糧賣$262, 我揀左呢間賣貴D, 因為想要包小食, 但結果無, 好失望, 建議大家去買平D果間, 唔好貪免費小食"
3,第一次選購此款品牌貓糧～四隻貓咪都不太喜歡都不知點算😭😭 我知道此款貓糧是比較健康包裝亦都吸引 所以會再選它們食開的貓糧味道混合一起給它們吃😅😅
3,唔係好明點解網購嘅Mousse都會係咁，自己出街買嘅，都會完好無缺喎🤔
3,包裝很好～之前訂魚湯罐批次品質ok～ 是次批次罐品質比之前浠很多，肉的比例以住批次少，希望加意留意批次品質，謝謝
3,"乾糧外型與上一次訂購的不同，連續兩次都在同一間店舖購買而且標註為正貨，請查明原因！懷疑其中一次的貨不是正貨！
相中左邊為今次的貨！"
3,今天送到，箱子和裡面的袋子都破了🤨
3,一般，貓不太喜歡。但都會食
3,之前買有紙箱而且N1係真空嘅，最新一次買冇咗紙箱之外N1好似超級市場啲大米一樣無左真空，唔知對品質有冇影響。
3,肉太碎，差不多是肉沫。我的貓貓喜好程度屬於中等偏低。但價格很便宜，如果愛吃肉沫的貓或老年貓應該不錯。
3,係魚蓉肉質，冇啫喱膏狀汁，新開罐時隻貓都肯食10g，但之後就唔肯再食
3,買咗6包，有一包嘅包裝爆開晒，有一兩包中央虛線有少少裂開
3,"一直有用，唔係質素好，係貪平$55.6，乾淨但很薄，偏細小的狗仔用ok, 一次尿掉一張乾淨衛生。尿墊厚度如一片化妝棉"
3,2隻貓貓都唔願食，甚至行开。
3,"價錢很實很貴, 因為很少"
3,凍乾脫水雞肉粒這幾年已落單很多次，但近排發覺包裝沒有封好袋口，以前要用鉸剪剪開袋口，現在可以不用鉸剪，用手也可以打開袋口還有一袋雞粒里面很多碎雞粒，以前就有很多完整雞粒，希望店舖改善一下以上兩個問題。謝謝！
3,第2次回購，貓貓十分喜歡這個系列，但可惜罐頭凹了，會怕影響品質
3,未用，但唔明點解可以咁污糟，到底點樣保存？
3,"上星期三貓貓先第一次食，見到我隻貓平時無胃口，本來唔食濕糧都咁開胃，真係好鍾意食金🤤 食開係冇乜汁（有貓頭嗰幅相）即刻訂俾佢！

琴日收貨，開出嚟完全唔同樣，好水好多汁，貓貓聞完即刻走開完全唔食，陣味都唔同咗，係咪變咗？"
3,疫情期間用開，一直有回購，想重點提提生產商要注意噴嘴品質，通常未用完 一支1000 ml 個噴嘴已經壞了，又冇得淨係配噴嘴，非常不方便。
3,有一包穿左，漏砂...
3,買左7罐 笠左4罐 物流太暴力了…
3,不止一次 聲稱是幻粒。最後送貨都是粗粒
3,觀察中，又平又大枝就好
3,經常性缺貨， 可否增加貨源？
3,訂過好多次。但今次不知為何3隻貓都唔食。想問問商店，究竟有什麼唔同了？？？
3,個袋爆開咗，成地都係貓砂
3,同平時用開嘅唔同，無咁黏
3,貓咪吃了拉軟便，吾知關吾關呢個事
3,"其中一包裝爆左,已被送貨員即時取回, 請跟進,謝謝!"
3,沒有收到應該貨品，但收到贈品一包。這款凍乾，主子歡喜，價錢也相對便宜，但訂貨後卻收不到貨品。正與HKTVMALL 跟進中
3,有幾罐發現凹陷，要辦理退款。
3,"這個牌子, 這款味道, 貓貓已食了多年, 但最近購買的批次2027年5月1日到期, 打開了罐頭, 發現質料（食物成份）與往時的有出入, 貓咪也不吃, 要另覓其他牌子的罐罐！：（"
3,點解雞肉入面有黑色物體？
3,過份包裝，令我對網購卻步～
3,我唔係買呢個味 你無貨就求其送第二款俾我
3,送貨地址表明去到公廁旁。 但是泥圍區域是有兩個公廁，貨車並沒有去到居住距離較近嘅公廁交收啊！（足球場旁嘅公廁， 貨車是可以進入的。
3,收到貨後發現包裝上沒有雷射防偽標籤，不知是否正版貨….此貨之後再減價， 價錢比街外平差不多$150，令人懷疑🤔
3,今次買了6包，但其中一包開了口。_
3,商家寫明產地是台灣，但貨到後發現產地為中國（圖二右邊未開封那樽為是次購物的貨品，產地為中國）（圖二左邊那樽是上次在此商店購買的貨品，產地為台灣）
3,"原箱購入3包真空包裝貓砂，入面無1包係真空包裝，如果唔係真空包裝就唔好用真空包裝做賣點，亦都唔好寫""不保證真空包裝""唔講個包裝，貓砂用落都還可以，好似無乜粉塵， 不過就細粒左少少."
3,收到商品上下封口跟銷售圖片不一樣，怎樣查是否香港行貨？
3,在超市買的ciao貓吞拿魚罐頭，貓咪很愛吃，一塊一塊的魚肉。就在hktvmall又下單，打開都是湯一樣。貓們聞一下就走開了
3,收到貨品，發現包裝損壞，玻璃樽有裂痕。
3,貓兒們喜愛吃，其他牌子不吃
3,買滿199元送貓砂，並沒有送，也沒有任何交代
3,說好的「送福袋」呢？無既？仲以為中秋真係有野送。。。
3,正常超級市場買到的狀態。建議找些bubble紙或袋子包一包會安全D。
3,已多次在貴司購買此貨品，但貨品收貨時經常性出現包裝有損毁痕跡，今次特別嚴重！
3,等到佢限時優惠來買，但送來的時候入面都有少少漏出來
3,送嚟啲凹罐，食物嚟講好危險
3,善意提醒jpet店，發貨前要肯定清楚，呢隻係多湯汁，淺橙色，另一隻係深橙色冇湯汁，今次係第二次發錯貨，雖然$100以下可以免費退款不退貨，但要你地白白蝕錢，而我又得唔到我要嘅產品，我都好唔多願意，希望你哋加倍留意唔好再有下一次，thx.
3,包裝設計好靚，不過貓貓一般鐘意食，有動物內臟味道
3,"用開這牌子大包，但小包份量很少，平時大包寫著17.5n,現在小包只得4.5n, 特價還比大包貴，下次會買回大包。"
3,本身產品嘅功能唔知有無效，但如果跟佢嘅份量去浸洗衣物，反而味道會太濃！長時間吸到啲味會有啲唔舒服，之後改落好少份量都係咁，所以唔建議寵物家庭買嚟用！
3,今次包裝上無正貨標籤，之前買係有嘅。但今次唔記得打開之前檢查咗包裝先😅
3,雖然冇漏出黎，但包裝求其，有待改善🫶🏻
3,淨骨無肉，狗狗喜歡度一般
3,好驚訝哩次收貨嘅包裝會破損到甘。
3,"收到貨後, 開口有滲漏現象呀"
3,買開1.5送左3嚟，費時換就用嚟試下！發覺唔知係咪粗嘅關係，所以剷嘅時候要用力好多，同埋容易整碎，引致粉塵會比1.5多，多快貓盆底已經好多碎，唔好用！
3,我買的是兩包綠茶味，但是送來的一包是粟米味
3,"香味太重， 拖完地好耐都仲聞到陣香味。用量相對大， 每一公升水要配一瓶蓋清潔劑（大約50ml&#41; ， 即係拖一次地起碼用150-200ml, 好快用晒一支。"
3,呢隻相比其他牌子除臭真係好一般，大半日唔鏟就會有酸醙味，仲要我屋企隻貓已經用封閉式嗰種貓砂盤。同埋痴底唔易鏟。
3,用開，3包黎到其中一包爆開左，之前都有人有咁既情況
3,買咗10包綠茶貓沙，但佢哋送錯貨（三包綠茶味+七包原味。
3,已經3次買時寫送肉泥但最後都無送
3,買了三包，只收到一包，請跟進
3,今次包貓餅好碎，曲奇餅碎咁，之前從未試過。
3,"希望增加選項比客人""不要贈品"" 聯絡商家也沒有回覆，來了又多件垃圾處理，很浪費"
3,未用所以比三星較好，但用後無法追評，希望可以增加此功能
3,與donki/lego pet購入的同款雞柳相比，雞柳份量比較細和輕，雞肉質地比較硬實；包裝盒顯示泰文。
3,我訂了5罐但只送了3罐，請跟進。錢已付了
3,肉質較粗鞋～一隻只飲湯汁～另一隻完全唔要
3,隻花味比預期中濃烈，聞落唔太舒服，用來洗寵物用品，按佢指示話浸完抹乾就得唔洗過水，但我人聞落去都覺得隻味好勁，想象唔到貓貓聞落去會點，所以都係會過一過水沖淡啲味…..唔知會唔會令到抗菌效能因此減弱，但真心接受唔到咁大味就塞俾隻貓用……用來洗地因為會溝多啲水，所以就尚可接受
3,發現有小骨頭，唔敢再買
3,"本身有盒、內裡有氣袋包住。但收到的罐頭卻凹陷如下。
一共買了5罐、其中2罐凹了。"
3,多次回購，我買是一整盒，但是來到係散裝，以前買嗰啲媽咪好喜歡食，今次呢包佢唔食裏面還有查添，因為係湯汁唔應該入邊會有渣，我試過開返舊批次去食晒，我懷疑今次嗰啲有問題，我還剩左九包
3,"訂6包貓砂，散裝送來，無紙箱裝住，屋企收納空間有問題！
&#40;本應想再買，但散裝嘅話，唔好搞！！！！&#41; "
3,係魚蓉肉質，冇啫喱膏狀汁，新開罐時隻貓都肯食10g，之後就唔肯再食
3,粗幼同之前唔同，淨味效果亦都差左
3,"超薄，吸水慢，如果細狗好細篤尿還可以試下，我啲mini poodle/toy poodle, 每次痾完都會濕腳......只能說一分錢 一分貨！"
3,唔食，只食吞拿魚mousse！
3,買3罐有2罐撞過罐底變型
3,我兩隻貓都唔多鐘意食..
3,D肉太大件，要剪碎，偶然會有變壞出現！
3,係HKTVmall 見到賣$40 一包咋😰，平咗1/3
3,上一次買比岩我比粗粒的，但我買3包這款不是幼粒，但為什麼都是給我幼粒
3,當中有3罐係凹咗，請注意貨運安全！！！
3,樽好大，卻輕飄飄的。只有100ml
3,貨品表面非常污糟和有異味
3,細粒，黏住貓腳帶離貓砂盤；除臭功能一般。
3,"真心一d都唔好聞，我聞都覺得勁大味，又唔係香果種！失望！係淘寶買支仲平仲香又溫和！
狗狗該會難受，，拖完必須過水乾淨！！"
3,Up住陣尿味⋯原味好d
3,不知道為什麼，質素每次訂購都有分別，但今次除味及凝固都較差，有点失望
3,打開貓砂有陣噏臭味！之前買了多次都沒有問題，但今次有明顯臭味！
3,比錯了芝士雞，主子唔食罐頭雞，唯有送人。
3,貨品雖然有用盒及填充物穩固，但收貨拆盒時仍有少少漏出液體。
3,我家3個主人不是很愛吃
3,味濃，有點油膩，但貓仔鐘意食
3,睇勻成個袋，都揾唔到exp date?
3,細g數既罐，岩胃口細既貓貓。不過湯顏色比較濁，聞落去冇乜味，家中兩貓都不愛食。
3,不知道是否因為化毛球配方，貓貓吃後肚疴
3,部份罐頭散落送貨，建議改進，可以用膠袋包裝一下。俾送貨員同客人都方便送取
3,唔覺得係加厚，不過$50不能要求咁高
3,只能說性價比OK 因吸水能力只算一般
3,"包裝整齊，價格便宜!

唯一唔好係送貨員無提早時間打俾我話 ""將會送貨黎""  &#40;當時我在屋企樓下街市買餸&#41;，而係打俾我時就話巳經到左門口，我十分鐘後返到屋企見到箱貓砂就咁放在地上，人就唔見左!  如果俾人偷左點算先？  希望貴公司改善下....."
3,到貨時，其中一包漏了氣，不是真空包裝，會有衛生問題！
3,買兩包平左都要240，收左貨個價變左108一包-.-
3,"每次我都會買12包一盒, 但係每一次嘅包裝連一個紙盒都唔畀用返去原裝嘅 盒黐啲膠紙就送貨,
產品冇問題不過包裝真係好hea"
3,包了泡泡膠都有少少漏，不過幾香
3,價錢很抵…但送到黎有保鮮袋包住都有2袋爛左包装袋…算吧尿墊懒得換
3,沒有這麼好用，用完之後不乾爽，有粘膩感
3,一打開包裝，已經漏晒啲清潔液出來。
3,唔喜歡有香味，說明不足，後來放大圖先睇到模糊Apple Scent 
3,"之前都買過好幾包 ，都唔會成舊炭咁  掉左幾條發現仲有。。好嚇人唔敢俾狗狗食  
係味壞左架？   "
3,送到黎一打開紙箱已經聞到好濃烈嘅糧味，拎走堆泡泡紙後，見到個包裝原來已經爛左。
3,同樣貓貓現在興趣不大了。
3,貨品打開時不是真空了，
3,新舊包裝同樣是寫120ml，新樽身高度較矮，但樽底直徑是一樣的，加上目測樽內液體高度都有差別，怎可能會有一樣的容量呢？！
3,包裝沒有貨品生產日期/到期日
3,"為何不給我原箱呢？已經係同一個味
難道不是1箱24罐？
麻煩到送貨員，亦對顧客的貨品構成威脅，送漏了及有凹凸罐是否又退錢了事。
pack箱執貨品的可否人性化一點，無謂浪費時間及資源。"
3,剛開了包猫糧，發覺好似受潮咁。質地同味道同之前果包完全唔同。係咪壞左？想換貨
3,"如果可以再水潤一點比較好
好快就乾哂
蘋果味都不錯幾好聞"
3,"今次買係平咗, 但全部疏哂氣, 無咗真空, 請注意一下, 謝謝"
3,上次購買嘅時候出咗少少問題 我喺西環訂貨 之前我喺香港仔訂貨係送去我住緊嘅地方嘅 但係西環個職員誤會咗同我送咗去香港仔 你嘅另外一間分店 唔係送到我屋企 之後我喺你香港仔分店嗰度取貨 喺呢度有啲問題
3,"$95 一包, 正常價"
3,撳價購買 仲未收到$10回贈
3,其中一枝有滴漏，盒外全濕
3,用咗一排，發現我狗的皮膚又紅又敏感，停用便沒有再敏感。
3,"說好的“原箱”包裝呢？
購了兩原箱, 來到變成又濕又摷紙皮盒散包裝, 如果下次也是這樣的, 只好選其他店, 其他店所謂原箱, 就真是原箱未開卦包裝吧~"
3,買3包其中1包虚線全爆開
3,小貓咪吃了幾罐就不怎麼愛吃了，剩下的只能捐給慈善機構了
3,包裝爛了，貓砂跌了出來
3,比其他牌子細罐、扁啲，肉比較少、水多。
3,"大致ok, 不過買兩次都有其中一兩罐凹咗，凹罐有食安問題，請小心包裝"
3,第一次買這款貓砂，未用，但訂了兩包只收到一包，請跟進！
3,"回購多次………
之前買少量都一堆贈品……
但近幾次每款20-25罐買………
一包試食贈品都無…………"
3,請賣家留意 粗粒同幼粒的貨不同的，我都係買粗粒 但到貨係幼粒！
3,6L既貓砂放7 - 8粒，大概維持到兩日左右，第三日開始就唔得了
3,"我買時$99,而家越賣越貴"
3,"為什麼又是韓文呢？
是水貨嗎？"
3,"貨物無問題，但商家講明可以混款，買够十二罐168元，但實際结賬算174元，所以又改為同款十二罐，希望商家講清楚，免浪費買家選款時間。

."
3,"買咗五罐有一罐有啲凹咗,包裝既泡泡紙明顯唔夠，太薄，下次加返多層la"
3,我訂了2包綠茶味，送貨卻給了一包其他味，重要包裝都爛既，係咪可以換返架？
3,我家為食老爺嫌棄到不得了⋯⋯???
3,之前係一pack12件，今次散裝🥺
3,狗狗都喜歡食，但好似商品同圖示不同
3,買咗三包，未開。個包裝寫俄文，但印着proud Australia+澳洲logo，tvmall 有寫產地係中國，希望啲豆腐砂安全啦..
3,買了6包，最後只送一包，只收到訊息會退款，但係我買6包是特價，每包$90
3,味道太大，充斥整個房子，倒進座厠比日本豆腐沙較難沖走。
3,收到產品，包裝裏面有一張說明書，說明書話小心觸及眼睛，其實我買一包係比狗狗食嘅零食，成份有咁恐怖嗎😱我嗰包都好多碎
3,3包 有一包真空包裝損壞 漏氣
3,好薄，吸水能力差，幾乎次次都會滲透到地板
3,雖然好用，超勁雲呢拿味，我 想要無味的🥲 所以我 。買左一次就無買
3,完整送到黎，但狗狗腸胃唔適應..
3,見平所以買1包試下，但係d沙比較大粒，吸水力冇用開個啲咁好。唔知係咪因為陣味比較勁&#40;有d似芝士味😂&#41;，主子唔係好肯用。不過見評價唔錯，可能係我哋用唔慣姐😂
3,在網頁版的說明紊亂，明明寫着中碼，click 入去就變成小碼
3,噴樽質素真的需要改善，買4枝有2枝樽噴唔到，1枝就一路噴一路漏，長期用開每次攞番黎都有啲咁嘅情況。
3,三包之中有一包不是原味
3,訂了6包貓砂 沒有原裝箱 這會使貓砂碎掉 難以使用 請改善 &#40;我看到之前很多評價都有提及 但仍未改善&#41;
3,"5個罐用黃色袋包裝，只有袋中一層bubble，有2罐凹咗。
"
3,"無睇到下個月就到期,幸好餵浪浪可以趕到"
3,"未用,見包裝幾好,希望好用"
3,價格增至$115/2包&#40;以前$99/2包而已&#41;，且經常缺貨！現在價格比超市還要昂貴，經常加入購物車後就話冇貨！超市現在價格$109/2包。
3,上次買已經無送贈品 今次都無送..
3,"缺少一包小食, 只送了兩包！"
3,剛開比貓咪食，今次這包佢哋食左二日都嘔晒出嚟同吾再食。這批次係咪有問題？
3,好像沒有正品原廠的標籤或是貼紙顯示是原廠正貨，不知道如何分辨是否行貨
3,買幼粒裝點知收到粗粒，仲以為係自己買錯，原來唔係
3,"隻貓冇 yes,  冇no"
3,12 罐放在箱内，沒有其他包裝，互相碰撞，有幾罐撞凹少許 。
3,"除了太粗,有點塞廁所外,其他都幾好"
3,"貓咪不喜歡，完全唔食。而且好失望，以為係”肉”，打開全部一粒粒regular size, 好似浸濕咗嘅乾糧咁"
3,"無色、無味，感覺良好。不過不太明白送嘅果30ml, 用咗幾日就用完，打開蓋想refill, 先發覺內裏容量唔係30ml，只有5ml左右的 “暗格”,  噴咀嘅吸管亦都超短，想refill 多過5ml 都唔得，真係唔係好明白個設計係想點，個樽寫住30 ml，但係要整到淨係裝到5ml???!! 係咪淨係我呢樽先有呢個問題呢？"
3,一般買開的貓沙均是真空包裝，為何透過 HKTVMALL 買的 N1 貓沙不是真空包裝？
3,呢隻無咁好用，一來唔理解佢點解比較多泡泡，二來唔算做到快乾呢個效果，反而萬潔靈另一隻仲好，深綠色樽蓋家居清潔劑好多啲。不過相對呢個價錢係平啲既。
3,"優點：綠茶味好香，一入去就好大陣味，可以辟到
缺點：吸水力一般，啲尿會痴唔實，好多時會痴返落盤，失望"
3,今次唔知點解貓貓唔食 係咪變左 貓既臭覺好靈敏
3,買咗3包，有1包個底爆開。
3,每次換後十多日，濾芯就變得紅色，水機內嘅水亦過濾唔到，瀉滿周邊。
3,尿墊結構鬆散，擦兩擦便散。
3,"為什麼罐頭疑似曾放於冰櫃？
冰冰冷冷的，而且有倒汗水💦"
3,貓砂吸水力不錯，粉塵也不多，但最大的問題是它的味道，奶粉味真的非常非常之濃，個人不太能接受，會再嘗試其他牌子，除非找不到吸水力及粉塵量相若的，否則不會再考慮回購。如跟我有一樣評論的顧客有一定數量，建議供應商改良一下味道
3,如其他購買者評論一樣，也遇到了包裝袋破損，貨品衛生無法同確保的問題，惟無法斷定是在供應商出貨前，還是HKTVMALL物流接手後發生。還望供應商確保貨品質素，不要為節省成本而「裸送」（即以原包裝直接運送）。亦希望HKTVMALL能作出監察。
3,"用開同牌子豆腐砂，今次試下混合砂
點知⋯⋯超臭，一陣裝修味加臭膠味"
3,開第一條無事，再開第二，三條變晒水，食用限期係2025年。
3,"幾天前我原本想買九件罐頭ziweak青魚加羊肉, 但不小心看錯買了九件淨羊肉，猫咪完全不吃，現餘下八件, 可否更换呢? 我已用猫犬工房幾年的產品了, 不想白白浪費這八件未開的罐頭。可否給我商家聯絡辦理? 因商家查詢頁沒有資料。
"
3,氣味好大，大到連屎味都蓋過。貓貓們不太愛用。
3,"早前買了這款1.8kg小包裝，商品圖片是舊包裝，實際送來的是新包裝。貓貓愛吃，於是最近再次回購5.4kg大包裝，唯今次送來的卻是舊包裝。新舊包裝成份不同，現在貓貓軟便不適。

買行貨為了信心保證，唯新舊包沒有清楚註明。商戶未有回應，大家買前請看清楚。"
3,"OK,但吸味能力低些。"
3,每次訂購喜躍至尊系列貓罐頭時，都發覺罐頭有凹陷狀態，不知道是否運輸方面有問題或其他，令到我不想給貓貓吃！
3,"條 reseable 開封口有一邊甩嘅, 即係 seal 唔到, 咁就容易走味貓貓可能食一排就唔再食"
3,好用。一口次又買4包。 但錯左兩包綠茶味比我。應該點換貨或退貨？
3,一罐份量很少，而且罐上及商品介紹都沒有標明是否主食或副食罐（市面上一般罐罐都有寫清楚），有點欺騙/隱瞞之嫌。 如果你隻貓係食全濕糧，唔建議買，否則會全日都食極唔飽，即使每日食4-5罐😿 &#40;原本見啲評語咁好先試下，健唔健康就唔知但不回購）
3,個綠茶味真係好臭，臭到隻貓都懷疑。
3,"貓貓第一次用,味道太強.好彩因為第一次用只加了少許.差點唔肯去廁所.嚇死。唔敢再用.之前幫妹妹照顧貓時也是此牌子，忘了是否不是綠茶味."
3,無扭實個蓋，送來時倒瀉左少少。令放在同一袋的其他商品都整污糟左⋯
3,點解我買5包，5包都係2021年12月到期?
3,收到的貨品已經漏出， 得返大半支， 包裝有待改善
3,主子食開呢隻罐 最近發現罐入面有啲黑色好細嘅嘢 請問係咩嚟嘅？
3,1-我家貓咪很喜歡吃！
3,睇圖好似淺灰， 其實係炭黑咁色， 撈埋啲大便好難睇清大便定係溶左嘅沙。 尤其老花人， 千祈唔好買竹炭， 自找的。
3,第一次買 包裝送到盒已經壓扁了！
3,黏力一般，但日本製造，價格算很便宜
3,有三分一個罐頭都係撞凹左
3,"超薄、體積細，帶出街👍🏻
除味一般，屋企用唔會再考慮"
3,好香花生醬味，狗狗好鐘意食，但好黏牙
3,"香味太濃了! 人都覺得太大陣香味, 更何況嗅覺敏銳的貓貓?! 根本不敢用來洗寵物玩具, 洗人的衣物可以. 為何沒有無香味的?"
3,最近買砂送上門嘅時候，其中一包刮穿咗個窿。。。
3,成日好易㩒錯，買錯貓砂… 可能將味道同粗幼放係前面，用app選購時會清楚啲。呢個桃味似藥水味，同埋粉紅色會影響我觀察貓既小便顏色。
3,點解今次收的盒包裝盒的蓋是開過，雖然裏面穩陣，是否商戶曾自行裝盒？
3,"因估計包裝多數24罐一排 買了48罐
驚吾跟一箱數量會易穿罐頭
收到時店舖有用外箱包住 12罐x4排
但拆開發現有15罐明顯凹左 希望店家留意
應該原廠包裝吾硬淨 只有一個底托 並非紙箱

兩罐頂頂開始生銹😩
31罐算正常
但吾知點解罐既面有抹吾走既白點🧐
到期日2025-Sep-20比預期中到期日耐 證明散貨快"
3,第一次買，吃了6 罐，其中兩罐都有一條約1吋粗魚骨？是正常的嗎？
3,"H220527078090
由於手頭上還有貓砂用，直到最近打開所訂的貓砂時發覺十分污糟，好像是用過的樣子，與本人以前所用差別十分之大（都是從貴公司所訂），請問現在這個情況是有沒有得解決？謝謝！"
3,"那供應商怎解釋YouTube 所做的測試比較？
我也在這購入貓砂，也在擔心中…."
3,換咗包裝之後嗰啲品質感覺冇以前咁好再試多一次
3,之前係一pack12罐，今次係散裝，加$1多一罐
3,為了購買3件貨可享9折才一同購買，未知是否好用，但此枝容量很少，價錢也不便宜。
3,關於今次貓砂問題，已在貴公司發電郵給我當中已回覆兩次予貴公司，但都得不到回應，故唯有在這裡再次上傳資料，希望能解決或了解原因及關於貓砂污糟問題！謝謝！
3,用紙袋包住，罐頭凹左，包裝有待改善
3,第一次用，粉塵比預期多....名過於實
3,"包裝ok, 未用 。但其他訂貨，自27號話送貨，到現在也沒送貨。又沒更新物流情況，又沒有渠道查詢，究竟幾時才會送貨，等著貨品用；會有回覆嗎？"
3,至尊罐裝猫糧，佔1/3有凹陷痕跡！
3,買粗粒比左幼粒🤷🏻‍♂️
3,除臭ok，但吸水同凝結力唔掂又黐底
3,貓貓中意，但評論區黑點張圖明顯係壞左🤯🤯
3,無論係買大粒定細粒佢都係一個size唔知係咪比錯 但係就咁講佢啲粒粒 比起我喺淘寶買嘅大陸貨大10倍 啲粒粒大有咩影響呢 就係超級無敵浪費 同埋啲屎唔會埋得特別好 因為啲粒粒太大冇辦法包住成粒屎 所以我諗我下次都係淘寶買大陸嘢啦 建議商家可以將啲粒粒整細d
3,"回購
係好用， 唔算多塵， 但包裝送黎又係非真空。 如果一次買幾包就會好麻煩"
3,點解而家冇咗購物回贈？可以跟進嗎？
3,食開呢個罐頭，但係今次買嘅呢間特別稀
3,新包裝成分有冇改變？係咪同舊包裝成分一樣？
3,打開咗之後點樣封返實佢？
3,兩年來喺其他竉物店買開都係真空包裝，只有今次唔係，唔會再幫襯
3,好易碎變晒粉狀，貓貓痾左幾次之後啲砂就開始會變味。
3,"包裝用太多膠紙.搞咗好耐才開到一個紙盒. 又搞一排才拆走所有膠紙,把紙盒放去回收."
3,以往包裝都會用紙箱裝好，但今日收貨只有保鮮紙包薄薄一層，旁邊亦無包好，亦是貨品會直接觸碰地面？貨品亦不是真空包裝，最近天氣成日落雨，擔心貓糧會受潮或出現其他品質問題
3,呃人買夠$700 ，又話有果汁送，送貨嘅時候冇，投訴又無門
3,佢設計個出口無咁好有啲鋒利，所以好小心幫貓貓滴
3,好貴. 噴十次左右已用完.
3,已多次回購，但今次收到的貨有數罐有明顯凹陷
3,又話不含酒精，咁包裝上印有ethyl alcohol 係乜？
3,貓貓鍾意食 已多次回購 但今次包裝唔好？其中一罐嚴重凹陷問題....
3,買了一罐試食，我三隻貓貓都不喜歡吃
3,本來我家主子很喜歡這款產品，已多次購買，但送貨服務真的麻麻，日期一改再改，多次推遲，真的令人不滿！
3,不知是原包裝問題還是物流原因，有兩包漏出醬汁
3,購買了兩枝淨可立，其中一枝穿咗窿，有滲漏，要求退貨及補回一枝給我。
3,貨品收到後不是即時使用，大概過咗一星期後先至開始食發現其中一隻味道品質有問題但已經過了退換期，所以全部棄掉記憶中係有蟹柳喺裏面嗰隻
3,雖然寫話保質期3年，但收到的貨品已過了年半，是20年出產的，23年中到期，覺得有點不值。
3,用用吓个咀按不下，噴唔出，請退换，買左成年，未試过
3,我購買清潔用品，冇用任何膠袋包裝或盒放存直接放地下，太不衞生，請加改善
3,已多次購買，但今次這包沒有像往常一般，打開有一股肉乾香味，小朋友亦不喜愛吃，給了她也沒接，就是接了，也放在地下走了開去！
3,個底穿咗個洞，麻煩下次檢查清楚先送貨
3,差唔多有一半罐頭都有凹陷，部份情況嚴重
3,"價格比市面大型寵物用品店平；好多粉塵
唔知係貓砂盆問題還是貓砂問題，頗多次是未能完整剷走而不留痕跡"
3,回購了多次，但今次有兩罐凹陷得幾嚴重下
3,"正常得普通的mousse 貓罐,平時貓咪食一半，但勝在價錢平"
3,第一次用N1的沙，之前訂的很貴，這次換N1試試效果如何，用著不錯。另外我看到幼沙的評價，其他客人都說是真空包裝，但我收到的六包都沒有真空包裝，是漏氣還是正常呢？還有就是有一包沙穿了個孔，不太影響使用就算了。
3,一直購買，都很好，今次好粹
3,$108買了不夠又$99... 多次回購這包粉比較多.... 
3,商戶明文規定一張訂單可以退換一次貨，但提出換貨就拒絕😒不會再幫襯。
3,水泵濾棉係轉左製造商定原料不同了？差很遠
3,我買兩包原味幼粒豆腐砂，收貨時冇留意依家已過換貨期。麻煩送貨時望清楚唔好再送錯
3,"用過普通及2.0...真係越用越差、粉層多咗、唔知各位有冇留意連豆腐沙啲""色”都有少少唔同、我之前買過另一隻新包裝~如下圖、用新包裝少啲粉層、豆腐沙大粒啲、見特價買咗再睇未開封已經見袋有粉層、用埋今次唔會再買呢隻品牌、主子用完隻腳黏咗好多粉及帶埋地板上."
3,用開綠茶，朋友介绍，未用
3,"「Eversweet 1,2代智能飲水機專用,送2代濾芯托盤,1代水機更換後可用2代濾芯」


                                                                           沒有送托盤，我的水機是第一代沒托盤用不到，請跟進！"
3,罐頭水份充足，可惜我主子不愛吃！
3,回購多次，今次包裝有損毀，送貨員亦無告知，係因為水蜜桃味大所以聞到先知道包裝損壞，否則成地都係。不過用開，少少失誤無所謂，通知你哋一聲～
3,"兩種味道買4罐來試 結果遇到這種包裝連封個袋口都懶"
3,常買。。$190/2 抵到爛！！不過買四包得兩包有貨。。有兩包無貨好失望！！
3,"貨品無問題，主子食呀～

不過包裝太多，可唔可以唔好包咁多層膠紙：）
thanks"
3,已購多次，唯今次多碎粉😕
3,"送到黎底部穿左窿
啲貓沙漏出黎"
3,買了2套共6罐，但只給了2種味道！
3,說好的送貓棒玩具沒有蹤影
3,莫名其妙的限買兩包，明明需要買一箱（即三包），要分開買兩種味買製造麻煩！拆箱送貨後又會冇哂真空包裝！
3,包裝同之前唔同，又無咗封口貼紙，係唔係正常？
3,一同買的1包6L混合砂重2.5kg。這包所謂18L的，就算真空包裝，但看着怎麽這麽小包？!秤一下只有6.8kg，足足少了10％。以前買18L 1.5mm豆腐砂看來也沒這麽小包。
3,我家兩隻貓貓都不喜歡吃😩😩 可能因為有南瓜味道，第一次有肉泥是兩隻貓都不愛吃
3,不结团，粘底，与之前买的完全不一样，可以与之对比，怀疑不是  品
3,買三包原味，送來其中兩包係綠茶，我都唔介意用綠茶味，所以唔申訴，但希望店家執貨小心點。
3,"沒有附上2代水泵濾棉,  請補發"
3,使用時及使用後都聞唔到檸檬味。按包裝指示先搖混但有很多泡。是否正常
3,買兩包其中一包底部爆開 唔清楚係貨源問題還是運輸問題 
3,一舊嘢，好乾，實的的一滿罐。無湯又無汁。這牌子，水準好唔穩定，有時ok. 夠濕。今次貓貓好餓都唔吼。食唔晒，掉了.。
3,"第一次買依款砂
首先貓砂本身都ok 幾結
但係真係太過大陣奶味用咗兩日都仲咁大味
我已經溝咗一半舊砂用
啲奶味依然發到砂盤幾米之外都好濃烈奶味
最大問題係隻貓次次去完貓砂盤都全隻貓都係奶味
我真係用唔到落去怕影響到隻貓健康
轉過幾次砂未試過有一款貓砂誇張到咁
我仲買咗兩大包都唔知點處理😔"
3,貓喜歡。價格再優惠些會更好。剛食，未知減肥效果如何。
3,我訂購是幼粒，因開箱發現是粗沙，希望日後急再有錯誤發貨情況。
3,"價錢唔算平，驚貓貓唔食唔敢買一箱住，買左兩罐試食先，兩罐已經$5x，但包裝得唔好一拆已經跌咗兩個罐出嚟，無封口
暫時試咗一罐貓貓唔太食，再觀察吓睇下點先"
3,"沒有收到托盤, 請盡快安排補送. 訂單號碼：H181214017703"
3,味道太甜，我想問問未開封的可否換綠茶味？
3,我估味道較淡 隻大貓唔食 等幼貓大個啲先俾佢試吓
3,砂粒太細小，攪到屋企周圍都有。
3,"之前買過3包啡咖味,非常臭, 結果臭到頂唔順,全部都掉晒, 綠茶味好些可以接受,今次綠茶價錢亦平95包, "
3,已回購很多次但今次這箱罐罐，吞拿魚90%很碎很碎跟以往品質差很遠
3,未開始用，希望凝固力好，因發現之前購買另一牌子，用一段時間後，生產商，沒有良心，已不凝固
3,購買商品 X 2，但只發福袋一個
3,這次有一罐爆開，已不能給貓咪食用，其餘兩罐亦有明顯凹陷…
3,"價格合理, 但我只猫對呢個品牌的食品興趣唔太大, 可能食開日本, 太濃味"
3,原先用開隻貓砂係ok，但自從換咗個新包裝後不但綠茶味而且亦都冚唔到貓尿味，新不如舊， 再用返舊包裝就冇事
3,貓貓一向食開，已經是第五桶凍乾雞粒，今次是中粒size，大粒咗，貓貓進食比效困難，請貴店留意下🙏
3,領養回來的貓咪用開才購買的， 個人不喜歡，太濃味， 加上易碎
3,"買過多次我的貓貓亦非常鐘意食, 但今次發現有一包好似已變壞,唔敢給貓食,已往曾經都有發生過,但售價比其他地方便宜,所以以後都會再買,因愛貓喜歡食,希望貴公司可以檢查好啲先出貨給客人"
3,買四包，有兩包個送貨員話穿咗，要後補返比我，但還未跟我聯絡
3,每次購買都冇包裝啲罐罐，就咁俾客人，連包裝紙都吾包！
3,貴公司物流問題開始發生 延遲，貨品送到有破流又有濕
3,買一次夠了，肉質太硬，貓食完疴爛s
3,味道怪，貓麻麻哋鍾意食
3,這個牌子的2.0幼粒比用開的其他牌子幼很多！
3,買24 罐貓罐頭，其中4罐有凹陷
3,"第一次購買該牌子罐罐，歡喜他們的品牌概念。
一開罐打算分給貓貓食，但發現入面有不同大細的黑點，係其他牌子罐罐從來未見過咁嘅情況！開多一罐同款都有小量！請問咁係正常？定變壞左？真係唔敢俾貓貓食！"
3,氣味清新， 但清潔力一般， $158 一支好貴！
3,係唔錯嘅產品口味不錯，唔會好味精好咸，但係呢款係主食定副食罐係個post裏面就冇提過
3,吸收唔到臭味。第一天已經發臭。貓貓不喜歡周圍鳥鳥鳥。
3,2大包用左一個星期，太多粉塵頂唔順，要轉返用另一個牌子既貓砂
3,"吸咗尿尿會漲起, 幾得意"
3,以前貓糧有紙箱包裝，另外其他貨件都沒有包裝，連一個紙袋都沒有，全部散件放我門口
3,下面嗰個係出面買 字體清晰 上面嗰個係呢度買 字體模糊 ？
3,買了10箱，卻只收到2小包貓貓小吃試食，是否有點兒過分呢？而且送貨員有些埋怨買那麼多，我是否不應該再購買呢？
3,雖然是用紙箱，但好明顯是另外放入箱囉。之前我買原箱既三包都是打直放，但今次有兩包是打平放的。我希望唔好有下次，客人訂得三包緊希望是原箱未郁過是咁訂
3,其中一包穿底。訂幼砂送咗粗砂
3,"恵x有時做99@2，如果平d就好啦
"
3,凝結力唔錯，不過比較喜歡原味的氣味
3,幾好用，但價錢不算平，做多D特價啦！
3,沒提供噴咀，要專登去買，有點失望
3,"病貓不太吃，健康貓搶住吃。
3,<sssss>第一次試『Sweet Monster』，點了「提拉米蘇雪糕」，因為只是一個人吃，所以選了中杯裝，拿上手份量看起來真的不多。<sssss><sssss>店員慷慨地灑了很多可可粉在上面，所以每一啖雪糕也有搭有可可粉，杯的底部也加有煉奶，不過，說真的味道沒什麼特別，雪糕並不是非常滑的那種，吃完沒有想再吃的感覺。下次應該會試一試別的口味！------------------------------By alvahana (ig: alvahana)
3,今天有我朋友帶我來這間餐廳，之前還未留意，我朋友係依度的常客，Order兩樣食物有芝士薯條有海鮮pizza，認真薯條真係一搬，可能我要求高唔覺得有乜驚喜，相反海鮮pizza就有好大分別，從來未食過咁好食餅底。大家有機會要試吓！餐廳裝修比較簡單，特別在天花上的燈膽，有the point型！設計上幾有心思。值得一讚員工有細心介紹食物，雖然我們只是叫了兩個菜式，但全程有笑容！仲非常有禮貌添，知道我唔舒服玩不停幫我加熱水！洗手間很乾淨，不過得壹個要排隊確實唔係幾方便！<sssss><sssss>
3,"呢度食物質素唔多講,同一般麥記冇乜分別。想講既係呢間麥記唔知點解特別多細佬!所以超嘈!!上次黎食過一次堂食之後,以後都唔敢再堂食啦!亦因為咁,所以都覺得呢度有時幾污糟,我諗都係d細佬搞出黎架喇~但有時太多人職員又抺唔切...如果各位想比較靜咁食個快餐,咁就最好唔好係呢間堂食喇..."
3,上星期天到這裡吃buffet lunch。百多元一位。大多數是韓國人幫襯，食物都幾地道。我最喜歡那些前菜如魚仔，辣牛什㷛也不錯，但食物不算名貴，連燒烤也是限量供給。不過整體水準OK，值得一試。
3,"地點比較遠,夜晚去條路好黑.感覺有D危險!食物方面,燒乳鴿幾大隻,但味道跟其他的食店差不多.雞粥無什特別.D服務都好麻麻,叫左個雜菜鍋,成個鐘都唔尼,問伙計亦無反應,差!差!差!好彩乳鴿是免費的(乳鴿常常有Coupon),可惜的是鴿蛋賣清.下次再食,食完母下次"
3,靚太醫生老細請食 Lunch Buffet，近近地，去了沙田凱悅酒店的咖啡廳<sssss>好耐無食自助餐啦<sssss>有婷婷喜歡的 Sorbet 雪芭<sssss>即點即煎的士多啤梨 Pancake 薄烤餅<sssss>中式糖水<sssss>最驚喜是同場加映的魔術表演<sssss>婷婷問來自內地的研究生 Magic 的普通話點講，佢話係【雜技】，原來內地覺得魔術就係雜技，真係得意！<sssss>Anyway，大家都睇得好開心！<sssss>算是自助餐的增值 Bonus
3,又貴又咸又無招呼又唔正宗又無泊車優惠！先講吓前菜，白灼加鹽！跟住個「人參沙拉」，不韓不美，用蜜糖芥辣加麻醬放落椰菜加沙梨！不論不類？烤肉最緊要叫白飯，因為勁咸！綠豆餅就平平無奇？最難啃就係最後嘅「人參石頭飯」，第一口就難以形容食緊乜？吃了一口就放低筷子了！
3,"波兒晏晝浮游左落深水埗買電腦零件之際, 想起坤記最近在openrice上榜, 見近在眼前, 便買件試試啦個人喜好芝麻, 於是買一件芝麻糕食, 幾特別, 係根據重量來收錢, 哈, 夠公正! 味道ok啦, 芝麻的味道雖然重, 但係覺得唔夠甜, 所以唔算好好食!重有好多隻味, 見佢一袋袋pack好哂等人買, 但覺衛生程度唔高<sssss>"
3,朋友說聽聞這家挺不錯，去買花時經過便覺得美食不容錯過因而和朋友共享了一個。。。。。壹薯 － 三色芝士焗美國薯仔  －$28.00等待的過程，不如就觀察下店的環境<sssss><sssss>這燈還是挺有特色的。。。<sssss>上菜了。。。。 好大期待，以為會有驚喜，可惜了！！本來就不好薯仔的我，似乎這也吸引不了我。主要是沙律有些少，還有些青蔥感覺有些怪怪的。。。
3,"又係$99套票作怪,整日人山人海,既要排隊買票,又要排隊玩,一個下午就咁浪費係排隊上,如果唔係囝囝要睇戲,又唔想再浪費車錢,一早走人.實在唔想再等位,呢度staff又有7折,大集團都好少失手,牛肉腸粉幾討好,皮薄夠熱,醬油輕清,蘿蔔糕始終大路貨色,無甚驚喜,金蒜娃娃菜,夠碟頭,香蒜味充盈,灌湯餃,始終懷念舊式食法.其實食品質素大至保持,可惜服務奇差,明明係企係你旁邊,有水唔沖,掛住吹水,餐具不足又唔理,係機場唔係得你一間食肆架.........!"
3,<sssss>今晚公司十多人老闆請食聖誕大餐 預早訂位一試，6:30pm已入座，可任食至8:30pm。先叫了每款廿多件刺身，有三文魚、希靈魚、小元貝、吞拿魚、左口魚、虾等，放题來說魚肉質還叫可以，只是多肋少少，我於尖沙咀吃過些更差。串燒有點了燒苳菇、雞軟骨、雞翼、燒羊架等。 苳菇 有點凍及乾， 雞軟骨、雞翼幾好味。還有三文魚頭骨、天婦羅等炸物算不錯。值得一讚是上菜很快及沒有比少。一試無妨，每位$200有找。
3,小店在舊區起眼的街道上，少有食品相片在門外推介。今天發生了令人氣憤的事，不得不吃我最愛的餃子以解憤。主角當然是餃子---京葱羊肉餃<sssss>好好味，故此一客10隻吃剩3隻才記得拍照。還有京葱醬爆肉絲<sssss><sssss>最後是甜品---拔絲雙併(香蕉、萍果)<sssss><sssss>要快吃，否則泡過冰水的拔絲酥變稔，不脆了。另外，萍果不新鮮，美中不足。
3,久違了的譚仔三哥，之前來三哥次次都食麻辣或者三哥酸辣，今日因為有點作病，所以只好叫清湯湯底啦，點了清湯雞肉米線。雞肉和芽菜份量有超多，特別是雞肉，食極都食唔完，可惜雞肉冇乜味道，肉質亦鞋鞋地，而九菜就反而太少了。湯底方面，清湯湯底也略為鹹左少少，不太好吃。。米線份量依然頗多，但煮得好腍，口感毫不彈牙，所以整體非常一般。吃完之後十分飽但沒有滿足的感覺，是填肚好選擇吧。聞到對面食客的麻辣湯底好香，好想食。。<sssss>
3,"吃過晚飯，乘朋友車到佳記吃馳名的B仔涼粉。涼粉很大堆頭,$63但足夠五個人份，而且位檯與檯之間也很寬閣，方便大家高談闊論。其實涼粉的味道很一般，生菓是算得上新鮮的，但未致於突出。朋友說今次已經被上次差了一點，可能是晚來的關係。以$63這個價錢我覺得還可以。下次可能會試試對面的泛后甜品，聽聞兩者不相伯仲。<sssss><sssss><sssss>"
3,上星期lunch hour，決定去登龍街食飯，知道係尖沙咀嘅霸嗎拉麵開左係到，決定一試！點左1個沙拉炸雞同辛辣炙豚肉味玉拉麵。麵質我揀嘅係偏硬，佢都煮得好合乎我要求但隻蛋有D過熟，上枱時浸係湯到，我已經即刻撈起，都已經變左熟蛋**比佢memu張相仲要熟叉燒好厚，肥瘦我認為適中，不過食到一半有好濃嘅豬羶味...唔太喜歡。炸雞嘅炸粉有D厚，而且極油，唔係沙律醬嘅油，係炸雞油，好漏，食左1舊已經唔想食。好失望，唔會翻頭。<sssss><sssss>
3,小朋友想吃北京鴨，來到這家試試，真的很難吃，鴨肉沒味道，皮不脆，片皮的功夫更差。 我們5個人，剩下一半的餅。第一次吃北京鴨吃的這麼令人失望。其他菜式也做的很粗，很想告訴排隊的人說不值得。<sssss>
3,"係個地庫貨倉隔離得呢一個餐\廳, 都幾搞笑~!!好彩有朋友識黎, 唔係我諗真係搵唔到呢間野係邊喇Lunch時間都幾多人, 所以都等左幾耐先有得食食左個茄牛餐\肉意, 味道唔錯, 湯底都夠濃, 不過我個碗冇樓下個位仁兄咁多蕃茄同咁紅,如果有多d就好喇~下次都會再黎"
3,"呢件事大大話話都有成年啦.上年有日我要去中環見工, 未夠鐘所以就黎歎個tea. 佢o個陣時promote個tea set, $49 有個lemon tart同一杯咖啡. 我就叫左個set.食完無幾耐, 佢問我仲要唔要d咖啡. 因為o個杯係brewed coffee, 好多地方brewed coffee都有free refill, 咁就隨口答左okay.結果埋單杯coffee收左我around$35. 加埋一就九十幾蚊.係就係我自己衰, 無問清楚就叫佢refill, 不過我覺得佢都有誤導成分!"
3,"呢間野細妯間, 原來專食雕煲, 價錢亦唔貴, 所以試下。雞煲睇落比出面細, 但入面D 雞件大大件, 亦啖啖肉, 唔會話好多骨位/雞翼/雞腳, 如果佢切細件D 就更易入口。雞肉幾滑, 炒得剛剛熟才放入鍋裡。我們叫了小辣, 辣味唔及出面其他店。配料都幾多, 勁多蒜, 洋蔥等等另外點了一碟田雞, 但D 田雞肉好似霉DUM DUM, 應該湯左好耐, 亦無鮮味。"
3,一向都喜歡辛辣食物，難得銅鑼灣開咗間地舖四川餐廳，決心揾個下午要試一試。1. 口水雞酸辣粉套餐連飲品 ($48) 口水雞夠滑，味道唔錯。酸辣粉我揀咗大辣，但都唔算辣，麻油味甚重，但欠缺四川酸辣粉應有香料的香味，失望。2. 素菜酸辣粉套餐連飲品 ($42)素菜拼盤有掠伴青瓜、雲耳及矮瓜，掠伴青瓜味道清新開胃，不錯。店員送上桂花凍粉作甜品，冇味啫喱加桂花糖水，淨食啫喱係淡到連甜味都冇，不過連埋桂花糖水一齊食，味道尚可。講到底，銅鑼灣甚少此類型店舖，試吓都ok 啦!
3,"前2日有外國客人到訪, 指明想食北京鴨, 所以又係例牌黍呢間酒樓, 因為似乎外國客人都幾滿意呢間餐廳, 可能係個景幾好, 同埋近附近既酒店.每次點菜都好例牌咁, 北京鴨, 宮爆蝦球, 蜜汁火腿等等既重味食品,  其實都做得唔錯. 只係醬料可能太重味, 反而食唔到原有既肉味. 今次明顯人手多左, 服務亦幾有禮貌."
3,朋友食過番尋味，約了我們再去食過1. 煙三文魚凱撒沙律︰<sssss>份量有點小，沙律尚算新鮮2. RIBS︰<sssss>好夠熱，肉質好，上次係其他美式食店食，肉質又凍又過軟，好似煲完湯的材料咁。薯條都好夠熱，正 !3. 豬手︰<sssss>皮好脆，肉質帶咸香，唔錯4. 香腸併盤︰腸併盤有幾款，其中一款係牛肉，好香濃。幾款腸都有獨特的味道，唔錯1664法國啤酒，第一次飲好清、有果香 ! erdinger就無乜味...4人埋單，每人約 $170<sssss><sssss><sssss>
3,此店最特別的是紅酒牛尾褒，還配上碗飯的，價格只是98大圓的呀！那牛尾份量十足，褒內更散發出那濃郁的酒香及牛肉味道，更令人垂涎三尺！越式雜錦拼盤過的粉包也是夠可以的！<sssss><sssss><sssss><sssss>
3,餃子一直脹價，幫襯多年既北方餃子園都一樣，就只係脹得無人地咁快！呢度餃子有水準，不過多年前食過佢地個手撕雞飯，實在都係唔錯既選擇，就點左個手撕雞飯，餃子賣左D生既反屋企慢慢歎！手撕雞飯佢會跟個辣汁，我無要到，比左個甜鼓油我。雞脾肉一樣舖滿飯面，絕不取巧，件件大件厚肉，鹵味太淡，兼且雞肉有少少乾鞋，可能放得耐左。墊底菜飯就咁撈好，無咩點處理同調過味，有少少馬夫呢！今次有D失水準…都係食番餃子穩陣！<sssss><sssss>
3,"我呀妹成日都食,食上瘾咁我鐘意食小辣+炸醬+雞肉+ 竹笙不過最近水準好似冇咁好咁不過譚仔依然都係咁多人"
3,午餐時間去，等左一陣就有位，坐低有人放低一杯茶及沙律，但無俾menu我，我都費事等佢地，我自己去拿一份算喇，宜家依一刻我覺得都ok嘅，午飯時間比較忙係可以理解食完個沙律，等左一陣，碗飯就到喇，我影相嘅時候都覺得幾好，但用筷子夾開一片魚生，就發現係飯，全部都係飯，魚生唔特別好味，應該改名爆飯屋，完。p.s. 啲飯多到食唔曬，好鍾意食飯嘅人可以一試
3,"下午同朋友仔剪完髮黎食少少野要腸粉($5),豬肉燒賣($6)同粉果($3)腸粉係幾滑麻醬份量唔少但太稀所以加埋豉油同甜醬一齊食都食唔到咩麻醬味豬肉燒賣無第一次食咁正較乾身又少左冬菇粒粉果應該係來貨皮較厚餡料亦較模糊幸好味道尚可較欣賞佢豉油呢d調味全部放晒檯面任你落或者唔落唔會default落多多鹹死你另外見佢d炒米粉配料多又唔油下次路過會再試下"
3,大年初十唔想開佢年都唔得！12點半落咗單要午餐既炒金邊粉，等咗半個鐘後，催佢，佢話炒金邊粉係耐啲。哦！多謝晒！最後40分鐘左右先到，雖然味道唔錯，但一.肚.氣。<sssss>
3,黑松露軟殼蟹意粉原隻 軟殼蟹上 配上淡淡黑松露惹味可口<sssss>鵝肝和牛巨人漢堡高脂之選鵝肝同漢堡分量 絕不欺人淡淡juicy 食完好有罪惡感<sssss>紫薯雪糕窩夫原本我係為咗呢個嚟食但係點知好失望一嚟到雪糕已經用溶緊啦應該係整好左，冇第一時間拿黎ga原故食落冇咩特別，唔洗五分鐘雪糕已經融成水Bad<sssss>
3,"同事請食飯, 叫了幾個餐分來吃.海南雞–味淡了些, 但仍然幾滑.咖哩雞–雞件切得很大, 唔夠細緻.酸甜魚柳- 魚柳雖然及當然是雪藏貨, 但炸得脆兼熱辣辣.芥蘭炒牛肉–如用馬拉盞炒就更惹味.多謝哂~~~"
3,今次，我地係為芝士而來的，因為炑八有芝士泡菜煎餅、芝士熔岩飯當然點少得BBQ，所以亦叫左份護心肉...（芝士）泡菜煎餅：芝士少左d拉吾出絲... 但味道吾錯👍 佢仲有個sauce 配埋架！令口感fresh d... 所以係不過不失芝士熔岩飯：芝士份量一般，飯的材料也不多，但味道ok，所以不過不失...BBQ護心肉：肉質吾知係咪好新鮮，但香燒後，肉味吾係好夠，不過口感都ok，所以又係不過不失... 總括而言，就係一餐不過不失的飯聚。<sssss><sssss><sssss>
3,"行經九龍城, 這間高級西餅店, 門外看進去, 玻璃櫃內的蛋糕, 小小一個, 賣三四百, 貴野, 先試一試它的麵包吧, 選了又選, 買了一隻蒜容小型百吉包, 一路行一路食, 皮幾脆, 可惜內裡不算太軟熟, 比CITYSUPER的略為差了一小點, 當然好過百佳和THREESIXTY, 下次多人才試它的CAKE吧…<sssss><sssss><sssss><sssss>"
3,"做到好似滑蛋,但就超多洋蔥(近八成都係洋蔥)而雞肉碎唔超過十舊…….不過要讚既係洋蔥整到好”淋”,幾易入口。另外叫左。兩個卷都係落左勁多生洋蔥,唔鐘意食洋蔥既一定要叫走洋蔥,但我已經叫左走洋蔥,點知都係有勁多蔥…….雞肉卷冇乜味,d肉真係冇雞味的……..而且牛肉粒實在太硬了!因為店內抽風不良,食完走出門口,成身油煙味。總括來說,呢間店唔係唔好,只係不適合我。<sssss><sssss>"
3,雞蛋仔係香港小食之一由細食到大依家多左好多新口味媽咪雞蛋仔係米之蓮推介之前食過cwb分店的朱古力口味今次食抹茶紅豆$25新鮮整，等7分鐘可惜唔脆，可能吹得唔夠時間味道同抹茶味唔夾，有少少苦無食哂就掉左<sssss>
3,"兩個人食叫左個蝦配多士同埋一個綠茶雪糕格仔餅。個多士幾好食,個蝦既汁好開胃。但係個格仔餅就一般,唔夠香旦味......個綠茶雪糕出奇地有一種蜂蜜味,我覺得佢搶左綠茶既香味,唔太buy值得一提,佢一定要一人叫一樣野食,叫飲野都唔可以......唔太抵食<sssss>"
3,"之前朋友介紹特登去買來去朋友家聚會食，我買了兩合芒果糯米飯同另外兩盒椰汁糕同班蘭大菜糕，人太多我無點算就走了，點知錢就收足四盒，貨就只得三盒俾少了盒芒果糯米飯我，仲要我走到朋友家先發現😭勁掃興囉！打電話諗住同佢地講返點知長期""朗""起個電話，打十次都唔通，本身以經好掃興點知一食個班蘭大菜糕真係sorry一啲都唔好食，其他都係不過不失，好失望囉本來大家都好高期望😣😣<sssss>"
3,"星期六訓醒咁好天，太陽咁好，就即刻想出去食個tea,但原來元朗這間茶木是沒有tea set的，平日係九龍灣係有㗎。不過一㘯黎到，梗係照食。天氣咁熱，一坐下來,梗叫杯凍飲先。之前係咖啡弄飲過水果茶超正，見到呢度都有鮮果茶，來一杯先，點知賴哂野....杯鮮果茶的味道怪怪的，水果不是太夾，竟然落石榴，西瓜，攪到的味超唔 match ,同埋的冰又唔夠，成杯勁酸。豬扒肉燥飯及吐司水準就保持到喇，同其他分店一樣好味。<sssss><sssss><sssss><sssss>"
3,碟頭幾大既，但王牌乳鴿唔係想像中咁好食姐，個樣就幾好睇，不過唔多汁唔跪。個椒鹽鮮魷冇咩味，點醋又太酸，總結黎講食物味道一般般，自在食個氣氛，同班朋友三五知己食先好食<sssss><sssss>
3,"天熱好熱~買左一個諾亞半熟凍蛋糕番屋企食, 係芒果味~<sssss>以前食過係好流心既, 但點知今次切開左之後好實, D芒果味道好甜, 加埋個芒果醬底有少少假...不過佢係雪得幾凍既, 夏天食都係幾好, 但冇左以前食果種味道同感覺囉..."
3,ikea 餐廳真係平靚正，每人一百蚊都已經可以食到勁飽最衰就係難揾位，次次嚟都人山人海咁<sssss>左邊個 salad 用杯裝住勁得意 🥗味道都 ok 嘅，份量就唔太多drinks 一如既往有得 refill，好抵～<sssss>個長通粉通粉就煮得好淋好爛，質感怪怪哋但個醬就勁乾隔離碟肉丸意粉都係乾爭爭咁 🤢啲肉丸就同以前無乜分別，都好食嘅自從開始「三文魚 menu」之後個 menu 轉咗，好似無乜嘢好揀咁啲嘢食無咁咁吸引，跌咗 watt呢次之後都無再食過 lu
3,本身好鐘意食辣嘢，一直都想試，早前終於相約一好辣朋友及其友人一去食。三個人都食咗幾多嘢，蒜蓉炒清菜、口水雞配粉皮、蒜泥白肉、紅燒茄子、炒乾扁豆、擔擔麵，口水雞配粉皮&蒜泥白肉唔錯，擔擔麵就好唔得，唔辣細碗又唔好味...最後因為滿足唔到辣0既味覺，再叫多個水煮牛肉，仲以為會係肥牛，完來係新鮮牛肉，唔un，六十幾蚊都幾大鍋，最辣係d粉絲，正~滿足晒...今餐真係好飽，有機會要再試下其他水煮...<sssss><sssss>
3,身為新一代慳家夫妻!晚餐已經要洗一大筆!兩三點下午茶時段有好肚餓喎 唔通唔食個天都唔鍾意我 ~ 好難呀!梗係慳得就慳~ 又唔可以為難自己個肚仔 葵芳廣場係我其中一個最愛! 平平哋可以餵自己而且種類繁多~ 平時普通一個台式餐廳套餐都要五十幾! 而家外賣返屋企有得企喺隔離食又得~ 最平三十幾蚊已經有交易<sssss>
3,專程黎到旺角食，之前聽聞好多人排隊食既人氣既吉列牛。開左一段時間無咁多人排啦，就黎食啦！上到去唔洗排隊就入得，很好！2個人食左吉列牛定食&忌廉咖哩牛肉烏冬吉列牛賣相是不錯，食落就一般般了。曾經係日本食過既吉列牛的確是有分別。忌廉咖哩牛肉烏冬，熱度很夠比想像中辣的咖喱，第一次食有忌廉的烏冬是有點特別的。可試一次的吉列牛忌廉烏冬！<sssss><sssss><sssss>
3,"堂食人太多, 轉去買外賣, 整體來說, 味道不差, 但不算超好食, 如果以價錢作比較/評分, 就不算性價比高, 試試無妨, 不過唔會特登再食1) 原味千層蛋糕 - 可試, 口感豐富, 味道有層次, 不算太甜 2) 法式香蕉千層酥 - 麻麻地, 造型很美, 但食落味道一般 3) 皇冠朱古力蛋糕(couronne du chocolat) - 好好味, 朱古力味濃, 如果喜歡食朱古力的人, 一定要試"
3,"如果好肚”我”, 千祈唔好諗住好快有得食.   這裡煮得慢, 上菜慢.  如果多人的話, 有排等食.  叫左蕃茄豬扒米粉+ 蛋. 男友叫左蕃茄牛麵加午餐肉.  碗麵真係好多蕃茄係面, 味道酸酸地, 都唔錯呀.d 豬扒都ok, 幾好食, 牛肉都唔錯. 碗麵同米粉好大碗, 質地唔錯.  食到好飽!至於飲品, 不提也吧, 因為都係一般茶餐廳的質素. 我同男友都覺得勝香園的蕃茄湯底正好多."
3,"韓國野通常都係好大份,較適合幾個人一齊Share,但呢間就比較特別,係以快餐定食形式,一個人都可以我要既係炆牛肋骨定食,包括2款泡菜,湯,飯,主菜牛肋骨先試一啖湯,竟然同我在南大門路邊灘檔既味道一樣,實在唔錯再試泡菜,比香港平時食倒既更辣,酸味都好濃再食啖飯,粒粒肥肥白白,不過唔夠熱,差少少主菜就真係好正,有紅棗,紅蘿蔔,白蘿蔔,5件牛肋骨炆到好林,又入味,水準比大部份韓國菜館更好價錢以大渣樂,大塊活比,當然貴少少啦每份只賣$65,值得一試"
3,"我上年成日去exp/2, 覺得環境唔錯, d野平又好食. 但今年只去過一次, 結果失望而回. 佢地d野真係差左好多, 明明係同一個木村pizza, 唔知點解而家d味會唔同哂, 淡哂....真係好淡, 果個喇沙粉好似無味咁. d server又差左好多, d waiter唔係話無禮貌, 但做野真係好懶懶閒, 叫左成3次, 要佢拎d芝士粉都等成個字......唔怪得而家少左客"
3,平時黎到雲貴軒都係食酸辣粉，今日食開間茶記無位，行左過黎呢便睇睇，原來佢都有港式早餐，價錢都係廿幾蚊，咁平試下佢啦。點左兩份早餐，一樣配蕃茄湯通粉。<sssss>一落完單即到，好快，茄湯較淡，通粉很淋，麻麻地。<sssss>腸仔豬扒太陽蛋，味道頗鹹，亦偏油。<sssss>雞扒火腿熟蛋，同樣偏油，而且熟蛋都係太陽蛋…<sssss>餐飲要了一杯熱檸茶，一杯凍奶茶。檸茶很澀唔好飲，奶茶正常。好在坐落個位幾大冷氣，出面真係好熱呀。
3,我諗除左茶餐廳之外，大部份西餐廳食野都要加一，行經呢間便入去試試，好經濟，午餐肉煎旦公仔麵+熱飲，都只不過係$20 非常低食，款式尚算多選擇，有意粉，pizza，西多士，三文治炸雞髀等等，都算多選擇，餐廳都坐滿客人！<sssss>餐牌<sssss>餐牌<sssss>雞脾薯條，香脆可口，唯獨是他們選了這個‘木碟’出食品，不滿意既地方是切雞脾時，木碟太細，薯條雞脾很用易跌出碟外，非常難就位，如果小朋友食可能要小心一點！<sssss>卡邦尼意粉，尚算好味，有磨菇，煙肉，醬汁還可以！
3,"這天晚上跟友人三人行來到小南國,尖沙咀的裝潢較黑,不像上海菜的氣氛.第一道上的是麻婆豆付,酸酸地帶小辣,豆付質地吾太滑,蟹粉小籠包都幾油膩,汁吾算多,炸子雞加左飯係入面幾特別,不過炸得over左,最後糖醋魚覺得欠缺了甜甜酸酸的口感,只食到濃烈既醋味.<sssss><sssss><sssss><sssss>"
3,買了四人團購餐同家人男友食個餐份量好足，成枱食物乳鴿x2炒菜燉雞湯煎大蝦醋排骨炒面雞粥仲有甜品豆腐花乳鴿幾好味，不過皮不脆，而且店員會主動比手套，唔洗成手油煎大蝦好惹味，屋企人覺得略咸最正是雞粥，好綿又滑四人餐份量十足，沒有因為團購而減料橔湯每人足足有兩碗呢我們另點了細支啤酒3支($30)<sssss><sssss><sssss>
3,成日都會去依間食，，因為係正我公司附近，，方便，仲要係啲人有禮貌，，<sssss>食咗個朱干米線，因為吾食得太辣，食咗5小辣，湯頭好清！無紅油，無色無味咁嘅外表，但飲落淡淡辣味！非常好味<sssss>麻辣清瓜，吾得，好生，硬架，吾爽吾甜，<sssss>青椒皮蛋，但完全無青椒，何解，皮蛋仲要超硬膠，好似食梗擦子膠，賣相靚到完全想像吾到咁難食  <sssss>三碟小食唯一叫好食啲，但基本都係同一個汁涼拌所以都係食米線好了，雞翼都可以嗌其他就吾好了
3,"食左呢度既涼粉,又唔係真係講到咁好丫冇咩特別,只不過係d生果夠多,夠大份咋嘛其他甜品都有食過,又唔係好食丫~平平過啦我食過咁多野之中, 反而覺得佢個腸粉係最好個麻醬好香好好味~"
3,"<sssss><sssss>哈哈....上次就試左個瑞士芝堡, 今次等我試下呢個澳式芝蛋漢堡啦, 份量還要比上次的大, 可能因為多左塊蛋. 肉質同樣好JUICE, 另外仲有D脆卜卜既野....哈哈...唔知係咩黎呢, 都幾得意, 幾有咬口, 不過覺得呢個會比較乾身, 醬汁無瑞士芝堡咁多, 本人就鍾意多醬汁的, 不過味道都係唔太差既, 真心比起平時的漢堡較為創新, 值得一讃"
3,今晚一個人去到荃灣搵食，喺荃灣廣場附近見到呢間鋪頭-普洱；初頭以為只是賣茶葉，睇真啲才知道是可以開餐的地方<sssss>見可即時入座，所以唔使諗，即刻入去坐低；最後叫咗個咖喱茄子焗豬扒飯+飲品套餐；<sssss><sssss>朱古力普洱好特別，有濃濃嘅朱古力味外，仲帶有陣陣的普洱香味；<sssss>咖喱豬扒飯份量足，有兩大塊豬扒（切成四件）及2塊茄子；咖喱好香，辣度適中。<sssss><sssss>以現時嚟講，＄49一個餐，包特色飲品及焗咖喱豬扒飯，味道又唔差，算是抵食！
3,諗住食少少，之後去gym.....又自已呃左自己了。叫了碗擔擔麵，非常花生醬湯底。（至毒添）朋友叫左羊湯麵，都好多羊片。個湯又冇羊騷味，ok 喎。墻身安裝白板，加手繪塗鴉，好似好得意咁<sssss>平日lunch多人，地方淺窄，服務態度真係差少少。晚上又唔差喎。此終晚市係呢區就弱d，六十幾文個麵。。。。都係午市抵食好多。
3,前幾日收工後突然好想食點心，所以就約左個朋友去旺角老點點心到食蝦餃超大粒！蝦餃皮好薄，晶瑩剔透<sssss>斑蘭馬拉糕，真係第一次食斑馬拉糕，其實同普通既馬拉糕無咩分別，只係多左少少斑蘭味<sssss>吾係老點小漢堡，個小漢堡真係好細件二十幾蚊得兩件，唔太扺<sssss>熱辣辣既炸饅頭加上煉奶，簡直係一流超飽肚<sssss>餐廳整體味道都ok，但價錢係偏高~
3,金田家，之前系銅鑼灣返工也未試過，系樓下商場，開業初期或假日，長期都有一條人龍。本想試松露豆乳拉麵，但這天沒有。柚子辛口拉麵成了我的選擇，還追加了木耳。湯味較傑身，整體濃郁度高，味帶點淡淡的柚子香，減輕了油膩感。<sssss>麵條比較幼身，份量也多，但不是很彈牙。黑䐁叉燒很對胃口，個人喜好瘦一點的叉燒。
3,魚生及海鮮係新鮮既，但真心太貴。夜晚六人食，叫左一小瓶sake、一盤刺身、一碟慈漁魚仔、兩個鍋、仲有一個飯，大家都食唔飽既情況之下，埋單竟然要$3xxx?!!!! 😰😰食物係唔差，但甘既價錢我一定唔推薦大家去試，每人$5xx既 budget我食到好多野啦🙄🙄 刺身得果12片，鍋物入面9成都係菜，果兩片牛肉薄到呢....真心唔知食左d muc落肚😑😑 服務ok，環境都ok，係性價比太太太低😒😒
3,師兄安排的一局比較起來，之後的東坡肉味道就比較好，肉不算韌，而脂肪肥美不膩，但汁就只是一般，稀而欠黃酒的醉香，是無可亦無不可的吃過。反而疑似四川燒白的扣肉較東玻肉更吸引，腩肉有七份肥實在罕見，蒸得軟腍甘香，而醬油的甜也討好，是值得一試的。<sssss>
3,6-9-08 (六)叫了馳名的豬潤牛肉麵，豬潤爽滑，味香，很好吃，份量不少。牛肉就不怎麼樣，麵就覺得不太好吃。又叫了咖央多士，味美而不太甜，多士脆。<sssss><sssss>
3,陵發既餐牌好特別係無價錢既之前都有聽過人話有小小海鮮價😅😏但又話食物幾正就抱住一試無壞既心態try try 佢兩條友叫咗4樣野食🙈1.韮菜豬血好正好入味，蒜味好香👍🏼2.枝竹火腩枝竹多過火腩😅根本就係枝竹燜枝竹3.滷水拼盤-墨魚鵝腸大腸成碟野無咩味🌚4.蠔餅正👍🏼啲蚊5毫子咁大隻又唔腥4樣野食加枝藍妹310都可接受既<sssss><sssss>
3,屋企人去晒旅行，冇飯開，又唔想叫外賣，但又想食焗豬扒飯。於是落街行下，路經Vcity入咗去羅麥記，見佢哋十大必食有個磗頭焗豬扒飯，於是叫黎試試  。豬扒份量足，夠Juice，飯用麵包裝住夠特別，味道很不錯！  另加一杯羅滑咖啡.~ 環境有特色<sssss><sssss>
3,今日lunch決定去試新開無耐既越南餐廳-鳴越，環境比想像中舒適，地方亦算大。lunch menu 選擇多，價錢介乎於50幾到70左右 ，包餐飲，仲要無10% service charge ，中環黎講都算唔錯！因為lunch time黎得夠早，未有太多人，order左個香茅豬肉撈檬等幾分鐘就有得食，味道ok，略厭無咩配料，例如蘿蔔絲個啲，生菜絲就好多，香茅豬肉醃得好惹味，比想像中還要重口味。整體上，依個價錢黎講係ok。<sssss>
3,"因接著是三點high tea時光, 我倆急趕吃午飯, 在last order前也趕落單叫熱食, 職員很多, 我最喜歡的樓底好高, 但我們未能取得窗邊日光下的枱。點的是1. 軟殼蟹木瓜沙律, 足料, 木瓜的粗度很易入口; 2. 炒飯是很有心思, 炒飯先放在中間, 材料沿碟邊擺放, 有蝦米, 豆角, 豬肉, 洋蔥等, 這款是不油膩, 但我覺得未有先將材料混合, 未有將食物味道提升; 3. 芒果糯米飯, 有驚喜, 我之前未見過加上班蘭葉的綠色糯米飯, 和三大塊芒果, 但味道平均。"
3,"Scrambled eggs & cheese sandwich is very good, the bread there is soft and fresh. 另外豬扒通粉都幾好食."
3,路經石峽尾就會想起品香樓，四個人，簡單點了手撕雞、豬手、生炒糯米飯、炒芥蘭。一向都是品香樓的捧場客，今次黎食，有少少失望。手撕雞未完全解凍，雞肉黐埋一舊舊，豬手太乾、生炒糯米飯太濕。希望下次黎食，可以回復水準。<sssss>
3,"<sssss>呢間餐廳新開，看到食物賣相很吸睛，馬上就訂了台。呢晚係星期六既晚上，差不多7點, 人還未有坐滿。約7點半人到坐到滿了。<sssss>隻金蛋同乳豬非常特別, 於是就點了可惜金蛋既口感有d奇怪,個金皮好似橡皮咁, 內裡似膠質既薯蓉，有少少煙肉味同煙薰味, 不是我杯茶。<sssss>燒焗乳豬件口感非常好, 皮脆肉嫩，可惜我唔太鐘意煙薰味,所以打左折扣。巴拿馬薄餅，皮非常，芝未味好濃，OK.<sssss>"
3,講比朋友知我未去過 沙嗲王 朋友唔信 之後就真係黎  食物不過不失 驚喜就沒什麼 但食物都okay 而環境坐得都幾舒服 平價次選 環境好坐得黎又唔算貴 味道就尚算可以 <sssss><sssss><sssss><sssss>
3,"慶功，老闆揀左呢到食飯，因呢到真材實料，個餐超豐富，$310一位。多野食到好飽，特別深刻印象以下菜式：花雕蛋白蒸蟹，好香，蛋白吸收晒蟹肉的鮮甜；<sssss>荷葉蒜蓉蒸蝦飯，蝦好多又多肉，豉油提升到蝦味；飯粒粒分明，蒜蓉有爆過,夠哂鑊氣，好香口，送飯好開胃。<sssss>金銀蒜粉絲蒸扇貝，粉絲蒸出來非常香而且入味～扇貝大隻味道好味爽口厚肉，配上蒜蓉粉絲蒸真的是最佳配搭，力推！！<sssss><sssss>每樣都有D，唔同菜式，仲有包每人一罐汽水，仲有潤口雪耳糖水，超抵食！！"
3,行完九龍灣Mega Box內既Ikea，因為又又肚餓，所以係九龍灣宜家家俬既餐廳食晚飯蔬菜薯餅新鮮好味磨菇吞拿魚批唔係咁好食無骨豬手配胡椒汁普通啦，燒火腿配蜜汁OK啦，牛油軟飽，雞忌廉湯好味道三文魚千層麵OK啦，脆炸黃金雞翼及薯條我無食到所以無意見，瑞典肉丸good香草醃三文魚沙律醬汁好味道杏仁餅及藍草梅蛋糕一般啦，但係食物擺滿成檯都係312元，認真抵食，凍蝦杯，買相非常特別而且仲好吸引添，味道都唔錯架汽水可以添飲架<sssss> <sssss><sssss>
3,今日抱著去懷舊一下既心情😁去朝聖一下！當然試一下招牌麵包焗豬飯～豬扒太䭃！味道普通。尤魚雖然有汁，但都覺得冇乜味可言！唯獨雞翼ok好吃！紅色冰粒奶茶普通喇！可一不可再<sssss><sssss><sssss><sssss><sssss><sssss><sssss>
3,"開店幾個月, 每次行經這裡都幾乎人潮湧湧, 心想有機會無人排就入去試試, 今晚ot到夜一夜, 宵夜當晚飯食, 不用排隊順利入座, 刺身飯食得多, 反而覺得個爆盛慢燒牛肉丼幾吸引, 點咗個230g試試佢, 賣相一般, 唔似餐牌咁堆到座山咁, 可能餐牌張相應該係400g mega size呱, 本以為牛肉係暖暖, 原來係凍既, 燒汁無咩特別, 山葵忌廉汁味道奇怪, 山葵味唔覺突出, 牛肉質感偏鞋口, 絕配唔上慢燒, 好彩唔係排隊黎食, 睇黎都唔洗再試<sssss>"
3,除左豬扒之外，其實沙爹鮮牛面都好好食味道濃郁牛肉新鮮，蛋牛治同其他茶歺廳有好大分別，佢地好食好多！奶茶咖啡就吾駛講，好飲！但烏冬就麻麻，以茶歺廳即食面黎比較，可以接受，整體尼講，算吾錯！
3,其實幾健康ga 蕃茄湯底!!又大碗！But 對於我唔吸引La ！都會再去!
3,年廿七有得放早，去APM行街。五時多路經這餐廳，book了七時四人檯，要八點半交檯。要了：- 炸蟹餅（ok，個醬不夠辣）- 蝦柚子沙律（夠辣，不錯）- 冬陰功湯（都幾好味，好足料）- 炒通菜（不夠野味，要加辣椒魚露）- 炒金邊粉（也好味）- 粉卷（無怎特別）- 唔。。。還有沒有呢。。。- 特飲X 3，白酒X 2服務普遍可以接受，但個別侍應需要再培訓。聽不清楚我們的要求，皺晒眉問：咩話？食物不算得高水準，價錢還可以。
3,Date: 11 Nov本來係book左去Element 上面既grand central 不過Friday nite 好多人係下層happy hour+煲🚬 朋友一上到去就唔多舒服 惟有即刻轉場食飯時間好多都要等下位 心急人平時又5等慣位 一見到Habitu（竟然）冇咩人 嗱嗱聲就入座 3個人dinner 簡單4樣野加個甜品 Habitu 一貫水準 唔難食 冇驚喜 不過深得我心係好靜 傾偈一流👍🏻<sssss><sssss><sssss><sssss><sssss>
3,"擒日成三十度, 熱到暈暈地唔想等菠蘿包, 見墨西哥熱辣辣又未試過, 一於試下先.專登行去新世紀先食, 一路食個包面既餡一路甩, 同埋 d 餡太薄太碎痴晒落個袋度, 食食下好似變左齋包.下次都係食番菠蘿包算."
3,在此午餐，滷水不俗，值得一提是新菜式黃金糖醋麵，$68/例。<sssss><sssss>只煎一面至香脆，另一面保留潤滑，特別加了韮王，增加香辛，奇怪其他地方少有如此做，加糖加醋吃，酸甜飽肚，但十分油膩，有些滯，味道合理，勝在有韮王香，比較他人出色之處。<sssss><sssss><sssss><sssss>
3,"今年公司聚餐簡左呢間食放題，呢間食物種類都好多，刺身都好新鮮，好鮮甜，仲有雞翼，好脆食左好多隻，另外羊架超級好食，一啲都唔so,榴連炸彈熱辣辣食個時好好味，榴連味好正，仲有自助仼拎沙拉，芒果糯米糍好甜好好味，雪糕又有多款口味簡，野飲仼拎仲要好多款口味，價錢都幾抵，值得再去多次<sssss><sssss><sssss><sssss><sssss><sssss><sssss>"
3,好耐之前黎食過佢既湯圓今日重遊舊地，但冇食到湯圓因為太飽一心黎補補腦食合桃糊ＭＩＸ杏仁糊<sssss>覺得佢如果合桃糊比例多Ｄ會好食Ｄ但整體都唔錯既，熱辣辣好細滑好香濃，唔會有雜質杏仁糊都幾出味，好香好香既杏仁味啖啖都食到合桃同杏仁夾埋一齊既化學作用好補身既感覺係正常水準，但可能唔係皇牌甜品唔係好試到有幾驚喜地好食<sssss>坐坐下有兩個嬸嬸係隔離食綠豆沙食咁耐就讚足咁耐話煮得好綿滑又起哂沙足料又唔會好甜講到我都好想食相信真係煮得唔錯有機會下次再黎試下佢Ｄ手勢＝］
3,連續兩日係城大上堂..又同同學黎呢度食...今日食d野好食d..個牛晶粿粉條幾好食幾特別..蕃茄意粉..煙鴨胸飯..炒烏冬都不錯..但我都覺得唔係超好食啫..又唔係太扺..唔知點解呢間野咁多人讚..上完兩日堂..好鬼悶..聽日又要返工..
3,"勝在每樣細細碟, 可以食多幾碟唔同野1.  日式薄餅     估唔到佢連薄餅都係炸     絕對唔係正常既薄餅     同埋好細件2.  荷葉包雞     靠晒隻雞本身既油     真係得個油字3.  讓田螺     反而又幾好食, 雖然食唔出有田螺味4.  白咖哩豬排     好普通咋喎.............<sssss><sssss><sssss><sssss>"
3,日前同朋友試下這間日本放題，店內環境ok，坐得幾舒服。刺身都算新鮮。但羊扒不熟，裡面係紅色。店內人唔多，但係出菜速度好慢。食左快兩個鐘，第一輪叫的食品還未上。漏單好嚴重。食品質素整體普通。下次應該會去試下別家放題。<sssss><sssss><sssss>
3,第一次食到咁貴的牛丸河，聽同事介紹，便試試。$34蚊一碗，又貴又唔飽肚，之後我仲要去煮個麵，和同事share食先夠飽。牛丸確實彈牙，可惜沒有牛味，湯底是清湯，還可以。應該唔會再食了。<sssss>
3,星期五晚放工後與友人到尖沙咀的shine食晚飯。我地點左芝士焗茄子、海鮮墨汁飯同埋ribs配蜜糖薑汁醬油。<sssss><sssss>依個ribs真係不得了，比想像中大，肉質偏肥，用普通餐刀完全切唔到，要麻煩廚師幫我地切左再上，由於舊ribs肥肉比較多，我地每人食左兩條骨已經覺得好飽好彩點左杯kiwi cucumber yogurt 消一消濟。
3,"與友人到觀塘區找好吃來到這間吃台灣菜的本身不愛好台灣菜老實說我最期待是它的飲品用實驗室容器裝著好過癮~~一看到我叫的百香果梳打嘩!真係有些百香果種子粒!!!有d興奮,是貨真價實的飲品耶~另外,點了個餐,炸排骨飯炸排骨好乾,但隔離桌子點的炸雞很像好正好juice咁,大家都係炸物,很有距離感-_-環境方面,很有特色唯獨是桌子太矮可能是因為要用課室桌子的關係坐久了有些辛苦不過,看到會穿校服的女侍應感覺還好吧~!@3@<sssss><sssss><sssss><sssss>"
3,"呢間澳洲牛奶公司,我數一數至少有二十個伙記全男班,白色制服袋口附近畫滿了原子筆痕,好型眼明手快、木無表情，但落單、送餐和埋單時，態度仍不失友善Menu 簡單早餐 , 茶餐, 快餐無花巧可言多士同蛋做主力,當然有其他選擇每次也會叫茶餐茶餐有個叉燒湯意粉: 意粉滑雪雪, 湯味似係金寶罐頭湯, 肥叉燒四五塊炒蛋也是經典.那鮮黃的嫩炒蛋賣相頗佳,火腿味道正塊多士真係最好食! 厚切! 極之鬆軟,好像是我訓教個枕頭呢杯奶茶加兩匙更糖又滑又甜又芳香,逗人喜愛的這裡是一個快靚正既香港茶餐廳"
3,台式連鎖餐廳，仲記得岩岩開店時候要排隊排個幾鐘。一年過後，人龍明顯減少 味道仍然不錯🙆🏻🙆🏻今晚同朋友黎食飯，叫左2個肉燥飯，1個小食。香煎沙朗肉燥飯/香酥豬排肉燥飯👍🏻👍🏻肉燥味道香濃 加上旁邊咸菜，撈飯一流👍🏻👍🏻👍🏻香酥豬排鬆軟香脆 惹味香口。沙朗扒爽口 內裡帶有粉嫩色，肉味頗濃。😍馬鈴薯絲炸蝦👍🏻👍🏻👍🏻香脆炸馬鈴薯，內裡有豐富薯蓉 加上爽口炸蝦🙆🏻旁邊的沙律醬更加惹味。<sssss><sssss><sssss>
3,<sssss><sssss>蓮香居和蓮香樓，我都各自去過好幾次，但假期的情況異常惡劣。首先，這裏是不能等籌號要自己等位；但通道又窄，時常有點心車收拾碗碟車經過；另外搭枱是預料之內；<sssss><sssss>而且食物沒有之前那麼好吃，蓮蓉包皮不夠軟；我們點了的那籠蓮蓉包，其中一個的表面黏着一條眼睫毛<sssss>然後沒有枱布只好吐骨頭在桌上；侍應/部長倒水時卻把桌面弄得濕漉漉；最可怕的是這裏比街市更嘈吵。<sssss><sssss><sssss>
3,呢間西餐廳都唔錯，個burger好大好足料好好味，意粉嗰啲都好香！唯獨餐廳管理要扣好多好多分，喺呢間算係中等格調嘅餐廳入面，有一枱客人飲醉咗之後，大叫大嚷大聲傾偈，尤其其中一個女人好明顯係醉得好緊要，嘈到我哋根本傾唔到偈，但餐廳職員完全無動於衷，唔好話阻止啦，連去溫馨提示一下都冇，仲要同佢哋嘻嘻哈哈笑埋一份，由得佢哋嘈住其他客人進餐，職員完全唔合格！大佬，我都有俾加一服務費，我都係想安安靜靜食個dinner，同朋友閒談一下啫！<sssss><sssss><sssss>
3,"典型美式餐廳- 份量充足薯皮一般overall  來說, d 野食唔算話好好味"
3,一直覺得成百蚊碗拉麵🍜好貴所以今次係第二次食😂————————————————————<sssss>細食嘅我點左普通size，直麵幾爽口，豬肩肉頗瘦有木耳芽菜蔥做配菜🌮湯底濃郁唔算好咸，不過個人prefer再清少少，麵量好多但因為唔想浪費所以硬食哂，飽到上心口😖————————————————————<sssss>特上多左兩塊紫菜同豬腩肉🥩，曲麵好彈牙😋個人覺得曲麵好食過直麵🙂麵量同樣好多就算友人比我胃口大都覺得好飽😐————————————————————下次試下wasabi味湯底先
3,今日1點30分進入餐廳後，雖然環境不錯且座位舒適，飲品味道獨特，是食物味道不佳。海南雞飯的雞很咸，喇沙食得很嗆喉。紅燒牛肉飯的牛肉像爛布，所以不會再到此地食飯，只會飲用飲品。
3,"Lunch buffet 食得唔多野，甜品先係我既主菜。呢間本身出名係食甜品（特別係甜品，D friend 食得勁滋味）麵包類都勁好味，麵包入面有Jam,外面有杏仁脆片同糖粉。黑白芝麻卷好味唔太甜。雞蛋外形入面既甜品有好多種，大菜糕，綠茶，芒果布丁。正<sssss><sssss>"
3,晚餐要了豬軟骨飯和葡萄紅茶，一共28元飯味道可以接受，但沒有甚麼特別飲品略酸唯一可讚的，是上菜速度很快，價錢也可以接受。
3,我係因為睇左雜誌介紹，所以就同男朋友去食。最大原因係因為我係一個牛油怪，所以睇左佢好出名嘅鮮油多，就真係要食下。果然塊麵包好厚，塊鮮油都好厚，正。仲有蛋治，佢地嘅炒蛋果然係好滑，名不虛傳。不過要彈係地方太淺窄，而且因為太多人，好似食完就要俾人趕走咁，而且仲要去廁所門口排隊，呢個位就要扣分la。
3,"落雨最好係屋企附近開餐醫肚, 睇O.R得知北角開左間意式餐廳, 特意慕命前來一試 ~ 下午兩點嚟到, 不用等位。 餐廳裝修簡單清新, 食物賣相一般但質數算不錯, 咁既價錢仲想點吖?!卡邦尼意粉 – 外表麻麻, 煙肉少少卻有著濃濃既芝士味, ($24) 算合格。蕃茄煙肉意粉 – 比卡邦尼意粉好食, 只需 ($22)意大利布甸 – 冰凍滑溜抵讚, 雖然有點甜, 但可以接受, 唔甜都唔叫甜品喇! ($18)自助式, 水係自斟自飲所以唔駛加一, 二人行都係$64.-"
3,叫左蓮子芝麻糊，蓮子合桃露同全蛋雞蛋糕。蓮子芝麻糊：冇芝麻味，好水，太甜。合桃露：冇合桃露味，好水，太甜。雞蛋糕：偏乾身，可接受。總結：糖水似多多牌的味道，但蓮子量剛剛好。原來過百年歷史，不合我的味道。<sssss>
3,"某個假日由坪洲玩到黎呢度, 醫肚時見好耐無食過kebab, 就幫趁左呢間. 我食既係chicken tikka kebab, 仲身痕揀左配bbq sauce. chicken tikka 切得幾大舊, 肉質乾同""鞋""左少少, 揀bbq汁好失策, 唔似食緊kebab, 似食緊老麥多d...... 我諗揀番普通羊肉或者雞肉, 配番個夾d既汁會好好多囉."
3,"新開張無耐，總要嚟試下。見佢招牌係豬扒，一行9人，8人都叫了豬扒。叫既時候，真係好驚全軍覆沒，但個廚師拍哂心口話保證好味，所以即管試下。終於食得，嗯......個豬扒都叫ok，但或者對佢期望太高，所以有d失望。有d ""high"" 口，唔夠腍。我唔食得辣，但碗米線竟有少少辣，可能係廚房用埋一個殼卦...結論係，一試無妨，不會成為我們的飯堂!!!"
3,"5.19 食lunch前路過咁出名就試下啦砵仔糕幾彈牙、暖暖地唔太甜。我唔鍾意食d好粉o既砵仔糕但$4一舊就唔太值喇，咁多人都係因為""就腳""je(o係正地鐵站出口)"
3,今日book左中午去食，叫了粉皮，哈哈，真係好滑呀😋😋好正。叫了水煮牛肉，辣子雞，其實整得唔係幾辣，下次可以叫佢再加辣會更加正。西洋菜餃，塞滿晒D餡，好味。😜😜豆沙鍋餅，外皮好脆，整得好好食！😋😋😋<sssss><sssss><sssss><sssss><sssss><sssss>
3,聽聞d人去親韓國都要去ne ne朝聖開到黎香港又無可能唔去既份量比想像中大但味道就⋯⋯不過不失啦感覺就似炸晒d雞之後想要咩味就淋咩味既醬上去撕開層皮 就似塵歸塵 土歸土既感覺如果無明星效應我諗唔會咁多人排隊啦<sssss>
3,蕃茄牛肉加撈蛋米真的很有懷舊feel，紅豆冰的紅豆淋之餘亦粒粒完整。整體味道，OK啦!
3,"黎之前已睇過openrice好多人推介亦知道叫野食要快手,於是一到我就即刻叫大墨魚同生腸老老實實,我覺得好普通大墨魚有些少韌,生腸尚算爽脆,只覺得汁好味整體黎講,味道唔差,但係唔明點解咁多人排隊"
3,去完K11在附近閒逛，見到這間coffee shop門口企左一堆人係度飲咖啡，好似好chill咁，決定入內一試！食飽最中意飲翻杯flat white，但結果有D失望！咖啡味淡，咖啡同奶比例平衡得比較差，個人覺得太重奶味，而且口感唔夠細滑，唔太推介！而且幾位咖啡師只顧自己傾計，令人感覺不太專業 <sssss>(飲左幾啖先記得影相)尖沙咀有更多值得去的咖啡店，所以不會再到訪
3,2008-12-22兩支公，諗住呢o的放假高峰期可以去蓮香樓碰o下運氣，但都係俾o的退休人士或者唔知幾時放lunch o既人屈晒機好彩唔係一大班人o黎，座位超少，我o地都係縮埋一角$29 兩食送，$33 三食送？款式唔多亦只係大路，勝在有冷熱豆漿咁囉要了腩肉同豬腸，兩者o既量似乎都算少喇……要了清湯又真係幾淡口……又無譚仔o的腐皮，我都係鍾意後者多o的o喇……絕不刻意下次
3,星期六，一個人下午到灣仔做公事，先到附近「華星冰室」開餐。<sssss>裡面的伙記大多是年輕的男士，有活力、有禮貌、細心招呼，值得一讚。我主要想食炒蛋，但火腿炒蛋竟要$28，不如叫一個常餐$30，抵食好多。<sssss>叉燒通粉，不過不失。<sssss>火腿炒蛋配烘牛油多士炒蛋好香，懷疑加入北海道牛奶炒。多士很軟熟，好吃。<sssss>似乎是用北海道奶沖的奶茶，好香。一個人吃這個餐，實在很飽，但很滿足。
3,"今日同朋友出街, 朋友買左哩間既芝士撻請我地食. 在此謝過.我咁耐以黎淨係食過Maxim lab o個隻芝士撻, 因為就腳.哩間""發起店""我就未試過.可能凍左既關係, 所以其實覺得一般.首先個外型比較細. 另外哩隻皮係咪叫酥皮, 覺得唔咁好食個咸ok, 軟線線咁, 亦都有濃既芝士味, 同美心o個隻味道差唔多不過我自己都係鍾意食美心o個隻多d, 而且都平少少.<sssss>"
3,同朋友嚟到太子揾食，見到有好多bar，就試下啦。依度氣氛都幾好，叫左板燒黑豚肉同seafood pizza。黑豚肉比較少見到板燒，多數係豬扒，佢既肉都軟同肉質幾好味seafood pizza多由魚，好多料都脆<sssss><sssss>
3,餐廳原來已打烊，丈著朋友的大面子，還是可以坐到三樓的露天位置，吃甜品傾下計。朱古力蛋糕、蘋果酥餅外，還發現原來這裡也有不少砵酒供應，又叫來一杯襯甜品。幾款甜品中最喜歡是濃味的朱古力蛋糕，冬天吃也有補充熱量作用，然後小杯砵酒，這夜，是寫意亦輕鬆。<sssss>
3,"約左朋友放工係APM行個圈, 行完朋友話想食泰國野, 諗都唔諗就去呢間食安排坐卡位, 可能樓底矮既開係, 前後講既野都聽得好清楚第二杯飲品半價, 但唔包酒類所以最後都無叫椒鹽軟殼蟹($58) - 炸粉唔厚, 但來到既時候已經唔熱, 淋淋地口感麻麻, 而個醬汁係忙果汁, 同個食送D味唔係好夾, 所以都無點到素菜粉卷($48) - 薄粉皮包住菜, 冬菇等, 涼涼地口感好清新豬肉生菜包($58) - 生菜很新鮮好似好吸引, 但可惜D豬肉太淡, 要加魚露同食先夠味"
3,"<sssss><sssss><sssss><sssss><sssss><sssss>今日係UA睇戲, 就選左近近地呢間, 佢無得訂位, 好彩我們早到, 後來超多人等位D麵幾彈牙, 叫左1.招牌濃湯叉燒拉麵  2.豬骨豚肉拉麵 3. 醬油豚角拉麵(有扣肉FEEL, 幾好味喎, 件件3角形)4. 餃子 (皮薄, 好味)5. 糖心蛋(又凍又滑, 好味~)正~佢勁多調味料, 好開心成間店有一個缺點, D冷氣唔夠...越食越熱, 好彩無食地獄湯底, 真係坐一陣就出汗了, 要改善"
3,以牛肉麵作主力我就叫牛肉麵食淋又唔係好淋香又唔係好香鮮甜牛肉又唔覺有只係普通牛肉麵吧食朋友的牛𦟌大腸又係平平無奇非難食但也找不到好食的地方整餐的亮點係酥炸菇外脆內熱 表層的味粉好香口夾味值得再食<sssss><sssss><sssss><sssss>
3,"平時晚上都唔算要等好耐,至於食物款式不多,份量偏少,但價錢偏貴,大食之人真係唔係好夠.排骨飯- 好食, 排骨諗, 飯乾身酸辣湯- 味道偏重擔擔面- 好普通豆沙小包- 皮薄,太多豆沙餡蟹粉小籠包- 有蟹粉味<sssss>"
3,"近年官塘開了好多食肆, 其中東廣場更小店集中地, 今日來到四季餅店, 位於正門入口處, 一入廣場就見到店面, 已被他的蛋糕甜點吸引坐低. 見到餐牌後覺得價錢都好合理, 價錢由$32-$62選擇好多,  今日我點了松露野菌雞肉意粉配千層多士, 配送熱檸茶都係$48.- , 意粉分量不是很多, 最啱細食的朋友, 千層多士鬆脆帶甜, 意粉的汁入口香滑, 呢到的食物唔算好得, 但以呢個價錢而論已算OK, 期待下次食到呢到的蛋糕甜品."
3,"聽過咖啡灣既大名好耐，今日終於試到。無諗過3點鍾都要排隊。半個鐘到待應問我地坐唔坐bar枱，無所謂就入去啦。點知bar枱竟然係望街既我地每人叫左個正餐加意粉，我就叫左個軟殻蟹漢堡<sssss>薯條麻麻地，有少少怪味。軟殻蟹好大隻，可惜唔脆既，不過就有膏重有杯榛子咖啡，好淡 朋友都過佢啲野食麻麻地。最後叫左個窩夫share,估唔到窩夫好好味，好味過dazzling"
3,之前黎過試燒鵝...~的確係唔錯~今次黎試埋皮蛋同粥~皮蛋唔知點解苦苦地...= =及第弼就唔錯~多料又好味..~之但係呢到帶位o個位waiter真係好串!一入門口就黑口黑面...好似唔休做咁...~見到佢就唔開胃....唔通佢係白鴒o既化身!?
3,來過這裡多次，今次再來發現水準下跌了很多。<sssss>首先叫了蟹肉炒粉絲，上枱時好失望，跟想像中或是餐牌中的圖完全不同，只有小撮蟹肉，粉絲份量又少，炒得又唔夠火候，伴碟的菜感覺還多過粉絲。<sssss>越式春卷 ~ 同樣地上枱時很求奇，味道就不過不失。<sssss>馬拉盞炒通菜 ~ 這個就較好，都幾香同炒得幾好。 難道轉了廚師 ? 為何食物的感覺不同了。
3,"我本身抱住一個好既希望會遇到一間可以飲下酒既BBQ自助餐廳,不過位置唔起眼,D服務員態度都0K,食品真係太小選擇,都係燒雞亦、牛肉、燒生蠔,(不過好似燒黑柴多D)其他D野食好普通不值一提,,九点到己經冇野食(停爐),而啤酒價錢有D買一送一,都算平,而價錢值一百(真的比自助燒烤差一点,自己燒一定唔會係黑柴,選擇仲多,不要抱太大希望)只係一般酒吧+燒烤(100元俾多啦)"
3,"叫了 L01 號餐， 即是台式肉燥鹽酥雞排飯。好整個餐唔太鹹雞排有肉汁， 軟，熱辣辣 (但説是鹽酥雞有點過不去,連椒鹽味道也食不出)。差粉多 (不是說厚， 可是能食到有粉)肉燥好多油份量不多 (蛋只有半隻，菜只有數條，圖中最大的是菜尾)味道還好，價錢偏貴<sssss>"
3,"同事病左,食及第粥粥底好棉.味道又鮮.同d料加埋一齊真頭係夾呀.不過小弟最鍾意始終都係皮蛋瘦肉/牛肉粥.可惜呢樣唔係生記強項<sssss>"
3,<sssss>第一次去重慶大廈食咖哩~在無心水下去了這間~~味道都還算ok~~不過咖哩的份量比較少~<sssss>餐牌<sssss>炒飯~~味道不錯~重香料味~~飯是長身那種印度米<sssss>綠色的是波菜芝士~第一次吃這種東西~~很特別~~不過我覺得芝士味道很淡~可能是特色?紅色的是燴雞~不太辣~汁拿來點烤飯好吃~不過雞實在太少了~而且沒有味道也有點鞋芝士烤餅~即叫即造的~拿來點汁吃很好吃~總括而言也算不錯~但味道又不至於難忘
3,每次來新香園都只理會蛋牛治及其他粉麵。今次來一點新的試試看: 不消30秒，竟然奉上一碟油炸鬼。可能服務員見我和男朋友望住碟油炸鬼 o晒咀，逐解釋 原以為一餅粉麵炸了就是炸麵。我們哭笑不得。不過，錯有錯著，平時多吃新香園的食物，從未試過堅記的粥品，唯有點一客，之後再放些炸麵一起吃，不致浪費。豬潤非常爽口，真的有爽口感，粥底好滑，粥品整體好味道。<sssss>
3,"星期日到到飲茶都多人，打去百樂潮州竟然可以即日訂位，見之前食過好味，即刻🔨<sssss>韮菜粿：都幾香口，不錯<sssss>潮州粉果：餡好夠味，皮厚薄適中<sssss>叉燒腸：不錯<sssss>鳯爪：正常<sssss>腐皮卷：麻麻地，冇乜餡，但都算炸得ok,不會油淋淋。<sssss>蘿蔔粒：好粉。<sssss>燒賣：好味，好爽。<sssss>叉燒包：我冇食，見個様都ok。<sssss>鹹水角：正常整體味道ok, 但上次的味道更勝一籌"
3,"太和也有韓式小店,更是韓國人開設的,韓風未免太過瘋狂了吧不過,不是每一家韓式食店質素有保證,這一家...OK啦<sssss>韓式壽司,味道尚算清新,飯粒軟熟,只是芝士軟淡,濃一點比較好<sssss>韓式年糕,口感煙韌,汁也算多,只是味道又是太淡,改進一下會是不錯的餐廳服務有禮,值得一讚"
3,公司起飲茶附近一大班同事提議去試下價錢唔算平但一班港女要打卡十個人每人百幾蚊偶爾豪一次慰勞下自己無book位walk in 都搵到位環境舒適光猛餐具都好得意但茶就一般般 有隻仲唔好飲<sssss>包類點心係主角奶黃流沙包最好食松露炒麵都好正其他就普普通通 中規中矩<sssss>食到最後叫左幾個甜品點知等左十幾分鐘都未到催左幾次都話出緊出緊本來服務都覺得ok 但去到最後失色扣左幾分Overall黎講 唔算特別好食但價錢真係有少少貴食完一次應該唔會再食<sssss>
3,想食三文治，但係ｓｔａｒｂｕｃｋｓ　ｄ　三文治又賣晒喎～所以黎左搵食～雖然款式少～只有兩款～龍蝦仔碎蛋同埋煙三文魚～但係ｐｒｅｔ　ａ　ｍａｎａｇｅｒ一樣～有得買半份～幾好～心多～所以兩款都要左半款～味道都ｏｋ～但係ｄ碎蛋就乾左ｄ～佢係用多穀包～感覺健康ｄ～
3,"上次試霸王雞飯,今次試車仔麵,叫一個大什油麵要咖哩湯底,大什油麵有豬紅豬皮蘿蔔豆卜冬菇魚旦紅腸,還有芽菜菜莆,連一杯飲品都係$24元,算十分便宜又抵食,其中個豆卜真係很好食,吸晒d湯又林又好味,而所謂咖哩湯底原來只是把咖哩汁淋落個麵度,但是個咖哩就真係唔掂,有些香味但一d都唔辣,而且最差是好多油好肥膩,重好似甜甜地,對愛辣的我,這是一個嚴重缺點,如果這是招牌菜之一(咖哩),好應分等級為大辣小辣或唔辣,否則我唔會再試這裡的咖哩了!"
3,位於旺角鬧區既泰國餐廳，位吾算好多，但有好多人食，平日夜晚黎食都要等位。<sssss>泰式咖哩軟殼法包見到餐牌上面有呢個菜式就覺得好吸引，所以即刻叫黎食。點完菜5分鐘就已經上菜，真系快到嚇死人。呢隻咖哩完全吾辣，仲好甜添，甜味太多，所以咖喱味吾系好出。不過用法包點咖哩真系好正，可惜系法包吾夠熱，同埋放太耐佢就吸晒d咖哩汁，會好軟。<sssss>馬拉盞炒通菜吾食得辣既朋友食吾到飛天通菜可以試下呢個，味道充滿泰式風味，但一d都吾辣。
3,"平日下午經過鵝頸橋街市, 諗起未試過清真恵記, 自己又鍾意食燒鴨, 咁就上去試吓馳名燒鴨.街市環境一般, 自助買咗碟燒鴨飯, 一見個樣好吸引, 食落去不得了, 燒鴨微暖, 皮脆, 肉厚, 比起其他快餐店下午茶餐肉薄味咸好食好多倍.<sssss>本來都想試吓咖哩牛腩, 不過得一個人, 食唔到咁多嘢, 唯有下次再試過."
3,"燒雞菜飯它不是雞件上,而是以手撕雞形式記得第一次覺得不錯,之後開始每況愈下到現在雞肉越來越硬,雪味漸趨濃烈菜飯淡而無味,溫度亦變得曖昧另加凍山楂茶,夏天喝了確會精神爽利如山楂成份多點更加好最近加了價不過還是會再來,但為的是水餃p.s:這裡的豬扒由此至終也是如此的難吃<sssss>"
3,未去過巴基斯坦食佢既咖喱...........都唔知佢係咪正宗.....不過又好好味..........唔太辣......
3,"<sssss>聖誕節普天同慶, 訂了原隻火雞及火腿作home party之用我這古老的中國人, 原來是首次吃原隻的火雞看著屋主拿起刀一片片的把火雞分配, 就像置身歐洲的鄉郊, 窗外白雪飄飄, 這就是節日氣氛吧但我實在不怎懂得欣賞這火雞, 皮韌肉不嫩, 味道也很淡, 是火雞的應有特性還是悅來處理得不好?!反正一年一次聖誕節, 大家見到火雞真身高高興興就足夠了"
3,"一行4人(共6人)6點未夠就去到, 門口阿姐話未齊人唔比入, 好, 呢個我可接受, 最後7點齊人, 阿姐話下一張到我地, 不愉快事情而家開始, 阿姐竟然將張台比左熟客, 仲大大聲話呢個係熟客,比台佢先,我**********, 之後事件再重演, 有個乜太黎到, 又遲到遲人齊, 當然比我地遲,台又係比熟客先,我*********, 淨係做熟客 ............ 最後成8點先有得食 一 一""燒鵝: 味道ok, 不過皮唔脆芝麻蝦球, 青菜, 味菜鵝腸: 味道一般"
3,"是日同朋友揸車入華嫂食早餐,朋友話招牌菠蘿包必食。一去到已有超過十人等位等了约三十分鐘終於到我們一行四人。一入到去感覺很细和環境一般，不過當然最緊要是食物好味呢！我們共叫咗2個招牌菠蘿包，2個招牌咸牛肉豬仔包，2款包都皮脆，我比較喜歡有雞蛋及番茄的菠蘿包。我們還叫了雞翼米線2份及牛肉烏冬1份，(本來想叫豬扒，但是壞爐冇得食)不過番茄湯底真係麻麻，米線太淋，烏冬一般，雞翼尚可，整體只能夠食包。"
3,流沙包店子不少，試了這個，先撕開個包看看，流心度高， 蛋黃是相當香甜，鹹香十足，包身夠軟熟，油香十足。15元就有3個，抵吃。但環境一般、擠逼衛生差，服務態度一般，幸好沒有不愉快的事情。
3,排队等位的时候听到食客带着妈妈来吃龙眼冰，狂赞推销。但我觉得一般，里边是切粒的龙眼，嚼着清淡的冰沙混着很甜的龙眼，小小的皱了下眉头，两者的味道不是很融合啊，里边还有椰果，我身边的同事都不爱椰果，都觉得太硬了，如果冰沙再绵些会不会更好呢，喜欢吃龙眼的朋友可以尝试<sssss>
3,除了蛋治我真的想不到還有別的東西好吃。。。偶然為了它我還是要忍受很差的服務態度。。。唉~蛋治很棒﹗通粉-非常普通奶茶-跟所以茶餐廳一樣銀蓋奶-隔壁7-11買便宜一半
3,今日我朋友試了三個菜。笫一個蝦魚丸双拼，第二個是脆脆豬腩肉炒椰菜苗，第三個是泰式大蝦炒粉絲。蝦魚丸双拼: 蝦丸尚算彈牙，但魚丸實在太差 ，有點魚鯹， 又散。脆脆豬腩肉炒椰菜苗 : 首先豬腩肉一點都不脆，腩肉的部分又乾又鞋， 椰菜苗亦不是和一般泰國店吃的那樣， 很老又硬。泰式大蝦炒粉絲 : 這是三個菜式裏面最好吃的。可惜蝦球一點都不鮮甜和爽口，炒粉絲的味道就調較得不錯。總括來說以這樣的價錢 在太古城另一間泰菜歺廳， 選擇更多更好味！<sssss><sssss><sssss>
3,"到勝利道去購買寵物用品, 忽然口痕痕, 又是時候要飲杯咖啡了 ~3個鐘頭之前才喝過一杯啡, 今回賣杯 tall 便可以了, 反正今晚又會再買來飲 ....<sssss>Iced Americano (tall)一拿上手, 急不及待, 立即大喝一口 ....Omg, 味道何以如此苦澀, 而且有種燶味, 雖則未算是難飲, 但肯定不合我口味 ~何解這杯啡的味道會這樣苦澀, 真想知道是什麼原因 ~本篇完 ~"
3,琴日打10號風球🌬🌬個個都返屋企食飯🏘今日同幾個同事收工，大家都唔想返屋企🏫🏫，就相約去食火鍋。🥘🥘同事介紹食呢間，就試試呢間係兆萬嘅放題🍤🍲🍺🍴🍴<sssss>我哋叫咗又任食套餐，餐廳會因應人數而送上海鮮蒸品二百幾蚊，有生蠔，有鮑魚，有蟶子有長腳蟹仲有花甲😁😁<sssss>我哋仲加左＄30可以任食刺身🤤🤤🤤<sssss>當然唔少得火鍋啦，我哋揀咗瑤柱蠔粥做火鍋底，我覺得幾特別，落配料後個粥重好甜🤤🤤<sssss>肥牛都不錯👏🏻👏🏻
3,"尋日睇完飲食男女,今日黎食盡深水步!當然唔少得黎買芝麻糕啦! 因為雜誌效應, 呢度勁多人!好辛苦先至買到一斤芝麻糕($20), 仲買左砵仔糕,紅豆糕同茶果!我即刻就食左d芝麻糕.由於新鮮做好,仲係暖o既!我覺得口感似砵仔糕,軟軟地,有芝麻香,不過唔係好濃.唔係好甜,食完唔覺漏.食完砵仔糕同紅豆糕再俾下comment啦!"
3,"開業時試過晚市, 食物嘛嘛, 服務一般, 印象不大好.今次破例再來一次吧!樟茶鴨跟飽, 賣相, 味道都唔錯. 估唔到個半煎炸的, 不錯! 小籠飽一向都不俗. 好味! 但炒年糕, 淡出個鳥來….oh no!<sssss>"
3,"紅磡理工附近不斷開咗D食京川滬小食嘅店鋪,可能係吸引響理工讀書嘅國內學生,呢間走平價路線,以大件夾抵食招來,一餸米線只賣$19仲送飲品,是日中午時間去到,中老年人與年青學生各佔一半,年青人全部都係講普通話.叫咗個牛肉加腩片嘅兩餸紅薯粉($21).雖然係簡單嘅材料但勝在即叫即做,唔似車仔麵,即叫即有,等咗一陣,終於上檯,都好大碗,牛肉幾滑,腩片好薄但爽口,紅薯粉好滑,湯底比較淡,加點辣會好D.同一條街,兩間食肆雖然裝修格局相似但風格又各異,適隨尊便,點揀都得."
3,"是夜12點幾同班friend去左sugar飲野, 本來諗住坐outdoor, 但落雨關係, outdoor冇開, 唯有坐番入室內, 但音樂太大聱, 好難傾計...叫左杯pineapple ball, 但太重罐頭菠蘿汁味, 似糖水多過cocktail....而且大部份都係冇椅背嘅sofa, 坐得唔多舒服, 飲完杯野, 點幾鐘就散左水..."
3,"今天去吃豆腐花和飲凍豆漿,豆花和豆漿味道一般,但以$6一碗豆花和$4一杯豆漿,真的很便宜,朋友叫了一個煎釀豆腐,面頭那塊魚肉,真的薄得很,朋友仲話食到舊豆腐有些酸味.應該唔會再去."
3,今日老爸話好耐冇食打冷，想試試。我們一行2人於是去試試，7點到達不用等位，去到環境一般，地下好油好滑，怕老爸行路不便，於是揀左近門位置坐抵算數。 叫左個蠔餅，炒菜同鹵水鵝。 講真個蠔餅都不錯，夠脆同香口，抵讚。 鹵水鵝都可以，浸得算入味，但份量略少同清炒就不過不失，正正常。 如果只是為左食蠔餅未必會再來，因為地下周圍大肥膩和滑，不方便長者。<sssss><sssss>
3,好耐無食韓國野，約埋幾個朋友近近地去旺角食！天天氣凍凍地，叫左個海鮮鍋，海鮮大大份，侍應好帶耐性幫我地煮同剪埋。最驚喜係個麵，係韓國直送，好彈牙，超正。之後仲有我的最愛-韓牛！呢種牛醃左，好入味呀！！最後係烤雞，不過我覺得不太好食！總結必試海鮮麵同韓牛！！<sssss><sssss><sssss><sssss>
3,包店內選擇不多，只是有分大同細，包是用法包，而且會返焗的，所以食落包是熱及脆口的，本來預期入面的料會好多同爆晒出嚟，點知一拎上手，看似好似無咩材料咁，但食落材料配合個包是剛剛好的，材料好夠味！可惜供應座位有限及飲品選擇不多，座位是幾張摺椅，而且地方細，如果多人應該要企出門口等，位置不算方便。整體感覺還可。店內亦有少量其他醬料，蝦片，泰國公仔麵賣！家庭式作業，沒有特別服務要求，是自助形式。是現在少有的舊式店舖，！<sssss><sssss>
3,前排 見太多人講 紫薯 芋圓，所以心血來潮好想食😆😆即刻捉我男朋友同我去試😋😋😋地方幾易搵，環境乾淨，我晏就去到，唔洗等😆一入到去其實都好多食客食緊去相<sssss>唔係話好有驚喜，但都可以 ，芋圓有彈口，個紫薯蓉最好食😆😆反而後面個芒果腸粉好食，好椰汁，夠滑好食
3,下午茶有小食餐，亦都有麵有飯，最緊要價錢唔貴。<sssss>我就叫左鹽酥雞扒肉燥飯，雞扒色水靚，炸得鬆脆，肉燥飯都好大份。<sssss>跟餐仲有黑糖珍珠奶茶，唔使加錢！珍珠奶茶飲到真係有黑糖味，同平時嘅珍珠奶茶有分別。鹽酥雞扒肉燥飯配黑糖珍珠奶茶，下午茶都係50幾蚊，又夠大份，都算抵食！
3,牛肉同豬皮唔錯，舖頭gimmick個燙斗壓住豬皮係易燒好多個炸雞serve既時候係換左你個烤盤擺系爐上面 本身以為係得芝士系底但係有d謎之番茄碎(?) 唔多夾 然後雞肉裡面感覺仲有少少粉嫩想食炸雞都係去翻各大炸雞店喇下次⋯⋯<sssss>
3,"啲野其實幾平，星期一至五都有85折，平均每個小菜都係30蚊到，又幾大碟吓。我地叫咗6碟餸都係2百幾蚊真係好平吓，不過食物質素就普普通通，唔差亦唔係好，勝在夠平咁啦，鹹雞亦無特別，好明顯係冰鮮雞，好""實""無雞味但係就例牌唔夠半隻都要65蚊。"
3,"明明係open rice booking到寫左生日留甜品加Happy Birthday 字！去到無唔緊要、即場落、佢話師傅未返寫唔到,但都有生日牌、我都ok la。講左要1點前黎個甜品、又忘記、提佢地上啦、但就咁上左個甜品、無左生日牌同蠟燭，叫個待應補返、態度極差😡😡😡上菜又慢！啲待應淨係識傾計、吹水、都唔係做野！上左菜連碟都唔識俾我地、叫佢地俾、拎左黎就企定定係到要我地自己分！完全no good👎👎👎<sssss><sssss><sssss><sssss>"
3,呢期熱愛食炒蛋，尋日食完今日經過澳牛都要買番個蛋治過下口癮。上次食已經係兩三年前既事，我印象中係好好食好有蛋香。但今次買黎食已經無之前咁有蛋香咁好食，好似仲油左。<sssss>蛋治烘底盛惠$19大洋
3,"叫左個二人套餐($222)1) 生蝦刺身: 呢個無話唔好食GE, 不過我辣到標眼水.2) 炸蝦餅: 個皮炸得好脆, 入面蝦肉好彈牙3) 海鮮炒飯: 唔夠獲氣, 無乜味道~~似食炒白飯~~失望!4) 蟹肉扒西蘭花: 我搵唔到有蟹肉, 而且個汁無味, 似淨係打左個茨.....差!!!!5) 冬陰公湯: 都OK~ 無乜特別~6)甜品: 係泰式西米露, 我食到有陣洗潔精味~好驚~食左幾啖唔食喇...食過咁多間泰式菜館~呢間真係唔太合格呀!!!"
3,雜菜湯單要沙律$65加牛扒$78加一合共$157.30午餐有任食沙律，價錢唔平，都係嚟食舗租個湯好味精味，唔飲唔係捐失以前枱面有‘士的’任食，而家冇轉咗喺沙律枱有叧一款飽供應，飽鬆軟有香草味蕃茄有茄味，生菜爽脆，南瓜有甜味，通粉煮得過淋，冇咗咬口，西蘭花抄得好油，豆角蓮藕好香蔴油味牛扒都有啲啲肉味，不過不失<sssss><sssss><sssss>
3,旺角女人街食肆林立，下午茶時段嘅意粉飯只是35蚊以下都非常抵食， 餐牌都整得幾好， 色彩豐富， 圖片吸引， 飲品仲有幾多選擇， 有冰沙梳打。一坐低， 感覺張枱笠痴痴， 地下又有垃圾。 餐廳嘅裝修些許殘舊。叫了一個吉列豬扒意粉， 賣相好似好好 ，意粉酸左Ｄ， 吉列豬扒脆炸， 有啲雪藏味。 33蚊沒有太大的期望， 味道真係麻麻地。柚子茶雖然是大杯，啖口的。 咁不如老細你沖杯細啲嘅，好味啲好過。平是平， 但我不會虐待自己， 下次不會幫襯。<sssss><sssss>
3,朋友生日揀咗呢間餐廳，由開店想試到宜家，終於有機會試啦👯👯👯要避開d人，所以角度有d奇怪😝 裝修ok，但坐位有d迫～<sssss><sssss>Caesar Salad 都幾大份，味道正常<sssss>西冷牛扒唔錯，唔會好鞋，肉質ok，不過牛味唔太濃<sssss>Pizza 個餅底厚薄適中！<sssss>黑松露扁意粉 & Carbonara 味道偏淡，同埋意粉硬返d會更好～<sssss><sssss>整體可以，但無咩驚喜！可能我期望太大🙈
3,奶皇月餅興起，越來越多不同牌子相應堆出，要突圍難，要保持水準亦難。<sssss>靚靚月餅盒<sssss>打開有八小個奶皇月餅，算是沒有過份包裝，金黃色香噴噴。<sssss>微波爐叮熱，香甜鬆軟，但個皮略乾，一掂即散開，蛋黃即未見出色。唯好處係真係無油，食完手指仲係乾嘅。
3,隨便食個晚餐，去咗附近食酸辣米線，不過最尾都係揀咗麻辣， ＄30一碗左右腩肉麻辣米線<sssss>入面嘅腩肉較瘦，不過食起嚟都唔算太鞋。醃得甜甜地鹹鹹地。米線質素比較一般，因為佢煮太耐太林同埋本身質素都麻麻。反而湯底有啲意思，佢個麻辣真係夠香，食起嚟刺激得來又唔會食厭。美中不足嘅地方係米線份量並唔多！
3,"好耐無去過今次去唔使排隊！好！D侍應真係勁快見到有D外國人黎幫襯!!今次去only就點左蛋白燉鮮奶+杏汁燉蛋+奶醬多不過我覺得杏汁燉蛋太""林"". .好似糊仔咁反而蛋白燉鮮奶就好重鮮奶味!nice!奶醬多亦都好好味！"
3,這間台式連鎖餐廳相信大家不會陌生。近公司跟同事吃聽到沒午市套餐時有些失望⋯原來不是每間都有的<sssss>蠔仔泡飯，味道挺濃且配料不會太少不過不失。<sssss><sssss>台灣的牛肉沙麵與雞翼湯麵，湯底味道重配麵很快能吃見底但略為少咸。雞翼味道入味，尚算不錯。<sssss>炸雞扒湯麵，雞扒略為乾身及粉皮較厚所以沒上邊兩個好吃。湯底是同款湯底就不用再加以細說。整體而言沒套餐約80元一配麵，坐得是舒服不過就性價比較低。所以下次選茶木最好選有午市套餐這樣就值很多了。
3,"我同朋友都係嗜辣之人, 我o地叫o左個中辣o既米線, 好一般啦. 店員見到我o地再加辣油, 就主動提議加d辣湯俾我o地, 但係都唔見得太有幫助. 我諗我o地下次會試勁辣.  食送料方面, 豬潤真係幾ok, 薄身同爽. 水餃係新鮮做. 其他就有咩特別. 我朋友話長沙灣果幾間麻辣米線店仲得喎. 我自己係旺角先達附近食過一間雲南米線, 仲麻仲辣.  umm... 我諗我會再俾多一次機會試呢間舖頭!"
3,咖喱雞大辣 super hot curry chicken ﹗好好好辣 ﹗今次特別重手，還是我無撈飯食呢？香辣無比，越食越辣。溫度由胃擴散到全身，額頭跟背脊不停流汗，好刺激又好好味 ﹗印度香料濃郁多變，非常喜歡。雞肉大大舊、啖啖肉，肉質夠棉滑，正呀 ﹗ 近來著左魔咁，經常黎幫襯，越辣越高興 ﹗<sssss>
3,搭正七月十五嚟，打算買月餅，點知要下午4點後先可能出爐，特地走到旺角嚟，唔想空手走，見有新嘢未試過，就買咗個公仔餅食下<sssss>原來無餡的，感覺好似食緊大塊硬曲奇，但唔係鬆軟的，甜甜地咁，印上唔同嘅公仔形狀，用嚟tum小朋友就買啦😝
3,"我一响都喜歡食呢Ｄ小食但只係覺得仍然係以前街邊小販個Ｄ先好食响旺區個Ｄ賣一大堆不同款式小食既鋪頭內賣個Ｄ生腸,墨魚全部都唔新鮮但呢間真係好新鮮Ｄ生腸好爽無異味真係正,最怕有Ｄ生腸變黑哂又有異味墨魚我唸$5元串個Ｄ一定唔夠大墨魚好食,佢將靚位整哂大墨魚串$5元個Ｄ係差Ｄ但大墨魚要$10元我就覺唔係好抵因為份量唔係太大只係厚身Ｄ爽Ｄ不過呢間係難得賣呢種食物中算係有水準既一間,我以為葵涌廣場3樓個間已不錯原來呢間重正Ｄ添呀~~~~"
3,據知半熟工房成日都要排長龍，所以一直都沒空排隊。剛巧今天經過只有十零個人排隊，便去排左陣就買到了。回家後馬上食，芝士流心一流，有啲似乳酪。餅底紮實，一口氣食哂兩個。<sssss><sssss><sssss>
3,"好友好想來，於是約定幾個知己來個聚會，友人5：30先來，有梳化位坐，我因收工來到都6：30,黃昏景就緣慳一面了。今晚天氣好，不熱又有小小微風，幾個女人一個墟，又傾又飲又食，咁就坐到10：30。這裡食物很不錯，我們叫了4款食物，都很好味，最喜歡芝士薯條，芝士和薯條混埋好夾，pizza 熱騰騰，薄餅底又脆，好正，牛肉粒又林又有肉汁。<sssss><sssss><sssss><sssss><sssss><sssss><sssss><sssss><sssss>"
3,琴日下午在佐敦附近工作完，突然想起老店亞龍咖喱便去食番個咖喱牛腩飯，味道和（假）的比較，較為濃，但又無咁辣，牛腩水準維持到。但服務方面，那天只有8-10人，我一進入店到離開共order 了三次可樂但都無攞黎，有點美中不足。
3,"同友人們行完山就上去意粉屋食埋dinner先散band, 點知發現竟然只同AIG做優惠。可惜無人有此信用卡, 真係無so呀.食物真係油麻地，要用正價食，會覺得唔抵，牛仔骨，薯條，量唔多，五個人火速消滅的第一碟！芝士菠茶餃，唔掂啦！散開晒！味道又唔係特別香滑～三文魚Pizza，極品差，呢個配搭本來就好危險，三文魚好易腥，咁…朋友想試…正常食物第二碟，所以又係火速售馨，芝士肉醬千層麵今次覺得意粉屋d都係一時時好食, 記得上次去cwb既分店食既時候都唔覺得差既..唔通係分店既問題."
3,同mami  gor gor食lunchD 薯粉唔係食開嗰種扁平形，食落冇咁煙韌點了麻辣湯底，重唐芹菜味大腸都ok，係多肥糕jar熱伴薯粉汁醬on side，撈吓撈吓，濃淡自便唔怕太淡or過咸  Good第一啖好食之後就越泥越怪，粉/汁/餸D味道分開晒咁？可能薯粉唔索汁卦如果米線/河秎好DXX骨肉燥飯(忘了名字)骨夠淋，唔黐牙，有D薑醋feelyummy<sssss><sssss><sssss>
3,今天與朋友再到旺角店食，之前食過中辣的奶奶雞覺得辣味不夠，於是今天試了一個激辣的。結果是辣到苦，問店員為何會苦，先是說不知道，是廚房問題，又說是辣汁本身是這樣味。苦到像苦瓜一樣。之後再叫一個不辣的奶奶雞，結果也是苦的。以後都咪攪不過其他食物尚可
3,"今晚唔想煮飯，老公話未試過呢個上海飯店，咪同佢食下囉，連佢都話好味精叫左一個芽菜炒鱔糊客飯$46，一個客飯有一碟餸，兩個白飯同一個湯，芽菜鱔糊，好夠味，炒得好香，伴飯一流，酸辣湯又夠味，配料又多。鮮肉小籠包$25,五隻，肉好多但無肉汁雞絲湯年糕，d雞肉好似雪左好耐咁食完好口乾。味精太多了<sssss><sssss><sssss><sssss>"
3,"星期六晚四人來試,不知點什麼好,點了咖哩羊及牛肉餅,再來一份蔥油餅,我不吃牛,朋友同大食妹話唔覺得好好食,而且有點滯,羊肉好霖,咖喱一般,係個蔥油餅好食d,比朋友娥死!唯有再去添樂園試0下煲仔飯啦!"
3,未試過食大閘蟹宴，見個餐$580，就入來試下，入到去先見到有三種蟹，就加$100食最貴果種。係幾特別同都飽既，不過覺得如果真係好鐘意食大閘蟹就唔夠囉，得一隻，不過質素係可以的。<sssss><sssss><sssss><sssss><sssss>
3,"之前睇電視節目睇過, 終於有機會來試下呢度牛腩係柱侯牛腩, 出面多數都得返清湯腩正  皆因清湯腩易整嘛, 好少人肯做呢度牛腩非常入味, 牛腩紋到好淋, 又不太肥, 唔似有D牛腩真係好多肥膏仲有D牛根, 真係好正, 又淋又多膠質, 入口即溶河粉份量充足, 亦都煮開晒, 拌牛腩湯入口, 仲正當然大排檔未必個個鐘意,但都係一種風味<sssss>"
3,其實凈想食個餅睇睇同印度有乜分別。但佢一定要加2種配料只可加蛋及肉鬆。個手抓餅偏油就預左但佢煎得過火，邊位係硬而唔係鬆軟。加左疍整體一定香，肉鬆不過不失但沙律醬過甜。若果可以甜吃如香蕉，萍果醬會更吸引。試一次可以但配料不是我杯茶
3,合泰益豬腸粉 ($7/4條)米芝蓮推介☺️雖然自從登上米芝蓮以後多左好多人排隊 但排都係值得既👍🏻好滑又夠彈牙 加上秘製既醬汁 不得了😋<sssss>如果去開深水埗 一定要買包試試🙌🏻
3,"大失所望的明星雪糕店為了差評, 被逼寫滿200字千里迢迢轉幾次線到中環本店食這個聞名已久的美國嬉皮士雪糕剛到埗, 的確被琳琅滿目的CORN吸引, 十分十分十分多花款據聞他們的脆筒即使放了很久也是很脆, 教人十分期待加$20選了朱古力脆米通筒檸檬味雪芭和海鹽雲尼拿雪糕上面加了火炙棉花糖貴死了~~~<sssss>只能說我選了檸檬雪芭是非常正確的選擇除此以外, 雪糕只剩下死甜死甜死甜吃完我和男朋友都要瘋狂飲水如果不是食甜品, 我以為我食了味精 - -"
3,"無無聊, 試下咁多人都讚的Doraya食魚飯.蔥吞拿魚蓉飯定食 ($78), 女仕食份量OK, 男仕就爭D, 一定唔飽囉! 定食跟兩塊玉子, 暖暖的, 好味喎! 碗麵鼓湯就麻麻地啦! 地方細細, lunch都好多人一個人黎食. 如果有得3/4人, 要人齊呀! 我見有人要4人但人未齊唔比入呀!"
3,"同女朋友遊完蘇豪區，肚餓餓黎食個晚餐，就揀左呢間韓風路線餐廳。店員服務唔錯，很快就可以安排座位俾我地。呢期岩岩又興Pokemon GO, 大大嘅projector顯示精靈嘅位置, 等我地訓練員可以一路食一路捉(毒毒的說😂)。最重要緊係野食啦!!點了韓式牛肉飯卷，撈粉絲同半份炸雞同魷魚。最推薦都係飯卷,飯粒軟硬適中，又夠大份。不過粉絲與炸雞略嚴味道太啖,唔夠味。總括環境都舒適，值得夜晚黎Hea吓😌😌<sssss><sssss><sssss>"
3,某天星期日下晝再黎呢道食，人不多不用等位，睇完餐牌之後就order 左碗薯粉(咩餸就唔記得了)，薯粉口感幾特別，不過不失~另外又再order 蒜泥白肉，呢個真係好好味，啲肉切到好薄，啲汁辣到變左麻，雖然我都怕辣，但夾埋啲蒜茸幾辣都照食，同上次黎食一樣咁好食，認真抵讚!!!
3,"今日去左食皮蛋豆腐, 真係幾好..唔錯..仲有叫左個豬排魯肉飯.真係幾正. d魯肉送飯好好味..但真係幾迫..旺角係甘..<sssss><sssss>"
3,又係時候吃下午茶，屋企附近開了日台餐廳，一於來試下，裝潢企理，乾淨，而坐位不太多。<sssss>我兩又試2人吃3個下午茶餐<sssss>鹽酥雞，炸徖好脆，味道適中，不過肉碎了少少，而新竹米粉好幼，正好是我杯荼。<sssss>花生吐司好脆，食到四圍都係麵包碎<sssss>蒜香排骨，唔太油膩，好鬆脆，而義大利麵軟硬適中。<sssss>杯芽奶茶 - 好滑，味道適中，不會太甜<sssss>水果凍红茶- 好靚呀，好多生果，雖然係紅荼都滲著水果香， 不會太甜。<sssss>
3,等朋友 順便食個甜品。香蕉撻 賣相幾得意。香蕉微微燒過 幾甜。特別在於撻底用朱古力整 但朱古力味道很淡 又唔夠鬆脆 感覺不太新鮮。Cream一點都唔滑 成個甜品最好食係隻蕉。都幾令人失望。話係cafe H 姐妹公司 水準都幾參差喎。<sssss>
3,譚仔三哥，今日午餐出左上水食，好耐無食既譚仔，2個人點左一碗過橋米線，<sssss>真係超大碗，配料樣樣齊，真係好鍾意佢個炸醬，<sssss>好味～清湯不加味精，但又很香。來譚仔一定要點的土匪雞翼（5pcs)，<sssss>但有點失望，今次雪藏味好重，影響雞翼整個味道😨加左$6一杯凍好立克，但味道麻麻😭<sssss>真係有得必有失⋯⋯之前去過尖沙咀食譚仔就覺得米線唔好食，雞翼好正，今次就係米線好味，雞翼失敗⋯⋯食物品控有點差，希望下次再去食可以2win😜
3,好耐無黎，就特登收工同同事2個人黎左呢到，叫左辣子雞，口水雞同水煮魚，只辣子雞好干，仲要無乜味口水雞得油，好淡，但原本個雞整得不滑，水煮魚接受到，見到成煲辣椒但其實都無乜味，魚身都滑，侍應不知整天走哪，叫個人也要沒有，食物出品跟以前好不同，質素有明顯下降
3,"星期四去開呢頭, 見食評唔錯, 於是買左4 個鍋貼,  2 個奶皇飽同1 個豬肉飽, total $16.5.鍋貼當晚餐(自己反煎) -- 打開一睇, 發覺有2 只比店舖阿姐正爛, 好唔開心, d 汁無晒.  好彩有2 個完整無缺.  不過唔係好juicy .  d 肉都幾鮮甜.  都ok 啦.奶皇飽係lunch -- d 奶皇好香滑, 如果多d 餡就好正, 個飽幾厚下, 而且比較""pau"" (可能太多發粉or 梳打粉之類啦) .豬肉飽係breakfast -- 好juicy , 好味."
3,東亞信用卡有半價，叫左個四人餐，連湯同甜品共九道菜，份量夠~韓國o野都係以辣為主，辣度都算適合香港人口味~其中頭盤海螺沙律幾開胃，海螺肉有咬口~海鮮豆腐湯既辣又帶點鮮甜，幾好飲~生牛肉石頭飯就略嫌D甜辣醬少左D，唔太夠味~整體食物質素唔錯，但原價偏貴，如果冇優惠其實又唔太值~
3,店名叫鴨子，所以招牌菜一定會試，但淡而無味，真係 '鴨無鴨味' ！唯一可取係將肥羔除走，皮肉分開！擔擔面只要一試湯頭就知道水準！全無花生香，湯底稀，加上用類似日本拉面做面底，完全無辦法將湯掛到面上！其他菜式亦只一般美心水準，而且白開水都要收$10一位！所以應該無下次！<sssss><sssss>
3,這裡炒蛋炒得特別好味，價錢大眾化，service 當然冇啦。燉奶香滑，是晚上另類選擇。
3,"甘耐無黎過，估唔到係杏花村開左茶木!! 仲要係唔係好要等位!!!! 黎到，當然要食佢最出名既多士啦... 認真 mode，兩個人，叫一個飯，加個多士就夠，因為真係好好好飽...其實佢本 menu 整得都幾靚，好似雜誌甘，令人睇得都開心 d... 台式牛肉麵，牛肉幾 lum, 但個湯唔夠濃.. 台式雞扒飯，ok lah.. 正正常常~ D 肉燥幾入味，雞扒幾脆.. 最後最後仲有石板街多士~ 有蜜糖味，有朱古力味~ 仲有增肥既味道~~<sssss>"
3,清真牛肉館是我想去已久的餐廳，可惜九龍城對本人來說真的太偏僻了一直未有機會到訪。難得今天到九龍醫院上堂，終於可以到九龍城吃個飽！牛肉餅($32/兩件)<sssss>跟想像中的大小差不多，一咬下去肉汁便瀉出來了，肉汁鮮甜且非常多，餅皮薄身，煎得軟硬適中。牛肉餡很多汁，牛肉味不算濃，有吃生煎包的感覺。蔥油餅（$32/兩件）<sssss>本以為是大大件的上海蔥油餅，原來這裏的蔥油餅是薄薄的一塊煎餅，蔥不算太多但味道不錯，個人認為十六元一塊有點兒貴。
3,"見到有出薯圈,好開心下~因為我附近係冇哈迪斯...但係有d失望...都幾鹹...唔會食果個包,知道應該同之前果個黑椒漢堡大同小異...冇乜興趣...杯野飲都應該係芬達+雪碧~"
3,早兩年前，曾經在詠黎園攪過飯局，可是由於店內位子不多，只能找幾個好友去食飯。午間有點事跑過來，一個人只點了鮮肉小籠包及招牌擔擔麵。<sssss><sssss><sssss>鮮肉小籠包是即叫即蒸，誠意十足，包內肉汁比預期少，而豬肉偏結實，而包皮在滬式包點中可說是薄的了，只是一般水準。<sssss><sssss>招牌擔擔麵夠香口，白麵條掛湯能力不錯，吃起來滿咀芝麻醬香味，好吃；詠黎園還是麵好。
3,"是日找個地方與朋友一歇, 來些飲品及小吃<sssss>很大份, 賣相不差的Nachos, 有黃及紅色兩色的玉米片, 上面有牛油果醬, 紅荳醬, 芝士, Jalepeno等, 整體都不錯, 很惹味, 唯一欠缺了sour cream, 美中不足"
3,"o係天寒地凍(under 10度)既晚上, 試下有好多好評既依家鋪頭.試過春卷, 豬扒, 蝦餅, 粉包都好好食!間中有人食煙, 覺得好焗! 之後就冇, 因為開埋對面分鋪,廚房D食物就不斷送過去, 期間一直打開門, 一D都唔焗, 因為寒風不斷吹入鋪內, 凍到客人震下震下! (得幾度咋!)下次應該唔會再黎!"
3,"經過此店門口, 大大個牌寫住""馳名蛋牛治""好奇心驅使之下我就買左一個黎試下啦<sssss>蛋味濃厚, 牛肉亦有牛味, 不算發得過火,但我個人覺得味道不算特別出眾"
3,約咗朋友食午餐，就近近地喺大埔中心食<sssss>佢嗰個青木瓜沙律都唔使得個幾條呀嘛可能因為就香港人口味酸酸甜甜一啲都唔辣我一早同佢講可唔可以要多d辣椒或者整辣d結果係冇嘅<sssss>冬陰公湯我以為自己喺泰國食緊food court 乜嘢事呀，香茅檸檬葉南疆味完全缺乏味道偏鹹又唔夠辣<sssss>不能夠再差既海南雞飯雞肉有雪味份量少就唔好講啦個飯都可以係冇味同硬冇下次
3,"經過幾次, 次次都好多人買. 我都好想試下, 奈何次次都唔餓. 剛巧今天有少少餓, 買了一個豆沙燒餅黎吃. 表面和底層都沒有烤到焦焦的脆脆燒餅面層撒滿芝麻煙煙un un 的紅豆餡都只是薄薄的一層紅豆餡唔太甜，總之就非常好味這個的確沒有讓我失望, 好綿, 今次我不費吹灰之力, 用了不需1分鐘便把整個幹掉...好厲害!"
3,直踩兩場，中午吃完飲茶放題晚上就來和朋友慶祝他的新婚之喜。這間餐廳比較是酒吧類型，有得掟飛標同玩推酒杯，輕鬆的環境。「海鮮拼盤」<sssss>「炸鹹豬手」，這個好味，味道不會過咸，有咬口：<sssss>「鐵板燒腸仔」，普普通通的食味<sssss>「茄汁海鮮意粉」<sssss>整體味道不難吃的，反而酒的質素就值得改善一下，杯 House Red 好難飲。若有下次，還是來吃飯好了。會否有點本末倒置？！
3,2013年的最後一天，以一杯out of my expectation的Praline Mocha作為總結。<sssss>亦以此作為我在Openrice的開端。Byebye 2013.Happy 2014 :-)
3,一圍十幾人、叫左勁多款菜式，係一般飯店少有菜式，搵左其中兩樣講下，我都係第一次見😍😍😍<sssss>人地撈起，佢又撈起，真係好鬼特別，一間平平無奇既飯店咁然有三文魚撈起，個種感覺同酒樓好唔同，多左一份清新感，好味又特別！<sssss>依隻雞真係不得了，你睇佢原隻上，仲要係玩原隻手撕，外層燒到脆卜卜，內裹又出奇咁嫩滑，真係好玩又好食，超有驚喜既一餐😍😍😍
3,"經人介紹先知呢度有間野..原因始終上樓梯前門口望入去真係以為賣花= =...""點知入面係有友善員工及環境處於一個小森林入面咁..唔識形容..試左瓦碗上既鼓油雞飯...雞麻麻..肉質無乜特別..唔多鮮肉味..勝在份量足同賣相ok..而隔日試埋 牛什河...份量足..牛什都係..味道標準..有兩舊菜..19$ 整體ok一般..服務唔錯...對比個頭..係唔錯選擇..."
3,"話說朋友收夜同佢去食宵夜, 10點後入座冇乜人, 諗住快食快走, 點知哩位應該係老闆娘既短髮女士見我地點既野太小, 落單時言語及態度都好明顯係歧視緊我地咁, 後尾想加單仲好串咁話""我地收工喇喎!""就唔理我地, 入黎食野竟然一路受你白眼, 真係不知所謂既服務態度, 你唔喜歡既就學茶餐廳收最低消費, 咁既態度真係有今生冇來世, 唔洗旨意會有回頭客!"
3,"睇完戲同2個朋友仔係到食~時間岩岩好, 又唔駛排隊咁就去左呢架野~我地叫左個頭盤, 一個飯, 一個面, 一個PIZZA 仲叫左2杯野飲tim~d service好好, 唔錯!不過d野食就麻麻....我問佢, 我想食d creamy d既pasta.. 不過.. 汁好少, 又冇味個飯好似鹹魚飯....個pizza 好一般~ 個卷都係...總之d野唔好食..好睇就好睇...食就唔好食~<sssss><sssss><sssss>"
3,呢日去到旺角嘅行人專用區行街突然聞到陣陣嘅曲奇香味即刻同朋友一齊搵吓香味嘅來源行咗幾步 轉過彎 見到呢間新開嘅鋪頭諗都唔使諗 已經即刻決定要買黎試吓<sssss><sssss>我哋揀咗原味不過咬落去第一啖 已經有少少失望因為個棒棒條有啲硬而且冇乜頭先聞到嘅牛油香味棒棒條只係有少少微溫 並唔係親鮮出爐配上雪凍左既custard Custard好滑 <sssss>
3,見到某飲食網站介紹 以好好食點知中伏了 我地一行4人專攻牛類 刺身 石譹牛有6種 牛舌 和牛 等等 我地叫哂禁多種 黎到睇係幾靚  但食落 唔值呢個價錢 只有牛舌有牛味 但不juicy 提供的醬汁都格格不入...刺身 尚可接受 三文魚入口沒有入口溶的感覺 北寄貝好食 山檺都好食 值得一讚 另外要注意既係飲品只包一罐 之後再叫就18蚊一罐 同酒店叫既價錢差不多 另外換網要加$30 換醬油要另收$18 其實 330既價錢 整體係低過我期望的 。。。
3,行開尖沙咀見到有間泰國菜餐廳就入去試下。雞肉幾嫩滑，點埋有花生粒既沙嗲醬就好惹味。<sssss>將豬肉碎搓成粒丸再炸，不過一咬開就鬆散曬，而且味道偏鹹，好彩點下酸辣醬之後再用生菜包埋住食冇咁鹹，但整體都唔太吸引。<sssss>花甲味道鮮甜，配埋辣椒膏味道岩岩好，夠惹味但又唔會太辣，同埋份量幾多，花甲大部份都開曬，好食。<sssss>食物未算吸引，不過環境唔錯，有個露天環境對住九龍公園，但因為露台已經坐滿，唯有坐室內屈就一下。<sssss>
3,我記得我第一次食d間野係係太古..果時佢d小籠包真係整得好好..但之後越黎越多分店..水準越黎越差..尖咀d間我都食過一次..水準同出面既一樣..冇咩特別..但環境都ok...
3,"星期六特登訂枱食泰國菜。三人。叫左柚子蝦沙律<---好味，推介，柚子又甜又大粒。蝦餅<--都ok，但其他餐廳無咩分別。菠蘿炒飯原隻上，又香又好味。令人失望的係碟炒芥蘭，咸,多汁,唔好味。還有嗰個我期待左好耐的芒果糯米飯，芒果係酸的，黑白糯米中的黑糯米太硬:<哪裡才有好味的芒果糯米飯?"
3,"早前陪朋友去深水埗修理電腦，俢理完電腦之後在附近揾地方吃飯，朋友介紹老鳯,她來過這裡話幾好,就去了老鳯吃飯，我和朋友入到餐廳，朋友想找店員寫野,店員服務態度好差,店員話未到營業時間，話我和朋友冇望外面休息牌就入來,朋友話冇見到有掛 店員好似皇恩話下不為例，朋友未見肚餓，她只叫了一杯飲品,我就叫了咖哩海鮮飯+可力，味道都OK,裝修都幾靚,服務真的不敢恭維了,可力勁甜 ，海鮮飯都可以，呢間不會再有下次，深水埗有咁多選擇，仲點會再來令人受氣餐廳<sssss><sssss><sssss>"
3,每次經過都太多人而冇食到，今日大概3點幾見冇乜人，終於可以食到~~~ 叫咗豬紅，蘿蔔，雞翼尖配油麵，朋友要豬腸，蘿蔔，魚旦，豬皮配油麵。蘿蔔唔夠淰，豬紅冇咩味，最好味都係豬腸，夠淰同入味！整體黎講，只係一碗正常再正常既車仔麵，未至於要大排長龍去食
3,同朋友兩個人食左：沙窩津白湯- 朋友話以前唔係咁袈，家下咁少火腿，咁多蝦呀，魷魚呀咁，不過味道都幾好咖哩魷魚- 咖哩味唔錯回窩牛肉- 回窩味幾好，牛肉普通，太多油了整體幾好，會再幫襯
3,食左好多甜o野同埋唔同既野都諗住回家結束今日既深水埗之旅﹐但係淋走時見到呢間野﹐所以憑住都唔知邊日再會尊登出來深水埗就買多3舊糕先走。1)芝麻糕 - 好重芝麻味﹐但太甜。2)缽仔糕 - 幾好﹐但亦太甜3)紅豆糕 - 3重糕最好既。都幾多紅豆﹐同埋唔會太甜。4) 鬆糕賣晒。幾蚊幾蚊本身雖然唔係多錢﹐但係以佢地糕點既質素同味道來講﹐底唔底就真係見人見智。唯有諗佢地用超於所雖既糖來整呢d超甜糕﹐佢地買糖既皮費都唔少既。
3,假日咁啱黎到將軍澳又見到有得食all day breakfast所以就排一排隊試下比想像中快30分鐘到有位對all day情有獨鍾既我當然要叫番個啦<sssss>個bagel脆脆地好味其他都ok既<sssss>不過呢個意粉就油咗啲啲味都可以既友人係綠茶控所以叫個matcha lover<sssss>不過呢個綠茶心太軟唔太綠茶一般啦飲品都係一般啦<sssss>
3,同朋友最愛食川菜，成日都約埋一齊食唔同川菜餐廳！見有其他朋友推介話呢道個味幾正宗就約埋朋友過黎試！去到坐底，待應就幫我地開位，但竟然打算循環再用上一枱既枱紙😐友人覺得唔衛生要求更換！但竟然要講幾次先有人肯換？店舖既衛生準則絕對有待改善！之後我地叫左個酸菜水煮魚同涼伴秋葵！酸菜魚我地要左小辣，但都算幾辣😂個味做得唔錯幾好味，魚亦都唔算多骨！其實餐廳既食物味道唔錯，如果可以改善衛生問題，絕對願意推介比其他鍾意食辣既朋友！<sssss><sssss>
3,今日LUNCH 諗唔到食咩，不如就試下新出M記瑞士芝味外賣返公司，唔使同人逼。keke<sssss>仲叫埋個粟米批<sssss>食落去比較偏甜，Um⋯⋯只屬一般。但感覺係似飲粟米湯味的～<sssss><sssss>重頭戲當然係個包啦！真係芝味十足，菜多番D更好，牛肉算厚，但似孚不太實，有點口完就散既感覺。都OK，下次有機會再試新野～
3,秋風起當然要食啲嘢暖下個胃啦，而食羊腩煲亦係秋冬嘅指定動作。<sssss><sssss><sssss>羊腩煲一上到枱已經見到非常大份，而且仲會送上一大盆蔬菜。而羊腩要開火滾一滾就可以食得，內裡材料豐富，有羊腩、枝竹、冬菇 、竹筍、馬蹄等等而羊腩份量真係好多，而且肥瘦適中非常惹味，加埋吸哂湯汁精華嘅枝竹真係無法抗拒。最後當然就係煮埋啲蔬菜一齊食，做個完美嘅句號。
3,"幫襯過一次,叫左個招牌米線,$50碗有雞脾,有冬菇,湯底用雲腿""餚"",非常好味,好大碗食到捧住個肚走!service麻麻,一般茶餐廳service. 坐位都係茶餐廳位."
3,每次經過K11見到呢一間餐廳都好多人等，好似幾特別咁，我哋就試一下。小食叫咗藍芝士脆雞翼，炸粉過厚，內裏雞肉一般，好彩個藍芝士醬幾惹味，芝味濃郁， 幫手加番D分。<sssss>車打芝士鮮蝦意粉，芝士味反而唔係咁濃，意粉算彈牙，蝦數量不少，整體ok。<sssss>好彩鮮果茶味道清香，茶味豐富，鮮果亦多，十分解渴挽回唔少分數！<sssss>
3,最近一年去吃了五六次四合院，因为住在湾仔离得很近。但都不太满意，每次麻辣香锅不是太咸，就是太淡。有时候太淡了，没味道，回锅之后就咸的没法吃。有时候太咸了，不知道厨房怎么回的锅，端出来还是一样咸，只能涮着杯子里的水吃。让店员自己尝尝也说太咸了，但绝对不会真的重新换一锅，而是原样再从厨房给你端出来。也不好意思说啥。还有两次，菜量少的只有正常分量的三分之二，少了三分之一吧。就这样还去了五六次，最近的一次决定彻底放弃了
3,餐廳: 媽咪雞蛋仔 (尖沙咀)時間: 晚餐甜品價錢: $18性價比: 👍🏻👍🏻👍🏻(5👍🏻滿分)難得第二日多左個法定假期 當然前一晚要食飯睇戲直落啦👯 食左個朱古力媽咪雞蛋仔💕 佢雖然無低調高手咁脆 但係勝在入面味道好特別 啖啖朱古力味 而且朱古力仲唔錯添 不過如果有d朱古力脆片仲好👍🏻<sssss>
3,"如果喜歡置身於高級的餐廳，慢慢坐著和朋友談天說地，這裡是一個蠻不錯的選擇！但論説，喜愛咖啡的我，我就不會太想推介！咖啡質素不太好，喝下去比較粗，今天點了Flat White,喝完後，我只覺得口中有點苦，沒有奶香！再點了一個Lemon Tart,甜了少許，只覺是一種人造的香味！而服務來說，我感覺到他們很想做到最好的，個當我想落單時，我揮了好幾次手，他們都沒留意到，只見他們沒事做的時候，企在一角談天！老實說，若果不是它的裝潢設計吸引著，我都不想再有下一次！<sssss>"
3,首次享用午膳，味道尚可，反而賣相不錯，唯我較少見連豬頸肉放入湯中，但對於怕熱氣的我算合宜，份量也適中（以所付出價錢）。不能不提他們擺放醬汁樽，外表美觀，可惜容易倒瀉。剛巧有一位女士出現倒瀉場面，但服務員的效率有點遲疑，令到場面較尷尬。其實服務員禮貌不錯，可惜對於講解和聆聽能力仍有點改進空間。環境方面，雖然舒適，但出入位有點不便，只能說香港太細，他們也太善用空間。<sssss><sssss><sssss>
3,"今日中午時份去試佢既茶餐, 終於都感受到佢既威力叉燒通粉, 流野, 湯底無味, 叉燒唔好食牛油多士, 好, 外脆內軟, 牛油又夠炒蛋, 幾好啦, 又唔見得有幾超班, 有時大快活都有甘既水準奶茶, 普通野, 無乜茶味招呼, 都OK啦, 但伙記真係好醒好快好記性由落單到上碟全部不用五分鐘但真係好逼好趕好有壓力如果唔趕時間既朋友, 千奇唔好去真係食完都會胃痛"
3,菜色好似不同於沙田店，味道亦稍遜碟頭大，我諗要四個人先好叫小菜米線唔得，茶依舊好飲二人卡位舒服侍應服務好廁所得一格衛生要改善
3,有時唔知食乜好，都會去窩貼大王解決，方便，平，快靚正。<sssss>唔知點解，呢度既食物同阿姐，都好有親切感，可能有家常傳飯既感覺，簡簡單單。鎮江骨，鍾意鎮江醋既酸同香氣，用黎撈飯真係一絕！入面既豬軟骨夠林又鬆化，而且份細好多！岩哂麻甩仔女食！最鍾意呢度上海麵入面有塊生菜同酸菜，好多地方都唔會有，讚呀！窩貼雖然皮唔薄，但是隻隻有肉汁，而且個底煎得好香脆，$2.5一隻，真係好抵食！
3,奶茶不錯....食物跟普通茶餐廳差不多.....不過最吸引係隻大貓...好得意的
3,今日有點事做，就係呢度解決個lunch。去到收銀，可能係假期所以比較多人，都唔算等太耐既。食左香辣脆雞配薯格，用左張coupon換個萄撻。香辣脆雞可能剛剛炸好，熱辣辣，好正。皮脆肉滑，肉汁豐富。薯格無乜特別，但都收貨。葡撻好耐無食過，蛋都算幾滑，唔錯啦。凍奶茶當然無譚仔咁好飲，但都唔係奶水咁恐怖。實有下次，不過唔知幾時啦。<sssss>
3,Weekday Lunch有定食比起附近既工廠西餐，呢間價錢算幾抵食五六十蚊食到一個lunch我通常都選個香蔥切角魚生丼，配一個小食，麵豉湯同一個飲品。食物中上，但服務就麻麻。食物黎啲唔黎啲，waiter嗌極都無乜反應。。。<sssss><sssss><sssss><sssss><sssss>
3,睇見食評個個都話好食，於是同媽咪來試吓，美麗華嗰間去食過不好吃，限時食九十分鐘，點了小龍包，皮厚，不夠熱，用布墊底都無用，包頂唔似得好像台灣的鼎泰豐夠熱，包頂有窿可以加醋，呢間做法完全不同，肉質粗鞋。另外，酸辣湯又唔夠熱，叫侍應幫忙加熱，佢好有禮地又好快咁送上。醉鷄又鞋又無味。試過唔會再來光顧了。<sssss><sssss><sssss>
3,"腸粉($10有9條)比想像中好食~幾滑,d甜醬好食過出面果d~又平又好食牛肉球($7有3粒)唔食好過...好難食..又粉又冇牛肉味阿姐d服務簡直""一流""呀...你叫佢寫單佢竟然話""你睇唔到我捧緊餐嫁,邊有手寫呀,你等等呀""...聽完之後我下扒點地咁滯......今時今日咁既服務態度邊得架....<sssss><sssss>"
3,嗌左三個意粉食物嘅賣相幾好麵質唔錯，都幾有口質但係味道方面，三個都係偏淡，冇咩香味個汁味道都唔濃食上上嘅感覺比較齋似白烚較多<sssss><sssss><sssss>至於飲品嗌左Oriental Kiss味道幾特別，幾fresh有幾重石榴汁味，不過中間有好多籽飲嘅時候都會有少少麻煩<sssss>仲有個小食Fish Prawn Balls份量比較少不過唯一感到唔係白烚，比較惹味就係得呢個<sssss>環境係寬敞舒服樓底好就，好適合同朋友傾計嘅地方待應亦都好有禮貌但食物真係好一般<sssss>
3,<sssss>龍門居依條街，相信好多屯門人都識，夜晚超多小食😍就好似屯門版既葵廣咁，掃街一流今次食左個大塊芝心雞扒😍拎上手熱辣辣😛炸粉厚左d，質地粗左d，但食落都脆既 😜肉就嫩👍🏻芝士超多😍每度都食到，鹹香味頗重😈整體而言，最吾中意係炸個塊皮
3,行過見到咁就入去試試因過左食飯時間唔洗等位..我好怕等同迫尼間食米線..！份量都好足夠配料夠...牛展...好林豬耳...胞口墨魚鬚一定要叫（👍🏻👍🏻👍🏻爽口）酸辣湯底唔差....（唔太覺佢有酸）要讚係支豆漿...好飲唔甜👍🏻👍🏻👍🏻佢係即日磨的比一般連鎖店好味.....！<sssss>
3,成日聽人講呢度嘅醉蟹好好味，特登約埋同事嚟開飯前菜先來燻蛋，晶瑩的糖心加濃濃煙燻香味，推介必吃<sssss>跟著點了拼盤，當中燻魚比較好吃，建議還是點雙拼或三拼自選好了。<sssss>主角醉蟹出場，金黃色的蟹糕很吸引，入口濃烈的酒香加上蟹肉的鮮甜，正！<sssss>另點了幾款小菜，小籠包，百頁結，津白，獅子頭，卻不見特別<sssss>最後當然要甜品作結，現今不是容易吃到的拔絲香蕉／蘋果在這裡就有，一定要點呀。<sssss>
3,"想去這裏可能都超過20次以上了, 今次門口不見人龍, 終於有幸一試當然要點一個担担麵及小籠包, 担担麵的麵質不錯,十分彈牙又有咬口, 不過担担汁没有花生醬味, 而且辣味不足咸味過重, 肉碎太少, 如果以$30的價錢來說,真不太扯.....小籠包的皮做得不錯, 皮薄饀都算OK, 這才可作為招牌貨.....不過坐的環境真的迫得很, 而且又太嘈, 即使食物有多好吃, 都會因而有所影響.....SERVICE也是很差, 叫都無人理的, 很過份.....<sssss>"
3,"同男朋友食完維記...之後就食劉森記..知道係食蝦子面..所以就黎一試..我地叫左2個面..店入有好多人..都幾食...有一碗湯送..不過咸左d..之後個面黎...有好多蝦子,,,,,,,好好食...面又唔會太乾,,好好食,,,<sssss><sssss><sssss><sssss><sssss>"
3,"叫左2個tea set, 咸點個幾樣都好味，但甜點就麻麻，得berry jam cake  OK.2個沙冰如果多d 生果會好味d.3pm  去到，仲有好多位，但service 都係好慢，叫2個set，第二個set 半小時後先來。2個沙冰等左45分鐘！旁邊個枱遲來的都到齊食物，不明白點解我地吹來吹去都吾齊！就算好食都吾會再黎。木口木面既西裝waiter 收錢連多謝都無句，對mango tree 好失望。<sssss><sssss><sssss><sssss>"
3,"兩人叫左西班牙海鮮飯 同一個pineapple pizza . 可一提係傍個pizza 用新鮮波羅，食得出既新鮮。同埋西班牙海我地終於都出機喇✌🏻鮮飯用既seafood都係好新鮮。吾似係急凍。但個人較喜歡用石爐焗既pizza. 另外個西班牙飯既米吾夠熟。所以有待改進。 但餐廳提供四款西班牙酒sangria ., 鐘意易入口糖味高既酒既朋友可pair up dinner with sangria .<sssss><sssss><sssss><sssss>"
3,定期都會約埋舊同事出黎見，咁先keep到個友誼，由於都7個人 為左就大家。乜都有野o岩食。就決定食放題，不過今次揀個地點 好似真係揀錯.... 7個人 坐得好迫 如果身型大少少都...而且環境好熱鬧 時間亦有限 真係想傾計既話 就不如食完轉場算食物選擇同現時一眾放題一樣 但唔會話完全冇得揀。每款都有 7，8款揀下。 上菜速度都好快，而且都冇乜漏過單！ 最怕漏左 或者 你寫既數 比黎到既數少！<sssss><sssss><sssss><sssss><sssss><sssss><sssss>
3,成日都聽到人話呢間好食，又排哂隊。甘就同同事去一試啦。多士同炒旦係好食，但我就覺無D人講到甘誇張有幾特別。炒旦本來應該就係甘，當然比起出面茶餐炒到爛容容O既旦，呢間澳洲牛奶炒旦梗係靚，但我覺得同翠華，大家樂早餐D炒旦都係差不多質數。致於個通粉就十分普通，太鹹。我同我個同事都O咀， 吾係話吾好食，但吾值得特登去排隊食。無下次
3,"我去過好多次啦...基本上一個字迫囉....飲茶都可以啦, 啲野食唔錯,最緊要你要有人幫手搶野食, 如果唔係就剩坐囉...晚飯都可以啦, 價錢好經濟, 食物都可以, 但係可能設計問題, 係勁嘈囉...應該咁講呢度係舊式酒樓, 係為食物, 唔係為環境啦"
3,專程係時代廣場放Lunch行去買黎飲，去到都有不少人係道等緊，之後越等越多，等左半個鐘先拎到杯珍珠奶茶😪本身好期待飲落去咩味，但感覺真係嘛嘛 不過焦糖珍珠係好咬既同味道不錯 但奶茶就.. 應該冇下次<sssss>
3,"見到雜誌介紹這間拉麵店剛巧又逛到這裡對於我這個喜歡拉麵的人來說必然要一試!叫左豚角醬油拉麵同炸地雞豚骨拉麵麵較淋,湯底好咸好咸,而且非常油膩,食一口已經成咀係油...味精好多,要係咁飲水!!!以拉麵作主打,顯然是不合格!反而溏心蛋很有驚喜,很入味,好味~雖然不用加一,價錢便宜,但質素較差,很難再有下一次!<sssss><sssss><sssss>"
3,"每次去深水埗都必定會食返1,2件的, 我覺得好味的有:紅豆糕(入口即變紅豆蓉)砵仔糕(好滑)白糖糕(甜酸味適中)芝麻糕(略甜, 不過滑)不過鬆糕就唔好食啦, 好乾, 哽喉嚨.記得有次冬天時黃昏去到, 只賣淨紅豆糕, 不過剛出爐熱辣辣, 雙手捧住件紅豆糕慢慢食, 真係好溫暖, 自此我就愛上呢個紅豆糕."
3,唔熟路的我們搵唔到欽記，在一家品店的店員指導下，沿著和豐街，終於搵到。牛腩雲吞伊(細) ($18) - 柱侯牛腩入味，但唔夠稔。鮮蝦雲吞即場包，蝦身爽但味道和雲吞皮則一般。牛什水餃麵(細) ($18) - 牛什入味，好多人叫。水餃比雲吞鮮甜。腩汁湯底香甜，麵比伊麵好味。這裡伊麵唔洗加錢，雙併亦同價。<sssss><sssss><sssss>
3,"剛好人在佐敦,7點多覺得肚子有點餓突然想起這裡的三文治,也就不再多想提起腳步向渡船角進發看了看牌子,又漲價了,記得以前住這裡的時候一個小法包16,大的32..真是百物騰貴呀自己一向不大偏愛肥肉的口感,依舊要了一個小法包走豬手貴了是貴了,但慶幸包還是依舊的香脆,嚼肉跟扎肉的味道亦沒有走調一口法包,一口汽水,好不滿足還是那句,比起三文治,我更愛這兒的蒜蓉包但是晚只有自己一個人,實在吃不下那麼多下次來的時候還是要多拉一個人作伴才行"
3,"一家四口等左二十五分鐘就入得去,雖然係晚上九點幾,但係依然好多人等位!!!!叫左風沙雞-----佢d蒜粒好香,不過隻雞唔知係咪纖體完,冇乜肉嫌""鞋鞋""地............潮式乜乜伊---彈牙,出面食果d伊係一""pat"",不過呢度d伊食落有口感,而家諗起都想再食!!!蠔仔餅---落足蠔仔,不過煎得左少少.........白粥----潮色白粥,唔稀!雖然好多人，不過竟然坐到window seat,但係個view係地鐵站,都好丫,有風景望下!!!hahahaha"
3,美食哥倫布今次去咗荃灣搵野食!有乜咁古怪?一齊睇下啦!山坑魚仔都上得大場面？原來山坑魚唔一定係細過手指尾！潮江春居然用梅汁去整山坑魚！炸完又真係幾好食！好香好脆口下！梅汁就唔算好甜，係有啲油！仲有個蝦膠豆腐都幾過引，不過就淡味咗啲，而且舊蝦痴唔實豆腐，我對佢就麻麻喇<sssss><sssss>
3,"<sssss><sssss><sssss><sssss>每次去都會叫酸辣湯拉面, 因為味道好味之餘, 材料都好夠多, 一大碗夠晒兩個人食; 而三鮮鯊魚骨湯泡飯, 好新鮮好好味, 湯底好濃, 我個人認為太細碗了, 但售價要78元, 略嫌貴了一點; 黑木耳配以陳醋來品嚐, 好特別, 也很開胃, 我一個人差不多食咗大半碟;  最後叫了一條炸銀絲卷作結尾, 趁熱食, 效果更佳, 兩口子食了一餐豐富又滿足, 味道不錯的晚餐.<sssss><sssss><sssss><sssss>"
3,識食米線當然要去食米線專門店，因中午時間太多人了，只好食外賣。<sssss>   通常都會食呢款酸辣米線，因其味道偏濃郁，酸酸地既感覺但又加上微辣的刺激，再吃內裡既配菜，越食越開胃。麵身可能外賣關係，有少少過熟了。
3,"有成五` 六年沒去食La, but 依然好好味& 依然趕人走!!!"
3,<sssss><sssss><sssss>我點選了石頭鍋既雞肉飯！上台時有大量既菜絲係表面！綠色密密麻麻！還有2碟小食附送~泡菜同蘿蔔！泡菜唔會太辣！都幾開胃！翻開了表層~~終於看到了雞肉！雞肉都算好樕滑~一d都唔乾身！鍋既size夠哂大~所以份量亦好足夠~我諗女士們未必食得哂！之後落左d韓式甜醬，味道層次提升不少！！更為惹味好味~~還有飯焦and蛋，令到味道十分香脆可口！
3,今日一個人走去灣仔見客，午餐時間周圍都係人，真係唔想等，行咗10分鐘，見到呢間食粥嘅有位就入去坐，食得太多肉清下腸胃都好店舖地方細細，午飯時間其實都坐滿人，裝修就略為舊了少少<sssss>我叫左個香煎蝦米腸粉，份量都幾多，不過超多油，蝦米都唔夠香唔夠多，腸粉的汁咁略為老了少少，煎得也不夠脆，又唔脆又唔係滑，唔三唔四另外一碗就係花生旺菜豬骨粥，整碗粥都比較綿，我最鍾意就係真係用心機用火喉嘅粥先夠好味，豬骨的香味都出晒黎，不過花生就有啲梅梅地，唔係好夠新鮮
3,"一間好隱蔽0既食店, 仲有0係d'酒店'附近. 如果唔係好食, 都唔想行去. 人稱蛇竇0既地方!! 真係好多人0係度蛇王, 都幾多人. 食左一碗茄牛蛋米, 好勁呀. 好多茄茄呀, 又大碗. 食極都唔見底. 好抵食下. d湯都幾好味. 我諗除左星座, 都食唔到呢種茄茄米. 都好特別下. 但係佢都幾唔憂做, 星期日及公眾假期休息. 想食都要睇日子!!"
3,由於突然想食鬆餅 又吾想去排咖啡弄於是同朋友一行2人去左盧居試下我地大約12.30到 眼見店內只有一枱客人店內地方狹小 未能做出cafe的效果首先我地點左招牌既草案鬆餅鬆餅內軟外脆 水準不錯草莓夠甜 值得一試<sssss>跟住我地點左依個芝士蕃茄多士芝士味夠濃 多士邊都係脆既整體都幾好👍👍👍<sssss>野飲我朋友就點左oreo沙冰 冇我想像中甘甜不過就好重奶味 飲完好滯<sssss>最後既依杯草莓茶比人感覺好清新值得一試😄<sssss>
3,"為了準備已經相識10年的好姊妹生日, 帶她去間好餐廳~~~~最重要係要環境靚HAHAHA就在OPENRICE搵到了AVA Restaurant Slash Bar..蟹肉雙重奏 (朋友最愛食蟹) 很新鮮,味道也很清新<sssss>肉扒好好味,不會韌薯條看似配菜,但好好味,外脆內軟~ 食唔停口..很快就清光了~~<sssss>烤法國春雞 有D普通..不太特別<sssss>玫瑰花雪糕 會有廚房即埸整, 整體好靚,朋友也很驚喜! 但味道麻麻..食左2啖就冇再食了 ><<sssss><sssss>"
3,食哩一餐張枱太細前菜得一碟青瓜一啲豆瓣醬 辣醬同豉油 胡椒粉 豬肉都OK  我覺得個熨 作用低。可有可無牛肉好重牛味 之不過第一次食一餐韓燒係無泡菜嘅全程得食肉包生菜同醬因為諗住食完寫食評 所以你咪問佢係唔係泡菜要比錢 個女職員話唔係 依家要唔要 當然唔要啦 因為已經食完啦 好奇怪嘅系一開始冇俾我哋。我哋仲以為係冇嘅不過無泡菜嘅韓燒真係好難頂<sssss><sssss><sssss><sssss><sssss>
3,一條友求其走咗入嚟食海南雞飯套餐雞肉位置全部胸口位又吾夠肥美，鞋拾拾好在飯粒乾爽夠香湯我通常都吾飲食咁多次今日麻麻不過有時候都吾錯所以我有機會都再幫襯<sssss>
3,"行行重行行,行左一邊深水步之後,行去對面馬路食心愛腸粉。阿姐見到拎住杯公和豆漿坐低就望左一望,原來呢度又係有張告示:不得在本店進食外來食物!噢...唯有醒目地一啖都唔好飲住=p整左碟腸粉+燒賣。又黎狂落甜醬.....食落點解d麻醬唔係好香??甜醬又唔係以前個種甜味???今次既化學作用唔太強bor!!係唔係天氣太熱,搞到自己味覺退化呢??燒賣都似乎縮左水!!上次大粒d架bor,睇黎又係有一排唔黎lu。"
3,"其實全這區咁耐, 就算我喜歡食酸辣一直都無想過去此間同事叫我地試試~價值唔係貴, 湯底$19 , 餸就$4 一款, 另加DRINK 都係加$5叫左豬頸肉小酸辣米線 ---豬頸肉唔得...薄到唔知自己食緊咩 , 湯底夾得唔錯, 不過酸或辣, 老實講配料就唔算太多, 粉底就絕對夠食, 另加酸菜....點知唔係我想食果隻 (即好似譚仔)....(PS. 其實我想食係豬軟骨)不過環境真的好迫...2人座根本坐不到2個人....冷氣足夠令人感覺凍 (食完麵就O岩O岩好)都係快快食完走人"
3,去買傢俱順便食下$5熱狗係平但冇味囉一定要加茄汁等調味料$19煙三文魚最失望真的好難食賣相就幾靚肉丸係最好的.但味道其實只係一般汁較好一d<sssss>
3,都叫做試過幾間雲南米線，但對這裡真的留不下一個好好食既印象，不難食..當然..但肯定不會排隊去食...可能係我地似唔食得辣，就算叫中辣都係冇咩驚喜...大堆頭是必然的...大部份雲南米線館也是如此食物一般，但更糟的是...環境真係差左D食下無妨...但唔好抱太大期望
3,放假約朋友傾計 想搵間環境簡約嘅Café 哩度地點唔算就腳 但亦唔算難搵Egg Benedict2隻蛋都做到流心蛋 唔會太熟 用料感覺幾新鮮 配上沙律菜 配搭啱啱好<sssss>焦糖香蕉窩夫窩夫上有一球雲呢拿 配上軟熟嘅窩夫 2重不一樣嘅口感 味道不俗本人比較鍾意甜啲 如果有更多焦糖就好啦<sssss>
3,"今日6 點幾黎到排隊試最近好HIT 既刺身飯都要排半個鐘先有位打開MENU 見到個極上拖羅盛丼好似好正, 唔洗唸, 一定叫呢個拖羅賣相好得 , 食左一片唔係幾得 , 以為有日本食拖羅果種味 , 但食落冇味仲有筋叫做比香港一般賣緊成塊紅色既拖羅好D加埋一賣250蚊碗都幾貴半個鐘食完走人<sssss>"
3,六點幾去左諾士佛台，走左去老地方，0係樓下仲見到阿sam 0係門口，笑我地做咩唔去Que Pasa走上上面﹗當然啦，留上有露天看街位，靚過樓下好多呢﹗咁岩有0的雨粉，最愛就係在窗邊露天看雨架喇﹗我呢0的地盤工人一成不變，就係次次都係飲啤酒，星期日全日都係happy hr我就最高興，整番杯嘉士伯﹗工友要左白酒sangria，第一次飲，好重白酒同埋菠蘿味﹗幾得意呢﹗易入口不過隻白酒應是平野因好重椰子味﹗閒hea傾計幾個鐘﹗星期日就係咁簡單﹗<sssss><sssss><sssss>
3,本身見朋友食好似幾好食就成班朋友黎試下鋪頭原址前身係萬發以前都成日去前一日卜左左晚上830入座去到要我地等一等點知一等就等左1個半鐘外面又熱，又肚餓咁我地卜枱黎做乜？最後送左一碟肉當致歉個蜆好多沙唔食得辣真係唔好叫佢個辣鍋飲6.7支氣水都唔掂其他野都算係感枱面太細總結100分有60分食一次過下引就算<sssss><sssss><sssss>
3,叫左個『辣湯牛肉八爪魚鍋』 ~ 個湯夠辣  啱晒我口味 另外叫 咗個『多春魚』同埋『泡菜煎餅』~ 唔錯﹗都幾好味不過 … 如果比我揀 ~ 我都係鍾意《金羅寶》多 d  <sssss>
3,"平均等待時間兩小時,😭 等候期間與友人已經商量好點什麼食物，我地兩個女仔叫左一份牛角包，一客意粉牛角包非常好食😆😆😆好脆好香牛油味飲品方面:朋友叫左花茶,而我就叫左杯熱朱古力仲意朱古力嘅朋友一定要叫返杯hot chocolate 試試，不太甜 待應服務有禮。埋單每人大均一百五<sssss>"
3,米芝蓮 又黎喇最想試食GE係筲箕灣的咖哩 但對我太遠有機會經過先去會一會正題見太子有食肆入選 當然唔可以放過不過 自己都唔會預佢好食到飛起1點5  午餐時間 十幾人等候中外賣自取香滑奶黃包(10)+鳳爪排骨飯(17)<sssss>包種發酵時間不足奶黃  <sssss>普通鳳爪飯稍軟價食府  可以再試
3,"今朝早餐都未食就去左睇醫生先...攪到勁肚餓睇完即刻係附近搵下有咩食!!!! 行下行下...就入左維記豬膶麵: 熱辣辣, 都幾大碗...碗麵好多豬膶...我諗差唔多有十塊...勁足料我先呷左啖湯..湯底幾鮮甜..帶小小薑味 而豬膶就煮得好爽好滑...我最後連湯都飲埋非常滿足 絕對有下次<sssss>"
3,同朋友吃個午餐，餐湯有羅宋湯或花膠湯，羅宋湯味道算是不俗，至於花膠湯竟有驚喜。我就點左吉列魚柳配鮮果沙律，炸得鬆脆，好彩沒雪味，尚算彈牙。 加上有大量生果的沙律，仲蜜糖芥醬，OK的。朋友就叫左美國肉眼扒配紅酒汁，件頭也是大大薄薄。 份量是足夠，肉眼位也是夠淋，無失敗成分。價錢方面，70蚊左右，尚算OK。
3,上星期，因有事到上環，便來了這裏食，發現這裏有幾間食店也關門了，看來這裏的生意都唔多理想。最後決定了來這間，我們叫了豬紅豬什湯河粉和魚蛋魚餃河粉。豬紅豬什湯河粉- 豬紅感覺像雞紅多一點，口感比較硬；豬什就很爽口，又入味；河粉也是幼身的，感覺就一般啦，都算幾滑。魚蛋魚餃河粉- 魚蛋口感比較硬，又唔彈牙，好在還有點魚肉味；魚餃就比較好味。看到這裏的環境，下次如再來，都唔知還有多少間店還存在。<sssss>
3,今晚來個串燒晚餐。<sssss><sssss>餐牌串燒選擇好多，隨意點上幾款試試。<sssss>燒乳鴿。乳鴿肉嫩爽口，入口不乾身味道頗香口，肉質咸香豐富不會太多調味。乳鴿皮脆不油膩，連皮食更滋味。<sssss>開邊燒大蝦。蝦肉爽口彈牙，肉質爽彈不乾身，蝦味清甜沒有雪藏味道。<sssss>鵝肝多士。多士香脆，伴上油香的鵝肝，入口油脂頗重又不過份。
3,"跟友人約好來到銅鑼灣一家最近大熱的串燒店,火山燒,看看有什麼過人之處吧<sssss><sssss>餐廳擺設相當有特色<sssss><sssss><sssss>點餐紙相當豐富<sssss>先來一個大蝦,燒的過程較耐,但味道十分可口,蝦肉嫩滑<sssss>腫軟骨是全晚最值得讚揚的,咬口一流,味道香豔<sssss>海鮮拼盤,店家推介,不錯之選<sssss>和牛粒也是相當可口,肉質軟熟<sssss>菠蘿不夠多汁,唯一失望之處<sssss>吃了十分多呢"
3,"腩汁車仔麵, 有好多配料可以揀. 我每次都會叫蘿白..炆得好甜又不會太硬, 啱啱好豬大腸都好食,唔會有陣臭味再加埋鹵得好入味嘅鹵水雞翼尖...一流<sssss>40幾蚊碗算係可接受. 另外再加咗碗腐乳通菜, 個醬好食!"
3,因為有張ae卡。。。所以就得登去試下呢間既pizza。。。平日去到冇咩人。。。唔使等位。。。叫左一個頭盤。。。二個主菜。。。兩杯野飲。。。個頭盤既份量都幾大份同好味。。。裏面有蝦，魷魚，腸，肉丸，帶子。。。蝦同魷魚都好爽。。。肉丸同帶子幾入味。。。個和牛蝦pizza都唔錯。。。不過個意粉就麻麻。。。有d乾同冇咩味。。。飲品都係一般般。。。最後都係食左四百幾。。。下次可以再黎試其他野。。。如果係正價食就唔係好抵啦。。。<sssss><sssss><sssss><sssss><sssss>
3,11月26日12:30公司的亞太會議已近尾聲，中午在這樣開餐。生滾皮蛋瘦肉粥：粥底算綿，皮蛋糖心，瘦肉入味。豬湯：清、香濃。木瓜、煙肉杯：甘超薄德國煙肉，配木瓜，據聞是絕配，但有中式酒樓茶杯盛載，有點怪相。因下午仍要開會，所以不敢吃太飽，以免飯氣攻心。環境不錯，侍應反應算快。
3,我不喜歡一般上海店的豆沙鍋餅，因為皮太厚，但這個你會發覺好不同。外間多會用炸的方法，而這個是煎，不會用太多油，但依然香脆非常，還比較健康這個豆沙鍋餅賣相平凡，但味道是出乎意料的。外層皮做得超薄香脆，就算是凍了之後食都是(當然熱食就更好食)，上面佈滿炒香的芝麻粒，更令味道層次提升。內裡的豆沙蓉不會太甜膩，紅豆味軟滑香甜。單是買來當少吃已經非常不錯價錢亦非常抵食$7(之前$6)，你會估不到$7都有好好的豆沙鍋餅食。<sssss>
3,今日誤打誤撞 食左譚仔雲南米線 我本來想食譚仔三哥米線 入到去先發現餐牌唔同米線同餸無咩特別 同三哥相差無幾但個皮蛋分別好大 呢間係「紅油皮蛋」來個陣見到無蒜頭辣椒係面真係失落左 不過佢係sell麻辣 一放入口無咩特別反而愈食愈上癮 因為麻辣會令人不斷食 一唔食又好麻 當小食食唔差 但送米線就唔係好夾～
3,"這個地方很適合聊天 , 坐位舒適... 食物也不是太差!適逢今天男友放假..逛街逛得有點累....想找個地方坐坐..便想到這裡~點了一個香芒鬆餅...雪糕是movenpick的....當然好吃...鬆餅有點脆...點一些底下的芒果汁是不錯的!!!份量有點多,足夠兩個人吃了!!!!!<sssss>"
3,來到這店不能不食他有名的蓮子凍冰花蓮子百合柿餅西米   $27都相當特別，有別於一般甜品柿餅放於糖水內比較少見柿餅又不太甜，蓮子大粒鬆化，好食蓮子紅棗雪跲膏   $38都不太甜，好多雪跲膏都滋潤呀<sssss><sssss><sssss>
3,"今次叫了(小辣) 小鍋 + 炸醬 + 雲吞一碗兩份食,小辣都幾辣,辣到個咀又紅又腫都繼續食,因為辣得幾過癮,...炸醬d味調得幾好,粒粒都超瘦,...雲吞就超差勁,個皮好厚,好硬,總知唔叫雲吞啦,超難食...[雲貴川]食物味道整體ok,但服務和環境衛生就麻麻,地板油淰淰,坐位又超迫,個人認為,如唔使等位,都可試一試既"
3,"返出荃灣後,又凍又落雨,諗住食碗粉就搭車返樓.輝要生牛河,我要豬頸肉河.見有越式咖啡,即管試試,另外一杯要檸蜜.生牛河OK,唔似出面嗰啲用肥牛冇肉食.豬頸肉河仲OK,有成十片,厚身,好爽.河粉超大碗.檸蜜唔會淡茂茂,咖啡竟然超好飲.連我唔飲既都轉咗,最後變咗杯咖啡係我既.哈哈!"
3,"經過銅鑼灣就揀咗樂天皇朝,兩點幾到入坐時佢問我地等唔等下午茶,三點開始下午茶但入坐計,下午茶有六折,但仲要等半個鐘,所以無等lu。無試佢個八味小籠飽。叫咗排骨湯麵,生煎飽,鍋貼,酸辣湯,豆沙鍋餅。排骨麵份量少,得兩舊排骨。生煎飽都唔係好熱,唔脆口。鍋貼ok啦。酸辣湯好辣,又酸又辣,比一般上海店既辣。豆沙鍋餅凍的,唔知係咪因為佢比錯咗再換過關係,佢第一次比咗蔥油餅。整體覺得佢d野食麻麻地,無咩特別。<sssss><sssss><sssss>"
3,"環境,服務,衛生,食物都幾好員工都有禮貌,做事須有效率地方都衛生清潔不過食物太多味精, 令到食完之後個口好干, 令到晚上訓唔到如果改善一下, 落少d 味精咁就更加好啦!"
3,"商埸有唔少餐廳，𣎴過係得呢間全日都要排隊，之前試過早餐，所以今次就試下晩飯啦。pizza 味道外觀都ok,略為太細塊，餅㡳好厚，整體麻麻。鐵板牛朳：各樣都合格，最特別有隻荷包蛋，如果唔洗排隊都可以再嚟。<sssss><sssss>"
3,呢間店舖包裝一般，罐頭凹左照比人
3,可能污漬太久遠，效果不是太明顯。但氣味清新及不傷人畜，將來看看對其他汚漬在第一時間處理效用如何。
3,"泰國製造
汁多過雞肉，但偏‘杰’，唔會再揀這款"
3,"包裝袋 𠝹開了少少
下次請注意紙箱包裝🙏"
3,之前試過有一包受潮 發霉 變黑左 可能買完要快d用晒
3,喵星人唔太喜歡，但同牌子的其它，牠都喜歡。
3,"有包穿咗、流晒啲沙出嚟
請跟進"
3,"第一次買，用咗兩日左右，效果未見，希望有效；味道有些，不過看貓貓還可接受到的。容量得50ml,這個價錢略貴。
"
3,肉泥來，貓貓不是很喜歡吃
3,比起平時一條獨立包裝賣嘅細條好多 但係有冇喺description度寫 令人以為係一樣size 容易引起誤會🙏
3,買左6包N1，散開6包送黎，好難收藏，好容易俾貓貓抓爛晒o&#40;︶︿︶&#41;o
3,$95下單後才出折扣 $85 👎無言
3,價格合理。但多落砂多粉塵
3,買左12罐，有6罐係凹的，失望，唔會再買
3,"之前買6罐時有泡泡膠包住防撞
今次買18罐沒有泡泡膠保護就有大概6罐都有撞凹情況"
3,產品無問題，但貓砂太重，紙箱唔夠硬，黎到個箱爛咗
3,$348係平，但標明唔可以濕水，送到嚟個盒濕曬！
3,這是我第二次在HKTVMALL 買貓砂，兩次都有袋是穿的！
3,"猫砂吸水力强,可以去除异味,但真是有个缺点,屋企很大灰尘,无论地下台面梳化每一角落都是灰尘"
3,我訂兩包原味，送左一包原味同一包綠茶味俾我
3,超過一半數量的罐頭有凹，有d我都無影相，點解可以咁？
3,"五月尾購入，八月十一到期
好彩細包，要食得好趕"
3,太硬， 貓食完疴爛s，要抹pat
3,已經多次回購，但今次發現罐頭內有不明的紅色油在表面，從未試過有這樣的情況出現，好像怪怪的，擔心有問題不夠膽比貓貓食了
3,"我買了3包，原意係一整紙箱包裝。誰不知實況係2包在大紙箱，另一包在細紙箱。絕對九唔搭八，費事失事！
"
3,一直用開N1，同一隻味買3包竟然唔係原箱，仲有漏氣情況出現，希望唔影響品質
3,唔送禮物，賣平啲好過。
3,勝在夠大張，但吸水力一般
3,貓貓喜歡食，但比Don Don Don 購買的Size 細好多
3,買了六包，其中兩包都破損
3,收到的貓砂包裝&#40;附相片&#41;跟網頁上的不同，我用開的是網頁上的包裝，是否成份有别？
3,貨品上顯示了一個日期（30/11/2017），但由於產品上不是英文或中文（而是俄文），未知是生產日期還是有效日期。
3,當中 2 cans 凹咗
3,"開出黎好散
唔係成個型
同之前買開既竉物店唔同
但見日期又未過期"
3,"正價買完，見到特價，仲要平勁多。
味幾大下，會咳。有沒料到，就要等下先知"
3,已回購多次，但今次的包裝有很多油在打包膠內外及紙盒上，所以影相記錄，幸好盒內的罐頭冇油。盼改善！
3,今次你們用的包裝紙盒太長太軟十分差，不方便客人搬運，你爲左遷就個盒尺寸夾硬將真空包裝的貓糧整到漏氣才能放入！好冇品！！這樣損害客人儲存貓糧的質量！！！上次個包裝盒尺寸適合又够硬，爲什麼今次用這麽差的包裝紙盒？？？？希望下次購買時不要再這麼差的包裝
3,其中一包袋爛咗，有少許砂跌出來
3,啲糧好碎 有差不多3分之1啲糧都係碎左
3,如用簡單包裝會更好，太浪費包裝材料
3,為什麼更換之後重開，水機仍然維持紅燈閃爍狀態？
3,吸味只是還可以，如果不是自然分解價錢則偏高！
3,"包裝很容易破損, 貓砂撒了一地
上一次買也有相同問題
希望可以改善"
3,"無敏感, 但便便比較臭."
3,"第一次買的時候已經有一包爛，今次第二次買依然都係有一包爛，好奇怪，爛得好奇怪，爛同一個地方，明明有盒裝再加外紙箱，都會爛既，真係唔明
希望貓犬工房跟進一下，唔該晒。"
3,"個噴嘴好廢, 根本就噴不到, 要自己倒出來"
3,第一次向呢間買、見到係行貨比平時買果間平、仲要買6支再有折就落單、分開兩次落單1共買左12支、今日開第一支發覺D奶唔係我平時買開果間嘅顏色、平時買開果間係白色、呢間係三花淡奶黃黃地色、唔知係味唔夠新鮮….仲有成11支真係下次唔會再向呢間買!
3,原來唔係真魚拆肉，貓咪唔肯食。
3,發現有不足17.5L 的情況! 即是貨物與說明示符喇， 以後仲點買得安心呀?!
3,產品包裝無破損亦無過期，但一打開有陣怪味，聞落酸咗變咗質，平時食開嘅貓貓都走開咗！
3,不知是否配方有變動還是什麼問題，？貓砂吸尿很鬆散，不能成型。
3,"水份比較多, 肉比較少. "
3,好大陣氯水味 建議不要在家飯廳等地方用 否則可能冇胃口
3,冇香味，好淡口，主子表示唔欣賞
3,"買咗6罐，分別兩批生產日期。其中兩罐較遲生產外觀完好無缺。有四罐較早生產批次的凹得好嚴重。明顯不關送貨問題事，是商家儲存問題。應該不影響食品質素（仍未食用），但顧客都唔想購買咁樣外觀嘅貨品。希望商家在儲存方面會有所改善。
食品質素等明天給貓貓食用後再作評價。"
3,太薄，比用開那款薄很多，果然是一分錢一分貨
3,買5包沙有一包沙送到嚟時已經界爛咗！
3,用開1.5mm，手快快訂錯左3mm，相比下3mm好難沖走，大量已溶解既貓砂停留喺廁所底。其實吸水能力及香味無分別，只會再訂1.5mm。
3,貴。超市成日都係同价，買二送一添。
3,好用，但應該唔係日本或台灣，似係中國做，麻煩改番產地，不要誤導消費者
3,同之前買開嘅唔同，無豆腐味，顏色比較深！
3,是過期了嗎？ 打開有陣油溢味唔似豆腐砂味..
3,"貓乸鍾意食, 貓公唔食！"
3,希望商戶留意，用來包裝的紙箱太fit亦都太貼包貓砂，就算已經很小心地界開亦都破了，可以的話，在中間加多塊紙皮防護。
3,"貓貓非常喜歡已多次回購，
可借物流已第2次出問題，第一次話今日送唔到貨，最後又嚟咗，第二次比約定日期早咗一日送😅"
3,味道有啲重，但貓唔抗拒
3,"希望可以用盒包裝,而不是用保鮮紙"
3,一直有訂，今次好抵買$95!
3,"個樽禁唔到落去 好大力禁會噴水（唔係泡泡）應該係樽壞左
但產品ok 狗狗傷口一日已經修復好 無再紅同出血"
3,用開原味轉用綠茶味，感覺太濃味而且很嗆鼻。不會回購。
3,品質有啲唔穩定，對上一次買嗰兩包每粒都明顯短一半，啲味又唔同以往用開嗰啲，好快變粉
3,平，但味道刺眼、刺鼻，相比六斗的木香差很遠。希望吸水ok
3,我購買此商品數量是4..但只收到2件，這是正常情況嗎？
3,話有小食贈品結果沒有送 🙄
3,訂了兩包綠茶粗砂，兩包綠茶幼砂，結果送了4包幼砂
3,肉質較粗鞋～一隻唔食～另一隻食
3,好多塵＇家裏隻貓屙完即刻聞到佢啲便便
3,俾三粒星因為有一包穿咗。
3,"在其他公司訂是真空,這裡不是真空貨品"
3,平時買都會有啲罐凹咗，但今次凹得有啲嚴重
3,"罐頭凹陷近乎穿窿
申請退款過程十分不便，按錯貨品取消後無法再處理，hktvmall 在這方面仍有進步空間。"
3,暫時唔肯定，但係Meow Meow用咗呢隻沙之後出現嘔吐和肚痾。着衫唔算多層。味道還算清新。我希望唔係因為隻沙嘅問題。
3,新購的貓砂長度比過往買開的，整包貓砂每粒的長度短了一半及多粉塵。
3,"有兩罐係""粒""咗，罐頭""粒""咗就唔食得啦，有""粒""即係有空氣走入罐頭，可能有細菌。希望可以改善吓。貓咪唔係話好鐘意食，都唔係壞事來，個罐頭調得太香貓咪一定鐘意食，不過唔一定健康。呢款我溝啲凍乾雞肉碎佢哋就會食得好乾淨。泥狀真係好啱幼貓食。我都會繼續買呢款糧，不過真係唔想要""粒""咗的罐頭。"
3,N1已用了好耐，但今次有一袋穿咗，漏到周圍都係
3,本身係想買 Petkit 飲水機嘅濾水棉然後要買夠金額免運費先喺呢度買埋枝泡泡靈... 但等咗成個星期就話濾水棉冇貨要取消訂單..... 而家反而有枝本身唔係最需要嘅嘢.. 好無奈
3,狗狗食咗痾軟便，不過好似舔少咗手腳
3,倒左隻曱甴乾出黎 唔知新買嗰啲可唔可以退貨？
3,雖然好好保護貨品，但有感過份包裝，20L松木沙，重上加重。
3,豆腐味道掩蓋貓屎味道不好
3,更改送貨時間沒有通知，早到又唔通知
3,"以往罐頭都是金色，為什麼這次是銀色？
如果是新包裝請說明 不敢給貓貓吃"
3,10款口味，變了2款。
3,砂普通還可以，多點優惠會更好，
3,諗住買3包一箱過，點知變咗一包包散裝。下次唔洗一次買咁多啦?
3,寶貝完全不吃….可能口味問題
3,正價買完而家先話減價到658$!!! 😡😡😡
3,暫時覺得與其他牌子的洗地水區別不大
3,"買了兩包,要開很久才開到一包用,其他公司會用盒或大透明袋裝貓糧,非常衛生方便,只有這一間是這樣"
3,"買12罐, 收到其中兩罐身已撞凹。"
3,新開包糧覺得好似有少少濕濕哋嘅感覺😢跟住發現有一粒係咁嘅樣，無啦啦中間有條嘢伸咗出嚟⋯
3,"貴，深水埗買會平啲
水易乾，即使抽完即刻封返都會乾左"
3,想問係咪有少少嘢轉咗？貓貓新買依pack完全唔肯食，佢之前一直最愛依隻味😓
3,好奇怪，貓砂入面有包貓條？味道質量有不同，懷疑假貨
3,其實件貨冇咩問題，奇就奇在買3包線綠茶味，送嚟既係2包綠茶+1包原味。好彩我啲貓都用到既
3,貨品上搵唔到到期日？之前係另一間買包裝上有到期日
3,$728买，包裝內廣告$688同款。多花了40蚊。
3,我的貓貓用完 第2日係甩毛，點解會咁？
3,坦白講😅本人覺得如果用正常價錢買嘅話就唔好喇，因為就連最基本貼既位都貼得唔好，離哂， 不過換購價就算😅
3,貓貓中意食，但關於送貨安排不太滿意，本身話2-6pm送，但最後8點幾先送到，我屋企人係屋企白白等左成個下晝。我問送貨哥哥因咩事咁遲，佢話當日貨量較多所以遲左。客服chat robot 係咁帶我遊花園，完全冇解決/ 解答到我嘅問題。我實在搵唔到邊度可以返映我遇到嘅問題，唯有係度同你地講。希望你地可以合理分配返送貨哥哥嘅工作量，好彩當日屋企夜晚有人收貨，如果唔係都唔知係邊度可以搵到你地跟進問題。另外就係客服希望可以改進下，有問題搵你地唔到嗰下真係好無助同嬲。
3,原來係碎砂，比一般買開既5L細包。其中一包既包裝係箱入面已經爆咗，好彩唔係漏咗好多出嚟，未至於影響使用。
3,貓砂一向有定開，今次送咗細粒，次次訂開都係大粒，如果總之係細粒版嘅話，就唔喺度訂啦
3,貓砂包裝袋到貨時有破損.
3,落雨天，只用保鮮紙包住包糧唔係咁好， 好容易濕。 而平時就算沒有落雨， 這樣包裝都好容易會破損。
3,狗狗不喜歡，食完後飲大量水
3,貓砂漏咗迸福袋，煙三文魚質素不稳定，有啲失望。
3,新開都有點怪怪，有泡泡，過了1天變了掉左，可能天氣太熱，下次放雪櫃。
3,容量比市面少，有欺騙成份
3,一套買平少少，但厠紙的包裝膠袋太細了，根本包唔住，感覺好唔衛生，希望廠方能改善這個問題！
3,雖然有用泡泡信封包裝，但6罐有2罐凹咗
3,訂購5罐卻只送2罐。雖然訂購數量不多但商店對待訂單的態度有商確的地方。
3,"貓糧牌子是好,可惜每一次包裝都奇奇怪怪,用一片保鮮紙包裝,為何不用透明膠袋或紙箱裝,睇留言都是包裝令貨品給人退款"
3,"好似完全沒有除嗅功效,貓一去完小便已經嗅…唔好講辦完大事。呢款礦土貓砂塵好像比其他同類貓砂少,但除嗅功能差,應該唔會再買。"
3,昨晚才收貨，今天八八折😔😔😔
3,"最近買了兩次  用一星期左右有點up味 。之前一直都沒有 很好，就是最近開始開封用了一星期左右就開始有潮up味道, 用一包以為錯覺，用第二 三包都是這樣🥹"
3,貓砂收到有用開好用但贈送的極品貓砂1kg沒有除貓砂附送
3,好用，價錢再平啲可以買多啲。
3,今次不太滿意，有好多碎了變了粉，不知是供應商還是送貨問題？
3,今次質素有啲差，好多碎碎，而且竟然少了包裝上顯示綠色那款粒粒糧，非常奇怪，跟之前的不同
3,商品正常送達，如果包裝可以用能夠回收既物料會更理想
3,貨品嚟到多個包裝穿晒窿流晒啲貓砂出嚟
3,好多粉塵，唔知係N1嘅問題定係貨源問題😑
3,肉質比較軟，欠羊味，但足16支，party用好好！
3,"送貨錯誤, 找不到你們的電話請聯絡! "
3,用一段時間就有好多粉塵
3,買過好多次 但今次顏色好似好淺 同之前唔一樣。想問係唔係轉左成份？顏色淺黃至透明正常嗎？
3,產品貓貓食開質量正常，不過，包裝真心要改善，訂6罐有兩罐明顯損壞。
3,到期日不清晰，作為主人會擔心
2,為何沒有說明是粗粒還是幼粒？？說要自己看但又沒有英文！
2,香精味太重，貓貓唔肯用
2,買了六包貓砂，紙皮箱一個都沒有，叫人如何在大堂外抬回家！
2,比平常用開的維特品質差小小，但反之貴了兩成，即價錢與品質不成正比！
2,產品本身冇問題，但外表太污糟，希望改善下倉庫環境整潔，特別係食品類貨倉
2,零包裝。。自取拎到返屋企發現包裝已破，貓砂碎跌哂岀尼
2,送到黎一拆開個紙箱就灑咗十幾粒出黎，一睇原來個膠盒爆開咗，今次趕住食費事換貨，下次店主喺送貨前麻煩包張bubble 紙先啦，換貨退貨大家都麻煩丫嘛
2,購買了24罐當中有五罐都是凹陷的，由於過了七天才打開packing，所以不可以更換了
2,回購多次，但每次每卷廁紙的包裝袋都開了口，其實不太衛生，失望。
2,一箱卷廁紙發現有一件包裝損壞的，其他的包裝也不見得很穩固，估計是製造商的問題，衛生紙不過衛生，不建議訂購
2,"包裝紙皮盒濕了,影響儲存"
2,一直用開已多次回購。但買3袋諗住一箱送黎盡量可保存真空狀態，結果每次都拆箱送1袋，另外2袋又入返箱封好。最後3袋都非真空，每次包裝脹卜卜又難收納。體驗非常差，有待改善。真實用家仍表示支持，優惠多送貨快。
2,第一次買呢個新版，產品過濾滲透力有問題，過濾唔到水＇一個禮拜後更換一個新都係咁
2,比較扁、細罐啲，料比較少、水偏多
2,今次送來有9罐是明顯凹左.. 包裝請改善一下
2,貓貓用後，白色的毛都沾上綠色，怕他舔進肚子。要用濕紙巾抹很久才弄走色素
2,其他地方買既會係封面既湯+細細條肉，但呢個好似粗粒糊仔咁
2,其中一包有破損，已經流出汁液，我怕食品已被污染已丟掉
2,差唔多罐罐蓋瓶身都有凹。
2,福袋呢個字根本係誤導，福袋既意思係起碼有幾款小禮物，送到過黎結果得一個罐頭仔，我屋企都有罐，我洗鬼你送咩😅😅😅如果各位係為”福袋”既朋友，可以唔洗買。為左貓砂先買個心會好過啲😪😪
2,不是兩塊，而至三塊，其中一小塊是近魚頭的位置
2,同惠X買既品質不同 薄好多
2,"唔係一條4pack包裝, 送貨、收貨唔方便"
2,還可以，如果價錢平些更好
2,買開，今次買有d罐頭好水....好希！（第一張相正常，第二張相係好水）
2,最近買的有機豆乳（無調整）有兩盒暫時是好似豆腐碎的，不敢食用
2,"D肉不實肉
其實以前買過
都不太好吃
諗住50元特價
再試多次啦
家人下命令
不可再買啦
因為唔啱口味
"
2,質地比以前薄左、細卷左，已經無左一定要買佢嘅理由
2,同 C&S 牌子每樣两格拼埋，ZENSES 短 1.5 英寸。不會再買。
2,"點解要將凹咗嘅罐罐混入箱內,今次一共有12罐,是半箱都有凹！！！
有冇註明$199/24 是包括有凹陷的罐罐？
我見已有多位會員反映收到凹左嘅罐, pet plant 公司及tvmall客服有冇跟進？
由於品質不錯,但出貨手法不良,我只會建議朋友買前考慮清楚,出了問題會是自己的愛寵.
"
2,送貨放喺門口，訂左六盒，其中三盒都變晒型，有一盒連個蓋都開埋！啲貨好似俾人掟落地下！
2,第一次買 一箱27卷大部分包裝seal唔實 唔會回購
2,其中一箱支裝咖啡有漏出問題，但包裝表面上無明顯損壞，應該係封口品質問題
2,今次較超市價格高。不太甜，喜歡。
2,"大約近呢2,3年都係用佢呢款厠紙,因為覺得夠厚身同埋好用,但隨著最近質地越嚟越差,洗完手想抹乾隻手都會痴到成手廁紙碎,搞到成地都係......決定下次唔會再買呢款"
2,因下雨關係大部份貨品都是弄濕的
2,之前買過都無事，唔知點解今次一箱至少有四卷個底都係穿咗窿….有啲失望…😓
2,產品是用膠袋包裝的，送貨時已經放入大膠袋內，可是唔知點解就係細袋內外都係黑點，感覺好污糟
2,全部都是粉塵？？？？？？？？了不起真的
2,封口膠貼已彈開， 馮厚膠貼好污糟。
2,同之前買嘅比較簿咗好多
2,"大包抵用,但係吸味好差,貓貓一有大便,成間屋都 聞到便便味 要即刻剷咗屎解決問題,而且便便包得 唔好,同埋用咗幾日已經開始臭,貓貓就唔去廁所 啦,貓砂用唔到耐,之前用其他牌子都唔會咁 凸有用"
2,今批品質欠佳，沒有綠茶香味
2,只用一個薄紙袋裝住，回家取出后，才發現支盒已壓扁壓皺哂。打直放入雪櫃后，原來底部其中兩个尖角已穿孔了。豆漿由這兩處輪流漏出，連累周邊物品都“痴笠笠”。
2,部份紙包飲品嚴重壓扁，雖然客服已經立刻跟進，不過希望可以改善送貨包裝
2,好多卷壓扁左，呢卷包裝袋爛埋 卷廁紙有污糟
2,"第2，3次。。。又是散開包裝
好大沙塵"
2,"送錯款。我訂的是無調整那款。 
已過了7天先開箱， 唔知道仲有無得換貨？ 
謝謝。"
2,沒有包裝，派貨員就放在門外地下，弄得好污糟
2,其中一包送到黎入面有一半濕晒，已經用唔到
2,以往買 12包是有盒，今次變成散裝上。
2,之前每次預訂都很瘦，今次隻雞好肥😢😢😢失望😞
2,在同一卷厠紙內重覆出現只有2層紙的情況，在以往訂購嘅貨品未曾發生這種狀況，請供應商要嚴格做好品質監控，而且這類產品要求換貨比較困難，客戶只能在使用中才會發現的。
2,紙質比上次購買的薄很多，下次還會回購要仔細考慮
2,10罐有4罐凹陷，情況頗嚴重
2,"不知為何⋯ 
雖然比街買的便宜$34（170有5條）
紙質比街買到的較薄、較易斷
不會再購入"
2,今次特價73元一箱，用後感覺紙質相對之前用過的薄很多，再拿另一卷明顯特別輕身及鬆軟的。經磅重後倩絲錄得140克重量而家中另一品牌唯潔雅之3層超長耐用裝則有178克。感覺這批特價貨有 將貨就價取巧之嫌！
2,"一路用開
上次lulu豬過年版品質不變
點解今次收貨的紙質明顯變薄
而且今次不用力就
一撕就爛
濕水好快溶"
2,"紙巾一掂水即變紙碎，無原味咁好
而且掉廁所 水都會變綠色.."
2,送來時已經有一盒個蓋甩左出來，已經俾送貨員即時收走，請售後幫忙跟進！
2,說是鹽焗雞，我收到的似豉油雞多過是鹽焗雞。味還可以，肉有點un，勉強可以入口。
2,原來36O   21&#39;9
2,今次的品質十分差，紙質薄，和以前的質地相差很近，如果不是对HKMall有信心，以為買了假貨，請向廠方查証，是否將货就價。謝謝。
2,"如送貨員不在送貨時段送貨, 請告知客戶!"
2,"第一次買廁紙，之前試過迷你紙巾不錯，但廁紙不柔軟，體驗麻麻。
"
2,產品頁面顯示送貓砂，但到貨沒有送！
2,"一到貨就已經見到外盒濕咗， 即時打開發現裏面一包爆咗濕曬。 今日打開 其餘五包，點知發現仲有一包都係 
爆左、變質成固體。你哋運貨員已經講呢隻包裝成日爆，點解仲冇改善？只係用一個薄紙皮盒裝住？上次你的確係退返十幾蚊畀我，但係而家爛多一包! "
2,包裝很好，但價錢偏貴。
2,正如其他用家所言，品質突然下降，難以結團，痴底。經常清潔底盤，有換晒所有砂幾次先評論，不過肯定官方回覆會話係用家問題。
2,開心果醬味可以，不太甜，但醬內有硬殼，老人家或小孩需要小心食用，下次未必購買。
2,上次買姆明幾好用，今次先回購，但姆明嗰款係有香味，呢款冇，係咪轉左成分/內容物呢？
2,"發現有一卷紙有發霉物體（暫時發現一卷）
首次發現依個情況"
2,紙箱外部完整，但裏面膠樽損毁。
2,紙質薄且細卷，試過唔會再買
2,"隻味好奇怪，同埋試過浸左落清水之後啲水會變左綠色嘅
我都唔敢用有色個邊"
2,送到嚟個箱係穿咗個窿嘅...
2,原箱裡面有一卷廁紙的包裝紙破爛，令厠紙外露，欠衞生!
2,"一向也用vinda, 近月由紫色包裝那款轉用3D壓花。這款Herbal味已回購兩次，品質好像下降，紙廁容易容易遇水溶掉，要完成如廁後清潔經常需要額外多用幾格。自稱四層紙 … 懷疑！不滿意純粹係品牌的紙質。"
2,"一掂水即溶，要快快手抹，唯一放廁所用，個廁所好香。

不過，1日出現3個價錢，$79,  $80.90,  $76.90， 咩玩法？？？"
2,"買黃色, 結果畀咗藍色."
2,六月三日收到貨，為何包裝外觀和以前不一樣？是否不是行貨？
2,俾錯Espresso…
2,"剛剛收到貨, 個箱爛咗, 摸入去廁紙感覺濕濕的"
2,買貴咗囉，百佳同款都係29蚊，第日真係要夾清楚先幫襯
2,品質大不如前，一直用開，直到近來呢兩次回購發現紙巾好易穿，抹到一地紙巾碎，打算轉用其他牌子了。
2,"購物咁多次好耐沒無到貨品有破損，是次送貨再次出問題，收到貨品包裝有破損

自從升級到鑽石山VIP, 送貨服務質素比黃金VIP差👎🏿👎🏿

貨品質素再好，再購買也要考慮送貨質素👎🏿
"
2,呢隻牌子既次紙本身應該係高質。但今次一用就發覺薄咗。不再係頂級，有另外既牌子好過佢好多。
2,呢個明明應該係Peanutbutter Cup，我收到嘅包裝非常扁平，似餅多啲，打開一看，原來溶晒
2,今次係回購但啲蠔明顯細隻咗 同埋好似較腥
2,紙質厚，但不易溶解，塞馬桶了
2,近期貓砂有粉紅色出現 對於貓用戶是不可以有啲現象 嚇到我以為貓貓血尿 暫時都唔會再買呢個牌子
2,包裝出貨前已經爛咗，求其拎膠紙貼住就賣俾客！
2,已回購多次，但今次送貨到來時個盒濕晒仲爛埋，好彩拆箱後裏面嘅廁紙冇濕到
2,"不解釋
請看圖
樽口凹哂"
2,送貨當天下雨，紙皮箱有濕鞋印，當時沒有太在意。過幾日拆裝使用時發現兩卷是濕過，而且很污糟，但已過了售後服務的期限無法反映或退換。
2,"品質較之前買既差好多，紙巾薄，用完成手好多紙碎，不只一係咁，比較失望。
"
2,價格略高，質量一般，僅此一次
2,"主子唔like, 聞完後就行開"
2,原箱外表完好。剛開箱，全箱6支頭部重創，全部都變型，幸好沒有爆破，我諗對品質不會影響卦。哈哈哈！
2,"我買了一箱20件的抹手纸，但送货抵達是分成為4,5 個膠袋装，明明是原箱包装偏要故意拆散，增加收貨困難亦不衛生，令我很生氣，請解釋原因？是否以後逢買原箱貨物都會被拆散呢？"
2,有花紋的賣光只有這款。
2,長期訂購及使用Tempo盒裝紙巾，原箱購買是大分優惠。唯產品品質明顯下降，紙巾質感粗糙，與以往品質明顯不同。由於品質下降，其他用家可衡量是否仍值得入手
2,原箱送都可以係凹左、明顯撞壞
2,全部六瓶茶的膠樽也給壓扁
2,3包原來好少，加埋才等於萬寧1包多d，有中伏的感覺
2,味道其实很好，很滑很入味。但太咸了！！！
2,於貨時紙皮盒已拆開， 包裝受損
2,完全冇爽身粉味，懷疑係好耐之前嘅存貨
2,包裝凹陷得要緊 送貨要更留意同小心
2,"唔熟, 沒完全清走內臟"
2,送到包裝都爛左 。仲濕濕地
2,一開發現好水，唔形成泡泡，再睇日期下年2月就過期。倉底貨應該寫清楚囉，藥力會受影響。購買前三思。
2,越黎越薄，越黎越細卷！
2,紙質好差，比平家紙更粗糙
2, 雞仔細細，但好肥，肥膏好厚，好咸
2,成個包裝勁污糟 有留意到而家嘅送貨問題都是隨街隨地放 抹完張紙巾都係黑色
2,每次買20包的package都沒有入盒裝著，只入膠袋，但今次很誇張，20包中有10包的包裝袋都破產爛
2,吾似豆漿味，飲落似維他奶味~
2,"包裝完好但罐面凹陷
即包裝前已知罐頭外表有損而非運送中出錯
😞有少少唔開心"
2,包裝清潔問題無改善，抹上去紙巾黑色
2,"當日係落雨天，貨品送到時，紙箱底濕了一半
好彩單卷裝有獨立包裝 近底層的都不致弄濕
但仍發現有數個獨立包裝的夾邊都夾不穩 出現洞口 好在位置不是底部分 否則有機會濕了
品質沒影響 仍可推介"
2,不覺得有燕麥，囗感與普通蒟蒻一樣，太爽口，不好吃
2,啱啱收貨！準備寫評論！發覺自己原來買貴咗！好失望！仲買咗四箱！個贈品都幫補唔到啲乜？我寧願唔要贈品！更何況而家平咗，仲要有贈品添！我買時235.2!相差一日！已經便宜咗！
2,以第二次購買 但每次包裝盒都係損壞
2,過往紙箱外圍比較整潔，今次兩箱卷子紙箱比較外圍污糟，難以將紙箱放入儲物空間。
2,品質可以，但比藥房 貴 而且又少，藥房賣40元12卷
2,第一次訂原箱。紙巾有噏味，唔知係唔係天氣潮濕嘅關係！下次都唔敢訂原箱。
2,我本來買1箱，不過無貨，2箱仲貴過1箱，無語
2, 得手板咁大條 味道比較甜
2,比家中用緊既牌子細卷好多，輕飄飄鬆泡泡. 印象中以前响超市買過皇冠唔係咁鬆咁細卷，會否係將貨就價呢
2,2箱共54卷，包裝口，只有6卷沒有破損，而有3卷已穿到見到廁纸，不太衛生。
2,"你好！
剛收到的貨品 Walch 濕紙巾共12包，好奇為何是散裝而不是整盒裝的，我見網上別人的是原裝一整盒，不是散開的12包，感覺整盒包裝會較衛生整潔，不是想退貨或退錢，只是希望 貴公司留意一下，我都希望日後有信心再繼續在 HKTVMALL 補貨。
謝謝！"
2,來貨不是真空，凝固力一般，易散和痴鏟。但很香，可蓋味
2,請問是滿$368就送廚紙和廁紙？但只收到廁紙，沒有廚紙。
2,7月18號前送貨係姆名款？ 今日7月7號送貨都唔係姆名款
2,"買了6枝，有1支 2022年1月到期☹️
其他5支沒有問題
希望商店多留意日期！"
2,一直買開，都未試過啲紙箱爆成咁
2,我買的是2，為什麼會給我1呢？
2,貓貓對味道有點不良反應
2,麵質正常，藤椒醬料包味道都唔錯，但有好多口感似砂石嘅黑色一粒粒物體，食第一包得10粒內都尚可接受，但食第二包已經夾到超過30粒出唻，一路食都要專心挑返啲異物出唻，仲有3包未食都已經唔敢再用跟麵嗰包醬
2,內包裝已解真空，發現包裝袋穿咗個窿，唔可以直接放入熱水翻熱，處理上麻煩好多
2,"係好抵, 不過同平時同款卷紙唔同, 呢隻特價款係好軟身 圈得好鬆"
2,可能自己吾識煮，味道一般
2,訂購原箱芒果汁，收貨來了兩排芒果汁、兩排蘋果汁，請安排上來退換貨品。
2,貓砂袋底部有窿，一抽起漏晒出嚟
2,"有兩種價格
分別各買一條作比較
但送到看到兩條一樣大小
所以以平價那種就可以了"
2,送貨當日是晴天，外盒竟然濕左，仲要盒頂盒底都有濕，以為只是最外層濕左，點知開箱後後，發現第二層紙皮都係濕😥
2,上次用過ok的但今次品質好差！
2,買左4箱 其中有一粒冇包裝紙 
2,不是與其他貨品一齊送貨，只顯示貨品已在物流中心，等待派送，沒有寫出大約會在哪時送貨，如果是等著用就不知如何是好，。
2,太細條，又貴。味道一般.
2,啲肉不夠嫩滑，很乾….不好吃
2,其中一卷包裝衹包一半，半卷外露且在最底層，不要了，浪費了一卷。
2,本人在今次購物中應可得到一張開運利是$50電子禮卷及購買维達厕纸達$200可得1隻4D Deluxe真空保暖杯，可是兩這都沒有通知得到.及最不满的是在購物中發生問題在HKTVmall app裏是不能找到客務幫手的連留言的地方都沒有，不像初期有電話熱線可解決問題. 
2,沒有保溫，收貨時已完全解凍。
2,買6包，4包都氣的；3包3包咁pack箱，1包無事，2包有事 :&#40;
2,網上商品說明係台灣製造，但貨品包裝上並沒有產地標示
2,訂購3袋貓砂，接單後應該知道有沒有足夠貨量，無貨應該早點告知顧客，送來只有兩袋貓砂，要我提交申請退款或漏貨，咁無交帶，還會有下次光顧嗎？
2,第二次購買，罐頭未至於破穿變壞，但希望商家注意罐頭損毀程度也不輕。
2,我買的是粗粒貓砂， 但送錯咗幼粒畀我，幼粒感覺冇咁吸尿尿，冇咩水蜜桃味~
2,與之前買的條裝，質素參差，有些紙層分散，壓花粗糙，有些紙質較鞋，懷疑是次貨
2,貓貓平時食開呢個，一餐食嗮，今次唔知咩事，唔肯食，擺一陣有臭味🥲
2,買開，今次買有d罐頭好水...好希！（第一張相正常，第二張相好水）
2,雖然係平，但一啲都冇綠茶味好臭
2,"蓋唔到屎尿味, 又結唔實, N1價錢越來越平, 同時質量越來越差"
2,包裝紙箱沒問題沒有損毀，4包都漏氣，即是賣家出貨時已漏氣
2,本身我買是4包裝，有一個大袋pack好，外觀好ok。打開才知道原來其中一包根本是「次貨」𠝹，個袋一早爛咗，用膠紙封住，有貓砂跌了出來。都幾失望，下次會轉買第間pet shop。
2,"貓貓不喜歡。相比 thrive, 這個較多油和少湯"
2,吾知乜嘢原因，三隻🐈🐈都吾鍾意食😅
2,講明贈品係福袋，福袋內容是沒有水的，收到贈品係一支水唔係福袋福
2,"有3罐凹陷，賣家應該注意下。
之後你們怎樣跟進 。"
2,"唔明點解20包唔係一箱, 係用背心膠袋裝, 太奇怪啦"
2,係平嘅，但罐罐係凹嘅，如果因為係凹咗而咁平要寫清楚
2,其中一包是漏氣的&#40;並非真空包裝&#41;。
2,見到相比包裝是抽真空，買左4包，點知4包都冇抽真空，失望。
2,"每次都大量購買俾兩位主子
但今次收到好多罐頭有損毀既商品，好失望"
2,"送貨員有禮貌
但收到貨見啲嘢夾硬入袋
罐頭又凹，湯包又一主菜咁"
2,多次回購 但今次第一包開出黎倒左大約6分1已經有好多好似石仔既粒粒
2,像片以為好大條實際好細條。見議去AEON超市買仲抵
2,唔足秤，偏細，買兩條足秤等如買三條，計起來其實係貴過人🙈
2,送貨無盒，只係放地，新冠疫情嚴重 很不合理，貓沙好用，但要消毒表面
2,"之前回購了幾次也沒有問題。
但今次包裝破損了，貼上透明膠紙就照送貨給客人，也太過份了。希望改善！"
2,買原味，送嚟的係粟米味，已經二次這樣錯送了，免麻煩所以沒申請退換，希望下次不要送錯了
2,收到貨品時其中一支扭蓋爛左
2,原箱送貨，包裝整潔，即時用但貓砂完全沒有綠茶香味，與N1貓砂旗艦店定訂購有所不同。不知配方是否改良。
2,為何我買6包不昰原箱送貨的，包裝上的日期是2020年6月4日是製造日期還是已經過左期呀？
2,其中一包係爛既，要求換貨！
2,"啲罐咁爛照俾客 
就咁已經見到罐頭入面啲肉😞"
2,"請貴公司留意出品的重量。一時一樣 

標準四小包 50 g x 4 = 200g

曾經有貨物只有一半

50g x2"
2,"第一罐內容變色，發臭，第二罐正常，
今次的魚片係碎肉，同以往不同，
暫時開了兩罐，不知其它狀態如何。"
2,今日收到貨，有好幾箱砂嘅紙箱已經爛咗，有箱等如冇箱，好難搬，請供應商留意下送貨packing!
2,盒内只有4罐，仲以為自己訂錯左！唔應該搞錯的。
2,第一次買因為用開隻貓砂斷貨。唔係好鍾意佢陣味，不過好過原味少少。主子都唔鍾意，唔肯入去廁所
2,未拆開包裝已經聞到枝清潔劑嘅氣味，漏出黎，要求跟進
2,實在太過份，呢度買貴咗六十幾蚊！
2,開咗之後有一邊係黃黃哋㗎係咪有問題？發霉？定係品質問題？
2,"貓砂本身的質量很好，多次回購。

不過今次訂貨發現包裝改了物料，如常於角落剪開膠袋倒出貓砂的時候，膠袋竟然破裂了&#40;見附圖&#41;。幸好膠袋沒有撕破到底，否則一地貓砂，不知如何處理！"
2,感覺N1越嚟越差，一開超多碎粉，吸味同吸水能力都差咗，用埋呢批之後都係轉其他牌子
2,唔鍾意評論咪唔評囉。你地啲送貨員又冇禮貌。貨款就識收，冇貨又唔講，成日都小左件貨，問你地客服全部都理解能力極底得個嬲字，當蝕比你地都費事追
2,我買的猫糧系歐洲産的，我收到既貨系韓國産。
2,"1 包裝盒已開
2 ExP：08/2026但盒上是02/2026"
2,"過往訂也是原箱包裝，今次卻是分開4 pack, 店員只將膠箱拉在地上並沒有提供協助，卻要自己蹲在地上放入環保袋，不爽"
2,一直用開，但發覺最近幾次回購的泡泡靈，都很水劑，搖很久也不能成泡狀態，每次都要用很多和漏到很大範圍，不容易留在患處吸收，可否給我解釋一下呢？
2,濕左有阿摩尼亞味，好”公”鼻
2,9月21號買的貓砂 7月30號到期？
2,吸水力非常一般 痴盤底
2,明明派送日天氣十分良好，送到來後有一半的包裝箱不是濕的就是十分污糟，一進屋害我的貓又都跳上去，最怕弄髒之餘牠們清潔吃了進口，請嚴肅跟進送貨或包裝安排，避免此情況！
2,香精味道太濃，貓咪唔鍾意，結果周圍亂痾
2,第一頁已經爛，最後嗰頁有污跡
2,買咗好多次冇試過咁送貨，18包貓砂連箱都冇，就咁送貨，仲要今次係正價買，非常失望！
2,包裝好差！無紙盒無袋！只用保鮮紙包住
2,這款產品之前有用開還好的，但是最近買的都發覺不結團，成日黐底，貓砂鏟到滿不結團濕咗嘅貓砂，唔好用
2,近期此牌子猫沙不太黏合難於使用鏟清理。
2,隻貓貓用完之後係咁甩毛🥲後頸成條禿咗，第一次出現呢啲情況
2,貨品寄到黎既時間袋身已經破裂左
2,包裝麻麻，黎到已經凹哂同變哂型
2,買左10罐，剩係黎左1罐
2,包裝袋爛咗！啲砂漏哂出黎！
2,膠紙使用量太多，用介刀，整親手甲先開到，其實可以唔洗包咁多膠紙
2,4大箱有3大箱都開過再痴返膠紙送俾我～12包得3包係真空啲～其他都漏氣
2,"我每次都是 兩款貓糧溝糧俾主子食
另一款係月亮形狀
見主仔每日都食淨晒呢一隻糧（月亮形果隻糧係食哂）
我就打開包糧研究下 
發現每粒都有d白色點&#40;似骨）
有d都好尖好硬 如圖 用手指係整唔斷
唔知係唔係呢個原因 主子唔食🤔"
2,每次嚟貨綠茶嘅顏色都唔同？ 所以唔知真定係假！
2,其中一支的蓋裂開了......
2,本來4款口味送來的時候，只得3款口味。無紫色去毛球個款口味，另有5罐凹左……感覺好失望
2,"好假嘅味道！
同之前用開嘅綠茶味差好遠！

感覺好化學，同埋癖唔到臭味！
大鑊，貪平買咗咁多。。。"
2,包裝寫45x60，但拆開入面係細碼33x45cm🤨
2,"之前一直在貴店購買，沒出問題。
但這一次的貓糧也太碎了吧，
貓貓剩下碎的全都不吃，"
2,近期麻麻 風乾得太勁 鸭肉條变得很硬 
2,原本我隻貓都鐘意食呢款罐罐，但係佢個罐蓋掩設計極差，蓋掩拉起但開唔到個罐，有次試過拉起蓋掩仲甩埋，要用罐頭刀開，設計差好唔方便
2,最近一批內裡都係唔滿，縮晒水
2,昨晚到貨今朝開已變質，好酸、一舊舊
2,罐頭凹陷，不會再在這店購買
2,買左N 次雞肉配三文魚x12 罐！ 商家已經2 次送錯 Tuna with chicken ! 2 者包裝一個係橙色一個係黃色！工人姐姐收貨就照俾貓食，我隻貓又敏感唔會食，浪費金錢浪費食物！
2,新裝味道完全不一樣，不好聞而且濃烈好多，更有時有些刺鼻，但購買頁面並沒有列明這個分別。以前舊裝是很好的，新裝令人不想回購。
2,買四包都唔係原箱送黎 其中一包已不是真空 啲砂又碎又散 越做越差！另外送貨遲到咁多&#40;夜晚8點幾先到&#41;又唔講聲 一啲交帶都冇 搞到浪費左一日假期
2,訂購話有貓玩具送，但最後無收到
2,"032521不知道是生產日期還是到期日，產品標籤不清晰。價錢比其他網站&#40;例如WnP&#41;貴$30, 而WnP經常翌日已可送貨。"
2,吸味一般，也看不到是否濕了！
2,原來買貴了，另一商家只賣$88
2,掃咗個防真偽標籤 顯示已經第二次查詢 令人非常擔心 究竟係咪代表假？
2,容量太少，$250一支，使用一次已用完! 未能得知效果!!!
2,包裝良好，即係賣家明知罐嘢凹咗照出貨
2,已回購多次，但最近2.0幼身變為很粗粒，又多碎粉。
2,其中一包貓砂包裝裂開，差啲冇留意就倒哂出嚟！
2,啱啱收咗貨，買咗三包有一包穿咗。。。。。
2,又是袋破爛的…雖然特價但D袋一送來都是爛又唔知有冇得退換很擔心啊
2,一箱24樽，已有半數&#40;即12樽不同程度凹陷。
2,買第二次，d貓砂顏色好淺，冇綠茶味
2,23年2月到期， 三個月食用期，冇寫明，未必食得哂，離晒譜
2,每次都會6枝6枝咁買，但今次開咗其中一支發現已經變壞晒！勁臭
2,我幫你哋買過好多次，但今次太失望，未試過咁多粉
2,已多次訂購，但今次的貓砂好大陣味，要兩日開晒抽氣先散到味，貓貓跳左入砂盤又跳番出黎…用咗一星期左右開始好碎，次次去完廁所貓貓個頭都成頭砂🫠唔知咩原因今次的訂購質量咁差，都唔知再訂唔訂好…
2,差唔多每一罐都係凹，同埋唔知點解係會偏水
2,拎出黎發現穿左！搞到我要清潔
2,買咗兩包，一包包裝正常冇損毁，一包係穿窿，但兩包都漏哂氣
2,本身原裝一箱三包，最近買兩次都是散裝一包包並不是原箱！好懷疑是不是假貨😅
2,派送服務有待改善，這裡是說明「2日送達」，我當天訂購後足足等了10天才送達，如果客人不主動追問的話是沒有客服會通知的，難以令人接受，請你們改善一下派送守時的問題。
2,試在tvmall買這款。。。但感覺與之前買唔同！
2,才發現看其他網店$420/6包😭😭
2,應該係cutter界爛左，d砂瀉左出黎 :&#40;
2,你好. 本來昨天收貨. 但是你們漏發了. 我沒有收到貨.
2,長期買開但今次紙質非常差
2,"買個陣講有6包濕糧送，係冇嘅
 為左滿$488送乾糧400g,再買多一包乾糧，都係冇贈品"
2,係好好好味，但不要再係 HKTV mall 買， 官網賣平$30 盒
2,返到屋企眼都突埋，原來20包裝係咁⋯⋯之前訂都係原箱，依家好亂又污糟，我寧願唔咁樣訂啦
2,有兩包穿左，漏左落其他貨品，清潔左好耐
2,買了兩包，其中一包打開有小結塊。
2,用開既貓砂，係就係好好用，但我買症4箱，入面夾埋有4包都漏症氣，無真空到，希望可以好好管理商品既品質。
2,10罐裡有4罐凹陷，情況頗嚴重
2,"買+2應該係收4罐
不過只收到2罐
暫時未有人回覆"
2,24款雜錦已回購多次，今日發現蝦罐罐內無蝦肉，只得魚肉，攪咩？
2,送到屋企門口已經爛，搬入屋就周圍都係
2,不滿意包裝🤦🏻‍♀️是我忘記了！不要再在hktvmall買這個了…… 包裝太差了
2,"貓砂袋穿咗，仲要貓砂碎咗好多 勁多粉！
嫌麻煩 費事退"
2,買了四鑵金寶寶湯，有二鑵係陷左，點攪
2,我一向用此貓砂， 在你處買的貓砂全是非真空&#40;即易漏氣&#41;， 我非常失望， 雖然比外買的便宜，但我不會再幫襯
2,有2包漏氣都算了，連折扣咭“汪喵小卡”都送漏，可以補回嗎？
2,卷卷都對唔齊紙口，係次貨
2,包裝嘅紙皮盒外完好冇損壞，但6個罐罐都有唔同程度嘅凹陷
2,質素變了 湯水沒有以前那麼清澈 肉全是碎的
2,運送過程沒有冷藏，導致一半蠔已融雪並流出蠔汁，下次到門市買比較好
2,我要原味豆腐砂 送了綠茶味 （第二次錯）
2,購買6包之中，有4包的包裝明顯已經疏氣，失去了抽真空包裝的價值。我不想找麻煩換貨，但對令和很失望，畢竟日本但馬雞柳不是廉價貨，包裝疏氣會令雞柳乾口感變差，亦有機會令肉質變壞，明知疏氣而照出貨給顧客，令我對令和很失望!
2,開箱開時發現包砂正中位置被𠝹開
2,"超薄, 吸唔切,小便後成地腳印"
2,有異物係正常嗎？硬身的
2,第一次用後發現原來胶底已是磨損！不㩒用。
2,"第一次用，味道似椰子味比較黏盆底同個剷，唔好用，唔會再買"
2,貓沙好用，但訂三包有一包包裝袋爛咗！！！
2,買咗12包，包包都漏哂氣，唔怪之得平過平時，平嘢無好嘢，奸商！
2,"比到盡33厘米×33厘米×12厘米=13.1 L, 包裝寫18L，也差太遠吧！"
2,一開樽蓋內裏的膠蓋已脫開塞在金屬外蓋內，所以支油完全不能扭實，不能密封，要找另一個瓶子將油倒哂入去來用，很麻煩
2,第二次購買 但今次開箱 少左一支
2,價格說明一切，買了兩隻，肉質柔嫩，鹹度適中，但㡳味皆有點苦，不知道是不是因為保鮮而下了點東西所致，長期食用不知道會不會有問題。若不是化學問題，建議商家想辦法改善這個苦味。
2,冇貼行貨代理既鐳射貼紙，應該只係進口水貨。平時買開左手邊果包有行貨貼紙。
2,第一次買呢個牌子，雖然無乜粉塵，但可能太大粒，貓貓唔鐘意，完全唔肯用，連砂盤都唔入，睇得出連踩都唔想踩d砂，結果我第二日就要倒曬，換過第2隻砂，失望。
2,比同一牌子其他的貴很多，紙質厚些但不十分耐用，亦遲了到店舖。
2,"買個陣講有6包濕糧送，係冇嘅
 為左滿$488送乾糧再買多一包乾糧，都係冇贈品"
2,薄身兼且不除臭，價錢貴過殿**但品質卻差過佢。並不是一分錢一分貨。
2,兩包乾糧都不是真空，其中一包更是脹脹的，開了一包試食，不脆口 ，有點潮了（貓貓一向食開這牌子，分別得出有分別）
2,訂的不是幼條裝，但收貨兩包都是幼條，貓貓唔鍾意
2,品質越嚟越差！倒出嚟沙粒好多粉碎
2,猫猫平常食開的，但今次訂6罐優惠價的質量跟以往的不同，比較水啫喱很少，我懷疑是否變質但未到食用限期沒，猫猫不喜歡
2,請問是否給錯？收到貨與圖中描述實物不一樣，我的是第一代水機，我之前有買過與圖中一樣的可以用到。但現在不一樣不知是否合用，請找人幫我確認下，如不能用我便要退貨，謝謝！
2,只有1/3發芽，泥土有點發霉。
2,"我訂5包， 送左4包黎packing 係&#40;一箱2包， 送左2箱&#41;， 送貨時要求放門口， hktv話放門口唔包遺失， 唔退錢！ 
大佬呀， 我成張單所有野都係度， 邊有遺失， 偷都唔會偷一包沙啦！ "
2,一直買開，今次買兩包，只收到一包？
2,最近幾盒唔知點解種緊極都有白毛茸茸嘅嘢出現，令啲草生長不長！
2,貨物送到時，其中有一個包裝已爛
2,4月12日買，但6月5日到期。同一張單買的麥芽豆乳，反而2019年1 月先到期。雖然都飲得晒，但係就好似正價$68/3支，買到期貨咁。加上收到的奶，支支開口的錫箔紙都係爛的，唔知係咪因為咁，入面D豆奶就見到有D結塊。
2,訂了三盒裝，但只有兩盒。請跟進
2,打開後發現有兩包紙巾已被打開
2,就正如之前有人評論一樣，今次既運送服務沒有之前咁好。有大約1/3都被撞到凹凸不平，甚至有1樽係撞到漏水。希望下次係運送既時候可以輕放。
2,已有部份’林‘了，唔值
2,"個貓砂袋底穿了一個窿,有貓砂漏出,可否更換?"
2,這次的貨不知是否質素有問題，日期沒過期（2026年才過期）但一打就股發霉的惡臭，貓也不肯吃
2,保鮮紙包然後入紙箱。 收到係每罐都凹。
2,"碗麵應該小心處理,其中2碗被壓到變形,因為運送時用不適當紙箱裝導致變形！
"
2,"這個根本
不是芝士年糕，
而是芝士薯仔餅"
2,其實一向都6盒一箱，點解嚟到散哂一盒盒？搞到盒盒都變哂型，其中一盒壓到就穿！
2,好彩冇爛 不然就溜哂出黎了😮‍💨
2,全張訂單只送了此貨品，而且放貨時間同預期中出入很大，另外其他貨品不知所蹤，沒有更新，沒有人跟進，煩請跟進，訂單號H200211015520
2,送來3盒，全部包裝都被壓至變形，因為外面沒有任何盒或者袋裝住，體驗好差
2,為什麼一箱只得4盒，其餘兩盒分開包裝？以前買的是一箱6盒。
2,購買了10罐，其中有罐凹咗。
2,比錢買時明明有顯示有隻有蓋鑊送先買，收貨冇送來，搵張單又冇咗送鑊個優惠顯示🙄
2,唔止檸檬茶，訂左好多紙包裝飲品，送到黎都砸到扁哂變形，有包檸檬茶砸到漏左出黎都唔知，今日一睇仲要發左霉，真係好過份，麻煩改善送貨包裝！
2,都是一如既往，就算訂4排也不會原箱送貨，必然凹了一部分！真係無法理解？？？？？
2,曾經斷貨很久，剛返貨便急急買了六盒，剛開了第一盒才發現這批貨4月8號便到期！！請問hktv是想客人把豆奶當水飲嗎？供應商供應將到期貨當正貨賣，hktv都不理會嗎？反映反映，這些問題都不是第一次出現啦！不要說2月19日送貨，4月8前應可飲用完！講真，有時街買做特價差不多價錢，但食用期限一定沒有這麼近！經過這次，真要認真考慮應否繼續在hktv買此類飲料
2,品質與在超市買到的不一樣，較「鞋」！
2,"訂六盒裝是希望乾淨衛生!

但送來不是 [六盒裝] , 是用膠袋散裝的, 每盒盒身都有凹凸, 3月7日到期 !"
2,第一次買呢個牌子原箱， 簿過超市買既好多， 呢個價錢呢個厚度唔算好抵。
2,芝麻蛋捲不鬆脆，食落外層有點淋很失望。
2,"沒有紙盒包裝，散裝。
之前買過，都沒有這情況出現，半打一箱，包裝良好。"
2,"到底發生過什麼事？？
摷到咁…………… :&#40;"
2,"其實呢件product都已經係6包裝，可唔可以一箱過畀我
有時買2-3組，會出12/18支散裝
散裝又易撞到凹，包裝又會污糟些少
拆箱嗰個員工辛苦，我收到貨要搵位收埋又唔會輕鬆咗
其實一箱過畀出畀客唔係兩邊都好咩"
2,跟之前質量不一樣，很粗糙
2,說明原箱，但送貨是散放，盒面滿灰塵，紙盒變哂型，底又凸，盒身又軟又凹，極失望。
2,凹咗…. 凹到企都企唔穩…..
2,懷疑品質有問題，和其他用戶評論一樣用不到兩個星期就呈現黃色的水痕。用不到三個星期濾水器已經發出好大的噪音，需要更換濾網才能解決。此批次品質有問題不是行貨？請問如何解決？謝謝。
2,"外包裝美觀
打開四罐有三罐有凹凸
生意手法有問題"
2,"三包都凹。
上次買大盒裝維他奶麥精雖然個盒正常，但盒面滑散散，濕張紙巾抹仲有泡。清潔完照飲但肚疴左三日，而家仲有兩盒，有陰影唔夠飲"
2,內容寫明6盒裝×數量1，正常是原箱（6盒）出貨的，不知為何要拆散曬再送貨，加添交收的麻煩
2,因漏送貨2次，第3次先送翻
2,"紙質太薄容易破爛,但又比較難分解溶於水,有時會沖唔走"
2,買完先見到而家官網做緊優惠 一盒平成30蚊 買貴左
2,運送中永遠做到污糟變形，幾時先肯做原箱？
2,"All glued together when arrived, 變了一pat 糊漿"
2,諗住產地是日本，應該唔差，但個人口味覺得麻麻，運送做得好好，收貨時還好冰硬
2,從未見過個箱可以爛到咁！
2,質感同最初唔同左 而家煎熱左會變糊狀唔成形 煎完都無以前咁煙靭
2,明明可以原箱送貨，為何要六包六包送？已有數包扁了，好在沒有爆裂
2,冇驚喜，好普通，就係一般紫菜加豬肉紙卷埋咁，唔值$68盒。同埋，成$8.5一條，唔預期有咁多添加劑同色素。兩粒星入面，粒半星係俾包裝，入面真係冇點碎嘅。
2,"頭一次吃還可,但回購就大不如前了"
2,唔係太美味，性價比低。
2,$108一箱4排比星期二單買一件$25還貴
2,"完全沒有包裝，就分別六盒
建議可以用包裝好一件貨品再運送"
2,壓到爛左，入面啲芝士走出黎….
2,"一路有訂開, 唔知點解今次pack貨有效日期只係得3個幾月. 又唔係超特價, 嚴格黎講係貴過樓下百佳, 都唔明點解要送近期貨黎. 雖然會飲得晒, 但感覺唔好囉, . 下次唔好喇!"
2,訂三次至得一次成功 但係畫面又無寫缺貨
2,剛完成購買後兩小時即由$79減至$73，真係冇理由啦！每個時段價格都唔同，對購買者極不公平！
2,無ZIP 開完根本儲存唔到
2,紙巾係好用，不過毫無包裝可言。膠袋都冇一個裝住啲紙巾，1包包劈喺地下，好污糟
2,最近一次購入比之前「鞋」左好多
2,產品質素有差異，深色同吉咗個啲係2025年4月8日買的，淺色同仲有貓矽個啲係2025年7月頭買的，相差3個月啲品質可以咁。搵咗客服，客服要我重覆3次講解咩事同給單號，用了我一個鐘時間都未處理好，浪費顧客時間。到回覆時就話商家發咗個到期日嘅相給客服，客服再email給商家個張所謂嘅到期日嘅相給我，叫我影返4月份同7月份嘅袋嘅相俾佢哋，4月份個袋用曬都掉咗啦，去埋垃圾堆田區啦，我點影啊。貨品放上你哋HKTVmall度賣，你哋都有責任
2,買左好幾次都係外盒變曬形，d 奶拿上手熱既，情願比多1～2蚊要個包裝正常既，五會再係呢間買 
2,唔明白點解買4排明明可以原箱 要將佢地分開送貨? 其中2盒變形 請跟進
2,我已經將各種貨物的數量為每款四排，但總是不能夠一盒過，要散裝地給我，極不方便。
2,"之前買左2kg 家貓好鐘意食，今次就買10kg，點知佢地完全5食，懷疑乾糧變左？
而家包貓糧就咁浪費左😭"
2,三月中到貨，不到五個月就過期
2,我隻狗食完之後不停放臭屁，系咪正常？
2,平時喺超級市場一直有買開呢一隻紙巾，用咗好多年，但這一箱我一用就覺得紙質比較薄，冇咁柔軟，香味也沒有平時的那麼濃烈。有懷疑過係咪假貨，唔單再睇清楚呢間商店係原廠商舖，冇理由係假貨？但無論包裝嘅顏色同紙質都跟平時百佳買的不一樣，為什麼？
2,今次變型變到唔可以企係到放好！！一次比一次差係咩玩法？？
2,4支送嚟有兩支都凹晒，仲冇埋蓋，好心送盒裝奶唔好用膠袋，體驗同觀感好扣分，似超市bargain特價貨
2,花生都有盒裝，呢盒盒裝飲品竟然係裸裝在膠袋内，好彩無漏出黎啫！
2,"包裝太hea, 搞到盒野扁晒😤 夾硬整直返🤦🏻‍♀️"
2,"訂購了,但來錯貨品,可再送來嗎?"
2,慘， 個服務員給我時整個膠袋都是漂白水， 當時我帶著口罩聞唔到有味， 回到家手脫皮及痛才發現， 這樣是否當時應換個膠袋給我或提醒我吧！
2,27/5/25 收到貨，16/9/25到期 ，正👍🏻
2,同上一個評論一樣！請CS反映商戶留意
2,盒頂濕了，原來有滲漏，請退款
2,"買咗4盒今日收貨，冇一盒係正常外觀，唔係幾隻角凹咗就係明顯擲到變形，之前同另外幾間買都會有外盒或袋包裝好，呢間今次第一次買點知就咁，其實一直都有客人響呢度留言反映遇到同一問題，但係點解賣家依然
唔改善呢？其實用家嘅意見反映係咪都係多餘？"
2,送到黎已經有一半解咗凍
2,"買完先發覺官網平$30,希望店舖跟進一下,感覺俾人呃咗咁."
2,"以前買開都覺得好飲，直到最近購買，發現味道同以前唔一樣。鹹味多左，冇左以前嘅燕麥香氣，沖咖啡出來味道鹹，影響咖啡豆本身風味。

認真睇左產地才發現由瑞典變成中國。都明白價錢確實平好多。但以後都係唔會購買了。

如果喜歡沖咖啡嘅客人可以留意此留言。"
2,4包有2包凹陷又爛底部，上次都有個膠袋，今次全部貨一個袋都無，請問我現退唔退貨？
2,送到時一半蠔已融雪，唔知食唔食好
2,$165 買，有 1/3 係連埋蠔汁痴埋一舊，即係曾經溶過雪，不過唔記得咗搞退貨所以算數。食到有幾隻有怪味，希望下次好啲。
2,今次好腥，之前買開都係好甜
2,用個軟身袋（見圖黃色袋）著住… 來到成盒扁左….
2,我想問點解寫1公斤實際得850g
2,雖然有盒裝住四支，但仍有一支損壞，蓋口已爆開
2,買了12支，送了11支，少了1支
2,送到黎時已開始溶雪。唉！其實你哋凍車係咪真係夠用架？
2,沒有與其他貨品進行分隔包裝，亦沒有對貨品採用任何保護，及包裝過程胡亂擺放。導致燕麥奶被重壓而變形，因為燕麥奶屬食品類，嚴重影響品質。這種情況已經不是第一次遇上，本人長期使用HKTVMALL購買燕麥奶這個商品，但屢次遇上這個情況，最終因擔心其品質狀況，而選擇將受重壓的燕麥奶廢棄，十分浪費，本人日後也考慮不再光顧了。非常失望！
2,好食大隻好有蠔味，但係送到來已經退晒冰
2,買了。分開二次煮、第二次煮有幾粒臭臭地……不過都ok既
2,想像唔到個倉係點先可以搞到盒奶污糟又多塵
2,3箱水，叫佢幫我地搬入倉，唔肯
2,幸好沒有破損，但下次要注意。 紙盒奶全4盒也凹凸不平
2,買開，好飲。但係包裝欠佳紙盒爛晒同埋樽口凹晒
2,我最唔滿意係今次hktvmall送貨員工態度，第一係冇wts聯絡我，第二係按完鐘冇講乜水，我問係咪hktvmall送貨？佢超級細聲答唔知乜，我聽唔到㗎，我見到制服先開門，加上佢染到個頭好金點知乜水按門鐘吖，仲要企到咁側，另外唔滿意係其中一條廁紙整到包裝袋咁樣囉，雖然唔係食物或急凍嘢，但廁紙都屬衛生問題係咪小心啲好呢？今次訂6條目測得呢條係穿咗，仲有個角一點點黑嘅污糟，依家唔知好唔好為咗一條廁紙要申請退換，明白生意唔容易，只係作為消費者絕對唔想見到呢種情況，如果問題不大都唔想麻煩返自己搞一餐，請注意下
2,送到時已溶晒變水，即時交回送貨員，請跟進
2,已收到貨，6支有4支凹咗入去🫣
2,"貨送到時 個盒頂已經係爛嘅 其實就唔係最重要 重要的是每個頂其實已經被壓凹咗 咁樣真係唔係咁好囉 買六支得一支係完整"
2,太甜，希望呢個產品有走甜版
2,"雖然有d人話送到時溶曬雪，但都唔信邪試下落order, 因為之前買過急凍野都冇問題，點知真的中伏，要CS安排換貨，希望換果時冇事啦"
2,真的不明白為何每一次也黐埋包裝，要拆返開十分麻煩。
2,"收到時包裝已爛
4支有2支個包裝損壞"
2,包裝唔同，好似連加工地方都不同，請查詢後回覆
2,"無之前咁好, 多咗好多沙"
2,"回家打開包裝發現有3件年糕碎開，其他的亦雪到有裂
"
2,基本上每次啲飲管刀係爆… 啜空氣…
2,送來的時候，不是完全冷凍，已有些溶了雪
2,"有啲貨品 包裝 不好 有啲 凹陷
如果改善好啲包裝 我買 左4 排， 其實係咪應該用紙箱裝畀我 會好啲"
2,剛剛5分鐘前送到～但己經溶了雪，有部份豪身更加是‘豪溶′般並非急凍着！ 雖然 我現在放了在冰格 但也想請問貴公司會如何跟進這個情況個案 我可否拿到門市去更換 因為擔心 吃了會對健康有影響
2,"5月9日送貨&#40;上個post寫錯&#41;, Best before day是6月29日。我知best before day之後都飲得，但無客人會要best before day之後的東西。結果責任落在客人，想best before day前飲晒，就要51天飲10盒，就5天飲一盒，我只想到幾種做法：當水飲、用來洗面/沖涼、派街坊。我估這不是賣家的原意。
可否在釘購資料列明Best before day?我知有不少HKTVMall的食物有這樣做的。"
2,其中一條膠袋有破口，衛生紙是貼身用品，唔應該有破損
2,"成箱咁黎
都可以有損
比起其他單條裝唔算嚴重"
2,送來時有半包都融了雪， 成袋都係水， 請換貨！
2,希望新鮮的好好食的，品質保證的！
2,到貨的時候還有兩個月就過期，買了一大箱逼住要快點喝完
2,收到半個紙箱濕曬，有一支破損，亦有數支凹陷，明顯是從高處掉落貨物，從來沒用有試過咁差收貨體驗，打開重要每支抹乾淨灑落既咖啡汁!
2,發現有包奶茶已經變酸，不能飲用。以往在超級市場購買，從沒有買過已經變壞的奶茶。請確保貨品質數。
2,"4月9日送貨, Best before day是6月29日。我知best before day之後都飲得，但無客人會要best before day之後的東西。結果責任落在客人，想best before day前飲晒，就要51天飲10盒，就5天飲一盒，我只想到幾種做法：當水飲、用來洗面/沖涼、派街坊。我估這不是賣家的原意。
可否在釘購資料列明Best before day?我知有不少HKTVMall的食物有這樣做的。"
2,"今次已是第三次
買親包裝飲品都咁"
2,"買左好多次 
今次爆開哂 責爛哂"
2,煮後好細隻，有甜味的但有啲腥，不會再買了.
2,好特別，有條廁紙未開封，少咗一卷，得9卷
2,"4盒燕麥奶逐排遞上之餘，同樣途不過多沙塵舖滿貨品外面！ 麻煩、拜託，食品類貨品可否有少少衞生常識呀？
"
2,"有兩盒奶的包裝, 出奶位穿了, 奶是酸的. 要求退回那兩盒的款項。"
2,1/8中午收到時已有溶雪情況，並有異味。將情況告知客服，2/8晚才回覆並叫我留至7-8/8下午找人回收及換貨，我已回覆這袋有異味的蠔，基於衛生問題，不可能放在家1星期等人回收。3/8客服回覆並自行安排4/8下午找人回，我亦無confirm客服就close file。雖然價錢抵，但貨品要食用得到先得。一直使用hktvmall購物，但今次客服的服務較差。請跟進及退款！
2,訂原箱2箱，可以有一箱係拆佐一排出黎，再散裝咁送另一排黎，仲要係壓到凹咗，真係唔明係咩出貨系統同邏輯。
2,送來已散開一隻隻，似乎開始溶緊，但其它凍貨無咁嘅情況，唔知係咪供應商出貨時已溶？
2,上次買了$188套餐，廣島蠔非常好吃 ！但這次在職員的介紹下再買，卻比上次一質量差很多。不會再買了。
2,對上兩次買真係好鮮甜，又平，又唔多縮水，但今次買無鮮味仲要腥，我已經好食得腥，仲要咁貴，我怕怕
2,未食，抵買，商塲檔$120-130
2,咁多次今次第一次收到呢d問題貨、有幾卷個包裝紙係好似開咗咁、呢卷個包裝紙又係開咗咁、最大問題裡面卷紙黑色唔知咩嚟🤨🤨
2,本身好期待，係好大包仲好多添，不過食過出面既廣島蠔就會覺得有少少分別，每隻大小咪同出面一樣，同埋係好好好腥，失望
2,以為好用，一濕水便變成注菜咁，以後唔會再買。英國Tesco 嘅出品All purpose cloth 好用好多。
2,貴過$50都買只貪送貨
2,未食，但收到貨物時已溶雪。
2,廣島蠔送來已經開始不凍了
2,送到時有1/3的蠔已溶雪，感覺不良好
2,今次食 唔好味 霉霉地
2,我覺得比起正價的貨物品質有差別
2,啲蠔入面有幾粒浸奇怪味
2,好鍾意食生蠔但冇得出街 唯有買急凍蠔自己煮頂住先 第一次買急凍蠔 好大隻 但點整都係臭 試過整五次以上先評價了 幾熟都整過 睇嚟都係要食返生蠔
2,買了四盒其中一盒食用日期只有一個月，如果係咁短期唔該下次講聲我唔會買依家逼住一個月內要飲晒
2,買過好多次， 每次送到嚟多好企理， 但係啱啱星期六嗰次送到嚟就已經用曬雪， 啲蠔仲好似 爛爛地， 麻煩跟進一下， 避免再次發生
2,打開解凍，多半的蠔爛肚流晒灰色水。。。幾好味都食唔到（得番蠔的邊）
2,吉之島買$120，今次折上折先$70，長期買，但每次送貨呢個都融曬，D生蠔痴埋一堆晤方便打邊爐食，融雪始終送貨溫度控制得唔好會拍壞，唯有又去門市自取就一d事都無，唉。。。。
2,煮完縮水細左4-5成..
2,無必要包裝太多層3-4層拆都麻煩.仲有上次買的魚糧打開後有水滋的&#40;蟲&#41;
2,回購多次，但今次有腥味及怪味，希望供應商注意和改善！
2,"$129超買越貴"
2,$139 ，好腥冇下次
2,打開外盒包裝，發現有油跡，再打開包裝膠，成手都係椰子油，現後發現樽蓋是損壞的。希望更換貨品。
2,有點腥，比之前的味道差了不少
2,溶雪後有些蠔變咗好細，味道亦麻麻地.
2,"一打開最外層個膠袋,D蠔瞬間跌哂出黎,封口打開左一半 "
2,商品雖然無問題，但今次一盒盒，分散送貨。商品盒撞到凹凸，而且感覺不衛生。但是又收咗我膠袋費1 元。下次可否改善呢？
2,$264/2包，以為好抵，隔幾日就$125/包，不爽
2,又細包又少抽 好快用曬 要買買JUMBO
2,鮑魚細隻但厚肉，味道濃可能上湯加了味精，我並不打算返買
2,2-3個月前買都2026年10月先到期，宜家3月買10盒就2026年7月到期，仲要貴過之前，這個新批次唔新咯.
2,上星期購買了兩箱牛奶有一箱，打開時發覺有四盒牛奶蓋損壞，申請進行退換程序後，但很快已被取消退換
2,我用過你公司的多完化購物平台同其他購物平台比較，算是不錯，但價錢可以平D，我就不用比較，在你公司買貨。
2,今次呢批唔ok 起碼幾隻都係霉嘅 好差
2,明明係話有爽身粉香味，唔知係咪擺得耐定係點？總之一陣噏味😫
2,"這是第3次購買, 皆因之前的確很好, 收到的包裝 每隻蠔獨立明確 - 隻隻可數. 需要煮幾多隻, 就取幾多隻.      但....... 但.......今次收到的𧐢  ****全數集體連結冰封****  我怎樣拿取所需數量煮吃? 即是要我全部解凍, 才能取出煮食.  但餘下解凍的放回冰箱, 絕對影響蠔的質素.  對此, 我好懷疑從 此包蠔.... 在某處/某個時段,   未有好好做足保冷....., 另每隻原已冰封蠔隻 的冰 ....溶掉,  然後再把溶解成水的蠔再放回冷藏,  因而仍成 所有蠔隻集體冰封鎖在一起.   麻煩你們倉庫 取貨派送 或 門市收貨員 留意這點.  今次收貨 我有點失望. 希望下次 不要這樣. 唔該呀!"
2,"第一次寫評價🙂‍↕️唔係第一次購買，每次都有溶雪既情況出現令蠔出現怪味（買咗就硬食），今次直頭溶咗大半包。都知道送貨員每日有龐大嘅貨量要送遞，都好難避免急凍產品會有呢啲問題出現，但如果一日唔解決送貨品題，今次會係最後一次幫襯，最緊要係驚食壞肚姐。"
2,一卷好鬆，比正常鬆3分1，12卷相等於人哋10卷裝
2,之前訂的沒問題 這次收到的包裝破損 破損的開口大到輕輕一拉就可以把裏面的水更換
2,每次購買6盒都是原箱，今次收到貨竟然是用一膠袋散裝6盒，有數盒已壓扁凹陷，為何不是原箱運來？？
2,又細又腥又唔好食 ，建議買另一牌子的廣島蠔
2,唔知包裝問題定發貨前已經係咁，六罐有三罐凹左，希望改善下
2,蠔未解凍已爛，解凍後發現爛得仲多，而且縮得好細
2,漏油，玻璃瓶面和邊都有油，唔知係瓶蓋設計問題，還是包裝問題，要找出成因，要注意改善，以免運送途中漏油!
2,今次買了6箱，有6包冇盒，其中一個盒已經爛到用唔到，送貨哥哥將個爛紙箱放係度，可能係想我知原先係有箱，不過已經爛到有等如冇！另外一個箱我冇見到，可能另外一箱連紙箱都冇！！其餘4箱，2箱爛咗一半。之前已經試過咁，希望供應商注意一下紙箱質素同咁嘅包裝點可以送俾人！
2,"凹的
是奶不知是日口否变了
"
2,"今次係O2O店自取,買了4盒, 是用厚身紙袋裝住,內裡擺放方式奇怪,見圖片, 兩盒蓋口向上,兩盒向下, 當中3盒盒身有點碰撞凹陷, 好彩係無破損, 未飲,飲品品質應該無事。
"
2,收到貨品後，有幾包有凹陷情況。
2,買了三條盒裝紙巾，每一條都有破損地方.
2,用膠袋運送，收貨時比這張相片仲皺。
2,貴公司幾時先解決到送紙包類飲品唔好溶溶爛爛😫
2,"一個盒子破損
部分飲管破損"
2,一係紙箱拎出尼就發覺爛左，漏哂出尼
2,一支扁咗就算啦，點知好多支都係咁，仲要企都企唔穩，好驚佢漏埋出嚟
2,由於同訂的可樂倒瀉左也整濕了包裝
2,有冇人話畀我聽，奶會唔會壞？
2,爆咗幾罐，搞到成地濕哂...送貨人員可能唔知？所以無講？
2,因為已過退貨期才發現盒底有滲漏已即時掉咗，都忘記影相
2,外觀變晒形，期望日後改善
2,噴吾到出黎囉 禁左好耐 仲要流出黎
2,已原箱買，但很多盒都變形扁晒
2,"今日收貨，個底有滲漏，麻煩請跟進。
沒有包裝，只係用膠袋裝住，個盒成日都壓到歪晒。"
2,"好殘下 摸上手 軟淋淋同之前買嘅差好多"
2,你哋送錯左檸檬茶比我，我係要錫蘭檸檬茶！
2,點解會爛溶溶咁？得個紙袋，個底凸晒出嚟，平時凸罐凸盒就多數品質已壞，宜家都唔知是否品質有問題
2,明白退貨限期已過，冇得退貨，但仍想分享一下，請供應商留意，如果件貨品殘到咁，請提醒分店員工，不要供給客人
2,"對比坊間買到既凍乾，感覺比較硬身。貓貓唔鍾意食😮‍💨。
一舊搣開兩片俾佢方便食，見佢咬左入口以為佢食左，點知轉頭佢已經吐左舊凍乾係地下。
好彩只係買左一樽。我隻貓本身比較為食 咩都試，好少會唔食凍乾。"
2,包裝正常，那就是包裝前已損壞，是固意無視直接出貨嗎？都懶得退了
2,我買2包，佢淨係比咗1包
2,送來打開盒子，見到有漏油，可以点呢？招紙都變成兩個不同顏色
2,椰子油雖然有用bubble wrap同放喺紙皮箱，但蓋位沒有包緊，收到貨時已有椰子油漏出，紙皮箱內也能見到油跡
2,睇到咁多評論，都知道包裝有問題！問題係乜包裝都無！咁你話要環保都無計，未送貨之前，令人好懷疑衞生有問題，就算幾好飲，或者追加減價都好，都係去返超市買好啲！起碼見到企理，唔會壓到變形，絕不推薦！
2,睇圖片以為10包係原裝一盒，收到貨係散裝10包，雖然是獨立包裝，但是有幾包扁咗又彎曲哂
2,超過一半的罐頭是凹的，實在懷疑店家是否將破壞東西賣給網上客人
2,一直買開，今次其中一包裝穿咗，漏砂
2,買咗十罐，有五罐個罐係凹嘅。
2,原來真係好淡，淡到好似清水咁
2,包裝袋沒有封好！貓沙從袋底漏出！😖😖
2,水甘稀，減幾多價都冇用，只係虚偽!
2,稀到水一樣，冇豆奶感! 可惡
2,麵條斷開兩節，麵質亦一般。
2,成包斷咗一節，都唔知點包裝
2,個罐前後左右都有少少凹、個人覺得外面如有有限量的保護包裝比較穩妥
2,漏油，瓶蓋好似開過，好失望
2,雖然說過分包裝不好，但是這個奶沒有任何保護成份，他只是放在一個破膠袋裏面，而且我一拿上手，就發覺外層的包裝有損毁，因為這是食物，我不放心食用，因為我擔心食品安全問題，我怕損壞了的包裝會有細菌可以進去奶入面。另外送貨員的態度十分差，好像得罪了他。究竟在這個平台買東西是我的錯嗎
2,包裝袋一陣臭味，之前未試過，今次好失望
2,"加購$19一盒的確好抵
但係包裝同埋運送極度求其
我買咗三盒就咁用膠紙捲埋一齊
壓到扁晒，跟住搣嘅時候啲膠紙又黐起晒個包裝
雖然商品便宜但係都唔應該咁樣對待
尤其係呢啲有重量而容易擠壓嘅東西"
2,袋上的日期2024/5/23是到期日子/出廠日期呢
2,外在包裝很好，但是包貓砂在箱內打開時底部已經破損，取出時貓砂流到周圍都係🤨
2,一開勁多水？！成件衫同隻腳都系水🙃系咪跌左落海撈返上黎寄比我？！
2,要8packs何解不能給原整兩箱，只給1整箱，半整箱及2packs散裝。
2,第一次買因為用開隻貓砂斷貨。好唔鍾意陣味，主子都唔鍾意，唔肯入去廁所
2,其實已有bubble wrap及紙箱包裝，但送到時噴咀部份位置已斷裂。應該不影響貨品質量，但要再注意包裝方法。
2,我第一次用。呢個貓砂味道好重，成間屋都好臭好大味⋯人聞落去都頂唔順，好彩貓貓有去到廁所
2,買6包，冇原箱，散件一包包送來，全部疏晒氣，有包仲爆開左，搞到一地都係
2,訂三包，一包正常兩包好碎好粉
2,又係order粗粒 但又比幼粒！
2,有損壞，原本想退貨，但不是太嚴重就費時煩，日後請改善下
2,凝固力差咗好多，而且好多粉塵
2,"收到的時候包裝已經穿了兩個洞，貓砂從兩洞中流出來，非常不便。
請留意及改善。"
2,打開紙盒都是油 懷疑包裝破損？
2,"之前買過好多次，第一次發生呢個情況：
1. 內含半透明不明漿狀物質
2. 慕斯很硬，並不如平時般軟滑
3. 貓貓唔肯食，平時佢係食嘅

相信係呢罐有問題，其餘兩罐則一切如常，貓貓肯食"
2,外盒內尚有很多空位，不能保護罐頭。
2,本身黎到個泵係已經立高左，但係我見撳咗幾下先出洗頭水，應該冇俾人用過掛…但係唔知點解呢一隻配方同我平時喺萬寧買開同一款嘅係完全唔一樣嘅質地，呢一隻非常之杰！好似加左好多膠水。同埋一到冬天佢個口凍到有啲凝固咗，你要係咁撳幾次，佢先真係禁到洗髮露出嚟，搽上去頭用完之後係非常之乾，同埋洗完會令到你個頭髮打結。從來都冇試過咁嘅情況。我以前喺萬寧買開呢一隻洗頭水都完全冇咁嘅問題，係好好用。完全唔明白點解今次喺HKTVmall買會變成咁。已經用咗一個禮拜，難用得滯，俾我揼咗。
2,"啲罐有一半都係凹嘅
未開唔知入面係咪完好"
2,用左幾年，以前質量好好，但最近質量變差左。結砂後，d砂會變左糊仔咁黏著砂盆，超難鏟，而且d砂變得好多粉塵。質量愈來愈差，希望廠方可以維持以前的質量。
2,食三隻就有一隻臭，唔新鮮，好明顯解溶了雪再冰返，不會再買
2,喺Bubble紙攞出嚟，一支爆少少濕晒… 另一支無事…..
2,罐邊有啲黑點點，疑似生銹？同埋，我兩隻布偶貓都對個罐罐無興趣，白費了。
2,今次乾糧啲質地淋哂狗仔都冇食。上次包裝得好好啲貨冇淋到，但今次品質好差
2,價錢浮動太大，買完見到$88，買果時126$
2,買十罐凹左四罐，四邊就咁得個原裝紙皮冇野保護。之前都冇包得咁差。
2,係抵同唔洗自己超市攞返屋企，但訂兩底，其中一底成排凹晒，下次真係要諗諗仲敢唔敢博一博訂紙包飲品，好彩今次只係凹咗，冇漏到周圍都係。
2,經常回購，收到貨品外盒也是經常破損！
2,個膠袋大，貓砂少，多粉塵，黐底！
2,包裝並不是正常的真空包裝，似乎已經漏氣，另外有效期很短，到期日是2022年2月，要求換貨
2,"太乾和幾罐都有魚骨,很危險"
2,買咗幾包冷藏嘅食物係咪應該有保冷袋包裝返嚟變晒室溫
2,原箱包裝，打開裡面獨立包有漏粉問題，中層一包有幾個細窿，懷疑係比蟲咬。
2,都鋪取貨一出門口手環已同袋分離，另外想問這款是否粗沙？因為我訂講時只見到註眀幼貓沙，而沒有註明有粗的，是否沒註明就等如粗沙？
2,到底係個seller包得差定送貨太暴力？個噴頭爆開左，隔住個泡泡袋都漏到出黎，好在漏左唔係好多～倒左1/5左右啦
2,想問系統係10月1號話會退款，但係到而家都未收到，大概需時幾耐？
2,知前買過幾次內外都幾好不過今次切開就見到個芯開始枯乾
2,今次回購送到已退了冰啲醬汁溶晒
2,"5好成日推說天氣問題，如貨品不好就不要發貨，這商户以前都算好的，一直買開,但開始差所以冇買一排,近次見評論無乜嘢再買過，點知又係爛,劣質貨給人照收錢,或是清貨?用未賣完擺到快壞的菜去出貨嗎？次次都推說天氣，咁天氣唔好就係咪應收檔唔賣菜？芯X又係咁仲差，$25又係咁,$3O買又係咁，係咪星期二或三買的都是這些貨嗎？"
2,之前買過完全冇問題，一倒出嚟全部粉狀，但今次依盒倒出嚟啲粉係一舊舊，有幾粒倒出嚟啲粉直情硬到變咗膠囊形狀，唔敢餵貓貓食…
2,外盒原整，其中3罐凹咗，即是包裝時有意將凹了的產品給顧客
2,太誇張，九罐有四罐罐頭底部凹陷變形
2,沒有密封，香氣已經所餘無幾，和以前相比差很遠
2,"睇錯左....以為1000ml特價,仲買左兩支,點知原來係500ml咁就唔抵啦,有時俾星期二呃左,以為平,其實差唔多"
2,距離到期日得4個半月，但頁面冇標明！
2,"工人姐姐點漏貨, 送少咗呢樣, 拿起手要煮嘅時候才發現 … 蝕水😔"
2,湯水太渾濁 以前買的湯水很清澈 還有肉全碎 的 寶貝以前每一罐都會食，現在吃了第三四罐已經不吃了 貓的嗅覺是最靈敏，我相信以後都不會再買了
2,冇諗過喺大陸入貨再賣俾我哋，大家小心。始終係毛孩子用嘅嘢。我已經安排退款。
2,已回購多次、為何今次罐裝全英文？是水貨？
2,可唔可以唔好再亂咁包 求其搵張膠紙 一qy6就散晒 本身原裝pack得好靚
2,未打開時見到入面粉塵相當多
2,包裝無損壞，但打開有陣臭益味，原本無太大顧忌，但貓貓食咗一日有軟便。可否退貨處理
2,第一次購買，想問這是正常size嗎？
2,被9.5kg的狗糧壓扁一盒，一盒內有3支，中間嗰支壓爛左，漏晒滴劑
2,開箱已破損，要求退換沒破損的新貨
2,贈品話係3小包狗糧，但打開包裹後，係支貓棒？！
2,一向都有用開，但今次其中一包打開有一浸藥味，明顯唔係之前豆腐嗰隻味。
2,好多粉越用越碎 一分錢一粉貨 絕對冇下次！
2,買3包，有兩包穿左漏氣，都唔知會唔會潮，如果到使用時，貓砂潮左影響使用，我一定轉貓砂。
2,明明31/3或之前N1貓砂$199可選購2包，但最後只能以$119買1包...
2,我隻貓都鐘意食，但係個罐嘅蓋掩設計差，拉起後用力開都開唔到，有次蓋掩仲甩埋，要用罐頭刀開，好唔方便，廠商要改良一下
2,一半罐頭都撞凹咗，希望改善包裝
2,訂三包一包正常兩包好碎好粉
2,你地可唔可以唔好亂咁pu4 求其搵膠紙封住就算 qy6得好辛苦 仲會散晒 本身instinct原裝12罐pack得好靚
2,很可笑！同一樣貨品是一個時間但分開送貨！不知所為
2,貓咪食完一礶有瀉的現像
2,這是第1次購買大包的容量但包裝拆開並不能密封，是產品的Error還是大包裝不能密封，這麽大包當然要分多次給主子享用，原本是購買小的，未試過不能密封，沒有說明，現在很不方🙄
2,7罐中有3罐都凹哂 收到個下係喺盒入面 點解會可以凹咗？
2,未知能否防叉蚤滅蚤， 但送來的 plastic bottle 唔好用， 很能按，  收到時個 bottle 是湿的， 唔知是否已流出！  一瓶不足用於一張布sofa !
2,兩支都有滲漏，應該係噴頭無lock好
2,同時間買咗兩間店嘅罐頭。對家用盒全部罐頭冇事。呢間用紙袋，全部凹曬
2,買咗12罐，有兩罐都係凹，其中一罐凹成咁，好明顯係跌過落地都唔換罐新嘅⋯⋯
2,"貴過出面, 罐頭入面有魚骨, 好彩貓貓好彩無哽親, 大家留意返"
2,用過細包尚可，第一次買大包裝，但一轉大包，新開，摸上手就好多粉…….
2,3隻貓一向有食開哩隻味嘅日版，見標示寫是日本/泰國就買嚟試，今日收到貨即開畀寶貝試，開包裝時已聞到同日版味道不同，寶貝們完全唔食。一定冇下次。
2,"買6包, 全部沒紙箱一袋袋送來, 送貨哥哥攞得辛苦, 我又難儲存, 點解唔放入紙箱送貨呢?"
2,"從不變改是最好,要說品質最佳在五月"
2,"用開,但今次的包裝袋穿了,貓砂漏哂出來,激氣"
2,收到罐頭撞凹左，有啲失望，唔知有冇變壞
2,尿墊質素很一般，薄是預期的，但尿墊邊位滲漏是用過不同牌子第一次遇到！
2,我都覺得愈黎愈差，凝結唔得鬆散
2,用膠紙貼大多 好多膠紙漬 樽蓋檸唔實 冇咗三份一
2,"見好用，$105買完又買，突然漲價至$152，學汪亞姐話齋個心都離一離！
後尾降番$125&#40;仍貴&#41;
其他平台又平又有嘢送都有送貨！"
2,日期新鮮，但包裝麻麻地，冇做保護，送到澳門已經好多個瘪罐
2,都係貨品無問題，包裝真係超難拆。點解要用膠質包十幾層？剪極都剪唔開。
2,6包有一包沒有了真空都算，㒲有一包的包裝是破爛了的😓
2,買咗兩支，裏面嘅溶液都係得包裝嘅三分之二，唔似有1.8L，喺藥房買都冇呢個問題。
2,我要六包，只發了五包😅
2,兩罐嚟到嘅時候全部凹曬，而家睇到先知其實一路都出現呢種情況，要求退款
2,包裝有穿洞！攪到漏曬出黎！請跟進
2,"你好 
我19/6上網買了3包貓糧 直接送上門只送了兩包
還欠一包
請盡快補回，謝謝"
2,同寵物展時買既唔一樣，除味一般，效果一般，是否改了配方
2,收到個包裝。一睇。 Car Litter.  包裝出咁大錯誤？！ 令我對佢品質好懷疑。。
2,訂4包，有一包穿咗，紙箱也爛了，導致成個屋外走廊，紙箱內都係貓沙.. 花了好多時間清潔屋外走廊同屋企….
2,罐頭都凹了，包裝濕透，令裏面的罐頭都濕透包裝紙都脫落
2,我訂2包…. 到貨只有一包😞請問如何處理
2,一箱24罐內，有四罐凹晒！麻煩供應商跟進！
2,有張膠紙黐住，清潔劑唔係入滿，唔知係咪正常
2,因為貓貓這大半年都是食這款果寡糖的濕糧，所以今次繼續購買還一次買兩箱共48罐。但開了三罐都發現和原先的不同了😲不是原本全糊狀而是罐內有一粒粒的🤭貓貓有點抗拒⋯⋯請問是配方改良了？還是質量變了？請回覆🙋🏻‍♀️
2,一真用開，唔知點解今次買2包，其中1包有好多白色一粒粒，擔心影響到貓貓
2,訂購3袋貓砂，接單後應該知道有沒有足夠貨量，無貨應該早點告知顧客，送來只有兩袋貓砂，要我提交申請退款或漏貨，咁無交帶，還會再有下次光顧嗎？
2,多次再買都沒有好好改善包裝，罐頭有少凹。
2,包裝顏色跟以往訂開不同，有深淺顏色差別，沒有了 100% 保證，懷疑是否原裝正貨！
2,買咗3枝，有一支係漏嘅
2,包裝欠佳，多個罐頭有凹。
2,吸力強但係太細粒 整到周圍都係
2,外盒沒損壞，但罐頭下陷！應該check好才出貨吧！
2,商品說明無寫明湯汁口味，中晒伏
2,新開就會好清新，但过了兩三日咖啡未會變宿味。
2,"hktvmall買嘢都有3、4年，平均1個月買1次。今次係第1次有delay，其他貨都準時到，係呢件遲咗。到第2日話會再送，又遇著打風。第3日話送，又話交通延誤。真無語了。
產品包裝沒問題，貓咪第1次食，一開始聞完已經肯食，不過食得幾啖又走咗，倒嘅多過食。"
2,用開木沙，諗住轉下呢隻， 覺得麻麻地因為都有啲白色嘅灰， 猫猫去完廁所發覺地下都有啲白色嘅印！
2,"明白這是價格較高的signature系列
但圖片是5.3oz的，睇錯左，仲買左6罐🥲"
2,一路買開，今次啲砂好碎又有異物，會好易整到周圍係
2,這批罐頭很稀很水狀，跟過往買的不同
2,店舖的包裝是很好的，但貓糧本身包裝唔好，zip帶痴住另一邊不能使用。
2,貓砂爛左就咁用張膠紙貼住？一送到黎就成地都係
2,品質不穩定。肉有時侯呈啡色像煮燶咗，有時呈粉紅色。經常見到有較大同的蟹殼，應該係（軟）殻但由於太大同埋我用匙羹壓也不碎開，貓仔可能會噎住，希望有改善情況......
2,9包有1包穿左既my god...NI品牌包裝送到成日穿架有貨入住都冇用既
2,一箱6支，2支壓到變晒型
2,"本身有盒、內裡有氣袋包住。但收到的罐頭卻凹陷如下。
一共買了5罐、其中2罐凹了。"
2,買了之後才發現百佳平啲
2,"以往訂購都係真空包装，今次就漏曬氣咁。
"
2,200ml 噴咀唔work!!!請更換！
2,"懷疑買了假貨，貓貓看見也不想食，食後瘋狂廁所出出入入，大小二便出血，看了醫生，照超聲波，食藥，診金也用了3000多，平咗$200買行貨，結果反而得不償失！難為了貓貓辛苦了數天還未好！
Hktvmall沒有監管？可以縱容店舖買假貨？"
2,無重用封條，無雷射label...........連個使用日期都有頭無尾，十分奇怪
2,"請問貓糧係咪換咗形狀？
之前買開每一粒都係厚身啲冇咁扁，貓咪食完之後肚屙"
2,一直訂開，直到今次回購，24罐入面有一罐壓爛，想退1罐但發覺一退就要退24罐，兼且要安排時間等人上黎回收24罐，咁即係唔想人投訴有問題啦。其實我就咁退返一罐錢都得，但一退就退24罐而且成日缺貨，咁貓貓食咩呢？
2,買咗30罐，有一半罐凹都算，拉橫都甩埋真係唔多掂，提醒大家呢間商店寄貨係連popo紙都慳商品零保護，買之前三思。
2,"有話美版,收貨後發覺加拿大制造,現在加拿大已成為美國省份？實在欺騙,可去海關投訴"
2,比之前薄了很多，品質差劣，不推薦了。
2,好多尿墊都出現破損情況
2,今次的貓砂沒有香味，唔知係咪品質有問題，定放得太耐。
2,"其中一袋，袋底的摺囗穿左小小，好在沒有漏哂啲貓砂出來
無用箱送貨，只係就咁6包送黎"
2,之前買嘅都抽咗真空，今次呢兩包冇抽真空。
2,打开才知道像肉泥，主子不太喜爱吃！😌
2,200 ml 噴咀不能出水！請重發噴咀到指定交收點泓景匯！
2,"包裝封口膠即使拉開左都根本開唔到🤯 次次都要用鉸剪剪開先開到"
2,肉絲比較乾。貓貓唔係咁鍾意
2,Order咗30罐貓罐頭 Kakato， 12罐表面有凹嘅地方，品質有問題！
2,我係回購的奇怪盒都冇只係用bubble紙包住
2,"原來沒有zip 
咁大包唔知點保存🫠"
2,人手不足，等候時間太長
2,"買咗三包其中一包收到已經打開咗...
但係本身隻product係好用"
2,五隻貓貓 ，4隻食咗都痾爛屎
2,定價太高 平時大罐都係19-20
2,用膠袋包住，但膠袋污糟晒，有d痴立立
2,太細粒，又唔太吸水吸味，特價試下，唔會再買
2,開箱已有三包紙巾爆開了⋯
2,買了一箱12罐，罐頭頂生鏽，其中幾罐撞凹🥲
2,猫砂好大陣味，開咗幾日都仲好臭。唔會再買😤
2,除味唔錯但貓尿1剷就散晒
2,"我order 99罐收貨，只得一箱84+3罐共87罐還欠12罐，請盡快跟進退款12x$7@=$87
或送回。"
2,"尿墊實物並非如商品說明般為「加厚」，反之為偏薄。
尺寸45 cm x 60 cm，每邊邊口位卻有約4 cm，實質尿墊偏細。唔推薦購買。"
2,猫不吃肉條，衹肯吃糊狀，見産品寫肉泥才買，但原來入面超多肉絲
2,"基本上9成罐都係凹
而且燒雞唔係港版，
如果係日版應該要標明
係平姐，但都唔好9成罐都凹比人囉"
2,"訂2.0幼砂,送錯粗砂,可惜發現時已掉了送貨盒不能退換,照用了粗砂非常黏盤底"
2,其中一罐撞到凹陷了，其餘的還好。
2,換咗新包裝連品質眼看都同舊包裝唔同，貓貓起初都不肯用
2,以前買過同牌子嘅細包裝係有zip封口.... 但係反而大包冇，倒完入真空罐都仲有大半包要諗方法保存... 但就2022先到期
2,"訂30個，今次發散貨，不是幾個一pack, 數咗三次，都係29個。"
2,此貨品非常差內夾雜不明嘅物體，希望有職員跟進
2,後悔買這種貓砂，倒入一包一隻貓咪用了一天就很大味道，只好又倒入一包，仍然怪臭。最後無法只能用回以前用開的Petshy。以後不會再買。而且也沒有發現紙盒里有2l包裝的贈品。
2,四包出現做工問題 網面移離咗
2,送錯貨品。要求退換。6月12日至今仍未辦妥
2,想買兔仔變咗原版，希望下次商品說明更清晰
2,已經遲了一天，送到來時盒裝紙巾的盒爆開，好唔衛生
2,送漏左贈品，無左貓小吃既？
2,買開係真空包裝，但今次購買不是，會影響質素嗎？
2,貓砂一黎就爆開左 有冇搞錯？
2,"一貫用开,只是貓貓十分不滿,每次餵药都十分艱难,仲要成口泡,每3个月決戰一次,最近嘗試用半粒药丸开5ml水,餵水時乘机分幾次餵佢,係比較容易,但都要搏鬥一輪
有冇d貓貓願意接受的除虫片呢"
2,去尿味唔係好得，已經噴左好多次都仍然有味
2,包裝太過馬虎，4-5個罐都撞到凹咗，唔知有冇變壞，麻煩包裝做得好啲，一係你個箱就唔好咁大個，搞到啲罐撞黎撞去，唔會再買你
2,粉碎左好多，係門市買 好明顯一條條豆腐條，返來睇點解碎左咁多
2,買的幼粒送來的卻是正常大小的
2,不同口味共買左9罐，奇怪有一罐特別凹得勁，其他無事，係咪明知凹左都照發貨比客人呢？
2,比起之前，表面看好油？為什麼？產地不同？
2,噴頭撳極都噴唔到，仲要係咁漏
2,6L?好細包!其他牌子6L多成倍，&#40;仲話增量裝，🙄🙀&#41;
2,買左48罐，當中有18罐都有凹陷。之前買過都正常的，第一次出現呢個情況。希望下次留意一下。
2,買幾次can food 包裝都差，次次都有凹😖
2,訂貨及出貨日期有成五日時間，收貨嗰日仲要爭一箱
2,"呎碼顯示的12, 代表是原箱18包嗎? 不明白, 不敢買"
2,用戶已設定此評論內容為非公開
2,買咗四包，但送貨冇竟然唔係一箱而係用一個大膠袋。有三包撞到支離破碎🤦‍♂️
2,裡面的紫薯是爛薯的味，整體感覺非常一般，不如食饅頭
2,開咗幾罐，一開罐頭已經有啲臭味，並非原廠包裝
2,尺寸太小不能完全覆蓋厠板
2,D肉好[梅］，感覺豬肉唔新鮮，唔會再買。
2,沖涼液漏左出黎。。。一打開成手都係。
2,上次買的系兔子的點解D次是原版
2,比另一隻馬來西亞魚旦彈性大些。即鱼肉份量少些。味精極重。鱼旦吞下了，仍嘗到味精在口腔內。咸度亦不輕但被味精蓋了。只试了白鱼旦。
2,見個維他奶盒有d脹咗，不太敢飲
2,訂購了8排低糖麥精，送來時有幾排已經被壓至變形，好過份！
2,希望能看清包整是否已損毁就不要再俾顧客
2,"第一次買價錢都幾貴, 河粉滑身但牛肉比較鞋身."
2,厚都冇用唔吸水＇地板仲濕
2,一點包裝都沒有，怎會不破損呢？？
2,"以前你哋公司會完整一Pat送過嚟
而家唔知點解會拆散晒.有點唔係好衛生
有一些包裝變形凹陷.
我都唔知應該點樣處理好
請你公司比一些意見"
2,本身已經購買過幾次，但今次沒有送給我細包的貓狗小食
2,送貨包裝欠保護，外包裝看上去很污糟，貨品外袋還穿了，廚房紙或因此而受污染。
2,爛咗就甘攞膠紙痴返送黎😓
2,價錢唔算平，吸收量唔夠多，要用多幾張，唸住試下，呢下中伏
2,"希望你們將奶同罐頭等分開包,
以前奶都有小紙盒包裝得很好,
現在多次求其用個膠袋仲連埋
d罐頭壓到變型!d罐頭也凹的!
强行收我2元膠袋,但只給我ㄧ個
小袋強擠所有十個罐頭、2包
1升奶、仲有4支玻璃樽嘅醋也
擠放壓在小膠袋ㄧ齊放!
你們的包裝騙ㄧ個袋又慳到紙盒!
但客人就要慘收你們的變形貨物!"
2,送到過嚟果時個外層包裝已破爛⋯請問點樣可以換返⋯？
2,檸檬茶個包裝夾扁晒好彩冇爆出嚟，應該係原箱，但係唔知點解要比散裝
2,10/2021 過期，時間太短，好快過期。氣味有d 大.....
2,送來的並不是小兔子包裝，失調。。。。。。。。。
2,見係正貨，貴過其他舖頭都買，點知開出嚟成包勁碎，每次餵糧都有一部分係碎到食唔到，仲搞到貓貓食到周地都係。失望！
2,超市周時都$26.8，依度賣得唔平
2,上次買左12排～正常可以黎3箱～吾明點解要折到散修修用袋裝
2,啱啱收貨，買咗兩箱，全部用膠袋包，不是原箱的！真失望！又污糟又唔環保！浪費我時間清潔！
2,紙質很薄 我用了很多年好像不是我從超市買的一樣 一定不會再定
2,唔係原箱，只用膠袋分幾袋包裝唔夠乾淨，D水又成支係個袋度sir出嚟
2,送到時其中一排有損壞，漏出豆奶並發出臭味
2,"最近購買的紙品包裝到手都是這樣
4 pack 好心就一箱咁出貨
下次包裝再凹成咁就唔收貨啦
咁款減價都未必有人買！"
2,用膠袋入，有4包凹凸非常。
2,不太合我口味...辣味夠，但感覺不夠香，辣椒油嘅重點就係渣渣，但撈起的辣椒渣渣好多都結埋一大粒一大粒咁...不大喜歡
2,原箱送，但有一pack漏菊花茶😱
2,"買原箱水，但送来是用散袋，点解？
買12 支 1.8 liter ，但送来 11支1.8liter 加 1支800ml （膠樽底部已经凸起，請問是否水質有無問题）？点解？"
2,粉塵大，有螢光物質留在貓身上，而且無法清洗，未知對貓有否傷害
2,Lu Lu 豬真係好得意，Zenses紙質都好用，有保證。可惜次次送貨都總有盒爛的。這是扣分位！
2,"四月訂，到期日係六月 $195
如果商店可標明到期日會好啲"
2,唔明點解個箱爛到咁都照出貨，入面係抹面紙，感覺好污糟
2,"外包裝透明膠袋爛咗，盒爛咗令到𥚃面紙巾外露變咗有一盒唔要得。
另外將三條盒紙綁埋一齊嘅透明膠紙，上面有一啲好似發霉嘅黑點，雖然未必影響使用，但就影響收貨時候嘅感覺。"
2,"明明係6包4排咁落單,都係散住送貨,問送貨哥哥就話係我地落唔夠24包既問題,收貨到放到合適地方都困難,仲因為冇箱要一packpack放,係返PNS原箱送貨方便好多"
2,我訂12支水竟然冇任何包裝，依幾支就咁放喺地下是否正當？用嚟飲用十分不衛生。最簡單用個袋裝住是不可能嗎？
2,"味道同之前買既完全不一樣，超苦！
麻煩跟進"
2,散裝，3-4支入膠袋，收藏唔方便，非原裝紙箱！
2,剛開了其中一包，首次發現送來的檯布~每張都是切開了的，分為1/3及2/3，其他三包未開，希望完好。
2,當初以為五黑比例是平均的，原來主要是黑米和黑豆，感覺很伏。
2,明明一箱2包一pack，送貨散晒照比客😩😩
2,明明是一pack都要扑拆開比，真係諗唔明
2,就是買東西前未看評論，羊架真太少了，花時間煮都沒多少吃到，如果早看到了就不買了，浪費心血。
2,用咗好多年一直覺得好好，包裝乾淨，又冇一般垃圾袋上見到嘅粉狀。直至到最近發現越來越薄！勁透明，唔使袋重嘢已經穿咗窿。希望同廠家反映，唔好做袋唔到嘢嘅垃圾袋。
2,雖然唔想有太多包製，但都唔可以有損壞
2,買滿99元後應該有包裝紙巾送，但收不到請跟進
2,初次購買，但送來的包裝比起另外一間相差好遠，下次都係要諗過先買
2,今次買了二箱，正如之前所講都是用多個膠袋送來，不是原箱，我是這水長期顧客，多次收貨紙箱都破爛，如遇天兩時更慘不忍睹，亦曾寫評論希望供應商能改善紙箱紙質，另二旁加回抽手，以方便物流僱員及顧客！
2,台灣品牌好食啲，依隻有啲燶味，食完有熱氣感覺
2,"凌晨12:10 promote 價格顯示仍是$65， 12:40售價改為$69.9
無留意海鮮價，買貴咗幾蚊。
"
2,點解變左呢個藍包款？仲要買了三箱，上次都買過一箱係兔仔，呢個粗鞋啲，冇咁好用，冇咁柔軟。
2,買左4箱都冇1盒係兔仔，隨機得好橋
2,"訂原箱，但係散裝用膠袋分裝送嚟
搞到要揾地方放😦"
2,一拎上手就成身都係。飲管位穿同摺盒住霉左
2,常購但今次超差，壓到扁哂加全部又扁又黐住曬，仲發現個袋穿窿，怕有細菌掉咗😡
2,好少減價，做多啲減價啦！
2,你地送少一pack 6包
2,是次檸檬茶大部分飲管破裂
2,紙質比之前差了很多！很容易碎開
2,上次訂一盒好好的，今次訂兩盒就出事了
2,上次一箱送過嚟，完整無缺。今次分開4pack，結果有三份之一有不同程度的撞凹！不過已經好過一同送來的維他奶及朱古力奶，個啲凹到不似盒形
2,送貨送到包尿片爛左，送貨就咁擺門口地下，咁污糟，點用？
2,買24支都唔用紙盒包裝運送， 而是用七個大膠袋。 有膠袋穿窿都唔可以再循環再用， 真是浪費唔環保。 雖然貨品整體都算乾淨，但不明為何不以原箱運送而用大量膠袋？ 
2,貨品品質本沒有問題，但被壓至如圖片所見。希望下次訂購時收到的是完好的貨品，而不是這樣外觀的，甚影響使用。
2,"眼見同一平台 $24 / 包，賣平$10。

請先格價再購買"
2,比起超級市場買的細卷，唔抵！
2,羊架為何比以前細塊？最好分兩排包裝，價錢能便宜一些更好。
2,"未食
不過真係好細支，好細包"
2,屋企人收到尿片包裝十分污糟！需用多張濕紙巾清潔，抹出成張紙黑灰色的，雖然包裝未有破爛但感覺不良好，這是嬰兒用品理應保持清潔
2,非原箱，每三支用膠袋裝，有膠袋穿咗，有幾支嘅蓋位污糟，亦有樽凹咗。買 12 支諗住原箱方便儲存以備不時之需，結果 12 支散嘅唔知點擺。唯一可取之處係 23 年 12 月到期，都算耐。
2,原本落單時明明要blonde espresso house blend americano各一盒，但收貨後發現兩盒都係house blend americano
2,"買咗兩箱, 都不是兔仔款, 有點失望"
2,平超市幾蚊，勝在唔使自己攞。
2,不同包裝 ，共買40罐 ，有14罐係企唔穩嘅， 個底撞到凹曬嘅
2,我買的是低糖檸檬茶，但貨到是全糖，糖分和Kcal都高1.5倍，錯晒😖
2,"之前不嬲有買開,品質都可以.但今次哩包某幾支有變色既問題,下次吾會再買."
2,包裝外觀又損壞 ，麻煩運輸時注意
2,送到嚟已有損毀，個紙箱底濕了，勁多玻璃碎，請問可以如何處理？
2,好地地訂4pack一箱，執貨的唔知點解要拆開黎送， 一pack要用個膠袋入住，唔駛講比送貨壓扁啦。可否專業啲呢
2,"明明買4條，點解唔係一箱packing, 要分兩袋入，令到部份紙盒凹咗，需要改善。"
2,"我買左2箱，1箱係原箱送到，另1箱就散裝
點解唔係2箱都係原箱送黎?
4排都凹嘅"
2,"紙質太薄！
不會在回購這款！"
2,愈來愈貴，幾時先有真減價？
2,買了2箱，想著至少有一箱兔仔款，點之都係沒有
2,完全沒有白茶花香味，香味以淡忘。
2,到貨乾糧外包裝破損☹️☹️
2,收到了，但係個包裝穿了，污染卷紙巾，變左呢卷根本唔用得........
2,"推廣時說&gt;&gt;""紐西蘭羊架採用最優質的小羊肉&#40;lamb&#41;&#40;年齡不足一歲&#41;，所用羊隻都是自然生長，比較其他國家的羊架，肉的位置會較少，但肉質更鮮嫩"". &gt;&gt;  已多次回購, 但發覺品質有越來越走劣的情況, 我相信這是和肉質本身有關, 與什麼""天然材料, 運送,"" 等外在因素無關. 請你們多留意, 不要讓 HKTVMall 被利用成賣次貨的平台."
2,"一路买開,現在多人买就加价！加10%多"
2,可能個人口味，鞋口味怪，冇評論講到咁好食。
2,一不留神冇留意重量，原來比一般法式7-8支羊架細好多，正常一排重量已經接近600-700g，但呢兩包加埋先7xxg，700g份面有十幾條骨，即係好少肉，變相係好貴。
2,"用開n1
但第一次買依間既n1 砂
貓貓既尿一剷就鬆開，同平時用開既品質差好遠，攪到好多粉塵碎"
2,一次比一次差，今次盒上有污積，但飲開低糖，性價比高所以有買
2,以後收貨後都要指細檢查，以為原裝包裝會無問題，今天才發現原來第一排有一包己被撞爛，發霉及發出酸臭味，連左右及後排也沾上，唔知還可唔可以飲。
2,"紙箱開封時發現包裝有損壞，米粒已瀉出紙皮箱，如相片顯示。
同一紙皮箱同時承載着清潔用品，例如Cif特強去污液等，衛生安全不理想。"
2,好失望，我為了靓靚口罩套才買，現在發現冇一起送，付錢時見到有的現在看回不見了，不知何呀被tik走了，很不開心?
2,不是兔仔版，仲特登買左2箱，太令人失望了??
2,"店員服務態度不友善, 拒絶提供類似超市慣常提供的凍肉保鮮袋, 聲稱是公司政策。要客人徒手拿走冰凍的肉。又聲稱是政府規定。"
2,"派送上門仍然冰凍👍🏽…
但蟹柳太淋…又不是一絲絲…唔好味…😅"
2,送貨時間6-9pm 結果11:30pm才到，仲要盒奶變晒型。
2,羊架骨肉比例相對稍多，肉少骨多。
2,"HKTVMall 現在的包裝技術真的是差勁。將兩盒燕麥奶與2.25kg洗衣粉及其他物品求其地放在一個膠袋內。包裝外觀損壞不堪入目，更重要是如果包裝破損，好容易令燕麥奶變壞。

相信貨物原來品質冇問題，送貨員態度亦良好，只是HKTVmall包裝方面不合格。但係咁樣我點可以再喺啲處訂購食物？"
2,是次所購商品，兩盒奶都有從高處掉下偏了的情況，剛開了第一盒飲，奶液有呈現固體狀況
2,買了六盒這款燕麥奶，發現味道和其他地方買的不同，蓋的設計也不同，不夠creamy，原來是中國製造。英式超市買的是中國製造貨品。雖然有寫明產地，但只怪自己沒有留意。下次在HK TV mall 買東西，真是要仔細看清楚！
2,買開，好食，但今次買比以往買啲不－樣，好細件，是否賣$199，所以貨品就變成對等
2,買左兩盒，兩盒都有凹陷，好彩無漏…🥲
2,瘀紅色 似解凍過有血水再雪 如在超市見到不會買
2,"真係睇圖不如睇現貨，充滿期待的，以為可以見到大大嚿的，拆開來看也不外如是，味道是很好的，但係我真係唔覺得佢爽，當然佢一啲都唔un，佢偏淋身，其實仲爭少少以我嘅標準，佢就會屬於霉肉，我好明白有啲人真係分吾出淋同霉，不過我真係覺得佢欠缺左彈牙嗰個部份，味道係鮮甜的，希望有待解決，隔一段日子還會再試一次！ps:
呢隻魷魚真係唔可以用超大形容，唔知我嗰隻係咪特別細隻呢？題外話我買最大嗰隻鰻魚非常之梅身，簡直腍啤啤，同埋簿，其實真係比你哋嘅描述欺騙了，總括嚟講鰻魚係難食嘅"
2,雖然買一箱也沒有便宜很多。HKTV 生意好了，價錢大都貴左。唉!香港會變成咁就係哩d 商人
2,唔同之前個d箱比都唔知，原來縮水咁多，仲以為真係價錢回落！
2,"每一格的紙都太闊了
中間再裁一刀吧"
2,人地講都唔信，真係壓扁得好誇張。。。其實唔明，買兩盒奶收膠袋錢都算，其他冇收錢的包裝有紙箱，有bubble 紙再加紙箱，有啲仲保温袋再加密封膠袋。。。明知送貨同事會堆砌貨品，容易壓壞。。。希望公司注意易壓壞貨品小心包裝🙏🏼
2,這是食米，膠袋已入氣，沒有了真空。派發時，大力拋在地板上。近門口的地板一定比較污糟。將食米拋在地上，實在有衛生問題。可以想像，食米在運送的貨車上，一定也是亂拋，膠袋巳沒有了真空，食物衛生如何保證？ 這樣的運送處理，實在難以接受，下次如何有信心再買？
2,今天是6/6晚上，剛到門店取貨，收到50元優惠卡，可惜明日到期，要來何用？
2,感覺太細支了！冇乜肉！
2,原來係非常非常細件，近乎冇肉。
2,產品包裝不夠密封，加上物流/存倉可能曾經上下倒置，送到來紙巾的精潔劑漏到周圍都濕晒。還未開始使用但擔心很快濕紙巾會變乾晒。
2,沒有包裝送貨，包個膠袋都冇咁易爛同污糟
2,商品質量下滑、沒有以前好用
2,羊架，無咩肉，差不多全骨
2,"舊肉好細好細, 一口已經可以食晒"
2,超迷你羊架，貴，唔會再買
2,"與圖片不付,圖片看来又新鲜又大件,送來的貨只是细细包,都未見过咁细咁少肉的羊架,好似發育不良咁,都唔知点宴客,唯有自已啃咗佢,希望樣唔靚質地都过得去"
2,買咗2包、2包都無真空、送到嚟仲無其他袋或箱入住、送貨果日落大雨、可能因為咁、包米嘅膠袋勁污糟.攪到入面都被污染、下次唔會再買.
2,越來越細件，羊架肉朳部份嚴重縮水，無乜肉食，下次不會買了
2,雖然有10多支，但有肉那些部分很細小。
2,有啲失望 每支骨得一啖肉 也太細了吧
2,不是真空包裝。如果再用一層保護包裝更加好。
2,以為很便宜，送來的比超市的細包又肥，下次不買了
2,訂原箱點知送離係散裝12包
2,買了兩包，只收得一包，想要求補返嘅漏送羊架，如何聯絡？
2,已經多次購買，但是第一次遇到這個情況，外包裝十分污糟，令到裏面的紙盒也污糟了
2,"包裝紙箱爛
支支都好污糟"
2,"不明白為何完全沒有外箱包裝? 12個麵是如何運送到店? 平時訂一小件貨都有bubble或小紙箱包裝, 這個是不太能理解"
2,"咁大包貓糧竟然無zip, 開左無得密封返。之前買同牌子細包既都有zip"
2,點解兩包尺寸差咁遠…700g 已經細包，但900g呢包仲細咗一折😖
2,下次送貨麻煩請留意一下🙏🏻
2,打開 bubble 包裝 成支油外面都肥淋淋
2,包裝爛左搵張膠紙痴住就照送？
2,好多粉、未食過咁淋嘅墨魚丸
2,我覺得陣味勁臭，有陣好奇怪嘅奶粉味，就咁聞都還好可以接受，但加埋貓尿嘅味簡直係災難級咁臭，就算隻貓一痾我就清都係勁臭，衰過就咁直接聞貓屎貓尿味，我睇咗評論先買，估唔到好評咁多都中伏，唔明點解冇人覺得臭！如果對氣味有要求千其唔好買，同埋佢個包裝寫6L一包，但實物勁細包，我磅過得2400g左右，完全唔知佢個6L係點計出黎！
2,"價錢ok,但羊的肉好似細了少許"
2,"何解兩包豆類奶品包裝完全沒有
好似次貨般"
2,好薄，量又少，用幾次基本上一圈就冇
2,同平時用開嗰隻比較，呢個沖完後，好嚡熠熠
2,之前買過兩次，大細正常和味道也不錯。但今次買的其中一排實在太奀細，骨多肉少，少得不好意思整出來招呼朋友....
2,"卷裝廁紙紙質改變了, 紙質變薄很多! 之前就是欣賞紙質夠厚, 現在品質變了, 不會再買!!!"
2,見有vip promotion 就買黎試下，但見到肉嘅部份只有2隻手指咁細。雖然未知味道如何，但應該唔會再買！
2,特價買兩包用埋vip $458兩包，一包有14支骨，以為自由撿到便宜，收到貨舊肉只係大過手指公小小，真心失望⋯⋯
2,之前買咗6包700克的羊架，但係收到貨之後發覺有點以實際不付！原因係我之前也買過惠康的羊架，同樣係700克，但係惠康買的就大支好多
2,這次肉的部份，比之前買的細很多
2,收質時，燕麥奶沒有蓋。
2,買3盒，全部都壓扁哂，捏返平佢個盒好似就爛咁🫠
2,這牌子不是第一次買，但今次兩排都是肉少骨多，許多都是一口羊；教訓我最好還是現埸買，網上買就看運氣。
2,請問收到貨品包裝和相片不一樣？請回覆
2,買過好多次見特價再買，不過而家質量冇以前咁好，細支咗&#40;每支肉少咗&#41;，唔打算再買了
2,沒有A87，以A84代替了
2,呢寫冇寫係幼身係咪即係粗身版？揾咗好耐都分唔到，如果係粗身，對我黎講都太幼
2,愈來愈差，難剷起散開晒，唔及以前甘好用，吸味就還ok
2,今次係回購，點知質素比上次買差好多，薄過紙，唔會再買。
2,出面賣$33依家特價＄27算平
2,一啲都唔厚，麻麻地好用
2,聽人講細粒好用諗住試下，點知用落吸水力原來比較差，小貓尿尿吸不切，濕答答嘅貓砂痴住屁股毛乾左結係上面，下次都係買返正常裝
2,粉塵大，有螢光物質留在貓身上，而且洗唔甩，唔知對貓有冇影響
2,之前買3包會原箱送貨，但今次買6包，全部一包一包散裝送貨，都唔知點存放……
2,"粉塵都幾大，一倒砂剷兩剷已經冒出明顯粉塵
之前用其他款都冇咁誇張
諗住試下呢款，用完應該唔再買喇"
2,一向係你商鋪買了很多次，但今次唔知發生咩事、貓咪食一次嘔一次，連續1個星期了。是否品質有問題？我看見其他人都說轉了新包裝的確有異樣！
2,砂本身有陣酸味 。貓貓用完後更變成一陣酸宿味 成間房都係果隻味 仲難聞過貓貓本身嘅便便味 等我一開頭仲擔心係咪隻貓嘔， 之後先知原來係d砂既問題
2,點解袋中可以放零食？黎到已經唔係真空。係咪唔行貨呀？同係超市買嘢唔同⋯⋯
2,"用了很多年綠茶N1，比之前買的N1，綠茶味道非常少。
約了早上1000-1400送貨，等到1530才送到。"
2,品質每況越下，比以前薄，不會再買
2,質量係唔錯。但一打開紙箱 就見到個膠袋穿左 有啲砂走出來。
2,收貨後冇留意附送的3包零食食用日期，3包有2包已到期，請商戶留意返！！
2,幼粒裝好碎，同平時果隻差好遠，吸味都差左
2,化學香味有d勁，粉塵亦不少，理解唔到銷量高的原因
2,"是次物流服務非常差👎🏿👎🏿👎🏿

送貨前不通知，導致客人多次聯絡客服查詢❗️
系統一直顯示繁忙，根本聯絡不到客服

所謂鑽石級whatsapp 客服，留言回覆需時30-45分鐘，才回覆第一句有什麼幫到你，之後要再等30分鐘才有回覆，服務質素比黃金級差👎🏿👎🏿👎🏿👎🏿👎🏿

由黃金級轉了鑽石級後，物流服務差過黃金線❗️
多次與客服反映後，客服只回覆會記錄，❌️到至今仍沒改善物流服務‼️

貨品質量再好，物流服務差，再買也需考慮！"
2,五十幾蚊包尿墊除咗價錢平之外，品質預咗冇咁好，真心唔明點解有啲人話尿墊厚夠，我都唔明厚在邊度？而且條邊量過有4cm咁濶，變相內籠係細過其他尿墊，吸水力亦唔係十分好，狗狗vv完用廁紙或用手印落上面仍然係濕，唔夠乾爽，所以要勤換尿墊，如果唔係狗仔尿尿完又剛踩到會整到周圍都係腳印。
2,今次是送錯味道嗎？好大陣化學香氣功鼻！之前用開原味絶對沒有這種味道！同埋産品介紹話用粟米做，但你個名叫豆腐砂，點解嘅？
2,係咪包裝有問題，一邊有封口膠邊但一邊無，5.4kg好難短期內食晒
2,價錢不平$99，很耐無優惠
2,之前一路都用開，每一次我都會訂好多，今嚟嘅貨陣味唔同咗，一浸膠味咁樣，搞到成屋都好似一浸膠味，浸味好怪，仲訂咗24包…..
2,這是罐頭二十多罐，怎麼會吃得這麼快？又怎麼會知道哪一個罐是變質的？
2,多次購買， 今次買了10罐有2 罐凹咗
2,送到來漏到成個膠袋都係，個噴咀位無lock 到…
2,"好厚冰，和以前買的不一樣。也和商家的圖片不一樣，沒想到日本蠔都咁搞。
買了那麼多年那麼多次，第一次寫評論，因為真係好失望。各位睇路。"
2,"買了14 包，只送12 包來，還沒有客服電話可聯絡
"
2,品質差了許多，沒有清新的豆腐味，也不能完全蓋過尿味，失望!!失望!!
2,之前購買 樽裝上 寫的是 漢方制首烏強韌配方 。而中間字體豐盈健髮今次最新購買 樽裝上 寫的是 中藥強韌配方防掉髮 請問邊隻先至係正貨？
2,羊架肉部份過少，失望😤
2,"剛開罐 就好似無左一大忽咁？
但整體黎講 兩隻主子都鍾意食"
2,其實都有一直買開，但係今次收到嘅顏色偏黃，而且倒出嚟浸味有啲奇怪。一雙六包啲沙全部都散散地咁，唔該你哋送貨之前確保品質先俾客人。隻沙係好好用，但係冇人會想收到呢啲貨。希望下次唔好再係咁。
2,"好細包，無乜肉，骨就好大條
有d失望"
2,我對呢款抗菌液敏感， 噴喺手背試用大約幾秒鐘就感覺皮膚有少少刺痛，屋企人就無呢個感覺
2,今次包裝箱有損壞，希望不影響入面食物質素，請多加留意，加強小心運送。
2,呢個牌子越嚟越不穩定，舊餅一係壓唔實浸水就散晒 ，一係壓太實剪咗都浸唔到水浮起的，呢兩轉有好多偏黃，隻仔直頭唔食，可能變咗味，初頭仲鬧鬼佢揀食，大家要留意下！
2,雖然味道很香但一送來時個袋是破爛的都唔知有冇得退換啊…又擔心
2,開咗一包，有十零塊有啡色污漬既情況，原本想要求退款，但已經過了期限…
2,一看全部都勁污糟邋遢有點失望，平時收的貨都整齊清潔
2,睇留言好多人話少粉麈所以買嚟試下，原來好多粉麈的
2,您好，之前一直都有訂開呢隻濕糧，第一次遇到啲濕糧有啲黑色點，想了解這是否正常？
2,"未食，但""""大""""件到呢....中伏feel"
2,實在太細喇！全部都係骨！
2,你好，幫襯左幾次，但今次送貨罐頭好多凹咗🥲🥲🥲
2,同一訂單買左豉油，豉油漏送，但成包貓糧包裝上都係豉油，清潔左勁耐………
2,送漏了，此商品並沒有跟同一張訂單的貨品送來，求HKTV mall CS跟進！
2,一直食開呢個牌子，係唔同地方買過都無問題，但係呢間買過2次，第1次ok，今次第2次買隻貓竟然唔食，寧願餓肚都唔食，加左其他料先比面食一兩啖，或者餓到七彩先咬兩下。都唔知係味正貨定品質出問題。
2,之前買係真空包裝，依包無真空同無防偽標籤？
2,"之前試過羅漢果白糖，甜度方面，羅漢果糖既甜度感覺絕對唔夠白砂糖甜，用既份量多好多（希望Kcal真係好少）！另外一提，Erythritol係有Kcal,但標籤上係0!
一打開已見受潮，有一舊舊既現象，而白糖係無！
凍飲都會溶，但要搞耐d,無耐性既要留意！"
2,散裝雞湯包裝有些變形！其中一盒白色膠蓋少許脫落，導致雞湯滲漏到整個膠袋底部，其他貨品也沾染到雞湯！
2,我們訂三大包，但你們只送來二大包還欠一大包，
2,環保還環保 你解決唔到運輸問題 要人退貨咪仲唔環保
2,收貨時其中一盒變成這樣，你認為可以嗎？你不是要將貨品包裝好才送的嗎？
2,一直都是袋裏必備的，但今次兩個盒都有損毀，其中一個損毀得嚴重☹️
2,我整箱買，應該送貨時有碰轉，開到第三pack時，有一支的盒爛的有個裂口，流得到處都是鈣思寶
2,明白落雨天送貨會麻煩，但都希望能夠妥善處理貨品，儘可能不要讓原箱濕淋，令現在儲存不方便
2,點解唔會應，重要閂咗我個留言！劣上加劣！
2,"個盒好污糟
全部係黑色一點點
又唔搵嘢包住
拎上手成手黑色一點點"
2,曾在9月19號訂購6盒裝，之後發現其中兩盒已經變壞，不能飲用。
2,"其實選擇4排6包裝，就係想原箱不拆開,
亦都唔想遇到相中情況,結果真係出現變形,
有人會想唔用箱話環保,但我認為確保唔到運送有碰撞情況不如用一個箱裝好,仲安全衛生！"
2,一路都係用開原味，呢包一開好大浸香精味，化學味
2,"買了十二罐
7罐有不同程度的凹陷
以後不會再買了"
2,買左3箱，其中一包的包裝損壞，入面已變壞
2,只用背心袋包裝，每盒都有多少撞凹！
2,"產品本身沒有問題, 包裝散開, 多包盒角變形, 其中一包鍚紙孔都差不多穿了, 是執貨的人有問題還是送貨的有問題? 已不只一次是這樣了, 再是這樣就轉去惠康百佳買好了, 反正價錢差不多"
2,自拆招牌！清潔衣服時，相對舊裝殘留絲絨物，現轉新裝後殘留粉狀纖維很利害。
2,這批貨似乎有些問題，一直有飲開這個牌子品質很穩定，但是這一次開盒三日味道就變奇怪得很
2,"壓扁晒。 好彩無破盒。因為大廈有確診case送貨員唔送上樓, 結果紙盒嘢全部攪到好淪准。"
2,取出貨品後，原裝箱底發現不知明污跡，不知是否會影響產品質素.已經購買多次，這次是首次發現有污跡的。請與供應商跟進一下。
2,將鈣思寶同維他奶同時放喺雪櫃下格最入較凍嘅位置，數天後竟然結左冰，維他奶仍保持水狀。有D唔明？
2,明明落單嘅時候話有贈品，到送貨前一日先話冇
2,剛回到家發現有一包雞湯個盒爛咗，一地都係雞湯，可否補回一包？thanks
2,"飲品在購買時沒有提供到期日,貨到才知到期日為2024年8月"
2,買六盒，有一盒送來是漏。
2,寫住無麩質但成份有小麥麩質?????
2,"又話原箱20包一個盒, 以為好整潔, 買咗兩箱, 點知原來係求其執40包放落個大紙箱裏面, 每包濕紙巾嘅包裝重要污糟邋遢…勁多灰塵…我要逐包攞出嚟清潔"
2,"飲開
低分係比包裝
又散又踩扁"
2,不幸不多超市平，買貴左
2,其實買過三次，一次比一次咸，今次咸到好似食緊鹽咁。
2,拆開發現掟爛咗包奶，漏晒出來，有啲發臭🤢
2,"用咗好耐，亦多次回購，但最近兩次訂单嘅其中一兩卷都有出現污穢物。質量比以前差
"
2,買兩箱有一箱不是原箱，收了膠袋費亦沒有用膠袋袋，其中一排6包更加分開曬！第一次劣評！
2,其中兩包的角破了 液體漏掉出來
2,"購買時沒寫明到期日，購買後收貨時才看到訂單出現到期日，寫是 25年8月到期，收到貨物是25年10月， 似乎我賺左2個月，真係唔知係咪要勁like, 所以比左兩粒星， .... 係HKtvmall 購買飲品真係又一次失望， ... 仲差過淘寶。"
2,个盒壓到凹左。可跟其他貨品裝入纸箱送客較好。
2,送來的產品只用膠袋包裝沒有用盒子保護貨品凹咗！我買了6x 4 !其他的產品有用到盒子沒有問題
2,原盒不夠數，只有29包
2,"大佬～我買6包⋯得兩包正常企得穩
其餘果幾包下盤都係棋得唔穩⋯全部都要打橫放雪櫃囉！"
2,太多～ 10包裝就夠用～
2,已經第三次買，之前兩次都冇問題，好滿意。但係今次收到嘅包裝冇膠紙封住，收到時個盒開咗，入面少咗4包...
2,買共12包清鷄湯，希望是一箱12包原封未拆裝，一來方便搬運及企理及方便儲存等等，散裝未如理想，有進步空間，加油!
2,$299買，前兩日見到賣$195，價錢相差咁遠三十幾%好誇張，真係海鮮價
2,收到貨時個盒開咗，入面少咗4包。
2,"有兩盒清雞湯爆咗，當日即場收回報上。檔案:R10253757 - B001，至今還末退款？"
2,"盒都冇個, 膠紙紮到實哂超難剪開omg"

2,<sssss><sssss><sssss>同朋友入去食晚餐，叫左好多推薦的生煎包。因為邊食邊傾計，無留意到，差不多食哂成個包先發現入面既豬肉係甘樣！另外幾隻都係甘，已經吾敢再食，大家覺得有無問題自己判斷。仲有粗炒都係凍，而且無味。碟鴨都炸到好硬。總括來講，食了幾啖已無再食，成餐飯最正常係杯茶。
2,不明白为什么如此差的餐厅可以生存。点了一份600港币的T骨肉眼，7成熟，给你上一份11成熟的，很老很干。让服务员换一份，服务员很不爽，说要20分钟可以等吗？我可以等，结果5分钟就上了第二块，完全没味道，不知道是换了别的品种还是故意没有按工序做好，或者品质就是那么差，一点味道都没有，比茶餐厅的牛排还难吃，吃了两块吃不下了，浪费了也罢。这个年头还有这样做生意的，真是抹黑了香港的餐饮界，没有职业道德。很久没有遇到那么令人失望的餐厅
2,完全零包裝，冇保護，送到來凹凹凸凸，冇盒企理，已多次反映，仍然零改善，令人失望！一
2,一直找不到客服幫忙。用普通版戶口問客服。又說要用回自己戶口。根本找不到入口。雞扒送到來已經溶雪。。。一直有訂開這款雞扒。。從未試過溶到出血水
2,"其實每次在hktv買全箱紙包和罐裝飲品，都是有凹陷...收到這箱奶也是一樣....這次單號另外購買的36罐飲品，散收收袋了兩袋，送到來其中一袋已經漏水，送貨員建議拒收.....每次罐裝飲品都是...每一罐，絕對是每一罐都有凹陷.....造成罐裝飲品都有凹陷的，都一定是被人拋來拋去，....之前其實已經盡量不再在hktv購買飲品，經過這次被拋到漏水後...暫時也不會再在hktv購買飲品......hktv的送貨包裝真的是垃圾級，比起另一平台""士x""真的是天堂和地獄的分別，人家的包裝每次都是整整齊齊完好封箱...."
2,2盒20日送貨，25便到期，差
2,同一日買，相隔幾個鐘就多一個9折。
2,其中一卷當中未開封，但裏面很明顯是有一隻扁了的蟲🤢
2,已回覆需要半小時後才能回家接貨，但送遞員就這樣放在門口便走了
2,有半數的咖啡樽身有凹痕，有咖啡漬，並且飲用時味道有點奇怪，跟以往飲用的不同。
2,好細卷，輕飄飄，每卷大約只得120克
2,外包裝穿咗個大窿，其中一卷爛咗
2,原本我隻貓都鐘意食呢款罐罐，但係佢個罐蓋掩設計極差，蓋掩拉起但開唔到個罐，有次試過拉起蓋掩仲甩埋，要用罐頭刀開，設計差好唔方便
2,一箱24樽，已有半數&#40;即12樽不同程度凹陷。
2,買咗好多次冇試過咁送貨，18包貓砂連箱都冇，就咁送貨，仲要今次係正價買，非常失望！
2,"1 包裝盒已開
2 ExP：08/2026但盒上是02/2026"
2,包裝寫45x60，但拆開入面係細碼33x45cm🤨
2,買左N 次雞肉配三文魚x12 罐！ 商家已經2 次送錯 Tuna with chicken ! 2 者包裝一個係橙色一個係黃色！工人姐姐收貨就照俾貓食，我隻貓又敏感唔會食，浪費金錢浪費食物！
2,新裝味道完全不一樣，不好聞而且濃烈好多，更有時有些刺鼻，但購買頁面並沒有列明這個分別。以前舊裝是很好的，新裝令人不想回購。
2,買四包都唔係原箱送黎 其中一包已不是真空 啲砂又碎又散 越做越差！另外送貨遲到咁多&#40;夜晚8點幾先到&#41;又唔講聲 一啲交帶都冇 搞到浪費左一日假期
2,"032521不知道是生產日期還是到期日，產品標籤不清晰。價錢比其他網站&#40;例如WnP&#41;貴$30, 而WnP經常翌日已可送貨。"
2,容量太少，$250一支，使用一次已用完! 未能得知效果!!!
2,第一次買因為用開隻貓砂斷貨。唔係好鍾意佢陣味，不過好過原味少少。主子都唔鍾意，唔肯入去廁所
2,又是袋破爛的…雖然特價但D袋一送來都是爛又唔知有冇得退換很擔心啊
2,"第一次用，味道似椰子味 比較黏盆底同個剷，唔好用，唔會再買"
2,"比到盡33厘米×33厘米×12厘米=13.1 L, 包裝寫18L，也差太遠吧！"
2,返到屋企眼都突埋，原來20包裝係咁⋯⋯之前訂都係原箱，依家好亂又污糟，我寧願唔咁樣訂啦
2,用開既貓砂，係就係好好用，但我買症4箱，入面夾埋有4包都漏症氣，無真空到，希望可以好好管理商品既品質。
2,本身原裝一箱三包，最近買兩次都是散裝一包包並不是原箱！好懷疑是不是假貨😅
2,派送服務有待改善，這裡是說明「2日送達」，我當天訂購後足足等了10天才送達，如果客人不主動追問的話是沒有客服會通知的，難以令人接受，請你們改善一下派送守時的問題。
2,你好. 本來昨天收貨. 但是你們漏發了. 我沒有收到貨.
2,已多次訂購，但今次的貓砂好大陣味，要兩日開晒抽氣先散到味，貓貓跳左入砂盤又跳番出黎…用咗一星期左右開始好碎，次次去完廁所貓貓個頭都成頭砂🫠唔知咩原因今次的訂購質量咁差，都唔知再訂唔訂好…
2,"買個陣講有6包濕糧送，係冇嘅
 為左滿$488送乾糧400g,再買多一包乾糧，都係冇贈品"
2,每次都會6枝6枝咁買，但今次開咗其中一支發現已經變壞晒！勁臭
2,買咗兩包，一包包裝正常冇損毁，一包係穿窿，但兩包都漏哂氣
2,試在tvmall買這款。。。但感覺與之前買唔同！
2,應該係cutter界爛左，d砂瀉左出黎 :&#40;
2,係好好好味，但不要再係 HKTV mall 買， 官網賣平$30 盒
2,23年2月到期， 三個月食用期，冇寫明，未必食得哂，離晒譜
2,買咗12包，包包都漏哂氣，唔怪之得平過平時，平嘢無好嘢，奸商！
2,24款雜錦已回購多次，今日發現蝦罐罐內無蝦肉，只得魚肉，攪咩？
2,第一次買呢個牌子，雖然無乜粉塵，但可能太大粒，貓貓唔鐘意，完全唔肯用，連砂盤都唔入，睇得出連踩都唔想踩d砂，結果我第二日就要倒曬，換過第2隻砂，失望。
2,"買+2應該係收4罐
不過只收到2罐
暫時未有人回覆"
2,"個貓砂袋底穿了一個窿,有貓砂漏出,可否更換?"
2,"貓砂袋穿咗，仲要貓砂碎咗好多 勁多粉！
嫌麻煩 費事退"
2,我一向用此貓砂， 在你處買的貓砂全是非真空&#40;即易漏氣&#41;， 我非常失望， 雖然比外買的便宜，但我不會再幫襯
2,有2包漏氣都算了，連折扣咭“汪喵小卡”都送漏，可以補回嗎？
2,包裝嘅紙皮盒外完好冇損壞，但6個罐罐都有唔同程度嘅凹陷
2,質素變了 湯水沒有以前那麼清澈 肉全是碎的
2,購買6包之中，有4包的包裝明顯已經疏氣，失去了抽真空包裝的價值。我不想找麻煩換貨，但對令和很失望，畢竟日本但馬雞柳不是廉價貨，包裝疏氣會令雞柳乾口感變差，亦有機會令肉質變壞，明知疏氣而照出貨給顧客，令我對令和很失望!
2,價格說明一切，買了兩隻，肉質柔嫩，鹹度適中，但㡳味皆有點苦，不知道是不是因為保鮮而下了點東西所致，長期食用不知道會不會有問題。若不是化學問題，建議商家想辦法改善這個苦味。
2,都是一如既往，就算訂4排也不會原箱送貨，必然凹了一部分！真係無法理解？？？？？
2,明明派送日天氣十分良好，送到來後有一半的包裝箱不是濕的就是十分污糟，一進屋害我的貓又都跳上去，最怕弄髒之餘牠們清潔吃了進口，請嚴肅跟進送貨或包裝安排，避免此情況！
2,請問是否給錯？收到貨與圖中描述實物不一樣，我的是第一代水機，我之前有買過與圖中一樣的可以用到。但現在不一樣不知是否合用，請找人幫我確認下，如不能用我便要退貨，謝謝！
2,膠紙使用量太多，用介刀，整親手甲先開到，其實可以唔洗包咁多膠紙
2,最近幾盒唔知點解種緊極都有白毛茸茸嘅嘢出現，令啲草生長不長！
2,4月12日買，但6月5日到期。同一張單買的麥芽豆乳，反而2019年1 月先到期。雖然都飲得晒，但係就好似正價$68/3支，買到期貨咁。加上收到的奶，支支開口的錫箔紙都係爛的，唔知係咪因為咁，入面D豆奶就見到有D結塊。
2,"有3罐凹陷，賣家應該注意下。
之後你們怎樣跟進 。"
2,這次的貨不知是否質素有問題，日期沒過期（2026年才過期）但一打就股發霉的惡臭，貓也不肯吃
2,比同一牌子其他的貴很多，紙質厚些但不十分耐用，亦遲了到店舖。
2,"買個陣講有6包濕糧送，係冇嘅
 為左滿$488送乾糧再買多一包乾糧，都係冇贈品"
2,薄身兼且不除臭，價錢貴過殿**但品質卻差過佢。並不是一分錢一分貨。
2,兩包乾糧都不是真空，其中一包更是脹脹的，開了一包試食，不脆口 ，有點潮了（貓貓一向食開這牌子，分別得出有分別）
2,訂的不是幼條裝，但收貨兩包都是幼條，貓貓唔鍾意
2,猫猫平常食開的，但今次訂6罐優惠價的質量跟以往的不同，比較水啫喱很少，我懷疑是否變質但未到食用限期沒，猫猫不喜歡
2,"我訂5包， 送左4包黎packing 係&#40;一箱2包， 送左2箱&#41;， 送貨時要求放門口， hktv話放門口唔包遺失， 唔退錢！ 
大佬呀， 我成張單所有野都係度， 邊有遺失， 偷都唔會偷一包沙啦！ "
2,唔止檸檬茶，訂左好多紙包裝飲品，送到黎都砸到扁哂變形，有包檸檬茶砸到漏左出黎都唔知，今日一睇仲要發左霉，真係好過份，麻煩改善送貨包裝！
2,送來3盒，全部包裝都被壓至變形，因為外面沒有任何盒或者袋裝住，體驗好差
2,比家中用緊既牌子細卷好多，輕飄飄鬆泡泡. 印象中以前响超市買過皇冠唔係咁鬆咁細卷，會否係將貨就價呢
2,就正如之前有人評論一樣，今次既運送服務沒有之前咁好。有大約1/3都被撞到凹凸不平，甚至有1樽係撞到漏水。希望下次係運送既時候可以輕放。
2,"碗麵應該小心處理,其中2碗被壓到變形,因為運送時用不適當紙箱裝導致變形！
"
2,冇貼行貨代理既鐳射貼紙，應該只係進口水貨。平時買開左手邊果包有行貨貼紙。
2,"這個根本
不是芝士年糕，
而是芝士薯仔餅"
2,其實一向都6盒一箱，點解嚟到散哂一盒盒？搞到盒盒都變哂型，其中一盒壓到就穿！
2,全張訂單只送了此貨品，而且放貨時間同預期中出入很大，另外其他貨品不知所蹤，沒有更新，沒有人跟進，煩請跟進，訂單號H200211015520
2,為什麼一箱只得4盒，其餘兩盒分開包裝？以前買的是一箱6盒。
2,我幫你哋買過好多次，但今次太失望，未試過咁多粉
2,比錢買時明明有顯示有隻有蓋鑊送先買，收貨冇送來，搵張單又冇咗送鑊個優惠顯示🙄
2,不覺得有燕麥，囗感與普通蒟蒻一樣，太爽口，不好吃
2,不是兩塊，而至三塊，其中一小塊是近魚頭的位置
2,我本來買1箱，不過無貨，2箱仲貴過1箱，無語
2,麵質正常，藤椒醬料包味道都唔錯，但有好多口感似砂石嘅黑色一粒粒物體，食第一包得10粒內都尚可接受，但食第二包已經夾到超過30粒出唻，一路食都要專心挑返啲異物出唻，仲有3包未食都已經唔敢再用跟麵嗰包醬
2,明明可以原箱送貨，為何要六包六包送？已有數包扁了，好在沒有爆裂
2,買完先見到而家官網做緊優惠 一盒平成30蚊 買貴左
2,"其實呢件product都已經係6包裝，可唔可以一箱過畀我
有時買2-3組，會出12/18支散裝
散裝又易撞到凹，包裝又會污糟些少
拆箱嗰個員工辛苦，我收到貨要搵位收埋又唔會輕鬆咗
其實一箱過畀出畀客唔係兩邊都好咩"
2,慘， 個服務員給我時整個膠袋都是漂白水， 當時我帶著口罩聞唔到有味， 回到家手脫皮及痛才發現， 這樣是否當時應換個膠袋給我或提醒我吧！
2,煮後好細隻，有甜味的但有啲腥，不會再買了.
2,今次變型變到唔可以企係到放好！！一次比一次差係咩玩法？？
2,說明原箱，但送貨是散放，盒面滿灰塵，紙盒變哂型，底又凸，盒身又軟又凹，極失望。
2,懷疑品質有問題，和其他用戶評論一樣用不到兩個星期就呈現黃色的水痕。用不到三個星期濾水器已經發出好大的噪音，需要更換濾網才能解決。此批次品質有問題不是行貨？請問如何解決？謝謝。
2,超過一半的罐頭是凹的，實在懷疑店家是否將破壞東西賣給網上客人
2,"外包裝美觀
打開四罐有三罐有凹凸
生意手法有問題"
2,"三包都凹。
上次買大盒裝維他奶麥精雖然個盒正常，但盒面滑散散，濕張紙巾抹仲有泡。清潔完照飲但肚疴左三日，而家仲有兩盒，有陰影唔夠飲"
2,內容寫明6盒裝×數量1，正常是原箱（6盒）出貨的，不知為何要拆散曬再送貨，加添交收的麻煩
2,"紙質太薄容易破爛,但又比較難分解溶於水,有時會沖唔走"
2,"All glued together when arrived, 變了一pat 糊漿"
2,平時喺超級市場一直有買開呢一隻紙巾，用咗好多年，但這一箱我一用就覺得紙質比較薄，冇咁柔軟，香味也沒有平時的那麼濃烈。有懷疑過係咪假貨，唔單再睇清楚呢間商店係原廠商舖，冇理由係假貨？但無論包裝嘅顏色同紙質都跟平時百佳買的不一樣，為什麼？
2,諗住產地是日本，應該唔差，但個人口味覺得麻麻，運送做得好好，收貨時還好冰硬
2,質感同最初唔同左 而家煎熱左會變糊狀唔成形 煎完都無以前咁煙靭
2,剛剛5分鐘前送到～但己經溶了雪，有部份豪身更加是‘豪溶′般並非急凍着！ 雖然 我現在放了在冰格 但也想請問貴公司會如何跟進這個情況個案 我可否拿到門市去更換 因為擔心 吃了會對健康有影響
2,送到黎時已開始溶雪。唉！其實你哋凍車係咪真係夠用架？
2,$108一箱4排比星期二單買一件$25還貴
2,"完全沒有包裝，就分別六盒
建議可以用包裝好一件貨品再運送"
2,"一路有訂開, 唔知點解今次pack貨有效日期只係得3個幾月. 又唔係超特價, 嚴格黎講係貴過樓下百佳, 都唔明點解要送近期貨黎. 雖然會飲得晒, 但感覺唔好囉, . 下次唔好喇!"
2,剛完成購買後兩小時即由$79減至$73，真係冇理由啦！每個時段價格都唔同，對購買者極不公平！
2,紙巾係好用，不過毫無包裝可言。膠袋都冇一個裝住啲紙巾，1包包劈喺地下，好污糟
2,產品質素有差異，深色同吉咗個啲係2025年4月8日買的，淺色同仲有貓矽個啲係2025年7月頭買的，相差3個月啲品質可以咁。搵咗客服，客服要我重覆3次講解咩事同給單號，用了我一個鐘時間都未處理好，浪費顧客時間。到回覆時就話商家發咗個到期日嘅相給客服，客服再email給商家個張所謂嘅到期日嘅相給我，叫我影返4月份同7月份嘅袋嘅相俾佢哋，4月份個袋用曬都掉咗啦，去埋垃圾堆田區啦，我點影啊。貨品放上你哋HKTVmall度賣，你哋都有責任
2,27/5/25 收到貨，16/9/25到期 ，正👍🏻
2,"買咗4盒今日收貨，冇一盒係正常外觀，唔係幾隻角凹咗就係明顯擲到變形，之前同另外幾間買都會有外盒或袋包裝好，呢間今次第一次買點知就咁，其實一直都有客人響呢度留言反映遇到同一問題，但係點解賣家依然
唔改善呢？其實用家嘅意見反映係咪都係多餘？"
2,對上兩次買真係好鮮甜，又平，又唔多縮水，但今次買無鮮味仲要腥，我已經好食得腥，仲要咁貴，我怕怕
2,"包裝太hea, 搞到盒野扁晒😤 夾硬整直返🤦🏻‍♀️"
2,4支送嚟有兩支都凹晒，仲冇埋蓋，好心送盒裝奶唔好用膠袋，體驗同觀感好扣分，似超市bargain特價貨
2,回購多次，但今次有腥味及怪味，希望供應商注意和改善！
2,買開，好飲。但係包裝欠佳紙盒爛晒同埋樽口凹晒
2,發現有包奶茶已經變酸，不能飲用。以往在超級市場購買，從沒有買過已經變壞的奶茶。請確保貨品質數。
2,"買完先發覺官網平$30,希望店舖跟進一下,感覺俾人呃咗咁."
2,"以前買開都覺得好飲，直到最近購買，發現味道同以前唔一樣。鹹味多左，冇左以前嘅燕麥香氣，沖咖啡出來味道鹹，影響咖啡豆本身風味。

認真睇左產地才發現由瑞典變成中國。都明白價錢確實平好多。但以後都係唔會購買了。

如果喜歡沖咖啡嘅客人可以留意此留言。"
2,4包有2包凹陷又爛底部，上次都有個膠袋，今次全部貨一個袋都無，請問我現退唔退貨？
2,$165 買，有 1/3 係連埋蠔汁痴埋一舊，即係曾經溶過雪，不過唔記得咗搞退貨所以算數。食到有幾隻有怪味，希望下次好啲。
2,用個軟身袋（見圖黃色袋）著住… 來到成盒扁左….
2,雖然有盒裝住四支，但仍有一支損壞，蓋口已爆開
2,沒有與其他貨品進行分隔包裝，亦沒有對貨品採用任何保護，及包裝過程胡亂擺放。導致燕麥奶被重壓而變形，因為燕麥奶屬食品類，嚴重影響品質。這種情況已經不是第一次遇上，本人長期使用HKTVMALL購買燕麥奶這個商品，但屢次遇上這個情況，最終因擔心其品質狀況，而選擇將受重壓的燕麥奶廢棄，十分浪費，本人日後也考慮不再光顧了。非常失望！
2,花生都有盒裝，呢盒盒裝飲品竟然係裸裝在膠袋内，好彩無漏出黎啫！
2,"5月9日送貨&#40;上個post寫錯&#41;, Best before day是6月29日。我知best before day之後都飲得，但無客人會要best before day之後的東西。結果責任落在客人，想best before day前飲晒，就要51天飲10盒，就5天飲一盒，我只想到幾種做法：當水飲、用來洗面/沖涼、派街坊。我估這不是賣家的原意。
可否在釘購資料列明Best before day?我知有不少HKTVMall的食物有這樣做的。"
2,幸好沒有破損，但下次要注意。 紙盒奶全4盒也凹凸不平
2,我最唔滿意係今次hktvmall送貨員工態度，第一係冇wts聯絡我，第二係按完鐘冇講乜水，我問係咪hktvmall送貨？佢超級細聲答唔知乜，我聽唔到㗎，我見到制服先開門，加上佢染到個頭好金點知乜水按門鐘吖，仲要企到咁側，另外唔滿意係其中一條廁紙整到包裝袋咁樣囉，雖然唔係食物或急凍嘢，但廁紙都屬衛生問題係咪小心啲好呢？今次訂6條目測得呢條係穿咗，仲有個角一點點黑嘅污糟，依家唔知好唔好為咗一條廁紙要申請退換，明白生意唔容易，只係作為消費者絕對唔想見到呢種情況，如果問題不大都唔想麻煩返自己搞一餐，請注意下
2,"成箱咁黎
都可以有損
比起其他單條裝唔算嚴重"
2,"貨送到時
個盒頂已經係爛嘅
其實就唔係最重要

重要的是
每個頂其實已經被壓凹咗
咁樣真係唔係咁好囉
買六支得一支係完整"
2,"雖然有d人話送到時溶曬雪，但都唔信邪試下落order, 因為之前買過急凍野都冇問題，點知真的中伏，要CS安排換貨，希望換果時冇事啦"
2,真的不明白為何每一次也黐埋包裝，要拆返開十分麻煩。
2,包裝唔同，好似連加工地方都不同，請查詢後回覆
2,"回家打開包裝發現有3件年糕碎開，其他的亦雪到有裂
"
2,買了。分開二次煮、第二次煮有幾粒臭臭地……不過都ok既
2,"有啲貨品 包裝 不好 有啲 凹陷
如果改善好啲包裝 我買 左4 排， 其實係咪應該用紙箱裝畀我 會好啲"
2,我已經將各種貨物的數量為每款四排，但總是不能夠一盒過，要散裝地給我，極不方便。
2,唔明白點解買4排明明可以原箱 要將佢地分開送貨? 其中2盒變形 請跟進
2,到貨的時候還有兩個月就過期，買了一大箱逼住要快點喝完
2,買左好幾次都係外盒變曬形，d 奶拿上手熱既，情願比多1～2蚊要個包裝正常既，五會再係呢間買 
2,掃咗個防真偽標籤 顯示已經第二次查詢 令人非常擔心 究竟係咪代表假？
2,唔知包裝問題定發貨前已經係咁，六罐有三罐凹左，希望改善下
2,1/8中午收到時已有溶雪情況，並有異味。將情況告知客服，2/8晚才回覆並叫我留至7-8/8下午找人回收及換貨，我已回覆這袋有異味的蠔，基於衛生問題，不可能放在家1星期等人回收。3/8客服回覆並自行安排4/8下午找人回，我亦無confirm客服就close file。雖然價錢抵，但貨品要食用得到先得。一直使用hktvmall購物，但今次客服的服務較差。請跟進及退款！
2,$264/2包，以為好抵，隔幾日就$125/包，不爽
2,送來已散開一隻隻，似乎開始溶緊，但其它凍貨無咁嘅情況，唔知係咪供應商出貨時已溶？
2,上次買了$188套餐，廣島蠔非常好吃 ！但這次在職員的介紹下再買，卻比上次一質量差很多。不會再買了。
2,送來時有半包都融了雪， 成袋都係水， 請換貨！
2,"4盒燕麥奶逐排遞上之餘，同樣途不過多沙塵舖滿貨品外面！ 麻煩、拜託，食品類貨品可否有少少衞生常識呀？
"
2,打開解凍，多半的蠔爛肚流晒灰色水。。。幾好味都食唔到（得番蠔的邊）
2,咁多次今次第一次收到呢d問題貨、有幾卷個包裝紙係好似開咗咁、呢卷個包裝紙又係開咗咁、最大問題裡面卷紙黑色唔知咩嚟🤨🤨
2,無必要包裝太多層3-4層拆都麻煩.仲有上次買的魚糧打開後有水滋的&#40;蟲&#41;
2,"有兩盒奶的包裝, 出奶位穿了, 奶是酸的. 要求退回那兩盒的款項。"
2,今次買了6箱，有6包冇盒，其中一個盒已經爛到用唔到，送貨哥哥將個爛紙箱放係度，可能係想我知原先係有箱，不過已經爛到有等如冇！另外一個箱我冇見到，可能另外一箱連紙箱都冇！！其餘4箱，2箱爛咗一半。之前已經試過咁，希望供應商注意一下紙箱質素同咁嘅包裝點可以送俾人！
2,每次購買6盒都是原箱，今次收到貨竟然是用一膠袋散裝6盒，有數盒已壓扁凹陷，為何不是原箱運來？？
2,買了四盒其中一盒食用日期只有一個月，如果係咁短期唔該下次講聲我唔會買依家逼住一個月內要飲晒
2,本身好期待，係好大包仲好多添，不過食過出面既廣島蠔就會覺得有少少分別，每隻大小咪同出面一樣，同埋係好好好腥，失望
2,"一打開最外層個膠袋,D蠔瞬間跌哂出黎,封口打開左一半 "
2,蠔未解凍已爛，解凍後發現爛得仲多，而且縮得好細
2,以為好用，一濕水便變成注菜咁，以後唔會再買。英國Tesco 嘅出品All purpose cloth 好用好多。
2,買過好多次， 每次送到嚟多好企理， 但係啱啱星期六嗰次送到嚟就已經用曬雪， 啲蠔仲好似 爛爛地， 麻煩跟進一下， 避免再次發生
2,商品雖然無問題，但今次一盒盒，分散送貨。商品盒撞到凹凸，而且感覺不衛生。但是又收咗我膠袋費1 元。下次可否改善呢？
2,吉之島買$120，今次折上折先$70，長期買，但每次送貨呢個都融曬，D生蠔痴埋一堆晤方便打邊爐食，融雪始終送貨溫度控制得唔好會拍壞，唯有又去門市自取就一d事都無，唉。。。。
2,好鍾意食生蠔但冇得出街 唯有買急凍蠔自己煮頂住先 第一次買急凍蠔 好大隻 但點整都係臭 試過整五次以上先評價了 幾熟都整過 睇嚟都係要食返生蠔
2,訂原箱2箱，可以有一箱係拆佐一排出黎，再散裝咁送另一排黎，仲要係壓到凹咗，真係唔明係咩出貨系統同邏輯。
2,其中一包包裝袋爛了，相信你們也是跟上次一樣官腔道歉，沒有真的用心去處理
2,打開外盒包裝，發現有油跡，再打開包裝膠，成手都係椰子油，現後發現樽蓋是損壞的。希望更換貨品。
2,鮑魚細隻但厚肉，味道濃可能上湯加了味精，我並不打算返買
2,收到半個紙箱濕曬，有一支破損，亦有數支凹陷，明顯是從高處掉落貨物，從來沒用有試過咁差收貨體驗，打開重要每支抹乾淨灑落既咖啡汁!
2,之前訂的沒問題 這次收到的包裝破損 破損的開口大到輕輕一拉就可以把裏面的水更換
2,又細又腥又唔好食 ，建議買另一牌子的廣島蠔
2,上星期購買了兩箱牛奶有一箱，打開時發覺有四盒牛奶蓋損壞，申請進行退換程序後，但很快已被取消退換
2,"4月9日送貨, Best before day是6月29日。我知best before day之後都飲得，但無客人會要best before day之後的東西。結果責任落在客人，想best before day前飲晒，就要51天飲10盒，就5天飲一盒，我只想到幾種做法：當水飲、用來洗面/沖涼、派街坊。我估這不是賣家的原意。
可否在釘購資料列明Best before day?我知有不少HKTVMall的食物有這樣做的。"
2,一支扁咗就算啦，點知好多支都係咁，仲要企都企唔穩，好驚佢漏埋出嚟
2,"今次係O2O店自取,買了4盒, 是用厚身紙袋裝住,內裡擺放方式奇怪,見圖片, 兩盒蓋口向上,兩盒向下, 當中3盒盒身有點碰撞凹陷, 好彩係無破損, 未飲,飲品品質應該無事。
"
2,我用過你公司的多完化購物平台同其他購物平台比較，算是不錯，但價錢可以平D，我就不用比較，在你公司買貨。
2,明明係話有爽身粉香味，唔知係咪擺得耐定係點？總之一陣噏味😫
2,"這是第3次購買, 皆因之前的確很好, 收到的包裝 每隻蠔獨立明確 - 隻隻可數. 需要煮幾多隻, 就取幾多隻.      但....... 但.......今次收到的𧐢  ****全數集體連結冰封****  我怎樣拿取所需數量煮吃? 即是要我全部解凍, 才能取出煮食.  但餘下解凍的放回冰箱, 絕對影響蠔的質素.  對此, 我好懷疑從 此包蠔.... 在某處/某個時段,   未有好好做足保冷....., 另每隻原已冰封蠔隻 的冰 ....溶掉,  然後再把溶解成水的蠔再放回冷藏,  因而仍成 所有蠔隻集體冰封鎖在一起.   麻煩你們倉庫 取貨派送 或 門市收貨員 留意這點.  今次收貨 我有點失望. 希望下次 不要這樣. 唔該呀!"
2,"第一次寫評價🙂‍↕️
唔係第一次購買，每次都有溶雪既情況出現令蠔出現怪味（買咗就硬食），今次直頭溶咗大半包。都知道送貨員每日有龐大嘅貨量要送遞，都好難避免急凍產品會有呢啲問題出現，但如果一日唔解決送貨品題，今次會係最後一次幫襯，最緊要係驚食壞肚姐。"
2,睇圖片以為10包係原裝一盒，收到貨係散裝10包，雖然是獨立包裝，但是有幾包扁咗又彎曲哂
2,一卷好鬆，比正常鬆3分1，12卷相等於人哋10卷裝
2,漏油，玻璃瓶面和邊都有油，唔知係瓶蓋設計問題，還是包裝問題，要找出成因，要注意改善，以免運送途中漏油!
2,包裝正常，那就是包裝前已損壞，是固意無視直接出貨嗎？都懶得退了
2,"基本上9成罐都係凹
而且燒雞唔係港版，
如果係日版應該要標明
係平姐，但都唔好9成罐都凹比人囉"
2,睇到咁多評論，都知道包裝有問題！問題係乜包裝都無！咁你話要環保都無計，未送貨之前，令人好懷疑衞生有問題，就算幾好飲，或者追加減價都好，都係去返超市買好啲！起碼見到企理，唔會壓到變形，絕不推薦！
2,2-3個月前買都2026年10月先到期，宜家3月買10盒就2026年7月到期，仲要貴過之前，這個新批次唔新咯.
2,爆咗幾罐，搞到成地濕哂...送貨人員可能唔知？所以無講？
2,因為已過退貨期才發現盒底有滲漏已即時掉咗，都忘記影相
2,"好殘下
摸上手 軟淋淋
同之前買嘅差好多"
2,"買6包, 全部沒紙箱一袋袋送來, 送貨哥哥攞得辛苦, 我又難儲存, 點解唔放入紙箱送貨呢?"
2,點解會爛溶溶咁？得個紙袋，個底凸晒出嚟，平時凸罐凸盒就多數品質已壞，宜家都唔知是否品質有問題
2,送來打開盒子，見到有漏油，可以点呢？招紙都變成兩個不同顏色
2,"之前買左2kg 家貓好鐘意食，今次就買10kg，點知佢地完全5食，懷疑乾糧變左？
而家包貓糧就咁浪費左😭"
2,明白退貨限期已過，冇得退貨，但仍想分享一下，請供應商留意，如果件貨品殘到咁，請提醒分店員工，不要供給客人
2,椰子油雖然有用bubble wrap同放喺紙皮箱，但蓋位沒有包緊，收到貨時已有椰子油漏出，紙皮箱內也能見到油跡
2,買咗兩支，裏面嘅溶液都係得包裝嘅三分之二，唔似有1.8L，喺藥房買都冇呢個問題。
2,有張膠紙黐住，清潔劑唔係入滿，唔知係咪正常
2,我第一次用。呢個貓砂味道好重，成間屋都好臭好大味⋯人聞落去都頂唔順，好彩貓貓有去到廁所
2,有損壞，原本想退貨，但不是太嚴重就費時煩，日後請改善下
2,個罐前後左右都有少少凹、個人覺得外面如有有限量的保護包裝比較穩妥
2,"之前買過好多次，第一次發生呢個情況：
1. 內含半透明不明漿狀物質
2. 慕斯很硬，並不如平時般軟滑
3. 貓貓唔肯食，平時佢係食嘅

相信係呢罐有問題，其餘兩罐則一切如常，貓貓肯食"
2,買6包，冇原箱，散件一包包送來，全部疏晒氣，有包仲爆開左，搞到一地都係
2,買3包，有兩包穿左漏氣，都唔知會唔會潮，如果到使用時，貓砂潮左影響使用，我一定轉貓砂。
2,袋上的日期2024/5/23是到期日子/出廠日期呢
2,外在包裝很好，但是包貓砂在箱內打開時底部已經破損，取出時貓砂流到周圍都係🤨
2,一開勁多水？！成件衫同隻腳都系水🙃系咪跌左落海撈返上黎寄比我？！
2,要8packs何解不能給原整兩箱，只給1整箱，半整箱及2packs散裝。
2,第一次買因為用開隻貓砂斷貨。好唔鍾意陣味，主子都唔鍾意，唔肯入去廁所
2,其實已有bubble wrap及紙箱包裝，但送到時噴咀部份位置已斷裂。應該不影響貨品質量，但要再注意包裝方法。
2,"收到的時候包裝已經穿了兩個洞，貓砂從兩洞中流出來，非常不便。
請留意及改善。"
2,包裝並不是正常的真空包裝，似乎已經漏氣，另外有效期很短，到期日是2022年2月，要求換貨
2,係抵同唔洗自己超市攞返屋企，但訂兩底，其中一底成排凹晒，下次真係要諗諗仲敢唔敢博一博訂紙包飲品，好彩今次只係凹咗，冇漏到周圍都係。
2,雖然說過分包裝不好，但是這個奶沒有任何保護成份，他只是放在一個破膠袋裏面，而且我一拿上手，就發覺外層的包裝有損毁，因為這是食物，我不放心食用，因為我擔心食品安全問題，我怕損壞了的包裝會有細菌可以進去奶入面。另外送貨員的態度十分差，好像得罪了他。究竟在這個平台買東西是我的錯嗎
2,都鋪取貨一出門口手環已同袋分離，另外想問這款是否粗沙？因為我訂講時只見到註眀幼貓沙，而沒有註明有粗的，是否沒註明就等如粗沙？
2,原箱包裝，打開裡面獨立包有漏粉問題，中層一包有幾個細窿，懷疑係比蟲咬。
2,"啲罐有一半都係凹嘅
未開唔知入面係咪完好"
2,用左幾年，以前質量好好，但最近質量變差左。結砂後，d砂會變左糊仔咁黏著砂盆，超難鏟，而且d砂變得好多粉塵。質量愈來愈差，希望廠方可以維持以前的質量。
2,沒有密封，香氣已經所餘無幾，和以前相比差很遠
2,喺Bubble紙攞出嚟，一支爆少少濕晒… 另一支無事…..
2,罐邊有啲黑點點，疑似生銹？同埋，我兩隻布偶貓都對個罐罐無興趣，白費了。
2,今次乾糧啲質地淋哂狗仔都冇食。上次包裝得好好啲貨冇淋到，但今次品質好差
2,價錢浮動太大，買完見到$88，買果時126$
2,未知能否防叉蚤滅蚤， 但送來的 plastic bottle 唔好用， 很能按，  收到時個 bottle 是湿的， 唔知是否已流出！  一瓶不足用於一張布sofa !
2,想問系統係10月1號話會退款，但係到而家都未收到，大概需時幾耐？
2,7罐中有3罐都凹哂 收到個下係喺盒入面 點解會可以凹咗？
2,冇諗過喺大陸入貨再賣俾我哋，大家小心。始終係毛孩子用嘅嘢。我已經安排退款。
2,可唔可以唔好再亂咁包 求其搵張膠紙 一qy6就散晒 本身原裝pack得好靚
2,買咗12罐，有兩罐都係凹，其中一罐凹成咁，好明顯係跌過落地都唔換罐新嘅⋯⋯
2,明明31/3或之前N1貓砂$199可選購2包，但最後只能以$119買1包...
2,被9.5kg的狗糧壓扁一盒，一盒內有3支，中間嗰支壓爛左，漏晒滴劑
2,知前買過幾次內外都幾好不過今次切開就見到個芯開始枯乾
2,"5好成日推說天氣問題，如貨品不好就不要發貨，這商户以前都算好的，一直買開,但開始差所以冇買一排,近次見評論無乜嘢再買過，點知又係爛,劣質貨給人照收錢,或是清貨?用未賣完擺到快壞的菜去出貨嗎？次次都推說天氣，咁天氣唔好就係咪應收檔唔賣菜？芯X又係咁仲差，$25又係咁,$3O買又係咁，係咪星期二或三買的都是這些貨嗎？"
2,食三隻就有一隻臭，唔新鮮，好明顯解溶了雪再冰返，不會再買
2,之前買過完全冇問題，一倒出嚟全部粉狀，但今次依盒倒出嚟啲粉係一舊舊，有幾粒倒出嚟啲粉直情硬到變咗膠囊形狀，唔敢餵貓貓食…
2,"睇錯左....以為1000ml特價,仲買左兩支,點知原來係500ml咁就唔抵啦,有時俾星期二呃左,以為平,其實差唔多"
2,"工人姐姐點漏貨, 送少咗呢樣, 拿起手要煮嘅時候才發現 … 蝕水😔"
2,湯水太渾濁 以前買的湯水很清澈 還有肉全碎 的 寶貝以前每一罐都會食，現在吃了第三四罐已經不吃了 貓的嗅覺是最靈敏，我相信以後都不會再買了
2,包裝無損壞，但打開有陣臭益味，原本無太大顧忌，但貓貓食咗一日有軟便。可否退貨處理
2,這是第1次購買大包的容量但包裝拆開並不能密封，是產品的Error還是大包裝不能密封，這麽大包當然要分多次給主子享用，原本是購買小的，未試過不能密封，沒有說明，現在很不方🙄
2,"貴過出面, 罐頭入面有魚骨, 好彩貓貓好彩無哽親, 大家留意返"
2,贈品話係3小包狗糧，但打開包裹後，係支貓棒？！
2,同時間買咗兩間店嘅罐頭。對家用盒全部罐頭冇事。呢間用紙袋，全部凹曬
2,到底係個seller包得差定送貨太暴力？個噴頭爆開左，隔住個泡泡袋都漏到出黎，好在漏左唔係好多～倒左1/5左右啦
2,一向都有用開，但今次其中一包打開有一浸藥味，明顯唔係之前豆腐嗰隻味。
2,好多粉越用越碎 一分錢一粉貨 絕對冇下次！
2,外盒原整，其中3罐凹咗，即是包裝時有意將凹了的產品給顧客
2,"加購$19一盒的確好抵
但係包裝同埋運送極度求其
我買咗三盒就咁用膠紙捲埋一齊
壓到扁晒，跟住搣嘅時候啲膠紙又黐起晒個包裝
雖然商品便宜但係都唔應該咁樣對待
尤其係呢啲有重量而容易擠壓嘅東西"
2,我隻貓都鐘意食，但係個罐嘅蓋掩設計差，拉起後用力開都開唔到，有次蓋掩仲甩埋，要用罐頭刀開，好唔方便，廠商要改良一下
2,都係貨品無問題，包裝真係超難拆。點解要用膠質包十幾層？剪極都剪唔開。
2,很可笑！同一樣貨品是一個時間但分開送貨！不知所為
2,買十罐凹左四罐，四邊就咁得個原裝紙皮冇野保護。之前都冇包得咁差。
2,買咗幾包冷藏嘅食物係咪應該有保冷袋包裝返嚟變晒室溫
2,外盒沒損壞，但罐頭下陷！應該check好才出貨吧！
2,"你好 
我19/6上網買了3包貓糧 直接送上門只送了兩包
還欠一包
請盡快補回，謝謝"
2,日期新鮮，但包裝麻麻地，冇做保護，送到澳門已經好多個瘪罐
2,"hktvmall買嘢都有3、4年，平均1個月買1次。今次係第1次有delay，其他貨都準時到，係呢件遲咗。到第2日話會再送，又遇著打風。第3日話送，又話交通延誤。真無語了。
產品包裝沒問題，貓咪第1次食，一開始聞完已經肯食，不過食得幾啖又走咗，倒嘅多過食。"
2,同寵物展時買既唔一樣，除味一般，效果一般，是否改了配方
2,訂4包，有一包穿咗，紙箱也爛了，導致成個屋外走廊，紙箱內都係貓沙.. 花了好多時間清潔屋外走廊同屋企….
2,"用開,但今次的包裝袋穿了,貓砂漏哂出來,激氣"
2,尿墊質素很一般，薄是預期的，但尿墊邊位滲漏是用過不同牌子第一次遇到！
2,訂購3袋貓砂，接單後應該知道有沒有足夠貨量，無貨應該早點告知顧客，送來只有兩袋貓砂，要我提交申請退款或漏貨，咁無交帶，還會再有下次光顧嗎？
2,你地可唔可以唔好亂咁pu4 求其搵膠紙封住就算 qy6得好辛苦 仲會散晒 本身instinct原裝12罐pack得好靚
2,用膠紙貼大多 好多膠紙漬 樽蓋檸唔實 冇咗三份一
2,6包有一包沒有了真空都算，㒲有一包的包裝是破爛了的😓
2,兩罐嚟到嘅時候全部凹曬，而家睇到先知其實一路都出現呢種情況，要求退款
2,罐頭都凹了，包裝濕透，令裏面的罐頭都濕透包裝紙都脫落
2,3隻貓一向有食開哩隻味嘅日版，見標示寫是日本/泰國就買嚟試，今日收到貨即開畀寶貝試，開包裝時已聞到同日版味道不同，寶貝們完全唔食。一定冇下次。
2,新開就會好清新，但过了兩三日咖啡未會變宿味。
2,"明白這是價格較高的signature系列
但圖片是5.3oz的，睇錯左，仲買左6罐🥲"
2,用開木沙，諗住轉下呢隻， 覺得麻麻地因為都有啲白色嘅灰， 猫猫去完廁所發覺地下都有啲白色嘅印！
2,一箱24罐內，有四罐凹晒！麻煩供應商跟進！
2,因為貓貓這大半年都是食這款果寡糖的濕糧，所以今次繼續購買還一次買兩箱共48罐。但開了三罐都發現和原先的不同了😲不是原本全糊狀而是罐內有一粒粒的🤭貓貓有點抗拒⋯⋯請問是配方改良了？還是質量變了？請回覆🙋🏻‍♀️
2,一真用開，唔知點解今次買2包，其中1包有好多白色一粒粒，擔心影響到貓貓
2,收到個包裝。一睇。 Car Litter.  包裝出咁大錯誤？！ 令我對佢品質好懷疑。。
2,"見好用，$105買完又買，突然漲價至$152，學汪亞姐話齋個心都離一離！
後尾降番$125&#40;仍貴&#41;
其他平台又平又有嘢送都有送貨！"
2,包裝顏色跟以往訂開不同，有深淺顏色差別，沒有了 100% 保證，懷疑是否原裝正貨！
2,"請問貓糧係咪換咗形狀？
之前買開每一粒都係厚身啲冇咁扁，貓咪食完之後肚屙"
2,一直訂開，直到今次回購，24罐入面有一罐壓爛，想退1罐但發覺一退就要退24罐，兼且要安排時間等人上黎回收24罐，咁即係唔想人投訴有問題啦。其實我就咁退返一罐錢都得，但一退就退24罐而且成日缺貨，咁貓貓食咩呢？
2,用過細包尚可，第一次買大包裝，但一轉大包，新開，摸上手就好多粉…….
2,"對比坊間買到既凍乾，感覺比較硬身。貓貓唔鍾意食😮‍💨。
一舊搣開兩片俾佢方便食，見佢咬左入口以為佢食左，點知轉頭佢已經吐左舊凍乾係地下。
好彩只係買左一樽。我隻貓本身比較為食 咩都試，好少會唔食凍乾。"
2,本身黎到個泵係已經立高左，但係我見撳咗幾下先出洗頭水，應該冇俾人用過掛…但係唔知點解呢一隻配方同我平時喺萬寧買開同一款嘅係完全唔一樣嘅質地，呢一隻非常之杰！好似加左好多膠水。同埋一到冬天佢個口凍到有啲凝固咗，你要係咁撳幾次，佢先真係禁到洗髮露出嚟，搽上去頭用完之後係非常之乾，同埋洗完會令到你個頭髮打結。從來都冇試過咁嘅情況。我以前喺萬寧買開呢一隻洗頭水都完全冇咁嘅問題，係好好用。完全唔明白點解今次喺HKTVmall買會變成咁。已經用咗一個禮拜，難用得滯，俾我揼咗。
2,今次的貓砂沒有香味，唔知係咪品質有問題，定放得太耐。
2,"其中一袋，袋底的摺囗穿左小小，好在沒有漏哂啲貓砂出來
無用箱送貨，只係就咁6包送黎"
2,200 ml 噴咀不能出水！請重發噴咀到指定交收點泓景匯！
2,"包裝封口膠即使拉開左都根本開唔到🤯
次次都要用鉸剪剪開先開到"
2,貓砂爛左就咁用張膠紙貼住？一送到黎就成地都係
2,品質不穩定。肉有時侯呈啡色像煮燶咗，有時呈粉紅色。經常見到有較大同的蟹殼，應該係（軟）殻但由於太大同埋我用匙羹壓也不碎開，貓仔可能會噎住，希望有改善情況......
2,9包有1包穿左既my god...NI品牌包裝送到成日穿架有貨入住都冇用既
2,"本身有盒、內裡有氣袋包住。但收到的罐頭卻凹陷如下。
一共買了5罐、其中2罐凹了。"
2,"以往訂購都係真空包装，今次就漏曬氣咁。
"
2,"懷疑買了假貨，貓貓看見也不想食，食後瘋狂廁所出出入入，大小二便出血，看了醫生，照超聲波，食藥，診金也用了3000多，平咗$200買行貨，結果反而得不償失！難為了貓貓辛苦了數天還未好！
Hktvmall沒有監管？可以縱容店舖買假貨？"
2,買咗30罐，有一半罐凹都算，拉橫都甩埋真係唔多掂，提醒大家呢間商店寄貨係連popo紙都慳商品零保護，買之前三思。
2,"有話美版,收貨後發覺加拿大制造,現在加拿大已成為美國省份？實在欺騙,可去海關投訴"
2,Order咗30罐貓罐頭 Kakato， 12罐表面有凹嘅地方，品質有問題！
2,每1 格都掉碎！  一炆一間就掉到大腿內褲都係。。。 呢張圖係炆左2間 地下已一地都係
2,店舖的包裝是很好的，但貓糧本身包裝唔好，zip帶痴住另一邊不能使用。
2,猫砂好大陣味，開咗幾日都仲好臭。唔會再買😤
2,一路買開，今次啲砂好碎又有異物，會好易整到周圍係
2,我係回購的奇怪盒都冇只係用bubble紙包住
2,"沒有紙盒包裝，散裝。
之前買過，都沒有這情況出現，半打一箱，包裝良好。"
2,無重用封條，無雷射label...........連個使用日期都有頭無尾，十分奇怪
2,"買咗三包其中一包收到已經打開咗...
但係本身隻product係好用"
2,粉碎左好多，係門市買 好明顯一條條豆腐條，返來睇點解碎左咁多
2,後悔買這種貓砂，倒入一包一隻貓咪用了一天就很大味道，只好又倒入一包，仍然怪臭。最後無法只能用回以前用開的Petshy。以後不會再買。而且也沒有發現紙盒里有2l包裝的贈品。
2,太細粒，又唔太吸水吸味，特價試下，唔會再買
2,"蓋唔到屎尿味, 又結唔實, N1價錢越來越平, 同時質量越來越差"
2,貴公司幾時先解決到送紙包類飲品唔好溶溶爛爛😫
2,卷紙原來是4層，但係用咗5卷又薄又似皮乜骨，斷層，紙質又薄又易穿底，很差
2,"個盒好污糟
全部係黑色一點點
又唔搵嘢包住
拎上手成手黑色一點點"
2,送錯貨品。要求退換。6月12日至今仍未辦妥
2,買開係真空包裝，但今次購買不是，會影響質素嗎？
2,有兩卷送到時爆開了，疑似出產包裝時包得唔好...
2,買了2箱，想著至少有一箱兔仔款，點之都係沒有
2,包裝太過馬虎，4-5個罐都撞到凹咗，唔知有冇變壞，麻煩包裝做得好啲，一係你個箱就唔好咁大個，搞到啲罐撞黎撞去，唔會再買你
2,不同口味共買左9罐，奇怪有一罐特別凹得勁，其他無事，係咪明知凹左都照發貨比客人呢？
2,"訂2.0幼砂,送錯粗砂,可惜發現時已掉了送貨盒不能退換,照用了粗砂非常黏盤底"
2,6包散裝，2包沒有顯示expiry date
2,換咗新包裝連品質眼看都同舊包裝唔同，貓貓起初都不肯用
2,以前買過同牌子嘅細包裝係有zip封口.... 但係反而大包冇，倒完入真空罐都仲有大半包要諗方法保存... 但就2022先到期
2,"訂30個，今次發散貨，不是幾個一pack, 數咗三次，都係29個。"
2,此貨品非常差內夾雜不明嘅物體，希望有職員跟進
2,"一貫用开,只是貓貓十分不滿,每次餵药都十分艱难,仲要成口泡,每3个月決戰一次,最近嘗試用半粒药丸开5ml水,餵水時乘机分幾次餵佢,係比較容易,但都要搏鬥一輪
有冇d貓貓願意接受的除虫片呢"
2,"第一次買價錢都幾貴, 河粉滑身但牛肉比較鞋身."
2,訂購了8排低糖麥精，送來時有幾排已經被壓至變形，好過份！
2,6L?好細包!其他牌子6L多成倍，&#40;仲話增量裝，🙄🙀&#41;
2,送貨包裝欠保護，外包裝看上去很污糟，貨品外袋還穿了，廚房紙或因此而受污染。
2,本身已經購買過幾次，但今次沒有送給我細包的貓狗小食
2,買左48罐，當中有18罐都有凹陷。之前買過都正常的，第一次出現呢個情況。希望下次留意一下。
2,買幾次can food 包裝都差，次次都有凹😖
2,訂貨及出貨日期有成五日時間，收貨嗰日仲要爭一箱
2,"呎碼顯示的12, 代表是原箱18包嗎? 不明白, 不敢買"
2,開咗幾罐，一開罐頭已經有啲臭味，並非原廠包裝
2,"壓到變哂型，都唔知開唔開好!
差劣的包裝至運送時壓到變_
型!你們近來都是送上壓爆或變型的貨,應改善及防止壓撞!"
2,送到過嚟果時個外層包裝已破爛⋯請問點樣可以換返⋯？
2,就是買東西前未看評論，羊架真太少了，花時間煮都沒多少吃到，如果早看到了就不買了，浪費心血。
2,"希望你們將奶同罐頭等分開包,
以前奶都有小紙盒包裝得很好,
現在多次求其用個膠袋仲連埋
d罐頭壓到變型!d罐頭也凹的!
强行收我2元膠袋,但只給我ㄧ個
小袋強擠所有十個罐頭、2包
1升奶、仲有4支玻璃樽嘅醋也
擠放壓在小膠袋ㄧ齊放!
你們的包裝騙ㄧ個袋又慳到紙盒!
但客人就要慘收你們的變形貨物!"
2,明明一箱2包一pack，送貨散晒照比客😩😩
2,唔係原箱，只用膠袋分幾袋包裝唔夠乾淨，D水又成支係個袋度sir出嚟
2,"最近購買的紙品包裝到手都是這樣
4 pack 好心就一箱咁出貨
下次包裝再凹成咁就唔收貨啦
咁款減價都未必有人買！"
2,買滿99元後應該有包裝紙巾送，但收不到請跟進
2,"買原箱水，但送来是用散袋，点解？
買12 支 1.8 liter ，但送来 11支1.8liter 加 1支800ml （膠樽底部已经凸起，請問是否水質有無問题）？点解？"
2,粉塵大，有螢光物質留在貓身上，而且無法清洗，未知對貓有否傷害
2,檸檬茶個包裝夾扁晒好彩冇爆出嚟，應該係原箱，但係唔知點解要比散裝
2,10/2021 過期，時間太短，好快過期。氣味有d 大.....
2,見係正貨，貴過其他舖頭都買，點知開出嚟成包勁碎，每次餵糧都有一部分係碎到食唔到，仲搞到貓貓食到周地都係。失望！
2,裡面的紫薯是爛薯的味，整體感覺非常一般，不如食饅頭
2,上次買左12排～正常可以黎3箱～吾明點解要折到散修修用袋裝
2,啱啱收貨，買咗兩箱，全部用膠袋包，不是原箱的！真失望！又污糟又唔環保！浪費我時間清潔！
2,紙質很薄 我用了很多年好像不是我從超市買的一樣 一定不會再定
2,不太合我口味...辣味夠，但感覺不夠香，辣椒油嘅重點就係渣渣，但撈起的辣椒渣渣好多都結埋一大粒一大粒咁...不大喜歡
2,散裝，3-4支入膠袋，收藏唔方便，非原裝紙箱！
2,初次購買，但送來的包裝比起另外一間相差好遠，下次都係要諗過先買
2,Lu Lu 豬真係好得意，Zenses紙質都好用，有保證。可惜次次送貨都總有盒爛的。這是扣分位！
2,用咗好多年一直覺得好好，包裝乾淨，又冇一般垃圾袋上見到嘅粉狀。直至到最近發現越來越薄！勁透明，唔使袋重嘢已經穿咗窿。希望同廠家反映，唔好做袋唔到嘢嘅垃圾袋。
2,價錢唔算平，吸收量唔夠多，要用多幾張，唸住試下，呢下中伏
2,"四月訂，到期日係六月 $195
如果商店可標明到期日會好啲"
2,唔明點解個箱爛到咁都照出貨，入面係抹面紙，感覺好污糟
2,"外包裝透明膠袋爛咗，盒爛咗令到𥚃面紙巾外露變咗有一盒唔要得。
另外將三條盒紙綁埋一齊嘅透明膠紙，上面有一啲好似發霉嘅黑點，雖然未必影響使用，但就影響收貨時候嘅感覺。"
2,"明明係6包4排咁落單,都係散住送貨,問送貨哥哥就話係我地落唔夠24包既問題,收貨到放到合適地方都困難,仲因為冇箱要一packpack放,係返PNS原箱送貨方便好多"
2,送來的並不是小兔子包裝，失調。。。。。。。。。
2,我訂12支水竟然冇任何包裝，依幾支就咁放喺地下是否正當？用嚟飲用十分不衛生。最簡單用個袋裝住是不可能嗎？
2,"味道同之前買既完全不一樣，超苦！
麻煩跟進"
2,比另一隻馬來西亞魚旦彈性大些。即鱼肉份量少些。味精極重。鱼旦吞下了，仍嘗到味精在口腔內。咸度亦不輕但被味精蓋了。只试了白鱼旦。
2,"以前你哋公司會完整一Pat送過嚟
而家唔知點解會拆散晒.有點唔係好衛生
有一些包裝變形凹陷.
我都唔知應該點樣處理好
請你公司比一些意見"
2,已經遲了一天，送到來時盒裝紙巾的盒爆開，好唔衛生
2,送貨送到包尿片爛左，送貨就咁擺門口地下，咁污糟，點用？
2,買24支都唔用紙盒包裝運送， 而是用七個大膠袋。 有膠袋穿窿都唔可以再循環再用， 真是浪費唔環保。 雖然貨品整體都算乾淨，但不明為何不以原箱運送而用大量膠袋？ 
2,買咗四包，但送貨冇竟然唔係一箱而係用一個大膠袋。有三包撞到支離破碎🤦‍♂️
2,"眼見同一平台 $24 / 包，賣平$10。

請先格價再購買"
2,羊架為何比以前細塊？最好分兩排包裝，價錢能便宜一些更好。
2,"凌晨12:10 promote 價格顯示仍是$65， 12:40售價改為$69.9
無留意海鮮價，買貴咗幾蚊。
"
2,點解變左呢個藍包款？仲要買了三箱，上次都買過一箱係兔仔，呢個粗鞋啲，冇咁好用，冇咁柔軟。
2,"訂原箱，但係散裝用膠袋分裝送嚟
搞到要揾地方放😦"
2,常購但今次超差，壓到扁哂加全部又扁又黐住曬，仲發現個袋穿窿，怕有細菌掉咗😡
2,當初以為五黑比例是平均的，原來主要是黑米和黑豆，感覺很伏。
2,"派送上門仍然冰凍👍🏽…
但蟹柳太淋…又不是一絲絲…唔好味…😅"
2,上次一箱送過嚟，完整無缺。今次分開4pack，結果有三份之一有不同程度的撞凹！不過已經好過一同送來的維他奶及朱古力奶，個啲凹到不似盒形
2,貨品品質本沒有問題，但被壓至如圖片所見。希望下次訂購時收到的是完好的貨品，而不是這樣外觀的，甚影響使用。
2,"我買左2箱，1箱係原箱送到，另1箱就散裝
點解唔係2箱都係原箱送黎?
4排都凹嘅"
2,"HKTVMall 現在的包裝技術真的是差勁。將兩盒燕麥奶與2.25kg洗衣粉及其他物品求其地放在一個膠袋內。包裝外觀損壞不堪入目，更重要是如果包裝破損，好容易令燕麥奶變壞。

相信貨物原來品質冇問題，送貨員態度亦良好，只是HKTVmall包裝方面不合格。但係咁樣我點可以再喺啲處訂購食物？"
2,非原箱，每三支用膠袋裝，有膠袋穿咗，有幾支嘅蓋位污糟，亦有樽凹咗。買 12 支諗住原箱方便儲存以備不時之需，結果 12 支散嘅唔知點擺。唯一可取之處係 23 年 12 月到期，都算耐。
2,"推廣時說&gt;&gt;""紐西蘭羊架採用最優質的小羊肉&#40;lamb&#41;&#40;年齡不足一歲&#41;，所用羊隻都是自然生長，比較其他國家的羊架，肉的位置會較少，但肉質更鮮嫩"". &gt;&gt;  已多次回購, 但發覺品質有越來越走劣的情況, 我相信這是和肉質本身有關, 與什麼""天然材料, 運送,"" 等外在因素無關. 請你們多留意, 不要讓 HKTVMall 被利用成賣次貨的平台."
2,收到了，但係個包裝穿了，污染卷紙巾，變左呢卷根本唔用得........
2,原本落單時明明要blonde espresso house blend americano各一盒，但收貨後發現兩盒都係house blend americano
2,不同包裝 ，共買40罐 ，有14罐係企唔穩嘅， 個底撞到凹曬嘅
2,我買的是低糖檸檬茶，但貨到是全糖，糖分和Kcal都高1.5倍，錯晒😖
2,"之前不嬲有買開,品質都可以.但今次哩包某幾支有變色既問題,下次吾會再買."
2,屋企人收到尿片包裝十分污糟！需用多張濕紙巾清潔，抹出成張紙黑灰色的，雖然包裝未有破爛但感覺不良好，這是嬰兒用品理應保持清潔
2,送到嚟已有損毀，個紙箱底濕了，勁多玻璃碎，請問可以如何處理？
2,好地地訂4pack一箱，執貨的唔知點解要拆開黎送， 一pack要用個膠袋入住，唔駛講比送貨壓扁啦。可否專業啲呢
2,今次買了二箱，正如之前所講都是用多個膠袋送來，不是原箱，我是這水長期顧客，多次收貨紙箱都破爛，如遇天兩時更慘不忍睹，亦曾寫評論希望供應商能改善紙箱紙質，另二旁加回抽手，以方便物流僱員及顧客！
2,一不留神冇留意重量，原來比一般法式7-8支羊架細好多，正常一排重量已經接近600-700g，但呢兩包加埋先7xxg，700g份面有十幾條骨，即係好少肉，變相係好貴。
2,"與圖片不付,圖片看来又新鲜又大件,送來的貨只是细细包,都未見过咁细咁少肉的羊架,好似發育不良咁,都唔知点宴客,唯有自已啃咗佢,希望樣唔靚質地都过得去"
2,送貨時間6-9pm 結果11:30pm才到，仲要盒奶變晒型。
2,剛開了其中一包，首次發現送來的檯布~每張都是切開了的，分為1/3及2/3，其他三包未開，希望完好。
2,買了兩包，只收得一包，想要求補返嘅漏送羊架，如何聯絡？
2,是次所購商品，兩盒奶都有從高處掉下偏了的情況，剛開了第一盒飲，奶液有呈現固體狀況
2,買了六盒這款燕麥奶，發現味道和其他地方買的不同，蓋的設計也不同，不夠creamy，原來是中國製造。英式超市買的是中國製造貨品。雖然有寫明產地，但只怪自己沒有留意。下次在HK TV mall 買東西，真是要仔細看清楚！
2,"用開n1
但第一次買依間既n1 砂
貓貓既尿一剷就鬆開，同平時用開既品質差好遠，攪到好多粉塵碎"
2,一次比一次差，今次盒上有污積，但飲開低糖，性價比高所以有買
2,以後收貨後都要指細檢查，以為原裝包裝會無問題，今天才發現原來第一排有一包己被撞爛，發霉及發出酸臭味，連左右及後排也沾上，唔知還可唔可以飲。
2,"紙箱開封時發現包裝有損壞，米粒已瀉出紙皮箱，如相片顯示。
同一紙皮箱同時承載着清潔用品，例如Cif特強去污液等，衛生安全不理想。"
2,好失望，我為了靓靚口罩套才買，現在發現冇一起送，付錢時見到有的現在看回不見了，不知何呀被tik走了，很不開心?
2,不是兔仔版，仲特登買左2箱，太令人失望了??
2,"店員服務態度不友善, 拒絶提供類似超市慣常提供的凍肉保鮮袋, 聲稱是公司政策。要客人徒手拿走冰凍的肉。又聲稱是政府規定。"
2,唔同之前個d箱比都唔知，原來縮水咁多，仲以為真係價錢回落！
2,越來越細件，羊架肉朳部份嚴重縮水，無乜肉食，下次不會買了
2,台灣品牌好食啲，依隻有啲燶味，食完有熱氣感覺
2,買開，好食，但今次買比以往買啲不－樣，好細件，是否賣$199，所以貨品就變成對等
2,以為很便宜，送來的比超市的細包又肥，下次不買了
2,可能個人口味，鞋口味怪，冇評論講到咁好食。
2,瘀紅色 似解凍過有血水再雪 如在超市見到不會買
2,"真係睇圖不如睇現貨，充滿期待的，以為可以見到大大嚿的，拆開來看也不外如是，味道是很好的，但係我真係唔覺得佢爽，當然佢一啲都唔un，佢偏淋身，其實仲爭少少以我嘅標準，佢就會屬於霉肉，我好明白有啲人真係分吾出淋同霉，不過我真係覺得佢欠缺左彈牙嗰個部份，味道係鮮甜的，希望有待解決，隔一段日子還會再試一次！ps:
呢隻魷魚真係唔可以用超大形容，唔知我嗰隻係咪特別細隻呢？題外話我買最大嗰隻鰻魚非常之梅身，簡直腍啤啤，同埋簿，其實真係比你哋嘅描述欺騙了，總括嚟講鰻魚係難食嘅"
2,雖然買一箱也沒有便宜很多。HKTV 生意好了，價錢大都貴左。唉!香港會變成咁就係哩d 商人
2,人地講都唔信，真係壓扁得好誇張。。。其實唔明，買兩盒奶收膠袋錢都算，其他冇收錢的包裝有紙箱，有bubble 紙再加紙箱，有啲仲保温袋再加密封膠袋。。。明知送貨同事會堆砌貨品，容易壓壞。。。希望公司注意易壓壞貨品小心包裝🙏🏼
2,這是食米，膠袋已入氣，沒有了真空。派發時，大力拋在地板上。近門口的地板一定比較污糟。將食米拋在地上，實在有衛生問題。可以想像，食米在運送的貨車上，一定也是亂拋，膠袋巳沒有了真空，食物衛生如何保證？ 這樣的運送處理，實在難以接受，下次如何有信心再買？
2,今天是6/6晚上，剛到門店取貨，收到50元優惠卡，可惜明日到期，要來何用？
2,產品包裝不夠密封，加上物流/存倉可能曾經上下倒置，送到來紙巾的精潔劑漏到周圍都濕晒。還未開始使用但擔心很快濕紙巾會變乾晒。
2,不是真空包裝。如果再用一層保護包裝更加好。
2,"咁大包貓糧竟然無zip, 開左無得密封返。之前買同牌子細包既都有zip"
2,"不明白為何完全沒有外箱包裝? 12個麵是如何運送到店? 平時訂一小件貨都有bubble或小紙箱包裝, 這個是不太能理解"
2,點解兩包尺寸差咁遠…700g 已經細包，但900g呢包仲細咗一折😖
2,砂本身有陣酸味 。貓貓用完後更變成一陣酸宿味 成間房都係果隻味 仲難聞過貓貓本身嘅便便味 等我一開頭仲擔心係咪隻貓嘔， 之後先知原來係d砂既問題
2,之前買咗6包700克的羊架，但係收到貨之後發覺有點以實際不付！原因係我之前也買過惠康的羊架，同樣係700克，但係惠康買的就大支好多
2,之前買3包會原箱送貨，但今次買6包，全部一包一包散裝送貨，都唔知點存放……
2,點解袋中可以放零食？黎到已經唔係真空。係咪唔行貨呀？同係超市買嘢唔同⋯⋯
2,"紙巾沒有了以前的厚度和耐用，比以前較為薄了很多，不似tempo以往的質素。用了很久tempo, 從未試過質量變差。"
2,呢寫冇寫係幼身係咪即係粗身版？揾咗好耐都分唔到，如果係粗身，對我黎講都太幼
2,"之前試過羅漢果白糖，甜度方面，羅漢果糖既甜度感覺絕對唔夠白砂糖甜，用既份量多好多（希望Kcal真係好少）！另外一提，Erythritol係有Kcal,但標籤上係0!
一打開已見受潮，有一舊舊既現象，而白糖係無！
凍飲都會溶，但要搞耐d,無耐性既要留意！"
2,這牌子不是第一次買，但今次兩排都是肉少骨多，許多都是一口羊；教訓我最好還是現埸買，網上買就看運氣。
2,"未食，但""""大""""件到呢....中伏feel"
2,"卷裝廁紙紙質改變了, 紙質變薄很多! 之前就是欣賞紙質夠厚, 現在品質變了, 不會再買!!!"
2,見有vip promotion 就買黎試下，但見到肉嘅部份只有2隻手指咁細。雖然未知味道如何，但應該唔會再買！
2,特價買兩包用埋vip $458兩包，一包有14支骨，以為自由撿到便宜，收到貨舊肉只係大過手指公小小，真心失望⋯⋯
2,一直食開呢個牌子，係唔同地方買過都無問題，但係呢間買過2次，第1次ok，今次第2次買隻貓竟然唔食，寧願餓肚都唔食，加左其他料先比面食一兩啖，或者餓到七彩先咬兩下。都唔知係味正貨定品質出問題。
2,買3盒，全部都壓扁哂，捏返平佢個盒好似就爛咁🫠
2,之前一路都用開，每一次我都會訂好多，今嚟嘅貨陣味唔同咗，一浸膠味咁樣，搞到成屋都好似一浸膠味，浸味好怪，仲訂咗24包…..
2,買過好多次見特價再買，不過而家質量冇以前咁好，細支咗&#40;每支肉少咗&#41;，唔打算再買了
2,"是次物流服務非常差👎🏿👎🏿👎🏿

送貨前不通知，導致客人多次聯絡客服查詢❗️
系統一直顯示繁忙，根本聯絡不到客服

所謂鑽石級whatsapp 客服，留言回覆需時30-45分鐘，才回覆第一句有什麼幫到你，之後要再等30分鐘才有回覆，服務質素比黃金級差👎🏿👎🏿👎🏿👎🏿👎🏿

由黃金級轉了鑽石級後，物流服務差過黃金線❗️
多次與客服反映後，客服只回覆會記錄，❌️到至今仍沒改善物流服務‼️

貨品質量再好，物流服務差，再買也需考慮！"
2,愈來愈差，難剷起散開晒，唔及以前甘好用，吸味就還ok
2,質量係唔錯。但一打開紙箱 就見到個膠袋穿左 有啲砂走出來。
2,今次係回購，點知質素比上次買差好多，薄過紙，唔會再買。
2,"何解兩包豆類奶品包裝完全沒有
好似次貨般"
2,我覺得陣味勁臭，有陣好奇怪嘅奶粉味，就咁聞都還好可以接受，但加埋貓尿嘅味簡直係災難級咁臭，就算隻貓一痾我就清都係勁臭，衰過就咁直接聞貓屎貓尿味，我睇咗評論先買，估唔到好評咁多都中伏，唔明點解冇人覺得臭！如果對氣味有要求千其唔好買，同埋佢個包裝寫6L一包，但實物勁細包，我磅過得2400g左右，完全唔知佢個6L係點計出黎！
2,粉塵大，有螢光物質留在貓身上，而且洗唔甩，唔知對貓有冇影響
2,送到來漏到成個膠袋都係，個噴咀位無lock 到…
2,買咗2包、2包都無真空、送到嚟仲無其他袋或箱入住、送貨果日落大雨、可能因為咁、包米嘅膠袋勁污糟.攪到入面都被污染、下次唔會再買.
2,雖然味道很香但一送來時個袋是破爛的都唔知有冇得退換啊…又擔心
2,一向係你商鋪買了很多次，但今次唔知發生咩事、貓咪食一次嘔一次，連續1個星期了。是否品質有問題？我看見其他人都說轉了新包裝的確有異樣！
2,其實都有一直買開，但係今次收到嘅顏色偏黃，而且倒出嚟浸味有啲奇怪。一雙六包啲沙全部都散散地咁，唔該你哋送貨之前確保品質先俾客人。隻沙係好好用，但係冇人會想收到呢啲貨。希望下次唔好再係咁。
2,請問稀到好像水+油那樣，正常嗎？怎麼塗面包呀？
2,品質差了許多，沒有清新的豆腐味，也不能完全蓋過尿味，失望!!失望!!
2,這是罐頭二十多罐，怎麼會吃得這麼快？又怎麼會知道哪一個罐是變質的？
2,五十幾蚊包尿墊除咗價錢平之外，品質預咗冇咁好，真心唔明點解有啲人話尿墊厚夠，我都唔明厚在邊度？而且條邊量過有4cm咁濶，變相內籠係細過其他尿墊，吸水力亦唔係十分好，狗狗vv完用廁紙或用手印落上面仍然係濕，唔夠乾爽，所以要勤換尿墊，如果唔係狗仔尿尿完又剛踩到會整到周圍都係腳印。
2,"買了14 包，只送12 包來，還沒有客服電話可聯絡
"
2,$299買，前兩日見到賣$195，價錢相差咁遠三十幾%好誇張，真係海鮮價
2,開咗一包，有十零塊有啡色污漬既情況，原本想要求退款，但已經過了期限…
2,之前購買 樽裝上 寫的是 漢方制首烏強韌配方 。而中間字體豐盈健髮今次最新購買 樽裝上 寫的是 中藥強韌配方防掉髮 請問邊隻先至係正貨？
2,"好厚冰，和以前買的不一樣。也和商家的圖片不一樣，沒想到日本蠔都咁搞。
買了那麼多年那麼多次，第一次寫評論，因為真係好失望。各位睇路。"
2,"4D 紙質大幅下降，廁紙勁易爛，比以前鞋咗好多
至於袋裝紙以前無用過，一直用開維達藍色包裝果隻，幾柔軟但略嫌薄咗少少，所以轉用4D呢隻，厚啲不過紙質又係鞋好多，應該唔會再回購"
2,收貨後冇留意附送的3包零食食用日期，3包有2包已到期，請商戶留意返！！
2,"用了很多年綠茶N1，比之前買的N1，綠茶味道非常少。
約了早上1000-1400送貨，等到1530才送到。"
2,之前買過兩次，大細正常和味道也不錯。但今次買的其中一排實在太奀細，骨多肉少，少得不好意思整出來招呼朋友....
2,今次是送錯味道嗎？好大陣化學香氣功鼻！之前用開原味絶對沒有這種味道！同埋産品介紹話用粟米做，但你個名叫豆腐砂，點解嘅？
2,睇留言好多人話少粉麈所以買嚟試下，原來好多粉麈的
2,係咪包裝有問題，一邊有封口膠邊但一邊無，5.4kg好難短期內食晒
2,"剛開罐 就好似無左一大忽咁？
但整體黎講 兩隻主子都鍾意食"
2,化學香味有d勁，粉塵亦不少，理解唔到銷量高的原因
2,我對呢款抗菌液敏感， 噴喺手背試用大約幾秒鐘就感覺皮膚有少少刺痛，屋企人就無呢個感覺
2,今次包裝箱有損壞，希望不影響入面食物質素，請多加留意，加強小心運送。
2,呢個牌子越嚟越不穩定，舊餅一係壓唔實浸水就散晒 ，一係壓太實剪咗都浸唔到水浮起的，呢兩轉有好多偏黃，隻仔直頭唔食，可能變咗味，初頭仲鬧鬼佢揀食，大家要留意下！
2,您好，之前一直都有訂開呢隻濕糧，第一次遇到啲濕糧有啲黑色點，想了解這是否正常？
2,聽人講細粒好用諗住試下，點知用落吸水力原來比較差，小貓尿尿吸不切，濕答答嘅貓砂痴住屁股毛乾左結係上面，下次都係買返正常裝
2,一看全部都勁污糟邋遢有點失望，平時收的貨都整齊清潔
2,"粉塵都幾大，一倒砂剷兩剷已經冒出明顯粉塵
之前用其他款都冇咁誇張
諗住試下呢款，用完應該唔再買喇"
2,這批貨似乎有些問題，一直有飲開這個牌子品質很穩定，但是這一次開盒三日味道就變奇怪得很
2,"用咗好耐，亦多次回購，但最近兩次訂单嘅其中一兩卷都有出現污穢物。質量比以前差
"
2,同一訂單買左豉油，豉油漏送，但成包貓糧包裝上都係豉油，清潔左勁耐………
2,送漏了，此商品並沒有跟同一張訂單的貨品送來，求HKTV mall CS跟進！
2,"產品本身沒有問題, 包裝散開, 多包盒角變形, 其中一包鍚紙孔都差不多穿了, 是執貨的人有問題還是送貨的有問題? 已不只一次是這樣了, 再是這樣就轉去惠康百佳買好了, 反正價錢差不多"
2,你好，幫襯左幾次，但今次送貨罐頭好多凹咗🥲🥲🥲
2,環保還環保 你解決唔到運輸問題 要人退貨咪仲唔環保
2,收貨時其中一盒變成這樣，你認為可以嗎？你不是要將貨品包裝好才送的嗎？
2,一直都是袋裏必備的，但今次兩個盒都有損毀，其中一個損毀得嚴重☹️
2,我整箱買，應該送貨時有碰轉，開到第三pack時，有一支的盒爛的有個裂口，流得到處都是鈣思寶
2,明白落雨天送貨會麻煩，但都希望能夠妥善處理貨品，儘可能不要讓原箱濕淋，令現在儲存不方便
2,曾在9月19號訂購6盒裝，之後發現其中兩盒已經變壞，不能飲用。
2,"其實選擇4排6包裝，就係想原箱不拆開,
亦都唔想遇到相中情況,結果真係出現變形,
有人會想唔用箱話環保,但我認為確保唔到運送有碰撞情況不如用一個箱裝好,仲安全衛生！"
2,一路都係用開原味，呢包一開好大浸香精味，化學味
2,"購買時沒寫明到期日，購買後收貨時才看到訂單出現到期日，寫是 25年8月到期，收到貨物是25年10月， 似乎我賺左2個月，真係唔知係咪要勁like, 所以比左兩粒星， .... 係HKtvmall 購買飲品真係又一次失望， ... 仲差過淘寶。"
2,送來的產品只用膠袋包裝沒有用盒子保護貨品凹咗！我買了6x 4 !其他的產品有用到盒子沒有問題
2,買兩箱有一箱不是原箱，收了膠袋費亦沒有用膠袋袋，其中一排6包更加分開曬！第一次劣評！
2,非常失望！竟然打散分開6盒送來。而且每盒也有被壓過的傷痕。買6盒理應原裝送來！
2,个盒壓到凹左。可跟其他貨品裝入纸箱送客較好。
2,"壓扁晒。 好彩無破盒。因為大廈有確診case送貨員唔送上樓, 結果紙盒嘢全部攪到好淪准。"
2,取出貨品後，原裝箱底發現不知明污跡，不知是否會影響產品質素.已經購買多次，這次是首次發現有污跡的。請與供應商跟進一下。
2,將鈣思寶同維他奶同時放喺雪櫃下格最入較凍嘅位置，數天後竟然結左冰，維他奶仍保持水狀。有D唔明？
2,明明落單嘅時候話有贈品，到送貨前一日先話冇
2,剛回到家發現有一包雞湯個盒爛咗，一地都係雞湯，可否補回一包？thanks
2,"飲品在購買時沒有提供到期日,貨到才知到期日為2024年8月"
2,"又話原箱20包一個盒, 以為好整潔, 買咗兩箱, 點知原來係求其執40包放落個大紙箱裏面, 每包濕紙巾嘅包裝重要污糟邋遢…勁多灰塵…我要逐包攞出嚟清潔"
2,其實買過三次，一次比一次咸，今次咸到好似食緊鹽咁。
2,自拆招牌！清潔衣服時，相對舊裝殘留絲絨物，現轉新裝後殘留粉狀纖維很利害。
2,很喜歡這個牌子的燕麥奶，諗住買原箱6盒比較化算，怎知回來有一盒奶已變壞，結果買了更貴的燕麥奶！
2,買左呢款：6枝，另外加購6枝。裸送、冇紙箱、冇膠袋⋯⋯採用你哋建議，貨物放門口。好彩送貨員醒目，12枝奶逃過放公眾走廊地下嘅厄運⋯⋯
2,已回覆需要半小時後才能回家接貨，但送遞員就這樣放在門口便走了
2,之前買係真空包裝，依包無真空同無防偽標籤？
2,味道不錯…但不知為何今次成條購入…包裝會如此變形…不知是否因新年太多單處理！
2,"大佬～我買6包⋯得兩包正常企得穩
其餘果幾包下盤都係棋得唔穩⋯全部都要打橫放雪櫃囉！"
2,散裝雞湯包裝有些變形！其中一盒白色膠蓋少許脫落，導致雞湯滲漏到整個膠袋底部，其他貨品也沾染到雞湯！
2,VIP價$41.90三盒，17/01普通價錢$32.90三盒...  落街市買冇咁嬲
2,買共12包清鷄湯，希望是一箱12包原封未拆裝，一來方便搬運及企理及方便儲存等等，散裝未如理想，有進步空間，加油!
2,"有兩盒清雞湯爆咗，當日即場收回報上。

檔案:R10253757 - B001，至今還末退款？"
2,完全零包裝，冇保護，送到來凹凹凸凸，冇盒企理，已多次反映，仍然零改善，令人失望！一
2,一直找不到客服幫忙。用普通版戶口問客服。又說要用回自己戶口。根本找不到入口。雞扒送到來已經溶雪。。。一直有訂開這款雞扒。。從未試過溶到出血水
2,"其實每次在hktv買全箱紙包和罐裝飲品，都是有凹陷...收到這箱奶也是一樣....這次單號另外購買的36罐飲品，散收收袋了兩袋，送到來其中一袋已經漏水，送貨員建議拒收.....每次罐裝飲品都是...每一罐，絕對是每一罐都有凹陷.....造成罐裝飲品都有凹陷的，都一定是被人拋來拋去，....之前其實已經盡量不再在hktv購買飲品，經過這次被拋到漏水後...暫時也不會再在hktv購買飲品......hktv的送貨包裝真的是垃圾級，比起另一平台""士x""真的是天堂和地獄的分別，人家的包裝每次都是整整齊齊完好封箱...."
2,其中一卷當中未開封，但裏面很明顯是有一隻扁了的蟲🤢
2,有半數的咖啡樽身有凹痕，有咖啡漬，並且飲用時味道有點奇怪，跟以往飲用的不同。
2,已經多次購買，但是第一次遇到這個情況，外包裝十分污糟，令到裏面的紙盒也污糟了
2,買左5箱鈣思寶，但是有一箱不是整箱運送，是拆開一排排，搞到包裝變晒形。希望此問題可以正視，並有所改善。謝謝！
2,已經第三次買，之前兩次都冇問題，好滿意。但係今次收到嘅包裝冇膠紙封住，收到時個盒開咗，入面少咗4包...
2,不滿意，感覺啲水係假的，同係7仔買的水味道完全不一樣。
2,平時用開四層，這次意外地選錯了三層，但紙巾薄了一倍，質素真的有點廉價⋯
2,卡路里成分有誤導嫌疑，中哂伏，根本唔係無負擔，其實唔係得19卡，暈。不會再買
2,"一開已經發覺有 兩包爆咗 漏奶,  見 圖片"
2,完全冇包裝，所以連個保鮮蓋都甩左，個盒變左型！
2,紙質薄，每卷較其他品牌少，每格紙還要比較窄，價錢看似很優惠，其實比起其他品牌貴，不會再買
2,好容易爛， 都唔知係tempo質素而家變得咁差， 定係佢哋買啲叉嘅產品畀hktv mall嘅客， 唔會再買
2,"見到咁多評語話好用，好想分享下呢個蘋果木既廁紙係好薄好易爛，顛覆左我對tempo 一貫印象，如果要買一定要買4層閃鑽嗰隻
呢隻蘋果木好垃圾，一定唔會再買😓"
2,$138，可以落咗鬆肉粉，雞肉質地淋pat pat，不是平常的雞翼口感，骨頭有雪味。
2,"明明買4條，點解唔係一箱packing, 要分兩袋入，令到部份紙盒凹咗，需要改善。"
2,我們訂三大包，但你們只送來二大包還欠一大包，
2,打開 bubble 包裝 成支油外面都肥淋淋
2,拿出來檢查發現活生生的昆蟲，可能每卷包裝都不是密封，不敢用
2,"hktvmall有送貨,所以購物不用自己托回家，直到門口，星期五落單，星期日送到，但太細條，還溶雪"
2,"之前一直也有吃，現在看到收到的貨，營養標籤不同了，他們在原來的標籤上，再貼了一張新的標籤，標示了煮熟前後的熱量，原來以前一直標示的也是煮熟後，以40g來看，差不多是一口的份量吧，原來一直也被誤導了。
後來我再翻查了一些資料，發現也有很多人被這樣誤導，銷售了幾年相安無事，銷售量也極為龐大，到今年有位好心人覺得熱量太古怪，自費做了熱量檢測，才證實了這一包蒟蒻麵熱量和碳水，竟然跟一般麵差不多，檢測成果也公開了出來，才令很多一直被蒙的客戶驚醒，頗為轟動，這所謂嘅蒟蒻麵也才被商家貼了新標籤，並更改了描述詳情內容的介紹圖片。
這個熱量其實沒問題，問題在於不應用噱頭誤導客戶。！購買者別懷疑也不需要再問賣方了，熱量所標示每40g，指的是吸水煮熟後的40g喔！:&#41;
現在弄清楚就好，喜歡吃的，相信還是會買的。"
2,包裝紙盒破損，幸好廁紙無損，試用後香味太濃，不會選擇
2,"貨品有冇QC check? 
同一批貨, 其中7包既麵條有完整切斷, 2包冇切斷
有一包甚至係半包切斷, 半包冇切斷
雖然唔影響食用, 但同時反映佢既品質冇保證
下次會買另一牌子...."
2,真係好平平過超市但係薄到冇朋友，為翻起其實係一樣
2,"七月買, 到而家都未用, 不過就成日收到訊息要我畀評語, 不停提醒我浪費金錢😅"
2,本人總共購買兩箱燕麥奶，一箱六枝，本以為會以燕麥奶的紙皮箱（即一pack&#41;寄送來澳，豈料貨品拆開後只用一個大膠袋散裝著，毫無採用保護物料包裹，導致12枝燕麥奶送達後包裝盒凹陷，另外一枝燕麥奶開啟膠蓋缺失，亦在寄送箱也找不著，使用貴公司服務體驗極差
2,冇想到卷裝Tempo 的紙質咁差，好鞋，同包裝紙巾完全不同，性價比極低！大陸牌子比佢還要好!買左一盒27卷，非常後悔！
2,"✅貨品沒問題

❌是次物流問題極差，7個月來物流問題改善過一次後，再次打回原形

黃金級會員貨不對辦、鑽石級會員也是貨不對辦，抵觸商品說明條例，提供不到會員級服務

因為是次貴司物流問題，導致同一天另一間網購公司購物貨到達時，影響我收貨‼️

不聯絡客服協助，是次送貨通知也沒有‼️另一間網購物流都無咁差‼️"
2,上次買的時候，雞已經是一忽忽瘀的，很難看😡！ 今次用$56價錢再買，收到時候雞皮明顯地少了一忽開了個洞，不是完整😨，品質越嚟越差！ 高家有無檢查貨品才出貨？ 如果出街買我一定唔會要😡，無諗過上網買會咁差！
2,每包的下方角已梅梅爛爛，有慢慢滲漏，好肉酸
2,可能是送貨時損壞了 ？之前order 一向無問題
2,有香味的產品建議做更密實包裝，否則容易令氣味走散（如可以，請轉達給生產商）
2,"以前有買過好食, 但近一,兩次買已經冇咁好食, 較un"
2,"一直用開，俾咗三四次機會，好多卷都品質參差，忍唔住轉其他牌子了。
1. 質地差左，冇咁滑
2.重疊位置唔正確，變咗唔係四層，唔可以喺正確位置分開一格。可以睇圖片，有一層係冇咗印花，因為重疊位置唔啱，印唔到。所以唔可以4層合埋一齊用"
2,"超多魚骨 
 好危險 ⚠️ 
之前食過咁多鰻魚  
最離譜的"
2,"衹用一條透明封箱膠紙黐起兩捆廚房紙當包裝， 即係冇包裝!!  重要膠紙太實拆時原裝膠袋穿左窿!!!
幫襯tvmall咁多年, 未見過咁惡劣packing, 就算2蚊小家品都會入袋
唔會再幫襯呢檔嘢!!!
"
2,之前係超市或者藥房買從來都冇呢啲問題，產品頗軟身，有時一搣就爛，雖然已用兩格紙，但抹嘅時候會裂開，搞到手都有便便，以後都唔會再回購😔
2,40元，間尺量6寸長，唔知市價幾多，但打開第一感覺「很細碼」
2,樽蓋扭不實，鬆開，滿手，枱面都係油，十分麻煩。請立即改善。
2,大部份出現切口不對齊情況，質地比以往買開袋裝的差，好失望。
2,$83，27卷，剛拆出嚟用，啲紙相比喺百佳、藥房買嘅，簡直不能接受，可以係次貨形容，分開哂，不能正常一格格使用，好易爛
2,"我買咗2箱，但你哋只送咗1箱比我，我即時打咗比送貸員，他說有此事只能送一箱，你哋話兩星期退款比我但要聯络CS,我現在聯络唔到cs怎辦"
2,送錯貨，訂一箱厠紙變咗一箱紙巾。請盡快更換
2,訂了20包，以為是用箱裝，原來是散裝，用5個背心膠袋裝。感覺有欠衛生，收貨也十分不便。建議註明送貨規格供買家參考
2,有卷紙破破爛爛，第一層幾乎冇印花，第二層才有，超薄而且長短不一，希望改善質量。
2,"貴，但牛油果油相對健康
雖然有bubble包裝，但樽蓋有變形，唔知係包裝時已變形，還是送貨過程出現。雖然變形，但應該冇影響使用。希望店家/送貨都注意一下。"
2,味道5粒星，但3盒都掟到變晒形，所以扣番3粒星
2,睇評論咁好以為買你試吓，跟足佢教嘅程序來做，點知切開裏面仲係生嘅，以為已經係熟嘅，味道又冇乜特別，嘥咗我好多時間嚟焗，試過一次就算啦！😟
2,包裝欠佳，每卷廁紙包裝袋上下開口，不太衛生。
2,買開，包裝好，但賣家為何不反映給廠商質素下降了越來越稀!
2,朋友在其他超市、街市$35。那麼TV Mall $45 貴太多了。
2,"雞髀位黑了一大撻, 仍然包裝俾人, 有無攪錯"
2,同之前買的差好遠，今次送來的超細隻，好似芝麻雞嘅大細
2,只係比市面平幾蚊，但質數差過條裝，比較薄，後悔買左咁多卷，早知唔好貪有人送上門，自己落樓下超市買好過😔比2粒星係因為有人送上門
2,呢隻紙質量越來越差，以前用唔多會穿，依家用同一份量好多時會穿... 一手都係... 唔會再買
2,產品說明蘋果木香期待打開便會香氣四溢但原來一啲香味都沒有，好似存放了很久，味道已揮發了。太失望一個著名品牌都不能保住推廣啲承諾。太差。不如直接訂購沒有味道的那一種算了吧。
2,紙質比從前差，最後一層和頭三層不一樣質料而且分開。有些卷在箱內未包裝好。
2,專登揀有味紙巾放廁所用，但成箱27卷紙巾無味
2,剛飲用，發覺冇乜味道，和之前飲開嘅味道很唔同，懷疑自己味覺有問題，於是再飲多些，足足飲左大半杯，嘗試看看到期日，見10月才到期，再上網睇評論，原來很多人都有類似感受。就算未到期，如果批次有問題，就應該回收，而唔係大平賣促銷。一來有損顧客健康，二來有損聲譽。唔知一陣會否肚痛添。
2,"買4排，可唔可以原箱送遞
完全唔明點解要拆開！！"
2,質感完全唔似飯，好奇怪，似爽口啫喱。同埋唔沖一沖啲飯，就咁倒出黎加熱食用，會有一陣怪味。
2,"唔推薦，試唒無解凍同解凍先煎
唔同生熟度d肉都會縮
無乜肉汁好乾
牛味都普通"
2,買過兩次發覺兩箱裏面，各有一卷係3 ply 壓花，另外1 ply 係冇壓花嘅就卷係外面（見圖）係咪有欺詐成份？😳以往係超市買嘅未見過係咁😓
2,昨天才收到，食用期為04/24，但其中有兩件貝果已有霉點，影響食用
2,"比起我在超級市場買相同的衛生紙, 紙質有一定分別, 太簿了, 沒有達到4層效果"
2,"之前買兩次八罐 紙箱 好fit 冇凹
今次嘗試買12罐 但紙箱比較正方形
擺放時橫直都有 剩餘空間未有用bubble紙填滿所以撞凹咗兩罐"
2,"準備放在儲物架時, 看到箱的底部被水浸濕而爛了, 始終是衛生產品, 希望貴公司同事能多加留意, 謝謝！"
2,質量比以前下降，起碼以前的捲紙每捲都密實包裝，這次購買的每捲都開口，很不衛生！（請看另一位買家的圖片，基本如是）
2,鹽鷄太鹹，鷄肉還可以嫩滑， 始終係冰鮮雞 ，當然冇新鮮雞咁好味啦
2,俾起Z字頭嗰隻牌子細卷細卷，紙質好容易抺完就有紙巾碎，而家仲要加咗價更加唔會買！
2,一直都用開但最近發現啲質量差咗好多， 好鞋，老公話要轉用其他
2,買咗幾包，但有1包係完全無封好，一拎出嚟即倒漏
2,紙張太薄，麻麻地。無包裝，就咁一包包送來。因送貨員時間早咗到，沒有面對面收貨，所以沒有評價服務。
2,並非以原裝硬紙盒包裝好，以致很多盒豆漿被壓至變形
2,"苦味比較重，我已經加左糖，都係好重苦味，但我明白尼個係個人口味問題，亦明白有人會覺得好食既。
另一個問題係油同醬分得好開，直頭係一半油、一半醬咁分成兩半，要搞好耐先搞得勻，都幾耗時。"
2,客觀上唯達4 D廁紙己變質，一濕就溶出紙碎，望廠方多加改善，以保業界龍頭地位 ！
2,"商品簡介寫10/10+2卷
讓人誤以為摻雜兩種包裝
但是次交易全收到的是10卷裝
即使圖片寫上10卷字樣
但簡介內容實有誤導之嫌
應明碼實價 不應以含糊簡介誤導消費者
"
2,"衛生紙完全沒有爽身粉味，跟原味沒有分別！
之前購買Deluxe 版本，一開箱就聞到爽身粉味，但係呢款Luxury 版本，成卷完全沒有任何味😣"
2,D格越來越唔對!十舊裝就好好地，一箱箱就差好多!
2,"153買 啱啱收貨就見到135
好似街市買海鮮🙄"
2,"唔明點解20包抹手紙都唔用紙箱入起, 每次都要用幾個膠袋, 經常感覺散收收, 今次仲過份足足用咗七個膠袋存放20包抹手紙, 非常之唔環保, 貴公司真係搵唔到紙皮箱用作包裝抹手紙咩？"
2,"普通啦…
產地不明，即多數係大陸，QC成疑…"
2,"系列叫deluxe, 手感摸落去好似好高質，點知抺吓濕咗水嘅面，就成塊面都係紙碎，碎到執唔返果種程度，品質無資格叫deluxe 
唔會再買，只想快啲用晒呢一箱"
2,"寫keto diet, 但成分contain gluten, 商品說明錯誤"
2,"紙有分層問題，使用體驗極差，不值
請生產商正視"
2,這款沒有商標的抹手紙非常非常薄，如果是三層的話，那麼每一層都是非常非常薄！
2,跟用開同一牌子的巴哈甜睡寧味道不同，亦沒有之前用的效果，是否正貨成疑，內服産品令客人擔心，要求退款。
2,產品不是真空包裝 袋內充滿空氣。產品名稱 mozzarella cheese都沒有大字標示， 只在細小的產品成份label 上寫著。
2,付款前是$128活動價，但付款後發現收左$145
2,啲咖啡好多都凹哂 😅 （買咗8箱）開左有3箱都係咁
2,好重油溢味，冇牛油果味，試過其他牌子冇呢個問題
2,中一卷廁紙外層包裝鬆脫，有明顯污跡，不敢使用，品質檢驗粗疏。
2,"價錢抵，但肉質數卻唔ok , 比之前在TVMall 買的羊架差很遠！很失望"
2,冇紙盒過得膠袋袋住六盒，嚟到嗰陣六盒包裝都變咗型同埋有小小塵，好彩都冇話爆開不過收到嗰陣觀感有啲差
2,買一箱24支有19支有凹嘅問題，位置都係差唔多，期限近：23年1月。之前訂都未試過咁短期
2,"包裝良好, 但拆開見大部份罐都有少許凹陷，唔知會唔會影響飲品質量，已申請左退貨"
2,"買chiikawa限定版
但收既貨係普通版
🤷🤷🤷"
2,以為更行買品質會比較有保證，反而只用膠袋包裝，6盒之中3盒有不同程度壓扁，感覺不是太好。其中一盒壓扁的，外面還有少少濕濕的，可能已經損毁
2,長期用開4D紫色，但最近一兩次發覺品質開始差，薄左同一濕水就甩紙碎（以前唔會）下次會轉其他品牌。
2,新款超級唔掂，拎上手已覺輕咗份量少咗，抽出有壓花裝得鬆，估計張數真係少咗，或者要轉用第隻啦。
2,收貨時，紙箱側邊已經爛晒，究竟係出倉時已經爛咗，定係運送途中整爛咗？抹手紙有幾包整到好污糟，用之前仲要浪費時間抹到好乾淨先夠膽用
2,送到是這樣的，原箱呢？又散，又多塵，隨便用個袋裝住就送來？
2,"長期回購，因為無激素，性價比高。
通常一包有4件，大隻多肉。
8月8日買的4包中，一包有6件，一包有7件，一定有原因才咁碎，奇怪。"
2,起初覺得不錯，後來發現濕水後，就會變成一絲絲碎屑，不會再購買了。還是紫紅色包裝那種比較好。
2,"雞扒及梅頭扒處理過程中已經解凍再重新雪藏, 不能每件分開, 唯有全部解凍。"
2,原定上午十點至兩點送貨 遲到 又沒有通知 要聯絡網上客服才有通知 白白浪費時間 等了一整天
2,一向買開，今次有貨即入，原來改了包裝，變成雞扒冰磚，要成包溶雪先可以分開，咁絕對唔理想，溶完再雪，失敗
2,這款衞生紙闊度比一般窄小小。因為我的廁紙巾架足兩腳由外插入紙軸&#40;見圖&#41;，廁紙闊度過短會扣不隠。現在只好將之前另外品牌的紙軸插進去加長&#40;見圖&#41;，很麻煩。所以我不會再買了。
2,可能今次只買了一盒，所以沒有任何包裝，接收貨品時感到盒上有沙粒，底部也有點塵粒，感覺不大良好。
2,"呢個製造嘅批次發現污糟咗
唔知發霉定係包裝紙顏色滲咗入去🙄"
2,每次訂親都會撞成咁，冇一次完美，總有幾盒出事
2,買過兩次，今次是罐裝變形最嚴重一次，還好沒有漏油，到期日只剩下半年
2,回購產品。送貨哥哥服務有禮，但12件有4件損壞，25%送到嚟係壞貨，有點誇張，請不要忽略包裝嘅重要性。
2,沒有任何包裝，送到就是如此。物品變形，表面有膠紙貼完搣走的痕跡。
2,"屋企人買開次次都會有d凹凸, 不過今次咁樣有d離譜, 唔會再買"
2,原來雜貨店賣$35，現hktv mall賣$45?又話最平嘅?
2,中伏，星期一訂購時要＄92.5，誰料到第二日即星期二，竟然做特價$80就有交易！&gt;&lt;”
2,沒有到期日？顏色好似已經好耐，吾覺新鮮。可以食用嗎？
2,送到時只是鐵罐，沒有任何保護的設施。幸好沒有破裂，請多加注意。
2,4D Deluxe味道舒服，但質地同最初出品時比較真係差咗好多，用嚟印乾手或抹臉後，一手一臉都係紙碎：（
2,用開香味4D壓花個款，呢款好細卷，其實計返價錢差不多
2,第一次購買這款雞髀肉，非常不妙，肥膏仲多過雞肉，下次不會購買。
2,唔係第一次買，不過今次有一件雞扒係紫色，嚇死人
2,購入兩包，外觀呈雪傷了的狀態，食用期亦只有半年，但商品說明末有標示，若事前得知急凍肉屬短期貨會選擇不買。
2,想請問右手邊的那一卷我是在超市上買的，左手邊是跟你們網上買的，是否不一樣呢
2,好明顯溶咗再雪過!變咗一餅餅又有血水! 差。有影片會睇的好清楚但片無得upload祗可以upload 相
2,價格相對一般超市還要貴，超市購買12包：$25.8，即每包$2.15，而我向貴公司訂購了48包，合共$119.8，即每包$2.5
2,又話適用Nescafe咖啡機，但個capsule太大，根本入唔落咖啡機
2, 之前都試過幾次， 投訴之後有改善，點知 今次又唔用膠盒嚟送貨，结果變咗型， 你公司包裝部門，應該好好地培訓啦。
2,用了很多年这款厕纸，这次的纸很粗糙，和之前差别很大……质量严重下降
2,袋口已開一半口，已是第2次了。請改善包裝。
2,買四的倍數，是希望可收到一整箱，送到來卻散收收；但幸好今次啤酒沒爆罐。與送貨員工無關，可能做pagking的可處理得好一點。
2,"買了很多次，近幾次買都覺得啲雞肉有啲""霉"" 嘅感覺，無以前咁好食"
2,包裝已經唔止一次出現損毁，多次訂購都有問題，就咁沒有包裝係冇問題，但係如果唔損毁嘅話，如果送貨經常有問題就應該外面再加包裝盒或者袋
2,實在太细包，比起上次訂相差太遠，不會再買。
2,收到的是4盒裝，跟商品說明的4+1優惠裝不符
2,$83.7平時每條實多一盒 今次得四盒超級貴
2,淺藍色新版的紙質好「鞋」，同舊裝質量差好遠，比起用開的廁紙更「鞋」
2,紙巾不止細張咗，整包拎上手就覺得比舊包裝輕左又鬆散，攞去磅重先知道離譜，足足輕左43g，唔怪得換新裝仲賣平咗啦
2,送貨要小心，紙盒裝飲品好容易爛，有兩包維他奶爛左
2,質量差，開箱後發現有幾包紙巾爆開了，紙巾是衛生用品這是不能接受的！
2,送來的不是兔兔版，而且只有4盒一條，并沒有4+1 一條
2,這批次產品中有很多盒的紙巾也沒切斷，一拉起幾張一齊跌出來，當中包括沒切斷的超長纸巾，十分不便，用量也倍增
2,"未蒸已經見到裂開左
蒸完就流哂出黎
全部都係裂既，品質好差
味道都好一般"
2,買左5箱鈣思寶，但是有一箱不是整箱運送，是拆開一排排，搞到包裝變晒形。希望此問題可以正視，並有所改善。謝謝！
2,味道不錯…但不知為何今次成條購入…包裝會如此變形…不知是否因新年太多單處理！
2,VIP價$41.90三盒，17/01普通價錢$32.90三盒...  落街市買冇咁嬲
2,商品簡介無列明清楚生產地，非常不當手法
2,非常失望！竟然打散分開6盒送來。而且每盒也有被壓過的傷痕。買6盒理應原裝送來！
2,卡路里成分有誤導嫌疑，中哂伏，根本唔係無負擔，其實唔係得19卡，暈。不會再買
2,不是原箱貨，用保鮮紙包住送貨。
2,買左呢款：6枝，另外加購6枝。裸送、冇紙箱、冇膠袋⋯⋯採用你哋建議，貨物放門口。好彩送貨員醒目，12枝奶逃過放公眾走廊地下嘅厄運⋯⋯
2,"一開已經發覺有 兩包爆咗 漏奶,  見 圖片"
2,完全冇包裝，所以連個保鮮蓋都甩左，個盒變左型！
2,"其中2包發漲左~好像想爆開,好恐怖"
2,以為更行買品質會比較有保證，反而只用膠袋包裝，6盒之中3盒有不同程度壓扁，感覺不是太好。其中一盒壓扁的，外面還有少少濕濕的，可能已經損毁
2,紙質薄，每卷較其他品牌少，每格紙還要比較窄，價錢看似很優惠，其實比起其他品牌貴，不會再買
2,平時用開四層，這次意外地選錯了三層，但紙巾薄了一倍，質素真的有點廉價⋯
2,好容易爛， 都唔知係tempo質素而家變得咁差， 定係佢哋買啲叉嘅產品畀hktv mall嘅客， 唔會再買
2,"見到咁多評語話好用，好想分享下呢個蘋果木既廁紙係好薄好易爛，顛覆左我對tempo 一貫印象，如果要買一定要買4層閃鑽嗰隻
呢隻蘋果木好垃圾，一定唔會再買😓"
2,很喜歡這個牌子的燕麥奶，諗住買原箱6盒比較化算，怎知回來有一盒奶已變壞，結果買了更貴的燕麥奶！
2,$138，可以落咗鬆肉粉，雞肉質地淋pat pat，不是平常的雞翼口感，骨頭有雪味。
2,"紙巾沒有了以前的厚度和耐用，比以前較為薄了很多，不似tempo以往的質素。用了很久tempo, 從未試過質量變差。"
2,不滿意，感覺啲水係假的，同係7仔買的水味道完全不一樣。
2,6包散裝，2包沒有顯示expiry date
2,每1 格都掉碎！  一炆一間就掉到大腿內褲都係。。。 呢張圖係炆左2間 地下已一地都係
2,"收左貨一兩日才發現滴奶😅好彩只有一包"
2,"買了很多次，近幾次買都覺得啲雞肉有啲""霉"" 嘅感覺，無以前咁好食"
2,冇諗過tempo係咁薄
2,可能是送貨時損壞了 ？之前order 一向無問題
2,送來的三盒雞湯有兩盒包裝有點損毀
2,從來也是用這款的，但這次薄咗好多。
2,本來多次回購，因味道唔錯又方便，但今次隻雞好似冇洗乾淨，仍然有很多雞毛黐住。
2,"七月買, 到而家都未用, 不過就成日收到訊息要我畀評語, 不停提醒我浪費金錢😅"
2,本人總共購買兩箱燕麥奶，一箱六枝，本以為會以燕麥奶的紙皮箱（即一pack&#41;寄送來澳，豈料貨品拆開後只用一個大膠袋散裝著，毫無採用保護物料包裹，導致12枝燕麥奶送達後包裝盒凹陷，另外一枝燕麥奶開啟膠蓋缺失，亦在寄送箱也找不著，使用貴公司服務體驗極差
2,冇想到卷裝Tempo 的紙質咁差，好鞋，同包裝紙巾完全不同，性價比極低！大陸牌子比佢還要好!買左一盒27卷，非常後悔！
2,買六盒冇一盒係唔崩角，冇漏出嚟真係萬幸！
2,有一盒爆開了，會否有跟進？
2,"✅貨品沒問題

❌是次物流問題極差，7個月來物流問題改善過一次後，再次打回原形

黃金級會員貨不對辦、鑽石級會員也是貨不對辦，抵觸商品說明條例，提供不到會員級服務

因為是次貴司物流問題，導致同一天另一間網購公司購物貨到達時，影響我收貨‼️

不聯絡客服協助，是次送貨通知也沒有‼️另一間網購物流都無咁差‼️"
2,細卷 偏貴 尼個價錢 有其他更好選擇
2,芝麻醬好稀，不像純磨研，也沒有黑芝麻味!
2,上次買的時候，雞已經是一忽忽瘀的，很難看😡！ 今次用$56價錢再買，收到時候雞皮明顯地少了一忽開了個洞，不是完整😨，品質越嚟越差！ 高家有無檢查貨品才出貨？ 如果出街買我一定唔會要😡，無諗過上網買會咁差！
2,清雞湯少咗一盒  check pls
2,每包的下方角已梅梅爛爛，有慢慢滲漏，好肉酸
2,這個紙質不好用，包裝紙好好多
2,無香味 同藥房買差太遠
2,包裝紙盒破損，幸好廁紙無損，試用後香味太濃，不會選擇
2,送錯貨，訂一箱厠紙變咗一箱紙巾。請盡快更換
2,樽蓋扭不實，鬆開，滿手，枱面都係油，十分麻煩。請立即改善。
2,紙張太薄，麻麻地。無包裝，就咁一包包送來。因送貨員時間早咗到，沒有面對面收貨，所以沒有評價服務。
2,"以前有買過好食, 但近一,兩次買已經冇咁好食, 較un"
2,太薄，太薄，吾系咁好用！
2,真係好平平過超市但係薄到冇朋友，為翻起其實係一樣
2,"衹用一條透明封箱膠紙黐起兩捆廚房紙當包裝， 即係冇包裝!!  重要膠紙太實拆時原裝膠袋穿左窿!!!
幫襯tvmall咁多年, 未見過咁惡劣packing, 就算2蚊小家品都會入袋
唔會再幫襯呢檔嘢!!!
"
2,紙質太薄，易爛，香味太重
2,40元，間尺量6寸長，唔知市價幾多，但打開第一感覺「很細碼」
2,大部份出現切口不對齊情況，質地比以往買開袋裝的差，好失望。
2,比條裝鬆好多，將貨就價
2,20包竟然都冇箱，就咁用膠袋袋住
2,$42.5買，收到貨，超細條，好失望
2,$83，27卷，剛拆出嚟用，啲紙相比喺百佳、藥房買嘅，簡直不能接受，可以係次貨形容，分開哂，不能正常一格格使用，好易爛
2,"我買咗2箱，但你哋只送咗1箱比我，我即時打咗比送貸員，他說有此事只能送一箱，你哋話兩星期退款比我但要聯络CS,我現在聯络唔到cs怎辦"
2,包裝袋污糟，抹極成層灰，請你們留意！
2,好乾多油，有少少油益味
2,速遞員太暴力，飲品爆了
2,拿出來檢查發現活生生的昆蟲，可能每卷包裝都不是密封，不敢用
2,包裝盒不知何故破爛，期望情況不會再出現
2,唔會再買，質地比以前薄左好多
2,買咗幾包，但有1包係完全無封好，一拎出嚟即倒漏
2,味道5粒星，但3盒都掟到變晒形，所以扣番3粒星
2,貨到放低一拎起，兩支油甩出嚟。
2,"hktvmall有送貨,所以購物不用自己托回家，直到門口，星期五落單，星期日送到，但太細條，還溶雪"
2,每張紙係厚，但重量明顯較超市買的輕
2,有香味的產品建議做更密實包裝，否則容易令氣味走散（如可以，請轉達給生產商）
2,晚上落單填錯地址  即時改地址已經不允許
2,之前係超市或者藥房買從來都冇呢啲問題，產品頗軟身，有時一搣就爛，雖然已用兩格紙，但抹嘅時候會裂開，搞到手都有便便，以後都唔會再回購😔
2,訂了20包，以為是用箱裝，原來是散裝，用5個背心膠袋裝。感覺有欠衛生，收貨也十分不便。建議註明送貨規格供買家參考
2,"比起我在超級市場買相同的衛生紙, 紙質有一定分別, 太簿了, 沒有達到4層效果"
2,"超多魚骨 
 好危險 ⚠️ 
之前食過咁多鰻魚  
最離譜的"
2,價錢比較貴，雖然都係4層但厚度唔及維X。
2,幫襯左好多次，點解呢批會咁？（全部）
2,同之前買的差好遠，今次送來的超細隻，好似芝麻雞嘅大細
2,只係比市面平幾蚊，但質數差過條裝，比較薄，後悔買左咁多卷，早知唔好貪有人送上門，自己落樓下超市買好過😔比2粒星係因為有人送上門
2,呢隻紙質量越來越差，以前用唔多會穿，依家用同一份量好多時會穿... 一手都係... 唔會再買
2,產品說明蘋果木香期待打開便會香氣四溢但原來一啲香味都沒有，好似存放了很久，味道已揮發了。太失望一個著名品牌都不能保住推廣啲承諾。太差。不如直接訂購沒有味道的那一種算了吧。
2,紙質比從前差，最後一層和頭三層不一樣質料而且分開。有些卷在箱內未包裝好。
2,"價格貴,而且是舊版,清舊貨就應該減價促銷"
2,專登揀有味紙巾放廁所用，但成箱27卷紙巾無味
2,剛飲用，發覺冇乜味道，和之前飲開嘅味道很唔同，懷疑自己味覺有問題，於是再飲多些，足足飲左大半杯，嘗試看看到期日，見10月才到期，再上網睇評論，原來很多人都有類似感受。就算未到期，如果批次有問題，就應該回收，而唔係大平賣促銷。一來有損顧客健康，二來有損聲譽。唔知一陣會否肚痛添。
2,27卷原箱拆開得26券。咁都俾得漏？
2,"貴，但牛油果油相對健康
雖然有bubble包裝，但樽蓋有變形，唔知係包裝時已變形，還是送貨過程出現。雖然變形，但應該冇影響使用。希望店家/送貨都注意一下。"
2,"一直用開，俾咗三四次機會，好多卷都品質參差，忍唔住轉其他牌子了。
1. 質地差左，冇咁滑
2.重疊位置唔正確，變咗唔係四層，唔可以喺正確位置分開一格。可以睇圖片，有一層係冇咗印花，因為重疊位置唔啱，印唔到。所以唔可以4層合埋一齊用"
2,買開，包裝好，但賣家為何不反映給廠商質素下降了越來越稀!
2,質感完全唔似飯，好奇怪，似爽口啫喱。同埋唔沖一沖啲飯，就咁倒出黎加熱食用，會有一陣怪味。
2,"雞髀位黑了一大撻, 仍然包裝俾人, 有無攪錯"
2,昨天才收到，食用期為04/24，但其中有兩件貝果已有霉點，影響食用
2,"之前買兩次八罐 紙箱 好fit 冇凹
今次嘗試買12罐 但紙箱比較正方形
擺放時橫直都有 剩餘空間未有用bubble紙填滿所以撞凹咗兩罐"
2,"準備放在儲物架時, 看到箱的底部被水浸濕而爛了, 始終是衛生產品, 希望貴公司同事能多加留意, 謝謝！"
2,質量比以前下降，起碼以前的捲紙每捲都密實包裝，這次購買的每捲都開口，很不衛生！（請看另一位買家的圖片，基本如是）
2,包裝欠佳，每卷廁紙包裝袋上下開口，不太衛生。
2,鹽鷄太鹹，鷄肉還可以嫩滑， 始終係冰鮮雞 ，當然冇新鮮雞咁好味啦
2,俾起Z字頭嗰隻牌子細卷細卷，紙質好容易抺完就有紙巾碎，而家仲要加咗價更加唔會買！
2,一直都用開但最近發現啲質量差咗好多， 好鞋，老公話要轉用其他
2,很差， 用完成手紙碎唔掂
2,而家百佳特價會做到$25-26/條
2,"買4排，可唔可以原箱送遞
完全唔明點解要拆開！！"
2,有卷紙破破爛爛，第一層幾乎冇印花，第二層才有，超薄而且長短不一，希望改善質量。
2,"之前一直也有吃，現在看到收到的貨，營養標籤不同了，他們在原來的標籤上，再貼了一張新的標籤，標示了煮熟前後的熱量，原來以前一直標示的也是煮熟後，以40g來看，差不多是一口的份量吧，原來一直也被誤導了。
後來我再翻查了一些資料，發現也有很多人被這樣誤導，銷售了幾年相安無事，銷售量也極為龐大，到今年有位好心人覺得熱量太古怪，自費做了熱量檢測，才證實了這一包蒟蒻麵熱量和碳水，竟然跟一般麵差不多，檢測成果也公開了出來，才令很多一直被蒙的客戶驚醒，頗為轟動，這所謂嘅蒟蒻麵也才被商家貼了新標籤，並更改了描述詳情內容的介紹圖片。
這個熱量其實沒問題，問題在於不應用噱頭誤導客戶。！購買者別懷疑也不需要再問賣方了，熱量所標示每40g，指的是吸水煮熟後的40g喔！:&#41;
現在弄清楚就好，喜歡吃的，相信還是會買的。"
2,12卷好似好抵原來一卷得少少
2,買過兩次發覺兩箱裏面，各有一卷係3 ply 壓花，另外1 ply 係冇壓花嘅就卷係外面（見圖）係咪有欺詐成份？😳以往係超市買嘅未見過係咁😓
2,原定上午十點至兩點送貨 遲到 又沒有通知 要聯絡網上客服才有通知 白白浪費時間 等了一整天
2,客觀上唯達4 D廁紙己變質，一濕就溶出紙碎，望廠方多加改善，以保業界龍頭地位 ！
2,送到是這樣的，原箱呢？又散，又多塵，隨便用個袋裝住就送來？
2,"貨品有冇QC check? 
同一批貨, 其中7包既麵條有完整切斷, 2包冇切斷
有一包甚至係半包切斷, 半包冇切斷
雖然唔影響食用, 但同時反映佢既品質冇保證
下次會買另一牌子...."
2,收貨時，紙箱側邊已經爛晒，究竟係出倉時已經爛咗，定係運送途中整爛咗？抹手紙有幾包整到好污糟，用之前仲要浪費時間抹到好乾淨先夠膽用
2,"幾乎沒有牛肉味道, 很薄片 :&#40;"
2,產品不是真空包裝 袋內充滿空氣。產品名稱 mozzarella cheese都沒有大字標示， 只在細小的產品成份label 上寫著。
2,點解啲紙質變左？無咁柔軟
2,D格越來越唔對!十舊裝就好好地，一箱箱就差好多!
2,之前賣開$40抵，今日賣$50太貴了。
2,"153買 啱啱收貨就見到135
好似街市買海鮮🙄"
2,"唔明點解20包抹手紙都唔用紙箱入起, 每次都要用幾個膠袋, 經常感覺散收收, 今次仲過份足足用咗七個膠袋存放20包抹手紙, 非常之唔環保, 貴公司真係搵唔到紙皮箱用作包裝抹手紙咩？"
2,"普通啦…
產地不明，即多數係大陸，QC成疑…"
2,"系列叫deluxe, 手感摸落去好似好高質，點知抺吓濕咗水嘅面，就成塊面都係紙碎，碎到執唔返果種程度，品質無資格叫deluxe 
唔會再買，只想快啲用晒呢一箱"
2,"寫keto diet, 但成分contain gluten, 商品說明錯誤"
2,"紙有分層問題，使用體驗極差，不值
請生產商正視"
2,這款沒有商標的抹手紙非常非常薄，如果是三層的話，那麼每一層都是非常非常薄！
2,"苦味比較重，我已經加左糖，都係好重苦味，但我明白尼個係個人口味問題，亦明白有人會覺得好食既。
另一個問題係油同醬分得好開，直頭係一半油、一半醬咁分成兩半，要搞好耐先搞得勻，都幾耗時。"
2,"唔推薦，試唒無解凍同解凍先煎
唔同生熟度d肉都會縮
無乜肉汁好乾
牛味都普通"
2,"商品簡介寫10/10+2卷
讓人誤以為摻雜兩種包裝
但是次交易全收到的是10卷裝
即使圖片寫上10卷字樣
但簡介內容實有誤導之嫌
應明碼實價 不應以含糊簡介誤導消費者
"
2,跟用開同一牌子的巴哈甜睡寧味道不同，亦沒有之前用的效果，是否正貨成疑，內服産品令客人擔心，要求退款。
2,"買chiikawa限定版
但收既貨係普通版
🤷🤷🤷"
2,買超過一次，最後都係冇送到貓購物袋。
2,中一卷廁紙外層包裝鬆脫，有明顯污跡，不敢使用，品質檢驗粗疏。
2,"食用日子只有一個月左右, 請買前留意"
2,冇紙盒過得膠袋袋住六盒，嚟到嗰陣六盒包裝都變咗型同埋有小小塵，好彩都冇話爆開不過收到嗰陣觀感有啲差
2,送到過嚟個箱濕晒和爛，太差了
2,買一箱24支有19支有凹嘅問題，位置都係差唔多，期限近：23年1月。之前訂都未試過咁短期
2,"包裝良好, 但拆開見大部份罐都有少許凹陷，唔知會唔會影響飲品質量，已申請左退貨"
2,長期用開4D紫色，但最近一兩次發覺品質開始差，薄左同一濕水就甩紙碎（以前唔會）下次會轉其他品牌。
2,產品一般，不過一分錢一分貨
2,請問稀到好像水+油那樣，正常嗎？怎麼塗面包呀？
2,付款前是$128活動價，但付款後發現收左$145
2,卷裝太鬆變相細卷左小左
2,"4D 紙質大幅下降，廁紙勁易爛，比以前鞋咗好多
至於袋裝紙以前無用過，一直用開維達藍色包裝果隻，幾柔軟但略嫌薄咗少少，所以轉用4D呢隻，厚啲不過紙質又係鞋好多，應該唔會再回購"
2,有兩卷送到時爆開了，疑似出產包裝時包得唔好...
2,一打開個箱入面包裝已破損
2,好重油溢味，冇牛油果味，試過其他牌子冇呢個問題
2,一般，即使對比同類型無麩餅乾。
2,啲咖啡好多都凹哂 😅 （買咗8箱）開左有3箱都係咁
2,發現比外面買貴了50元
2,又話適用Nescafe咖啡機，但個capsule太大，根本入唔落咖啡機
2,中伏，星期一訂購時要＄92.5，誰料到第二日即星期二，竟然做特價$80就有交易！&gt;&lt;”
2,3盒每盒都有不同程度凹陷...
2,跟下面顧客一樣 12卷變10卷。。。。
2,外盒軟身，疑似貼上退貨label
2,未試，收到時，整個盒已完全變形！
2,可能今次只買了一盒，所以沒有任何包裝，接收貨品時感到盒上有沙粒，底部也有點塵粒，感覺不大良好。
2,卷紙一沾水就散，之前用過係好好，失望
2,"呢個製造嘅批次發現污糟咗
唔知發霉定係包裝紙顏色滲咗入去🙄"
2,最近收貨紙質容易有碎，紙質不同以前比較硬
2,每次訂親都會撞成咁，冇一次完美，總有幾盒出事
2,買過兩次，今次是罐裝變形最嚴重一次，還好沒有漏油，到期日只剩下半年
2, 之前都試過幾次， 投訴之後有改善，點知 今次又唔用膠盒嚟送貨，结果變咗型， 你公司包裝部門，應該好好地培訓啦。
2,回購產品。送貨哥哥服務有禮，但12件有4件損壞，25%送到嚟係壞貨，有點誇張，請不要忽略包裝嘅重要性。
2,沒有任何包裝，送到就是如此。物品變形，表面有膠紙貼完搣走的痕跡。
2,上次買已經係禁，今次買又係
2,打開紙箱 貨品底部完全變形
2,"長期回購，因為無激素，性價比高。通常一包有4件，大隻多肉。8月8日買的4包中，一包有6件，一包有7件，一定有原因才咁碎，奇怪。"
2,目測雞扒品質一般， 色澤好瘀黑
2,"雞扒及梅頭扒處理過程中已經解凍再重新雪藏, 不能每件分開, 唯有全部解凍。"
2,佐敦永安百貨超市$3X/pack
2,第一次購買這款雞髀肉，非常不妙，肥膏仲多過雞肉，下次不會購買。
2,味道很淡， 黑芝麻的味道不夠。
2,"屋企人買開次次都會有d凹凸, 不過今次咁樣有d離譜, 唔會再買"
2,這款衞生紙闊度比一般窄小小。因為我的廁紙巾架足兩腳由外插入紙軸&#40;見圖&#41;，廁紙闊度過短會扣不隠。現在只好將之前另外品牌的紙軸插進去加長&#40;見圖&#41;，很麻煩。所以我不會再買了。
2,送到時只是鐵罐，沒有任何保護的設施。幸好沒有破裂，請多加注意。
2,"雞扒唔係好完整, 碎的, 不會再買"
2,4D Deluxe味道舒服，但質地同最初出品時比較真係差咗好多，用嚟印乾手或抹臉後，一手一臉都係紙碎：（
2,總有一兩罐出事，這次全部都凹陷
2,用開香味4D壓花個款，呢款好細卷，其實計返價錢差不多
2,有啲韌，有點失望，家人話唔好再買
2,不是原箱，是散件送貨。
2,目測肉的顏色似乎不太新鮮，未知有冇問題
2,唔係第一次買，不過今次有一件雞扒係紫色，嚇死人
2,比起以前深藍色包裝，質感粗鞋很多，有刮臉的感覺，絕不會再回購淺藍色版本。
2,咁多次訂單買唔同既嘢，第一次遇到咁差既一次包裝送貨，希望改善！
2,已經經歷第二次包裝盒損壞和濕..對商品內的貨品衛生存疑
2,橙色嘅义燒，肉瘦但好淋，似用咗鬆肉粉，唔會再買。
2,太瘦肉汁少，一分錢一分貨，價錢平質量無保證，不會再買
2,有一包可能在送貨時有損壞，數天後發現有滲漏及發臭，已即時丟掉。
2,廣島蠔送到時見到冰把所有蠔結成一大舊，根本不能逐隻取出來煮，應該是送貨過程過久才有這情況！！
2,"大，中，細三嚿，
size 唔平均， 烹調時間一樣，
細個舊會好乾好柴㗎
"
2,明明買嘅係4+1盒優惠裝，但送黎嘅係4盒裝，之前已經見到有留言話送錯
2,"解凍了,北海道帆立貝尚可 ,廣島蠔 不行了,要求退貨."
2,有次品，包裝膠袋抽紙巾的開口位，一箱來貨有幾包已是裂開口，紙巾沒有被膠袋好好覆蓋包裹而曝露了，希望供貨方注意，不希望再收到開了口的紙巾。不打算退貨，沒有拍照
2,"一直用開這盒裝紙巾但發現今次這批貨每一張紙巾都有臭味？請向維達公司查明原因？
何太"
2,貨品實物略為令人失望，相比其他商家標示的重量，價格及質量，貴公司的略為遜色。
2,$299⋯⋯舊肉同5蚊咁上下，另一邊都係大dd⋯⋯無下次⋯⋯完。
2,說明寫700g以上，但我磅過，連包裝，都只係剛好700g。
2,32.9／3盒，抵，但包裝極待改善，每次送來都有凹，變形等情況。這次有盒底部爆開，已多次提意見，仍未見改善。
2,"買了十二罐
7罐有不同程度的凹陷
以後不會再買了"
2,"我都估你會覆”HKTVmall明白環境保護的重要性”, 不過買24包餐紙連個包裝都冇你叫我點樣放，環境保護都要諗埋客㗎嘛，我咪又係要用膠袋裝返"
2,今期有89折，本應係5星。但我訂全條裝，送來變了散裝，個人認為全條比較衛生而且易於收藏。我之前也曾反映同樣問題，現在仍然有發生此情況。希望以後如果是訂全條裝、不會再拆散來送貨，謝謝。
2,原本訂了兩包羊架，但只收到羊架一包，請客戶服務員跟進及回覆欠羊架一包事宜。
2,本來多次回購，因味道唔錯又方便，但今次隻雞好似冇洗乾淨，仍然有很多雞毛黐住。
2,"一直買開都冇問題，但今次唔知點解將啲貨品用膠紙黐實晒，搞到好難拆開，而且啲膠紙黐實晒啲濕紙巾個紙盒，一搣啲膠紙，濕紙巾個盒就會爛晒…
雖然今次冇買食品，但直接將濕紙巾放落地下，稍為有點兒不太衛生…"
2,"買2箱。又有4set 散裝。
一散裝就好多沙塵。"
2,":&#40;
原來係咁細支；
如果大一倍更好，價錢可以跟比例貴番D"
2,雖然好細塊肉每支骨，但唔太油膩，岩小朋友食，不錯
2,"巳多次回購，十分美味，即使煑全熟也不覺鞋，口感相當好。但今次買兩包，卻一包正常，一包細很多，像沒有700g, 好失望。"
2,有少許凹陷，買左27盒但結果得26盒送到，送漏咗1盒！買左咁多竟然又無盒裝又無膠袋裝，送貨哥哥就咁散修修將d豆奶放係地下。建議數量多的請不要拆散送貨！以免又送漏貨。
2,"我買了三包羊架,當中一包裏面充滿血水,未知食用時可有問題,有點擔心!我以往也在貴公司買過幾次這款羊架,但從未見過這現象。未知能否換貨?"
2,麻煩跟進以下情況！收貨時羊架以見血水再雪成冰
2,"之前撞少少都ok, 今次方盒變圓盒好似不太可接受"
2,上次訂購的包裝跟網上的一樣，但今次唔同樣，請問係咪同一樣貨？
2,買返黎有3個係爆既，問左有冇換貨/退款，幾日都無人覆，擺係雪櫃都唔知食定唔食好！食左又驚無得換！唔食擺係度又唔知做咩！
2,剛剛收到，打開發現有一盒包裝損壞，有湯從底部流出，請問可以換貨/退貨嗎？
2,送來時是：膠袋袋住，有3袋，對這不滿，樽有凹凸現象，差
2,"為何定4排都不用原箱送貨呢？又另外用膠袋,又凹又凸,失望"
2,買時大家要睇清楚， 原來只有紙巾有爽身粉味， 廁紙係冇香味， 買錯
2,"平時有用開唔同香味紙巾
但係呢個爽身粉味香到好似噴香水喺塊面度咁
濃郁得滯，個人覺得紙巾香味唔使做到咁濃郁
一d 都唔淡"
2,"祇用膠袋裝, 6盒全部外盒又凹又扁, 賣相非常差, 極似是次等品, 不會再同大街市買, 非常差!!"
2,收到貨已經融雪濕立立，我明送貨哥哥都好辛苦，甘大間公司唔夠人手又要接囉，接咗又要唔準時送來，遲咗兩個鐘，啲食品都冇品質保證啦！
2,不知道是不是店舖把貨品擺錯位問題，抑或是價錢放錯位置問題，我看見是$199/件，但係付款後先發覺變咗係$249，請有關店舖留意下！
2,超袖珍，每券廁紙短的一面直徑只有4寸&#40;見圖&#41;，好唔襟用。香味&#40;對我嚟講係臭味&#41;太濃好難頂。部份廁紙更壓到縐忟忟，我仲買咗好多卷真大鑊！
2,見佢減價50蚊 又見到咁多好評 第一次試下用 勁鞋 好鞋 好後悔咁多舊點用 畀老公鬧
2,之前買過好吃，每支架的肉肥厚，但今次肉的比例少了很多
2,第一次見個盒要用膠紙痴住，唔知係運輸定供應商問題，我箱罐裝咖啡1/3都有凹痕
2,三十幾蚊一包? 平時買開三十幾蚊有5包，睇錯左俾人呃左
2,新包裝比舊包裝品質差了很多很多，紙質非常薄，抹多兩抹手更易爛，相對地要多一張厚點才會情況才較好。
2,平日買開嗰隻冇貨，才購買這產品，紙質太薄，平買貴用，唔會再買
2,中伏，隻味好怪完全唔似爽身粉味，唔會再買，上次買綠茶味好得多 &gt;.&lt;
2,$36.9/3盒，冇任何外包裝保護，送到來凹哂變形。
2,我飲咗呢個牌子嘅水十年，第一次飲到有異味，呢批水一定係長時間比太陽直射引致有膠味，2pack分別6支都一樣，不要購買。
2,用開較便宜的維達，比較下份量少和細卷好多。另外可能存貨時存的不好和放左好耐，打開來用時發現卷卷都巢掹雞咁也沒有廁紙上的香味，買時要三思。
2,只用膠袋袋住貨品😑，買三盒有兩盒凹凸變型。相中扁咗嘅部份我已經略為調整才醒起拍照....好彩仲未壓扁漏湯咋! 應放pack在纸箱內才送貨!
2,買過好多次， 但今次quality 變差左， 廁紙鞋左同埋薄咗好多。
2,睇呢度啲平價以為好食，但係超級腥！喺腥到擺唔到落口，煮一次成包揼咗嚕！
2,已多次購買，非常好味多料，足夠有五星。但今次收貨，4罐都有凹和生鏽，未知會唔會影響味道。
2,與宣傳圖片顯視的大細有差距！每件只有姆指的長度，肉的部份很小，一口肉罷了！不會再買！
2,其中一條膠袋有破口，衛生紙是貼身用品，唔應該有破損
2,長期/定期要會購，最近購買呢批紙質明顯品質差了很多，薄左好多，已跟以前不一樣。
2,猫不吃肉條，衹肯吃糊狀，見産品寫肉泥才買，但原來入面超多肉絲
2,"產品沒有問題。
但貨品送到客戶手中已經變形， 不知送貨有問題？還是倉務有問題？
貨倉同事見到產品有問題變形不應該送給客人。
如果送貨有問題，好應該小心包裝， 不要讓其他貨品壓傷客人嘅貨品。"
2,"一路有訂開, 係今次個有效食用日期最短, 得幾個月."
2,"全部（6瓶）的樽口都被擠壓變凹陷，箱子是原裝，高度無改動，耐人尋味！
飲用綠茶時，變型樽子帶來極大麻煩，像要考驗喝茶者的智慧！
此商品CP值可以，所以還有兩⭐可給，期待改善！"
2,用咗依個品牌好一陣子，但係今次收到貨啲紙質差咗好多，下次再買要諗一諗。
2,一向用開，原本鍾意佢土質地柔軟，紙質幼滑，但最近發覺紙質變粗，可否向代理商反映？
2,"麵質毫無彈性
如果用作蝦子炒麵或豉油炒麵，可能好食
但完全不可稱之為意粉"
2,"見到不少人留言讚好,朋友也說很好用便買來試試。
就奇怪為什麼這麼薄又易爛大家都說好用,剛好有新評論留言才知道似乎比以前薄了。
質感還算可以,盒子和紙巾上的圖案可愛是加分之處,不過最重要還是紙巾質素。這個價錢這質素的話真心麻麻地。
買了這麼多盒有點後悔&#40;TT&#41;以後不會買了"
2,原箱茶有效期不夠半年☹️真心希望以後請標明飲用期限
2,冇咗件貨，HKTV Mall What’s app 冇回覆。
2,"買貴左
惠康正價都係19蚊，特價37/2包"
2,我訂咗兩罐，有一罐係凹咗，拆咗外盒先見到，咁點算先？要求退或換貨！
2,買4包昨天收貨，為什麼包裝日期會是上個月？
2,送到時紙箱是濕的，部分更爛了，露出內裡的廁紙，感覺衞生紙變得唔衛生了。
2,次次買親呢類紙包裝，送到上黎都扁晒，冇爆已經算係好彩👎🏼
2,我訂左6包，但有一包cut 開左，有個盒裝住，又冇散到一地都係就算。可能個包裝袋比較薄，買過17.5L 冇呢個問題。
2,拆開包裝盒，發覺裏面有一包穿咗個窿留咗啲米出嚟
2,是爽身粉油香味的香味太重，建議你標題應該改寫為——皇冠-（5條優惠裝）極致爽身粉柔香衞生紙（10卷裝），此㚈香味太濃，沒有香味也會接受，因為香味代表加入化學成份，始終對人體皮膚是沒有益處！
2,買咁多件貨，膠袋又無、盒又無，叫人點取貨😡
2,最近幾個“批次”，都出現有“紅點現象”（總是在最後果幾張，何解？？？
2,因下雨，送來時紙皮箱爛了，部份卷紙濕了，看到裏面髒髒的。
2,由於送貨當天下雨，紙箱和紙卷都有嚴重濕的情況。
2,"包裝最外層有異物&#40;好核突&#41;, 慶幸沒有異味."
2,好少味，近乎沒有香味，紙味比香味重，是這件貨有問題嗎？
2,之前買開99，見做緊至扺價至發現~少過半年個價話至扺都已經加左10%。
2,已經唔係第一次，上次又係咁，個盒扁晒，本身已經好滿㗎喇，整扁晒個盒一開就即漏晒出嚟，真係以後唔會再喺度買，好失望🤦🏻‍♀️
2,"1. 包裝袋上穿左好多細窿
2. 冇ziplock 個底又企唔直
3. 重點係貓唔鍾意食
4. 埋單之後用優惠價追加平30蚊=.="
2,送到黎一拆開個紙箱就灑咗十幾粒出黎，一睇原來個膠盒爆開咗，今次趕住食費事換貨，下次店主喺送貨前麻煩包張bubble 紙先啦，換貨退貨大家都麻煩丫嘛
2,買了六包貓砂，紙皮箱一個都沒有，叫人如何在大堂外抬回家！
2,之前買過都無事，唔知點解今次一箱至少有四卷個底都係穿咗窿….有啲失望…😓
2,零包裝。。自取拎到返屋企發現包裝已破，貓砂碎跌哂岀尼
2,福袋呢個字根本係誤導，福袋既意思係起碼有幾款小禮物，送到過黎結果得一個罐頭仔，我屋企都有罐，我洗鬼你送咩😅😅😅如果各位係為”福袋”既朋友，可以唔洗買。為左貓砂先買個心會好過啲😪😪
2,第一次買呢個新版，產品過濾滲透力有問題，過濾唔到水＇一個禮拜後更換一個新都係咁
2,購買了24罐當中有五罐都是凹陷的，由於過了七天才打開packing，所以不可以更換了
2,產品本身冇問題，但外表太污糟，希望改善下倉庫環境整潔，特別係食品類貨倉
2,買了一箱12罐，罐頭頂生鏽，其中幾罐撞凹🥲
2,比平常用開的維特品質差小小，但反之貴了兩成，即價錢與品質不成正比！
2,一直用開已多次回購。但買3袋諗住一箱送黎盡量可保存真空狀態，結果每次都拆箱送1袋，另外2袋又入返箱封好。最後3袋都非真空，每次包裝脹卜卜又難收納。體驗非常差，有待改善。真實用家仍表示支持，優惠多送貨快。
2,上次買姆明幾好用，今次先回購，但姆明嗰款係有香味，呢款冇，係咪轉左成分/內容物呢？
2,回購多次，但每次每卷廁紙的包裝袋都開了口，其實不太衛生，失望。
2,其他地方買既會係封面既湯+細細條肉，但呢個好似粗粒糊仔咁
2,"我order 99罐收貨，只得一箱84+3罐共87罐還欠12罐，請盡快跟進退款12x$7@=$87
或送回。"
2,一箱卷廁紙發現有一件包裝損壞的，其他的包裝也不見得很穩固，估計是製造商的問題，衛生紙不過衛生，不建議訂購
2,最近買的有機豆乳（無調整）有兩盒暫時是好似豆腐碎的，不敢食用
2,為何沒有說明是粗粒還是幼粒？？說要自己看但又沒有英文！
2,其中一箱支裝咖啡有漏出問題，但包裝表面上無明顯損壞，應該係封口品質問題
2,今次送來有9罐是明顯凹左.. 包裝請改善一下
2,貓貓用後，白色的毛都沾上綠色，怕他舔進肚子。要用濕紙巾抹很久才弄走色素
2,"D肉不實肉
其實以前買過
都不太好吃
諗住50元特價
再試多次啦
家人下命令
不可再買啦
因為唔啱口味
"
2,買開，今次買有d罐頭好水....好希！（第一張相正常，第二張相係好水）
2,"一路用開
上次lulu豬過年版品質不變
點解今次收貨的紙質明顯變薄
而且今次不用力就
一撕就爛
濕水好快溶"
2,"唔係一條4pack包裝, 送貨、收貨唔方便"
2,"點解要將凹咗嘅罐罐混入箱內,今次一共有12罐,是半箱都有凹！！！
有冇註明$199/24 是包括有凹陷的罐罐？
我見已有多位會員反映收到凹左嘅罐, pet plant 公司及tvmall客服有冇跟進？
由於品質不錯,但出貨手法不良,我只會建議朋友買前考慮清楚,出了問題會是自己的愛寵.
"
2,其中一包有破損，已經流出汁液，我怕食品已被污染已丟掉
2,正如其他用家所言，品質突然下降，難以結團，痴底。經常清潔底盤，有換晒所有砂幾次先評論，不過肯定官方回覆會話係用家問題。
2,"送錯款。我訂的是無調整那款。 
已過了7天先開箱， 唔知道仲有無得換貨？ 
謝謝。"
2,開心果醬味可以，不太甜，但醬內有硬殼，老人家或小孩需要小心食用，下次未必購買。
2,同 C&S 牌子每樣两格拼埋，ZENSES 短 1.5 英寸。不會再買。
2,"有兩種價格
分別各買一條作比較
但送到看到兩條一樣大小
所以以平價那種就可以了"
2,紙質比上次購買的薄很多，下次還會回購要仔細考慮
2,第一次買 一箱27卷大部分包裝seal唔實 唔會回購
2,之前每次預訂都很瘦，今次隻雞好肥😢😢😢失望😞
2,產品是用膠袋包裝的，送貨時已經放入大膠袋內，可是唔知點解就係細袋內外都係黑點，感覺好污糟
2,只用一個薄紙袋裝住，回家取出后，才發現支盒已壓扁壓皺哂。打直放入雪櫃后，原來底部其中兩个尖角已穿孔了。豆漿由這兩處輪流漏出，連累周邊物品都“痴笠笠”。
2,部份紙包飲品嚴重壓扁，雖然客服已經立刻跟進，不過希望可以改善送貨包裝
2,"到底發生過什麼事？？
摷到咁…………… :&#40;"
2,好多卷壓扁左，呢卷包裝袋爛埋 卷廁紙有污糟
2,沒有包裝，派貨員就放在門外地下，弄得好污糟
2,"一到貨就已經見到外盒濕咗， 即時打開發現裏面一包爆咗濕曬。 今日打開 其餘五包，點知發現仲有一包都係 
爆左、變質成固體。你哋運貨員已經講呢隻包裝成日爆，點解仲冇改善？只係用一個薄紙皮盒裝住？上次你的確係退返十幾蚊畀我，但係而家爛多一包! "
2,在同一卷厠紙內重覆出現只有2層紙的情況，在以往訂購嘅貨品未曾發生這種狀況，請供應商要嚴格做好品質監控，而且這類產品要求換貨比較困難，客戶只能在使用中才會發現的。
2,原箱裡面有一卷廁紙的包裝紙破爛，令厠紙外露，欠衞生!
2,"紙巾一掂水即變紙碎，無原味咁好
而且掉廁所 水都會變綠色.."
2,"發現有一卷紙有發霉物體（暫時發現一卷）
首次發現依個情況"
2,"大約近呢2,3年都係用佢呢款厠紙,因為覺得夠厚身同埋好用,但隨著最近質地越嚟越差,洗完手想抹乾隻手都會痴到成手廁紙碎,搞到成地都係......決定下次唔會再買呢款"
2,"不知為何⋯ 
雖然比街買的便宜$34（170有5條）
紙質比街買到的較薄、較易斷
不會再購入"
2,今次特價73元一箱，用後感覺紙質相對之前用過的薄很多，再拿另一卷明顯特別輕身及鬆軟的。經磅重後倩絲錄得140克重量而家中另一品牌唯潔雅之3層超長耐用裝則有178克。感覺這批特價貨有 將貨就價取巧之嫌！
2,"大包抵用,但係吸味好差,貓貓一有大便,成間屋都 聞到便便味 要即刻剷咗屎解決問題,而且便便包得 唔好,同埋用咗幾日已經開始臭,貓貓就唔去廁所 啦,貓砂用唔到耐,之前用其他牌子都唔會咁 凸有用"
2,送來時已經有一盒個蓋甩左出來，已經俾送貨員即時收走，請售後幫忙跟進！
2,今次的品質十分差，紙質薄，和以前的質地相差很近，如果不是对HKMall有信心，以為買了假貨，請向廠方查証，是否將货就價。謝謝。
2,"第一次買廁紙，之前試過迷你紙巾不錯，但廁紙不柔軟，體驗麻麻。
"
2,質地比以前薄左、細卷左，已經無左一定要買佢嘅理由
2,六月三日收到貨，為何包裝外觀和以前不一樣？是否不是行貨？
2,送貨放喺門口，訂左六盒，其中三盒都變晒型，有一盒連個蓋都開埋！啲貨好似俾人掟落地下！
2,近期貓砂有粉紅色出現 對於貓用戶是不可以有啲現象 嚇到我以為貓貓血尿 暫時都唔會再買呢個牌子
2,包裝出貨前已經爛咗，求其拎膠紙貼住就賣俾客！
2,"隻味好奇怪，同埋試過浸左落清水之後啲水會變左綠色嘅
我都唔敢用有色個邊"
2,送貨當天下雨，紙皮箱有濕鞋印，當時沒有太在意。過幾日拆裝使用時發現兩卷是濕過，而且很污糟，但已過了售後服務的期限無法反映或退換。
2,"品質較之前買既差好多，紙巾薄，用完成手好多紙碎，不只一係咁，比較失望。
"
2,"一掂水即溶，要快快手抹，唯一放廁所用，個廁所好香。

不過，1日出現3個價錢，$79,  $80.90,  $76.90， 咩玩法？？？"
2,"我買了一箱20件的抹手纸，但送货抵達是分成為4,5 個膠袋装，明明是原箱包装偏要故意拆散，增加收貨困難亦不衛生，令我很生氣，請解釋原因？是否以後逢買原箱貨物都會被拆散呢？"
2,買貴咗囉，百佳同款都係29蚊，第日真係要夾清楚先幫襯
2,品質大不如前，一直用開，直到近來呢兩次回購發現紙巾好易穿，抹到一地紙巾碎，打算轉用其他牌子了。
2,"購物咁多次好耐沒無到貨品有破損，是次送貨再次出問題，收到貨品包裝有破損

自從升級到鑽石山VIP, 送貨服務質素比黃金VIP差👎🏿👎🏿

貨品質素再好，再購買也要考慮送貨質素👎🏿
"
2,呢隻牌子既次紙本身應該係高質。但今次一用就發覺薄咗。不再係頂級，有另外既牌子好過佢好多。
2,呢個明明應該係Peanutbutter Cup，我收到嘅包裝非常扁平，似餅多啲，打開一看，原來溶晒
2,已回購多次，但今次送貨到來時個盒濕晒仲爛埋，好彩拆箱後裏面嘅廁紙冇濕到
2,一開發現好水，唔形成泡泡，再睇日期下年2月就過期。倉底貨應該寫清楚囉，藥力會受影響。購買前三思。
2,"唔明點解20包唔係一箱, 係用背心膠袋裝, 太奇怪啦"
2,原箱外表完好。剛開箱，全箱6支頭部重創，全部都變型，幸好沒有爆破，我諗對品質不會影響卦。哈哈哈！
2,品質可以，但比藥房 貴 而且又少，藥房賣40元12卷
2,"當日係落雨天，貨品送到時，紙箱底濕了一半
好彩單卷裝有獨立包裝 近底層的都不致弄濕
但仍發現有數個獨立包裝的夾邊都夾不穩 出現洞口 好在位置不是底部分 否則有機會濕了
品質沒影響 仍可推介"
2,"剛剛收到貨, 個箱爛咗, 摸入去廁紙感覺濕濕的"
2,啱啱收貨！準備寫評論！發覺自己原來買貴咗！好失望！仲買咗四箱！個贈品都幫補唔到啲乜？我寧願唔要贈品！更何況而家平咗，仲要有贈品添！我買時235.2!相差一日！已經便宜咗！
2,長期訂購及使用Tempo盒裝紙巾，原箱購買是大分優惠。唯產品品質明顯下降，紙巾質感粗糙，與以往品質明顯不同。由於品質下降，其他用家可衡量是否仍值得入手
2,3包原來好少，加埋才等於萬寧1包多d，有中伏的感覺
2,"包裝完好但罐面凹陷
即包裝前已知罐頭外表有損而非運送中出錯
😞有少少唔開心"
2,一開樽蓋內裏的膠蓋已脫開塞在金屬外蓋內，所以支油完全不能扭實，不能密封，要找另一個瓶子將油倒哂入去來用，很麻煩
2,每次買20包的package都沒有入盒裝著，只入膠袋，但今次很誇張，20包中有10包的包裝袋都破產爛
2,成個包裝勁污糟 有留意到而家嘅送貨問題都是隨街隨地放 抹完張紙巾都係黑色
2,"一向也用vinda, 近月由紫色包裝那款轉用3D壓花。這款Herbal味已回購兩次，品質好像下降，紙廁容易容易遇水溶掉，要完成如廁後清潔經常需要額外多用幾格。自稱四層紙 … 懷疑！不滿意純粹係品牌的紙質。"
2,貓貓平時食開呢個，一餐食嗮，今次唔知咩事，唔肯食，擺一陣有臭味🥲
2,買開，今次買有d罐頭好水...好希！（第一張相正常，第二張相好水）
2,過往紙箱外圍比較整潔，今次兩箱卷子紙箱比較外圍污糟，難以將紙箱放入儲物空間。
2,"係好抵, 不過同平時同款卷紙唔同, 呢隻特價款係好軟身 圈得好鬆"
2,本身我買是4包裝，有一個大袋pack好，外觀好ok。打開才知道原來其中一包根本是「次貨」𠝹，個袋一早爛咗，用膠紙封住，有貓砂跌了出來。都幾失望，下次會轉買第間pet shop。
2,送貨當日是晴天，外盒竟然濕左，仲要盒頂盒底都有濕，以為只是最外層濕左，點知開箱後後，發現第二層紙皮都係濕😥
2,2箱共54卷，包裝口，只有6卷沒有破損，而有3卷已穿到見到廁纸，不太衛生。
2,"你好！
剛收到的貨品 Walch 濕紙巾共12包，好奇為何是散裝而不是整盒裝的，我見網上別人的是原裝一整盒，不是散開的12包，感覺整盒包裝會較衛生整潔，不是想退貨或退錢，只是希望 貴公司留意一下，我都希望日後有信心再繼續在 HKTVMALL 補貨。
謝謝！"
2,來貨不是真空，凝固力一般，易散和痴鏟。但很香，可蓋味
2,請問是滿$368就送廚紙和廁紙？但只收到廁紙，沒有廚紙。
2,7月18號前送貨係姆名款？ 今日7月7號送貨都唔係姆名款
2,"買了6枝，有1支 2022年1月到期☹️
其他5支沒有問題
希望商店多留意日期！"
2,內包裝已解真空，發現包裝袋穿咗個窿，唔可以直接放入熱水翻熱，處理上麻煩好多
2,訂購原箱芒果汁，收貨來了兩排芒果汁、兩排蘋果汁，請安排上來退換貨品。
2,與之前買的條裝，質素參差，有些紙層分散，壓花粗糙，有些紙質較鞋，懷疑是次貨
2,說是鹽焗雞，我收到的似豉油雞多過是鹽焗雞。味還可以，肉有點un，勉強可以入口。
2,包裝紙箱沒問題沒有損毀，4包都漏氣，即是賣家出貨時已漏氣
2,第一次訂原箱。紙巾有噏味，唔知係唔係天氣潮濕嘅關係！下次都唔敢訂原箱。
2,不是與其他貨品一齊送貨，只顯示貨品已在物流中心，等待派送，沒有寫出大約會在哪時送貨，如果是等著用就不知如何是好，。
2,其中一卷包裝衹包一半，半卷外露且在最底層，不要了，浪費了一卷。
2,本人在今次購物中應可得到一張開運利是$50電子禮卷及購買维達厕纸達$200可得1隻4D Deluxe真空保暖杯，可是兩這都沒有通知得到.及最不满的是在購物中發生問題在HKTVmall app裏是不能找到客務幫手的連留言的地方都沒有，不像初期有電話熱線可解決問題. 
2,買6包，4包都氣的；3包3包咁pack箱，1包無事，2包有事 :&#40;
2,網上商品說明係台灣製造，但貨品包裝上並沒有產地標示
2,訂購3袋貓砂，接單後應該知道有沒有足夠貨量，無貨應該早點告知顧客，送來只有兩袋貓砂，要我提交申請退款或漏貨，咁無交帶，還會有下次光顧嗎？
2,第二次購買，罐頭未至於破穿變壞，但希望商家注意罐頭損毀程度也不輕。
2,我買的是粗粒貓砂， 但送錯咗幼粒畀我，幼粒感覺冇咁吸尿尿，冇咩水蜜桃味~
2,講明贈品係福袋，福袋內容是沒有水的，收到贈品係一支水唔係福袋福
2,4大箱有3大箱都開過再痴返膠紙送俾我～12包得3包係真空啲～其他都漏氣
2,運送過程沒有冷藏，導致一半蠔已融雪並流出蠔汁，下次到門市買比較好
2,像片以為好大條實際好細條。見議去AEON超市買仲抵
2,"貓砂本身的質量很好，多次回購。

不過今次訂貨發現包裝改了物料，如常於角落剪開膠袋倒出貓砂的時候，膠袋竟然破裂了&#40;見附圖&#41;。幸好膠袋沒有撕破到底，否則一地貓砂，不知如何處理！"
2,送貨無盒，只係放地，新冠疫情嚴重 很不合理，貓沙好用，但要消毒表面
2,"之前回購了幾次也沒有問題。
但今次包裝破損了，貼上透明膠紙就照送貨給客人，也太過份了。希望改善！"
2,"啲罐咁爛照俾客 
就咁已經見到罐頭入面啲肉😞"
2,原箱送貨，包裝整潔，即時用但貓砂完全沒有綠茶香味，與N1貓砂旗艦店定訂購有所不同。不知配方是否改良。
2,係平嘅，但罐罐係凹嘅，如果因為係凹咗而咁平要寫清楚
2,其中一包是漏氣的&#40;並非真空包裝&#41;。
2,見到相比包裝是抽真空，買左4包，點知4包都冇抽真空，失望。
2,"每次都大量購買俾兩位主子
但今次收到好多罐頭有損毀既商品，好失望"
2,"送貨員有禮貌
但收到貨見啲嘢夾硬入袋
罐頭又凹，湯包又一主菜咁"
2,多次回購 但今次第一包開出黎倒左大約6分1已經有好多好似石仔既粒粒
2,唔足秤，偏細，買兩條足秤等如買三條，計起來其實係貴過人🙈
2,感覺N1越嚟越差，一開超多碎粉，吸味同吸水能力都差咗，用埋呢批之後都係轉其他牌子
2,買原味，送嚟的係粟米味，已經二次這樣錯送了，免麻煩所以沒申請退換，希望下次不要送錯了
2,開咗之後有一邊係黃黃哋㗎係咪有問題？發霉？定係品質問題？
2,"過往訂也是原箱包裝，今次卻是分開4 pack, 店員只將膠箱拉在地上並沒有提供協助，卻要自己蹲在地上放入環保袋，不爽"
2,第一次買呢個牌子原箱， 簿過超市買既好多， 呢個價錢呢個厚度唔算好抵。
2,唔鍾意評論咪唔評囉。你地啲送貨員又冇禮貌。貨款就識收，冇貨又唔講，成日都小左件貨，問你地客服全部都理解能力極底得個嬲字，當蝕比你地都費事追
2,"貓貓不喜歡。相比 thrive, 這個較多油和少湯"
2,為何我買6包不昰原箱送貨的，包裝上的日期是2020年6月4日是製造日期還是已經過左期呀？
2,"請貴公司留意出品的重量。一時一樣 

標準四小包 50 g x 4 = 200g

曾經有貨物只有一半

50g x2"
2,"第一罐內容變色，發臭，第二罐正常，
今次的魚片係碎肉，同以往不同，
暫時開了兩罐，不知其它狀態如何。"
2,今日收到貨，有好幾箱砂嘅紙箱已經爛咗，有箱等如冇箱，好難搬，請供應商留意下送貨packing!
2,盒内只有4罐，仲以為自己訂錯左！唔應該搞錯的。
2,我買的猫糧系歐洲産的，我收到既貨系韓國産。
2,其中一包貓砂包裝裂開，差啲冇留意就倒哂出嚟！
2,未拆開包裝已經聞到枝清潔劑嘅氣味，漏出黎，要求跟進
2,"我每次都是 兩款貓糧溝糧俾主子食
另一款係月亮形狀
見主仔每日都食淨晒呢一隻糧（月亮形果隻糧係食哂）
我就打開包糧研究下 
發現每粒都有d白色點&#40;似骨）
有d都好尖好硬 如圖 用手指係整唔斷
唔知係唔係呢個原因 主子唔食🤔"
2,"今日收貨，個底有滲漏，麻煩請跟進。
沒有包裝，只係用膠袋裝住，個盒成日都壓到歪晒。"
2,曾經斷貨很久，剛返貨便急急買了六盒，剛開了第一盒才發現這批貨4月8號便到期！！請問hktv是想客人把豆奶當水飲嗎？供應商供應將到期貨當正貨賣，hktv都不理會嗎？反映反映，這些問題都不是第一次出現啦！不要說2月19日送貨，4月8前應可飲用完！講真，有時街買做特價差不多價錢，但食用期限一定沒有這麼近！經過這次，真要認真考慮應否繼續在hktv買此類飲料
2,本來4款口味送來的時候，只得3款口味。無紫色去毛球個款口味，另有5罐凹左……感覺好失望
2,"訂六盒裝是希望乾淨衛生!但送來不是 [六盒裝]， 是用膠袋散裝的，每盒盒身都有凹凸，3月7日到期 !"
2,"尿墊實物並非如商品說明般為「加厚」，反之為偏薄。尺寸45 cm x 60 cm，每邊邊口位卻有約4 cm，實質尿墊偏細。唔推薦購買。"
2,冇驚喜，好普通，就係一般紫菜加豬肉紙卷埋咁，唔值$68盒。同埋，成$8.5一條，唔預期有咁多添加劑同色素。兩粒星入面，粒半星係俾包裝，入面真係冇點碎嘅。
2,"之前一直在貴店購買，沒出問題。
但這一次的貓糧也太碎了吧，
貓貓剩下碎的全都不吃，"
2,一直用開，但發覺最近幾次回購的泡泡靈，都很水劑，搖很久也不能成泡狀態，每次都要用很多和漏到很大範圍，不容易留在患處吸收，可否給我解釋一下呢？
2,不滿意包裝🤦🏻‍♀️是我忘記了！不要再在hktvmall買這個了…… 包裝太差了
2,這款產品之前有用開還好的，但是最近買的都發覺不結團，成日黐底，貓砂鏟到滿不結團濕咗嘅貓砂，唔好用
2,隻貓貓用完之後係咁甩毛🥲後頸成條禿咗，第一次出現呢啲情況
2,每次嚟貨綠茶嘅顏色都唔同？ 所以唔知真定係假！
2,已回購多次，但最近2.0幼身變為很粗粒，又多碎粉。
2,"好假嘅味道！
同之前用開嘅綠茶味差好遠！

感覺好化學，同埋癖唔到臭味！
大鑊，貪平買咗咁多。。。"

2,看圖是紙箱包裝，但到貨時變了膠袋，很唔環保！
2,6包，包包逐包遞過嚟。仲係外面已經污糟，實在唔明點解會咁嘅包裝
2,送貨到達並不是藍色慕絲，故而是另一款藍色的其他濕兩罐
2,貨到盒已破爛.雞湯弄至其他貨品和家門口污糟邋遢
2,"購買時說40元以上送雪櫃置物架，買了3盒超過40元，但送貨時沒有這架。
而3盒表面除了多灰塵外，而且撞崩壓扁，底部壓至打開了。"
2,紙質沒問題，可能嗅覺比較敏感，紙巾有香味之餘，仲隱隱約約有種怪味，買0左三條，唯有用來抹野。
2,已回購多次，這3次買都沒有爽身粉香味。是什麼味都沒有。
2,同買一箱既品質唔同 細舊啲 同埋啲紙質軟啲 薄啲
2,為咗用一個細盒裝箱，其中一盒雞湯擠壓成咁，咁樣裝不能接受。
2,購入兩包，外觀呈雪傷了的狀態，食用期亦只有半年，但商品說明末有標示，若事前得知急凍肉屬短期貨會選擇不買。
2,想請問右手邊的那一卷我是在超市上買的，左手邊是跟你們網上買的，是否不一樣呢
2,好明顯溶咗再雪過!變咗一餅餅又有血水! 差。有影片會睇的好清楚但片無得upload祗可以upload 相
2,價格相對一般超市還要貴，超市購買12包：$25.8，即每包$2.15，而我向貴公司訂購了48包，合共$119.8，即每包$2.5
2,原來雜貨店賣$35，現hktv mall賣$45?又話最平嘅?
2,"衛生紙完全沒有爽身粉味，跟原味沒有分別！
之前購買Deluxe 版本，一開箱就聞到爽身粉味，但係呢款Luxury 版本，成卷完全沒有任何味😣"
2,買咗四罐，四罐都咁樣嘅
2,不是！全部原箱！有D失望！
2,起初覺得不錯，後來發現濕水後，就會變成一絲絲碎屑，不會再購買了。還是紫紅色包裝那種比較好。
2,沒有到期日？顏色好似已經好耐，吾覺新鮮。可以食用嗎？
2,一向買開，今次有貨即入，原來改了包裝，變成雞扒冰磚，要成包溶雪先可以分開，咁絕對唔理想，溶完再雪，失敗
2,紫薯太甜，食完心口翳住唔舒服
2,朋友在其他超市、街市$35。那麼TV Mall $45 貴太多了。
2,睇評論咁好以為買你試吓，跟足佢教嘅程序來做，點知切開裏面仲係生嘅，以為已經係熟嘅，味道又冇乜特別，嘥咗我好多時間嚟焗，試過一次就算啦！😟
2,新款超級唔掂，拎上手已覺輕咗份量少咗，抽出有壓花裝得鬆，估計張數真係少咗，或者要轉用第隻啦。
2,$83.7平時每條實多一盒 今次得四盒超級貴
2,淺藍色新版的紙質好「鞋」，同舊裝質量差好遠，比起用開的廁紙更「鞋」
2,唔係原箱比我 分開一排排 搬運困難
2,紙巾不止細張咗，整包拎上手就覺得比舊包裝輕左又鬆散，攞去磅重先知道離譜，足足輕左43g，唔怪得換新裝仲賣平咗啦
2,"新包裝明顯輕咗
右邊舊包裝重身好多"
2,送貨要小心，紙盒裝飲品好容易爛，有兩包維他奶爛左
2,質量差，開箱後發現有幾包紙巾爆開了，紙巾是衛生用品這是不能接受的！
2,紙巾品質很差 抽出紙巾時會掉出粉塵和紙碎
2,送來的不是兔兔版，而且只有4盒一條，并沒有4+1 一條
2,寫是4+1盒裝，送來的卻只是4盒裝😩
2,這批次產品中有很多盒的紙巾也沒切斷，一拉起幾張一齊跌出來，當中包括沒切斷的超長纸巾，十分不便，用量也倍增
2,貨到到手時，包裝裏面的包 已經爛晒 😳
2,買四的倍數，是希望可收到一整箱，送到來卻散收收；但幸好今次啤酒沒爆罐。與送貨員工無關，可能做pagking的可處理得好一點。
2,"
又係凹嘅…次次都係咁"
2,好味，但越嚟越細件，食2啖就冇了
2,剛收到貨，包裝破損，請更換另外一包，謝謝
2,比起以前深藍色包裝，質感粗鞋很多，有刮臉的感覺，絕不會再回購淺藍色版本。
2,已經經歷第二次包裝盒損壞和濕..對商品內的貨品衛生存疑
2,收到的是4盒裝，跟商品說明的4+1優惠裝不符
2,橙色嘅义燒，肉瘦但好淋，似用咗鬆肉粉，唔會再買。
2,有一包可能在送貨時有損壞，數天後發現有滲漏及發臭，已即時丟掉。
2,廣島蠔送到時見到冰把所有蠔結成一大舊，根本不能逐隻取出來煮，應該是送貨過程過久才有這情況！！
2,"大，中，細三嚿，
size 唔平均， 烹調時間一樣，
細個舊會好乾好柴㗎
"
2,明明買嘅係4+1盒優惠裝，但送黎嘅係4盒裝，之前已經見到有留言話送錯
2,"解凍了,北海道帆立貝尚可 ,廣島蠔 不行了,要求退貨."
2,有次品，包裝膠袋抽紙巾的開口位，一箱來貨有幾包已是裂開口，紙巾沒有被膠袋好好覆蓋包裹而曝露了，希望供貨方注意，不希望再收到開了口的紙巾。不打算退貨，沒有拍照
2,回購好多次，但今次好幾樽有塑膠味
2,一條4包 為何會分拆包裝
2,剛剛開咗一盒嚟飲，為何味道是酸的？
2,"一直用開這盒裝紙巾但發現今次這批貨每一張紙巾都有臭味？請向維達公司查明原因？
何太"
2,超袖珍，每券廁紙短的一面直徑只有4寸&#40;見圖&#41;，好唔襟用。香味&#40;對我嚟講係臭味&#41;太濃好難頂。部份廁紙更壓到縐忟忟，我仲買咗好多卷真大鑊！
2,咁多次訂單買唔同既嘢，第一次遇到咁差既一次包裝送貨，希望改善！
2,"壓到變哂型，都唔知開唔開好!
差劣的包裝至運送時壓到變_
型!你們近來都是送上壓爆或變型的貨,應改善及防止壓撞!"
2,"未蒸已經見到裂開左
蒸完就流哂出黎
全部都係裂既，品質好差
味道都好一般"
2,餡好甜，假香味好明顯，失望！不會回購。
2,同之前買$229同款，貴咗，冇乜肉
2,買咗2包，瘦，唔juice。
2,唔好食，口感差（比起日本果隻差遠）
2,之前買過好吃，每支架的肉肥厚，但今次肉的比例少了很多
2,比想像中細，冇乜肉只有骨
2,羊羶味比早前買的同款羊架重
2,太瘦肉汁少，一分錢一分貨，價錢平質量無保證，不會再買
2,實在太细包，比起上次訂相差太遠，不會再買。
2,真的很少肉，比外面買的細很多。
2,貨品實物略為令人失望，相比其他商家標示的重量，價格及質量，貴公司的略為遜色。
2,$299⋯⋯舊肉同5蚊咁上下，另一邊都係大dd⋯⋯無下次⋯⋯完。
2,"一直買開都冇問題，但今次唔知點解將啲貨品用膠紙黐實晒，搞到好難拆開，而且啲膠紙黐實晒啲濕紙巾個紙盒，一搣啲膠紙，濕紙巾個盒就會爛晒…
雖然今次冇買食品，但直接將濕紙巾放落地下，稍為有點兒不太衛生…"
2,":&#40;
原來係咁細支；
如果大一倍更好，價錢可以跟比例貴番D"
2,雖然好細塊肉每支骨，但唔太油膩，岩小朋友食，不錯
2,好細件。。。。有點失望
2,"巳多次回購，十分美味，即使煑全熟也不覺鞋，口感相當好。但今次買兩包，卻一包正常，一包細很多，像沒有700g, 好失望。"
2,有少許凹陷，買左27盒但結果得26盒送到，送漏咗1盒！買左咁多竟然又無盒裝又無膠袋裝，送貨哥哥就咁散修修將d豆奶放係地下。建議數量多的請不要拆散送貨！以免又送漏貨。
2,"我買了三包羊架,當中一包裏面充滿血水,未知食用時可有問題,有點擔心!我以往也在貴公司買過幾次這款羊架,但從未見過這現象。未知能否換貨?"
2,"之前撞少少都ok, 今次方盒變圓盒好似不太可接受"
2,一次買兩件，包裝點解會唔同？
2,"價錢抵，但肉質數卻唔ok , 比之前在TVMall 買的羊架差很遠！很失望"
2,以前買都正常，但今次骨大肉極少
2,麻煩跟進以下情況！收貨時羊架以見血水再雪成冰
2,上次訂購的包裝跟網上的一樣，但今次唔同樣，請問係咪同一樣貨？
2,原本訂了兩包羊架，但只收到羊架一包，請客戶服務員跟進及回覆欠羊架一包事宜。
2,買返黎有3個係爆既，問左有冇換貨/退款，幾日都無人覆，擺係雪櫃都唔知食定唔食好！食左又驚無得換！唔食擺係度又唔知做咩！
2,送來時是：膠袋袋住，有3袋，對這不滿，樽有凹凸現象，差
2,說明寫700g以上，但我磅過，連包裝，都只係剛好700g。
2,"為何定4排都不用原箱送貨呢？又另外用膠袋,又凹又凸,失望"
2,買時大家要睇清楚， 原來只有紙巾有爽身粉味， 廁紙係冇香味， 買錯
2,"平時有用開唔同香味紙巾
但係呢個爽身粉味香到好似噴香水喺塊面度咁
濃郁得滯，個人覺得紙巾香味唔使做到咁濃郁
一d 都唔淡"
2,"祇用膠袋裝, 6盒全部外盒又凹又扁, 賣相非常差, 極似是次等品, 不會再同大街市買, 非常差!!"
2,收到貨已經融雪濕立立，我明送貨哥哥都好辛苦，甘大間公司唔夠人手又要接囉，接咗又要唔準時送來，遲咗兩個鐘，啲食品都冇品質保證啦！
2,袋破爛，而且因為下雨中，某些廚房紙濕咗
2,"好腥，好難食
一定冇下次"
2,貨品放在門外濕地上浸濕左
2,見佢減價50蚊 又見到咁多好評 第一次試下用 勁鞋 好鞋 好後悔咁多舊點用 畀老公鬧
2,不知道是不是店舖把貨品擺錯位問題，抑或是價錢放錯位置問題，我看見是$199/件，但係付款後先發覺變咗係$249，請有關店舖留意下！
2,"見到不少人留言讚好,朋友也說很好用便買來試試。
就奇怪為什麼這麼薄又易爛大家都說好用,剛好有新評論留言才知道似乎比以前薄了。
質感還算可以,盒子和紙巾上的圖案可愛是加分之處,不過最重要還是紙巾質素。這個價錢這質素的話真心麻麻地。
買了這麼多盒有點後悔&#40;TT&#41;以後不會買了"
2,一直用開，但係今次呢批貨明顯嚡咗好多
2,紙巾得2層，好薄，可以買其他牌子
2,一取貨就見到肉有d黑 質素麻麻
2,袋口已開一半口，已是第2次了。請改善包裝。
2,送來時2邊膠貼紙已被打開
2,剛剛收到，打開發現有一盒包裝損壞，有湯從底部流出，請問可以換貨/退貨嗎？
2,"冇乜魚味, 但係有陣膠味"
2,薄到得一層，之前都吾係咁！
2,"我都估你會覆”HKTVmall明白環境保護的重要性”, 不過買24包餐紙連個包裝都冇你叫我點樣放，環境保護都要諗埋客㗎嘛，我咪又係要用膠袋裝返"
2,包裝已經唔止一次出現損毁，多次訂購都有問題，就咁沒有包裝係冇問題，但係如果唔損毁嘅話，如果送貨經常有問題就應該外面再加包裝盒或者袋
2,新包裝比舊包裝品質差了很多很多，紙質非常薄，抹多兩抹手更易爛，相對地要多一張厚點才會情況才較好。
2,今期有89折，本應係5星。但我訂全條裝，送來變了散裝，個人認為全條比較衛生而且易於收藏。我之前也曾反映同樣問題，現在仍然有發生此情況。希望以後如果是訂全條裝、不會再拆散來送貨，謝謝。
2,我飲咗呢個牌子嘅水十年，第一次飲到有異味，呢批水一定係長時間比太陽直射引致有膠味，2pack分別6支都一樣，不要購買。
2,只用膠袋袋住貨品😑，買三盒有兩盒凹凸變型。相中扁咗嘅部份我已經略為調整才醒起拍照....好彩仲未壓扁漏湯咋! 應放pack在纸箱內才送貨!
2,後加單可以平到$10一盒
2,睇呢度啲平價以為好食，但係超級腥！喺腥到擺唔到落口，煮一次成包揼咗嚕！
2,好薄、一直用開嗰個牌子、冇諗過咁薄
2,已多次購買，非常好味多料，足夠有五星。但今次收貨，4罐都有凹和生鏽，未知會唔會影響味道。
2,買3個，收到貨後一個已經漏光
2,我訂咗兩罐，有一罐係凹咗，拆咗外盒先見到，咁點算先？要求退或換貨！
2,第一次見個盒要用膠紙痴住，唔知係運輸定供應商問題，我箱罐裝咖啡1/3都有凹痕
2,與宣傳圖片顯視的大細有差距！每件只有姆指的長度，肉的部份很小，一口肉罷了！不會再買！
2,$36.9/3盒，冇任何外包裝保護，送到來凹哂變形。
2,卷紙原來是4層，但係用咗5卷又薄又似皮乜骨，斷層，紙質又薄又易穿底，很差
2,"產品沒有問題。
但貨品送到客戶手中已經變形， 不知送貨有問題？還是倉務有問題？
貨倉同事見到產品有問題變形不應該送給客人。
如果送貨有問題，好應該小心包裝， 不要讓其他貨品壓傷客人嘅貨品。"
2,冇咗件貨，HKTV Mall What’s app 冇回覆。
2,32.9／3盒，抵，但包裝極待改善，每次送來都有凹，變形等情況。這次有盒底部爆開，已多次提意見，仍未見改善。
2,"一路有訂開, 係今次個有效食用日期最短, 得幾個月."
2,用開較便宜的維達，比較下份量少和細卷好多。另外可能存貨時存的不好和放左好耐，打開來用時發現卷卷都巢掹雞咁也沒有廁紙上的香味，買時要三思。
2,"全部（6瓶）的樽口都被擠壓變凹陷，箱子是原裝，高度無改動，耐人尋味！
飲用綠茶時，變型樽子帶來極大麻煩，像要考驗喝茶者的智慧！
此商品CP值可以，所以還有兩⭐可給，期待改善！"
2,用咗依個品牌好一陣子，但係今次收到貨啲紙質差咗好多，下次再買要諗一諗。
2,一向用開，原本鍾意佢土質地柔軟，紙質幼滑，但最近發覺紙質變粗，可否向代理商反映？
2,原箱茶有效期不夠半年☹️真心希望以後請標明飲用期限
2,"麵質毫無彈性
如果用作蝦子炒麵或豉油炒麵，可能好食
但完全不可稱之為意粉"
2,其中一包包裝袋爛了，相信你們也是跟上次一樣官腔道歉，沒有真的用心去處理
2,用了很多年这款厕纸，这次的纸很粗糙，和之前差别很大……质量严重下降
2,長期/定期要會購，最近購買呢批紙質明顯品質差了很多，薄左好多，已跟以前不一樣。
2,太甜，冇乜菊花味，好似糖加水咁
2,買過好多次， 但今次quality 變差左， 廁紙鞋左同埋薄咗好多。
2,"買2箱。又有4set 散裝。
一散裝就好多沙塵。"
2,第一次試用呢個牌子，爽身粉味好濃好難頂
2,並非以原裝硬紙盒包裝好，以致很多盒豆漿被壓至變形
2,平日買開嗰隻冇貨，才購買這產品，紙質太薄，平買貴用，唔會再買
2,中伏，隻味好怪完全唔似爽身粉味，唔會再買，上次買綠茶味好得多 &gt;.&lt;
2,貨品無問題，只是遲左一日送貨，又沒有通知
2,已經唔係第一次，上次又係咁，個盒扁晒，本身已經好滿㗎喇，整扁晒個盒一開就即漏晒出嚟，真係以後唔會再喺度買，好失望🤦🏻‍♀️
2,三十幾蚊一包? 平時買開三十幾蚊有5包，睇錯左俾人呃左
2,次次買親呢類紙包裝，送到上黎都扁晒，冇爆已經算係好彩👎🏼
2,為咗用一個細盒裝箱，其中一盒雞湯擠壓成咁，咁樣裝不能接受。
2,拆開包裝盒，發覺裏面有一包穿咗個窿留咗啲米出嚟
2,是爽身粉油香味的香味太重，建議你標題應該改寫為——皇冠-（5條優惠裝）極致爽身粉柔香衞生紙（10卷裝），此㚈香味太濃，沒有香味也會接受，因為香味代表加入化學成份，始終對人體皮膚是沒有益處！
2,VIP DAY買完就即刻減價！變相加價！
2,買咁多件貨，膠袋又無、盒又無，叫人點取貨😡
2,最近幾個“批次”，都出現有“紅點現象”（總是在最後果幾張，何解？？？
2,尋日買仲係$110，今日變左$99 TT
2,送到時紙箱是濕的，部分更爛了，露出內裡的廁紙，感覺衞生紙變得唔衛生了。
2,多次回購，有1set中有的2包變質。
2,由於送貨當天下雨，紙箱和紙卷都有嚴重濕的情況。
2,"包裝最外層有異物&#40;好核突&#41;, 慶幸沒有異味."
2,因下雨，送來時紙皮箱爛了，部份卷紙濕了，看到裏面髒髒的。
2,紙質很薄，每卷既重量也較少
2,好少味，近乎沒有香味，紙味比香味重，是這件貨有問題嗎？
2,之前買開99，見做緊至扺價至發現~少過半年個價話至扺都已經加左10%。
2,貨到盒已破爛.雞湯弄至其他貨品和家門口污糟邋遢
2,比起之前用開嘅牌子紙質粗糙唔會再買
2,第一次用此品牌，但品質欠佳！
2,6包，包包逐包遞過嚟。仲係外面已經污糟，實在唔明點解會咁嘅包裝
2,看圖是紙箱包裝，但到貨時變了膠袋，很唔環保！
2,收到貨，沒有雷射商標，也沒有到期日
2,應該不會收到4+1版 不如直接寫4x3
2,已回購多次，這3次買都沒有爽身粉香味。是什麼味都沒有。
2,"購買時說40元以上送雪櫃置物架，買了3盒超過40元，但送貨時沒有這架。
而3盒表面除了多灰塵外，而且撞崩壓扁，底部壓至打開了。"
2,"不是原箱, 與圖片不乎, 誤導顧客"
2,完全冇爽身粉味，但紙質夠厚實抵用！
2,"1. 包裝袋上穿左好多細窿
2. 冇ziplock 個底又企唔直
3. 重點係貓唔鍾意食
4. 埋單之後用優惠價追加平30蚊=.="
2,為何今次包装得求求其其!連纸箱也慳番!
2,送貨到達並不是藍色慕絲，故而是另一款藍色的其他濕兩罐
2,買4包昨天收貨，為什麼包裝日期會是上個月？
2,同買一箱既品質唔同 細舊啲 同埋啲紙質軟啲 薄啲
2,紙質沒問題，可能嗅覺比較敏感，紙巾有香味之餘，仲隱隱約約有種怪味，買0左三條，唯有用來抹野。
2,拆開包裝已見其中三盒奶外盒 凹陷
2,"買貴左
惠康正價都係19蚊，特價37/2包"
2,我訂左6包，但有一包cut 開左，有個盒裝住，又冇散到一地都係就算。可能個包裝袋比較薄，買過17.5L 冇呢個問題。
1,有個膠袋包住包糧 但有兩三隻識郁既蟲係包糧既包裝爬左出黎 。。。唔知入面有冇問題
1,三隻老貓好鐘意食，不過食二餐，二餐三隻都肚屙，屙到死死下，唔知罐頭咩問題，一定唔會再買，更加唔會介紹人買
1,最近幾次買都送錯左2.0幼砂，冇粟米味，麻煩注意一下！
1,"買左48罐，結果任何禮品都沒收到，咩意思?咁我做咩要買滿500$?
"
1,"我貓貓一向都係食開呢隻牌子，一向都係第二間舖頭買，冇出現過任何問題。
最近一月喺呢間舖頭新買呢隻糧，貓貓食咗兩日即刻有屙血尿嘅情況🥺🥺🥺
搞到要即刻帶佢睇獸醫，打針、食兩個禮拜藥。
各位買家一定要小心，唔想有其他貓貓都有事！"
1,送錯另一款、常出現這情況？
1,隻貓食左幾啖就嘔….唔會再買 都唔知係咪假嘢黎。。。。
1,主板業說買10包送10包。投訴後說 送貓條10條，送完即止。 店大欺客。
1,送漏不特只，客服不停推卸責任，仲係咁想強制完左個conversation
1,貓糧似係開咗封然後再用膠水痴番
1,買滿左$488但係送漏左貓福袋！咁算唔算用優惠呃人買野？
1,"包裝上寫國產品，就係代表日本制，無寫的話就是大陸制/泰國制。

但係，喺 HKTVmall 呢間舖買呢包肉泥，個包裝係有 （國產品） 呢三個字，但係對比我喺 Dxxki 買嗰包，Dxxki 買個包裝係銀底同埋印刷清楚好；剛剛喺 HKTVmall 買既呢包，貼左係泰國制，撕開張貼紙，個袋係日本制。

我對呢包野就完全無信心喇，16蚊啫，會掉左佢喇，怕食壞左隻貓睇醫生仲貴。"
1,我訂嘅係原味，但俾咗綠茶味🫠
1,包裝跟出面買開的唔同。食完小貓嘔左，之後都唔再食呢包。開番平時買果包又照食，懷疑品質有問題！
1,今次買的17.5L比上一次買的幼咗，蓋味效果都唔太好
1,每個月都要訂6至9包，最近兩次啲凝結力好差，散晒，唔會再買
1,今日打開貓零食外包裝，該零食發出濃烈惡臭有腐肉的氣味，內有水漬，入面的四小包沒有打開。因之前一次過買左6包，所以這包今天才開，產品質量有問題。
1,我貓貓本身食開呢款，見平少少就買左兩包，2023年10月才過期，但打開已經有油溢味，我隻貓貓唔多食……..
1,"最近幾次買都係顏色怪怪哋, 今次直頭有臭味... 質素越嚟越差"
1,"個袋冇得zip, 開咗冇得封返。
係錯咗定係真係咁？之前買細包都有zip, 大包就冇？咩logic?"
1,又凹咗，點解唔保護好啲堆貨先運呢唉⋯⋯
1,"今次啲糧好碎
質量不穩
食到啲貓嘔咗幾次
已轉品牌"
1,外盒內有大量空位，罐頭在內碰撞，很多罐都有小凹。
1,送過嚟紙箱入面已經穿咗
1,寵物展支持開，同事叫買夠指定銀碼會送禮包，包括會場及送貨時，但收到貨，並沒有收到禮包。已跟cs反映，回覆只係話冇，咁寵物展就唔好欺騙客人啦，特登為左個promotion買多d，話有禮包送貨跟黎，但最後冇。cs亦冇咩回覆⋯⋯冇優惠唔緊要，但唔係欺騙客人囉⋯⋯唔會再支持。
1,包裝底部有破裂，拿出時有貓砂流出
1,又貴又不好用！沙太幼搞到周圍都係好難清理！！還是貓大人好用
1,唔明點解有咁多人畀五星，size根本唔係45cmx60cm。縮水兼偷工減料，離譜！
1,之前買都正正常常，今次啲砂粉塵較多，而且味道唔似綠茶味，係好大陣奇奇怪怪嘅味⋯
1,超唔好用，唔除臭又黏住個盆同地板，唔明點解咁多人話好
1,兩罐嚴重凹咗⋯產品有異味
1,包裝外袋&紙盒有蟲....
1,買了5包，相比之前呢幾包碎粒超多，好失望。
1,封口封不實送到家已經穿漏，不願意收回及退款
1,貓貓一直食開忌廉哥，今次開左兩罐入面竟然係咁既樣，好似俾人食左幾啖咁，仲有白色一粒粒唔知咩黎，我已經掉左
1,我訂原味但係收到綠茶😨
1,我隻貓又係一食隔一個鐘就嘔，以為係唔鐘意食呢款，結果係糧出事，大獲
1,要求自攜點職員幫忙包裝方便攜帶，但遭到拒絕。
1,打開發現部分有雞肉係灰色，唔知係咪品質有問題？下次唔會再買
1,開了5罐都有白點，好似發霉，完全唔敢比貓食
1,回購貨品，今次收貨貨品損壞殘舊污糟，擔心品質變壞，請更進謝謝。
1,個盒俾人打開咗！呢間舖呃人㗎，賣盒開過嘅嘢俾人，唔好幫襯佢！HKTVmall點解俾佢啲貨上架賣？！
1,"包裝上是印住 17,5 n
並不是 17.5L"
1,買九罐，有生罐都撞凹左
1,一直食開呢款糧，但這一袋貓貓食左兩日就嘔吐，帶去睇醫生之後發現身體發炎，仲係冇胃口。請商戶徹查是否在生產、存放出問題！相信不是單一事件
1,"我第一次買呢隻糧。
4月11收貨後，就放儲存盒，起貓貓食開嘅糧每日溝少少呢款糧諗住幫貓貓轉糧。
點知今朝突然見到貓糧裡面有條好活躍嘅蟲，有拍片，但呢度冇得upload 片。
好恐怖，之前冇為意，唔知餵咗幾多蟲比貓食"
1,完整罐頭，打開已發霉。
1,買左24 罐大部分都發霉 中伏
1,十罐係儲物櫃拎，笠左四罐，無言，係唔會影響到品質，但會影響評價
1,"之前用開都無問題
今次用完第一包
唔知點解癖唔到尿味
希望其他無問題
我仲買左好多包"
1,"產品不夠，包裝已穿隆
都要出貨，這樣對客人會滿意嗎😡😡😡"
1,只係三罐貓貓罐，點解需要咁多無謂嘅包裝，已經係罐，較硬身，我就係想環保少少，已經唔購買膠盒的貓濕糧，這種包裝唔環保之餘我亦都不能夠重用，明白到網購都是不環保，起碼都盡量做多少少，你們公司要跟進這方面的問題
1,收到貨品的時候，貓草凍乾部分已經粉碎了。
1,"看到評價有人說貓貓食了屙嘔,我想話我貓貓都有,食左就屙軟便,同出現有血尿既情況,我唔係突然轉尼隻糧,一路係食開尼個牌子,我亦試過係HKTV mall買同一款,不過其他商店,無出現過有問題,但今次係尼間店買就出現咁既情況,各位買家要小心,唔想有其他貓貓都有事"
1,訂貓糧送錯左狗糧 =-=
1,包裝密封己開（中間開了一刀），第一次購買，不知是否少了。不敢給寵物吃
1,發錯貨？可惜屋企冇猫。。。
1,到貨已經係打開左 不過我諗唔係刻意打開  檢查過裏便三支藥都冇問題同埋Expire day未過 下次麻煩留意一下啦
1,商店對退貨問題服務極差
1,送貨送到泥留晒啲水出泥…
1,我在5月尾購買，剛剛打開膠囊，發現不是粉狀，試了幾粒都一樣。
1,包裝冇鐳射正貨標籤，係咪平行進口貨黎架？
1,收到貨，箱子外部爛了，沒想到裡邊包裝也爛了。10kg一隻成貓要食好耐，現在都不知道該如何保存，以後能否送貨時多多留意。
1,包裝箱壓扁，乾糧包裝袋已開，乾糧倒了出來；令在 apps 按了退換貨品，2天都沒有回覆，hktvmall 售後服務真係太差
1,其中包N1原味，包裝原好打開包裝己發臭，一陣陣叔臭味，不能用。想信混入大陸假貨平買。
1,收貨後發現不是真空狀態，原來包裝袋經已破損，換貨。
1,唔掂 介到咁 😅😅我點儲存
1,大佬呀 今次搞咩呀 d砂既色勁差 勁暗淡 無曬綠茶味 原來88蚊清貨就係呢種質素 唉！
1,我訂幼貓 細粒 送左 stage 3 黎 一開係大粒先發現 送錯貨已經唔係第一次 差評
1,"因為已經買過幾次，次次都好好。所以今次收到之後放埋一邊等舊支用完至開，去完旅行返屋企用發現樽頸係半斷，而家噴出嚟嘅位置完全控制唔到，兼拆開張膠紙時斷咗既膠𠝹損我手指。
而家又過咗7日，咁係唔係真係冇得換先？"
1,益生菌倒出來有一舊舊不是粉狀？是否受潮了？還分了3次訂了一共9盒，現在怎麼辦？
1,開左四日，貓貓嘔過兩次，上網翻查資料原來最近呢隻糧有問題，好多主子食左之後嘔，甚至痾血尿，我都唔敢再俾我主子食！
1,"其中一包是穿窿的，漏到成地都係⋯⋯請退回/更換。
之前買開4包是一箱，有紙箱保護⋯⋯不是像今次一包一包分開送🤦🏻‍♀️🤦🏻‍♀️🤦🏻‍♀️"
1,舊包裝貓貓唔肯食，之前包裝一直都食開
1,之前都有食開呢隻貓糧不過喺第二間買，呢兩次就喺呢間買，今次兩隻貓貓食左keep住痾軟便，以為上一包糧受潮變咗質，所以掉咗，再買咗包全新，結果都係keep住痾🫠
1,貓罐頭不是第一次買.今次罐頭包裝又同上一次損壞，
1,其中一罐明顯知道係次品仍送出（收到貨品時外箱完好）
1,琴日抹完 岩岩就見到2隻小強係度遊走 完全冇效用 用一個蓋開100ml水 咁濃都冇用
1,包裝破損 係咪可以換貨
1,"⚠️浸水後嚴重甩色，如果加真貓草係唔會甩d咁ge綠色
品質有問題，唔會比貓貓食
望hktvmall 對商家產品作出警示
大家千祈唔好買比主子食，色素加工唔係真貓草"
1,因為冇曬貓糧趕住購買， 見佢寫住即晚派送所以順便買多兩包貓砂，但原來即晚派送只係宣傳技倆， 當晚一樣冇貨送畀你跟住被通知話安排另一日。 同客服投訴，客服就求其敷衍一句話已經安排過兩日送貨， 咁唔係趕住用使乜要求你即日送貨？ 冇貨你出聲啦我自己落街買。 大家記住有急用嘅貨唔好諗住hktv會當日送，隨時都係收咗你錢跟住話畀你聽第日送。
1,"我支付$304 元是買4kg , 你們卻送來的貨只有2kg , 是什麼意思及問題？ 還要等一星期時間安排才可換貨，現在買了的貨待換領，現在貓貓沒食物吃，我要去別的地方再買，你們送貨前沒有人查單看清楚貨物內容嗎？魚目混珠"
1,"呢間鋪送黎既罐經常凹晒
凹得勁誇張果隻
其他鋪都唔會咁
反映過都無改善"
1,我見有客人評論產品拆開好像潮左，其實我嘅都係一樣，之後再開另一盒就沒有潮，但發現有啡黃粒形，我一向都有用開，之前都唔會有呢個情況，我見過係同一批號🤦🏼‍♀️🤦🏼‍♀️
1,尋晚開咗，發現一大陣重金屬/霉味！我哋一直用開，平時一開係好大浸好香嘅綠茶味。今次一開啲味完全係好刺鼻。之後我一睇原來佢係2022年生產，即係今年六月就到期。佢又唔係特別平，但比啲近期嘢客戶真係好過分😑我對上一次係HKTVmall第二間店買，人哋生產期係2023年9月，足足長過佢一年有多！
1,益生菌倒出來有一舊舊不是粉狀？是否受潮了？還分了3次訂了9盒，現在怎麼辦？
1,之前一直用開N1，今次呢包砂一開好大陣味好刺鼻，連我聞到都頂唔順，結果兩隻貓完全唔肯用，要成盤換過浪費晒
1,"其實唔係第一次買貓糧包裝有破裂，早係2023年買貓糧已試過，今次已經係第二次又出現咁既情況，同商戶反映返問題，回覆話有機會係我開箱時""𠝹”到，如果係我「𠝹」到既話，我洗乜哂時間特登同你講有依啲問題？除左我之外，見其他人留言都反映有咁既問題，商戶會唔會諗下包裝pack貓糧時保護得好啲，或者入啲野墊住啲貓糧，等貓糧袋無咁易爛，而唔係將責任推返顧客身上"
1,"明明是4/2023到期,貼張貼紙改成5/2024"
1,請留意一下派送服務不按照我們的要求時間影響我們休息！！！
1,"落單又話會額外送多包1kg糧先買
最後無送到，訂單入面又無寫明，口同鼻拗"
1,買了12盒，其中一盒包裝破爛
1,"買咗一包原味同一包綠茶，發現包裝、味道、品質同正貨都有出入，有難聞嘅香精味、包裝手柄同印刷顏色都唔同、仲好易散
嚴重懷疑係咪正貨！"
1,點解D湯係灰色既？係咪正常？貓咪第二罐已經唔食啦
1,貓砂裏面有異物，請解釋
1,看到優惠是買大包送小包，到貨時送的只是一小包凍乾，非常失望。還有包裝袋上的到期日竟然是一張可打印的日期標籤，真不知道是什麼原因！！
1,包裝損壞 有𠝹開的㾗跡 需安排退換貨
1,訂左24罐，成箱冇送？？
1,"我隻貓食完半個鐘肉嘔返晒出嚟, 未試過咁. 另外買咗罐牛肉味, 搞到我唔敢再俾佢食"
1,"商品顯示是18L 
購買兩包 送2L貓砂一包
但收到的貨品是兩包6L + 一包2L贈品
麻煩請跟進或安排退換貨

"
1,買一包送凍乾，買三包，送的凍乾在那裡？
1,買咗兩包貓糧，已經食左一包，近日開埋另外一包諗住俾貓食，點知俾我發現到包裝已經損壞，漏咗啲貓糧出嚟，送貨嚟嗰陣冇仔細檢查，而家諗住開埋第二包嗰陣時先發現，究竟係店家出貨問題定係運輸問題？
1,今次收到啲貨勁多罐頭凹咗 而家話冇問題唔肯退錢 有冇搞錯？買咗咁多次？全部嘢收起咗點俾貓食啫？我唔要淨係退錢唔退貨 麻煩搵同事聯絡返我
1,冇買過咁差嘅寵物零食，呢幾日發現貓咪排泄物已經有人工色素嘅顏色，而且仲多咗嘔吐，嘔出嚟嘅係呢個所謂嘅健康零食入面根本冇辦法消化結構物，根本冇良心品質，以後都唔會買，都唔會推薦俾大家。
1,"包包到咁實, 撕完膠紙有一包爛到一地都係, 點解要咁包"
1,見到評價好，所以買一罐嚟試吓，可能我的貓貓唔啱食，食完就嘔了😔
1,"勁刺鼻，好臭，陣味唔系綠茶味黎，買咁多N1,第一次系咁，勸大家唔好買。"
1,"用開果款無貨
買黎用住先
點知搞到屋企三隻貓都眼發炎
人都眼鼻敏感
勁極差劣 
永久black list"
1,防臭能力比其他店買的差
1,試問一打開就看見包裝𠝹開了一刀，怎可能安心給貓咪們吃呢？一袋4kg就這樣浪費了！已經不是第一次了！只能black list。
1,"見特價$7咁抵，買左30罐，有6罐都凹陷，有1罐開左！！
如果罐罐係凹先特價，麻煩請註明！
開左嗰罐就真係接受唔到！"
1,運送途中包裝有問題，收到時發現已經有產品流左出嚟
1,"這次是我本人第三次購買這個貓草
我屋企兩隻貓都好鍾意食
但最近呢一罐貓草，我見我兩隻貓都唔肯食
聞完就行開咗，已經試咗幾日都係咁
加上收貨的時候，我發現罐上的蓋不是密封的狀態
我懷疑可能貓草變質了
請問可以安排換貨或退款嗎？
謝謝"
1,明明特登聯絡呢間 PET PLANET呢款罐是否主食罐，得到回覆說「是」 我先買，回購幾次後，貓貓食左幾星期後先話我知原來不是主食罐！ 好過份！好離譜！
1,買過幾次，最近一次產品比較深色，睇落似受潮，拎上手亦無咁乾爽，貓平時好鍾意，今次呢盒唔肯食
1,新包裝有中文紙的版本有很多粉塵，弄至地面很污糟，舊版唔知乜國文字很少粉塵，懷疑是否不同供應商？？
1,買3枝有1枝爆左，漏晒出黎
1,"一直用開，最近兩次嘅貨都出問題，共5包
好大陣化學味，冇哂豆腐味
真係好唔ok!!!曾經見過有人留言投訴呢個問題
QC出左好大問題，麻煩同供應商反映"
1,氣味在未開封都已聞到，用時氣味比漂白水更強更攻鼻，完全不能用於有寵物及小朋友地方，只能用於清潔廁所，但氣味久久未能揮發。
1,一打開整個膠袋都是清潔劑， 蓋沒有封好， 差不多1/3的清潔劑倒了出來。
1,懷疑是假貨、粉塵多！品質差！沒有原廠正貨嘅QR code！
1,送黎件貨有爛...痴膠紙就算....
1,本身已經回講多次，不過今次真係太過份，過去訂貨送來的貓砂包裝有一半都有漏氣情況，不是真空包裝的！見一半一半就算，但今日收到全部都係漏氣的，叫人仲點樣再幫襯All About Pets 呢問供應商呀！你哋HKTVMALL 俾佢打爛個招牌啦！真係好😡😡
1,訂2包，衹來一包，客服揾唔到，真差勁
1,一開盒包貓糧已被開封！😰😓
1,第一次買這牌子，貓貓聞2下就調頭走。頭幾天轉糧給的份糧不多，但吃淨的都是這新糧。到今日食左一星期左右，7成新糧，肚瀉了，屁屁和大腿都是便便。食用期只有6個半月。送的玩具貓貓玩了幾分鐘就爛了，可能已吞下部分。
1,"剛買剛開封 不脆 「霖晒」 猫猫不吃 
請問如何退換"
1,寫明會免費送貓砂墊，根本就冇！呃人。是旦比左個公仔黎，冇晒貨咪通知我囉
1,送貨是沒有包裝，貓砂袋破裂散落一地
1,食完隻貓開始肚屙，好有機會批次成份有問題， 成包掉左
1,第二次買，今次買的醬變質了，唔敢比貓貓食。
1,"之前都有買開呢間～但今次發覺外觀已經有問題好假～好輕身～打開一睇同以前唔同～貓貓現在只係聞一聞都唔食了
～左邊係新 ，右邊係舊以前食開
唔敢再買～"
1,"$152購入，只收到一包。
還是一套有2包？"
1,本身多次訂購，不知為何今次拆開包裝發現少咗一包，明明我係訂2包的！
1,"都唔係綠茶味 變左糖味咁 
好失望 變咗味 貓唔肯去"
1,"本來一直用開無問題，但今批好
臭。我上次訂有1包剩下是正常，跟著將舊嗰包同新嗰包個袋對比，發現新嗰包個原裝正貨logo是淺色咗，佢d砂粒都幼細咗"
1,好大陣味，當陣香味散左之後，反而會有啲臭
1,貓糧前後方並沒有雷射標籤，與商品說明不符。
1,三份一完全碎晒好難食！
1,我的貓貓一直都食K9妮款凍乾，之前都冇任何事，宜家買左妳間舖的，食左一兩日就嘔吐，停左就冇事，再食一兩日就又嘔，都係未消化的凍乾。我真的懷疑係假貨或者改左日期！之後都唔會再買
1,想問一下 點解我收貨後 貓罐頭好像被冰凍過的
1,"同一時間買
開出嚟既肉可以唔一樣顏色
中間嗰個明顯係變壞咗
好彩見到
如果唔係唔知咩後果"
1,"離哂譜d罐頭全部破損,又漏貨。"
1,今日是9月，貨品有效期只到明年6月，一年都不足夠😡😡😡，買10粒是冇用的😤😤離曬普
1,"今批貓湯顏色很淡, 像溝了水, 沒有香味."
1,"貓貓一向飲開，但今次貓湯的顏色淡了很多，也沒有以前的香味，聞起來味道怪怪，貓貓唔肯飲。
"
1,"其中一包漏氣，商戶拒絕退回。
雖然商戶指明漏氣不影響質量（看到回覆才看到商品說明有提到），但係如果唔影響質量當初產品又為什麼需要真空包裝？ 香港天氣潮濕，如果冇真空包裝產品容易受潮，有點樣確保唔會影響質量呢？"
1,"今次貓砂的凝固速度比以往用開的較慢,
所以經常黏着貓砂機的底部"
1,開咗一罐發現有發霉問題，開第二罐也有。早兩日才買的。
1,全部都漏氣，不是真空包裝，劣質
1,冇水份、欠缺衛生要求退款
1,訂咗兩包粗粒，但送咗兩包有幼粒嚟，非常唔好用
1,有效期1年，但這桶製造期是2022年3月，有效期太短，$250/1桶，唔算平，供應商是否過份。我要求換貨或退貨
1,今次係最差一次，一直有回購開，貓砂好多碎砂.外包裝有損壞
1,"我本人一直買開4包12kg  香港行貨嘅貓砂
是次到貨 變為8包6kg 包裝貓砂 
包裝極為不淨 亦沒有行貨logo 咁如何證明佢係真貨或行貨

用以過往圖1作對比 圖2 3 4 是次送來的課 圖5是今次訂單"
1,拆開貓砂包裝入面竟然有一包肉泥咁得人驚？想知貓砂公司係咩環境下包裝貓砂？
1,"都是包裝及運輸的錯：
包裝~盒上沒有向上的標
籤
運輸~不應把貨品横放
*導致客户蒙受不必要損失*"
1,又係送漏贈品小食，不如唔好寫有得送
1,不吸味 凝結力不足 還入了8包🥲🥲
1,"長期購買了，但第一次發現貓砂有石粒
而且超長，品質差了"
1,收到發現穿左洞，乾糧都跌埋出黎，買左你地店好多次，今次好失望
1,"買左2罐比貓貓，2罐個底都係凹, 以後唔會係到買野"
1,長期回購這個牌子貓砂、今次發現貓砂粒比原來粗粒左點解既？
1,一直用開N1 貓砂 萬萬沒想到在專門店買到質量奇散 小貓如廁後 貓砂就散開 以為自己的保存箱有問題 開一包新的再試 問題一樣 預水（尿）即溶
1,為何訂6包貓砂也沒一個紙箱？散散的送過來叫人怎樣存放？？
1,最近訂嘅N1綠茶味貓砂，唔單止冇綠茶味，重要有陣噏味好難聞，已經係旗艦店買，點解都係咁，麻煩正視呢個問題。
1,我第一次買這個貓砂，氣味好似變壞咗好臭！
1,"上次購買說好的原裝包裝沒有了, 只有一個摷紙盒裝曬兩盒32包散貨。 看到貴 店回覆留言說會注意派回原裝未開封盒包裝, 點知多一次機會買了三盒48包, 還是變成一箱紙箱散裝....

&#40;附圖二&#41;其他店家的“原裝”是這樣的, 不知道貴 店所謂原裝是什麼意思？"
1,訂左咁耐Hktv，第一次通到送貨完全冇任何通知，連預先通知提供收件碼WhatsApp都冇，冇按門鐘 直接放門口，如果唔係屋企人丟垃圾都唔知，收入屋時發現貓砂包裝係穿左
1,"呢個價買開3包,依家變左一包"
1,買家不老實，$152 只有一包貓砂
1,狗狗唔肯食，直接餵、加在狗糧、開稀些⋯用不同方法也不肯食！
1,"多次有一至兩包漏氣包裝, 不是每包都真空包裝"
1,唔知點解，貓貓食咗又屙又嘔，是否貓糧已被污染？
1,貓貓不嬲有食開呢個牌子嘅糧但最近呢個月係咁食到嘔，幾日就嘔一次，覺得好奇怪直至我睇到呢到啲評論🥹😭懷疑係儲存方式定貨源有問題，建議大家唔好再係到買.... 我即刻轉糧睇睇個情況先...
1,關於重量問題，想問17.5L應該係幾多kg？我就磅就得7Kg，定係唔應該係咁計？第一次買，唔係好識睇個重量
1,"送左另一隻罐頭
貓貓唔食依款🥲"
1,完全冇色，係咪真係有效？可以殺菌嗎？
1,呢間公司仲搞笑，上次買21罐數咗N次得20罐自己堅持堅持自己包咗21罐搞到我好似我問題咁，雖然最後賠返一罐俾我，但係我感覺到係怕咗我，所以俾返一罐我，所以我今次驚訝咗你，我買一箱24罐，費事你哋又比少咗
1,買了6包，5包都不是真空包裝的
1,嚇到我彈起呀！岩岩開呢包貓砂倒出嚟，突然有隻曱甴🪳一齊倒咗出嚟，隻曱甴仲好活躍，爬咗出盤邊。成包貓砂唔要得。回購買咗好幾次，第一次有咁嘅問題！
1,嚟支嘢稀釋得太勁，殺菌力唔夠，香港本土出果支掂好多。不過無貨
1,"買咗2包，其中一包好多白色一點點，似蟲卵，好得人驚  &#40;啱啱今晚先收貨未開封&#41;  &#40;密集恐懼症慎入&#41;
1: 疑似蟲卵版
2: 正常版"
1,真係好砂 主子痴腳 唔多like ??
1,垃圾貓砂！超級唔好用！
1,裡面獨立包裝穿窿嘅。。。用唔到。 可否安排CS 跟進
1,"跟原本的包裝印圖不一樣。改了新版嗎？
原本的是C I   A O分上下的
我現在收到的是C I A O連埋一起。"
1,我頂咗呢款 送咗第二款 為什麼
1,第二次買，突然多咗D白色粒粒，然後隻貓貓突然由上次好鍾意食，變咗今次咁完全唔食😰
1,"罐頭”粒”左
外層已經有泡泡紙同紙盒保護 應該唔係運送引致
係入貨前已”粒”
因為罐頭較貴 期望品質更好"
1,購買庭園香款式，但商户發送的卻是無香味的。已經於收貨當天提出問題，要求退貨，不過兩天後商户還在審批當中，希望能盡快處理。
1,我買了四包，此綠茶味好刺鼻好難聞，不似綠茶味😥😥😥😥😥
1,不喜歡吃雞肉嗰隻就鍾意食
1,我order綠茶味，但係你俾我嘅唔係綠茶味，同貨品嘅相片包裝不符合
1,開箱後發現其中一包貓砂袋底爆開瀉出貓砂！
1,買六罐有三罐凹咗，應不再選購這間。
1,"開封咗唔係好耐，擺咗喺糧筒入邊再加密實袋 第一次見到有蟲，嚇死即刻連埋個筒扔咗去😞😞"
1,商品送到過來袋子爆開都唔知係咪次貨要求更換
1,中伏！陣味令人超唔舒服
1,Royal貓糧有小麥麩質，小麥。全是精味，化學劑。
1,未能收到貨品送咗一支酒畀我.打電話及留言找他.電話也關掉.
1,都冇放貨入包裝箱，只有回覆不受理退款要求，以後都唔會在這店買嘢。
1,呃人？ 得包乾糧無濕糧
1,買左20包，但只係送左19包黎，仲要其中1包係爛包裝，但都唔肯退錢，極差！
1,沒有水泵濾棉在內，請客服立即跟進！！
1,我係用開N1原味貓砂＇今次訂的貓砂有雜質，原味應該係純米色，今次啲沙有黑色
1,"警世‼️我的貓吃完屙血尿及肚瀉，病了兩星期，心疼擔心足兩星期
謀財害命
永遠不會再買此代購的產品"
1,質量參差冇保證，今次呢包砂好大味，搞到隻貓唔肯去廁所，周圍痾激死
1,送錯了貨，把3包嬰兒尿片送來，而不是寵物尿墊，請跟進
1,本身係因為唔記得取消貨品加購優惠，所以唔小心買咗 但係冇諗過一打開原來已經裂開咗 請問客服可唔可以主動向我查詢百幾蚊買咗件爛貨？
1,香精味太勁，主子未用過既時候都覺得頂唔順陣味。主子使用後，尿會沈底，鏟死人
1,我都發現今次新一批貓砂唔同咗，啲沙好粉，一剷就沙塵滾滾咁，味道都唔同咗，但我已經開哂袋，希望貓貓唔會過敏，請停止出售呢批貓砂及check 清楚🙏🏼🙏🏼
1,雖然有說明是made in China.但沒想過包裝底部全是簡體字，感覺欠佳，應該是國內銷售版本
1,無講係粗粒，最重要就係（好難沖走）沖幾次廁所都沖唔乾淨d貓砂 非常離譜 一直買開呢個牌子 ，每次都買最少7包以上 未試過好似呢次咁，每次都沖唔走，要沖好多次水
1,"今次訂左2包原味、打開好燶味、好確喉、我掉左
"
1,個手抽位爛都唔緊要，但我唔係訂咖啡味喎！麻煩換貨
1,食完呢隻糧嘔血阿！今日睇醫生腸胃炎！
1,送錯貨，申請退款沒有人理會，
1,勁多碎粉～成個砂底都係粉！！！
1,"聲稱會贈送的贈品wellness開胃補充品、kakato貓狗小食 一樣也沒有收到
請問該如何處理？"
1,我第一次訂水蜜桃味，甩色程度嚴重，我隻貓隻手已經變咗粉紅色，好驚佢舔手食落肚，希望可以同我跟進退貨！！
1,以前在貴公司訂過幾次貓砂，但是今次2包貓砂無論顏色和氣味跟以往的都很大分別。貓貓不願意用。似變壞，過期貨的品質。不會再回購
1,買了兩盒 ，其中一盒外包裝打開曬，點知會晤會有人將裡面的產品換左，這是產品安全性問題，麻煩檢查好再發貨
1,"what happen ? 到貨時包裝袋破爛的！
但尿墊質地尚算好……吸水力o.k. "
1,發哂霉 好臭 黑心商店
1,兩包包裝手提位置都損壞了， 都沒法提
1,已過期、冇水份、欠缺衛生要求退款
1,冇貨又唔早講 要分開2次送又唔講 係咪生意太多做唔切 咁我去第二間買啦
1,所有包裝打開後都有臭味，未知會否影響食品質素，即時全部棄掉。附上生產批次資料圖片。
1,購買三袋，但來了两袋！但由放在13／9購買，15／9收貨后，到24／9才拆開箱，才發覺少了一袋
1,我買三包，其中一包好明顯係爛咗、然後搵膠紙痴返佢！其實唔知道啲貓砂有冇受到污染、好唔衛生！
1,$80係平，所以先買6袋同款，即兩箱。送貨則送6散袋 ，完全收納唔，櫃放唔晒，放出來D貓又鐘意膠袋。 唔明點解唔原箱/入箱送！
1,貓貓之前一路兩個牌子溝糧食，直至全食呢個品牌幾日就出現痾血尿情況，睇醫生睇了3千幾蚊都穩唔到原因，病了成2-3星期。睇返咁多呢隻牌子貓糧評論先知道原因在這裡。會即刻轉牌子
1,包裝嘅紙箱完好無缺，入面嘅罐頭就罐罐都凹嘅，一定係入箱之前已經撞成咁
1,執起貓尿嘅時候見到閃零零，以為係貓啲尿有問題，然後3隻啲尿剷起黎都係咁…. 最後發現兩個貓砂盤底都有好似閃粉嘅嘢😰用咗呢個牌子10年，第一次遇到呢個情況…. 係咪今批次有問題？開出嚟都比平時大陣味，怪怪地，但見啲貓貓都照去廁所就繼續用…點知琴日就發現閃粉…
1,"我買的是45×60size,發錯請盡快跟我更換"
1,"之前買咁多次都係真空，同埋我喺第二間買都係真空，尋日收到貨發現全部都入晒氣、鬆晒咁，唔知係穿咗定咩，貨品究竟有冇問題㗎？？係咪壞貨嚟？？
之前我買過幾次都覺得價錢合理先回購，但今次就咁，我真係覺得好不滿，始終俾毛孩用，依家又急住要，都唔知點算好，真係完全對你哋失去晒信心。"
1,我買咗6罐，打開箱除咗其中1罐爆開咗搞到成箱都係濕糧同強烈嘅氣味要我洗餐懵之外，其餘4罐都係凹！ 想點？
1,我訂了26罐，有17罐凹左，佔左三分二，太過份了，以後不再訂這個商品
1,今次批貨好唔掂！我隻貓用完腳仔染晒色！之前都未試過咁！仲買左3包！真係好想退貨！
1,懷疑假貨或者變壞左，味道同平時唔同冇咁香，搞到貓貓嘔，嘔啲未消化既糧出黎
1,"買六罐當中有一罐砸爆了罐頭的汁流出, 這罐頭損壞了, 也不敢畀狗狗食用, 浪費了一罐, 之前也試過同樣情況, 很失望不會再訂購了"
1,點解包裝全身都有針孔洞？唔知有冇漏氣，擔心品質變壞，唔會貓糧有啲問題嘛？希望更進返呢個問題。
1,開封口損壞 小貓食左2日不斷肚屙👎🏻👎🏻👎🏻👎🏻
1,選中都要付錢買 onedegree選中會送
1,我今次訂嘅貓砂跟我平時定開的質量太差，太失望，因為我已經訂左你一段長時間，好明顯今次完全唔係我平時定開的
1,今日送的貓沙沒有送到，但說我已簽收貨品，為何經常送漏貨品！請盡快補送，急用！！
1,選的是鯖魚，送來的是雞肉牛肉款⋯⋯
1,哩包貓砂係我用過最差嘅，唔吸水又唔結塊痴晒係盆底，又沖唔走又痴住廁所底🚽從未用過咁差嘅，應該話沒有最差只有更差的貓砂👎👎👎👎👎
1,11月中因貨品損壞而退回，為何這麼久還沒有退款？而且還扣著我的mall dollar
1,"買完用咗一陣
冇特別留意
直到上網睇到話HKTVmall有假貓砂賣
經檢查後
先發現原來我買嗰包都係假貓砂
即刻嬲到唔俾貓貓用
印刷模糊（正貨邊界清晰
香味真係有唔同
結團力比正貨差
同原版根本唔同
HKTVmall係咪要跟進一下？
假貨貓砂 但標題都係寫原裝行貨
誤導消費者"
1,一打開還以為縮左水….一半以上都壓到變曬形……..
1,比錯貨，訂購的是粉紅色雞肉羊奶，但俾咗綠色吞拿魚
1,包裝爛的，一打開已經爛了。
1,好似另一個牌子咁 現在N1又碎 陣味又怪 非常差 
1,包裝穿左，因為係自取，取貨時由店內員工幫我放入車仔度，無檢查，返到屋企先發現😡。之前其他商家買過無呢個問題。
1,我訂購係2袋12kg，而家收貨係4袋6kg！我買嘅係行貨，送到的疑似水貨！
1,無送到贈品，客服又唔回覆
1,"今次買的這一批跟之前買的完全不同!貓砂顏色不同比較深,味道比較濃,重點是吸水力降低。結團但是仍軟身狀態不會乾，之前買的品質是會變硬結成一團很容易鏟走, 但今次買的貓砂軟奶奶一坨，放久了狀態仍是濕的，會粘着貓砂盆很難鏟走。而且猫咪用了這款貓砂明顯身體有過敏反應，面＂額頭更有明顯脫毛, 根本跟之前曾購買的貓砂品質完全不同! 已經停止給猫咪使用！"
1,打開入邊全部都係膠水漬
1,我買24罐，但係送來只得19罐，尚欠5罐
1,"買佐9罐 每一罐都有不同程度凹陷 
包裝保護度一搬 不過相信係送出前已經凹"
1,第二次購買，呢個星期先開新嘅一包俾貓貓食，但佢一食就不停打乞嗤，唔知係太多碎粉定咩原因，之前一路都係食開呢個牌子，依家唯有再買多包睇吓情況
1,送貨前2小時突然cut單話冇貨！你哋明白貓咪的感受嗎？！賣$87時突然話冇貨，訂購左比左$都係話冇貨，轉頭在架上$95就有貨賣。
1,我訂了兩包，但只來了一包
1,"本身一直食開呢隻糧
前幾日食到最後，倒埋最後既糧出黎個陣，倒左兩條識郁既蟲出黎….omg
嚇到我倒哂啲貓糧，唔知貓貓有無食落肚。
食哂成包糧先見到，過哂7日無得申請退款…..表示無奈😮‍💨"
1,懷疑品質有問題！一開左呢包糧幾隻貓貓都食到柯爛屎！！
1,貓貓一食就屙血，停咗糧一日就正常靚屎，第二日餵兩粒呢款，就即刻又屙血便😮‍💨
1,魚乾碎等好誇張.貓貓又唔食.唔太建議買
1,已幫襯 寵寵樂 一段日子 ，用這個牌子罐頭有7年以上 ，今次罐頭寫明醬汁煮火雞，但我開出嚟， 不是火雞是醬汁三文魚的碎肉 ， 味道完全 同醬汁三文魚一模一樣，但封面照是火雞 ，完全不是雞肉的肉塊
1,Order咗狗仔，送咗貓嘅
1,貓貓痾完尿 好臭，完全唔吸味，了解一下才發現原來係貓砂發霉！  用咗咁耐呢個牌子，都係第一次遇到！！！ 點解會發霉？？？
1,個罐頭好似倉底貨冇人肯買，之後塞俾我咁
1,不容易分解水中，要冲多3-4次，先可沖走
1,我下單3包原味， 但送來的貨， 係3包綠茶味
1,店員態度差，貨品不便宜，不建議購買
1,完全唔好用。我的狗重20kg，用另一牌子可以用全日，第二天換墊時，拿起會有相當重量。但用此牌子，尺寸唔足之餘，還會漏尿，痾兩次尿已漏出邊界，拿起來換還會滴尿。剪開來研究，只有少量吸水珠，大部分都係棉花，所以完全唔吸尿。
1,衰在無睇到評論就買左中伏，一打開包裝盒就解體左 個殼同日曆分開兩件，面頭第一頁好似比人撕過咁飛塞邊，即係話就算唔甩都飛塞邊，品質可以做好少少咯，往年係淘寶買座檯曆都好過佢，新一年座檯曆未用就爛，意頭都唔好，想退貨咯。
1,第一次用n1咁差質素，完全辟唔到味，貓貓屙幾督尿之後成兜貓砂臭晒，仲要凝固欠佳，唔會再買 
1,"貨品付款五件，只得四件.請問有人跟進情況嗎？
"
1,一直買開給貓咪食，但今批貨品唔知發生咩事或出現咩變化，兩隻貓咪完全唔肯食……so sad
1,我對你們的包裝十分不滿意，其中有一包送嚟係爛咗，我見之前已經有客人頭訴你哋嘅包裝有問題，但你哋好似真係冇改善
1,"本來我們的貓貓是食獸醫院買的同款貓糧，一直相安無事
今次在貴公司購買後，在不足一個月，貓貓已經嘔吐了六次，應該是品質控制有問題，有機會是製作過程或運送分法欠佳"
1,湯多肉少，份量不夠，主子要另外加餸才夠食，價錢又不算平
1,包裝沒有保護紙，一界開紙箱已經界爛包糧
1,"氣品顏色同之前唔同 
貓貓用後出現甩毛敏感狀況
質量有問題 
懷疑假貨 
請嚴肅處理"
1,明明買左原味，但送左綠茶味。其實可唔可以睇清楚先俾貨人？
1,之前，都一直購買此品牌貓砂，今次一如既往都買了3包，但開左其中一包，發覺味道跟以往不一樣，此包一開已經有很濃烈的化學香精味，令人聞一下都覺得不舒服。想了解是什麼情況，十分不安🙏
1,这2次產品包裝及顏色不一樣肉汁少左，这2次猫吾限食，放左系到浪費！
1,我本來買2包，只收到一包，但有搵唔到客服
1,買了綠茶味，卻送豆腐味
1,從來訂購的都是17.5kg，從來沒有訂過6.5kg，可以查所有訂單紀錄，工人姐姐收貨後直接收起來，現在拿出來用時才發現是6.5kg，的，因此過了一個月，請處理！
1,只有濾芯，沒有濾棉，看評論後發現很多人有同樣情況，請跟進
1,02/24 到期也太快了吧？如果知道咁快到期就唔買啦
1,貓砂有濃烈異味及不能有效吸取貓的排泄物
1,發霉 發霉 發霉 ！！！ 好過份！
1,"送貨員態度惡劣，冇聽到送貨員電話，冇睇到兼冇覆送貨員whatsapp，送貨員可以唔去派送，唯獨今次呢位送貨員，奇妙地將貨物放於送貨地址門口，繼而以收數方式拍門要求客戶收貨! 拍門拍得咁兇狠，我唔打開隻門，講聲貨物放門口又話聽唔到，仲要whatsapp話我好唔覆佢whatsapp又唔聽電話！
到我開門當面要求打去公司點收啦～ 又講晒粗口搭𨋢走！"
1,🐱🐱食過其中一罐嘔完之後，唔敢再試！
1,最近呢批唔係幾好， 凝固唔到， 又多塵粉，貓去完一定打乞嗤
1,系統自己改左我送貨時間又唔通知，收貨個日等左勁耐，12至18點送貨邊有人收！！！幾次都係咁，好嬲！！愈做愈衰，啲送貨又成日趕收工，電話都唔打，貨就咁放我門口！！
1,我買左三包貓砂，但點知第三包係個紙皮箱+貓砂。。其實如果無貨我唔介意等，但甘樣比我其實都幾難用。。。之前買過一次都無事，今次個shopping experience 唔太好
1,兩包都無咩空氣，唔知有無溜氣。
1,"叫左3包黎左1包
仲要搵唔到邊到可以退錢"
1,沒有真空包裝 包裝 一般般 沒有下次
1,唔駛一個禮拜沙就碎得七七八八，feel到潮哂，又唔吸臭
1,"自取無真空
離開鋪頭已經斷手環

其實加左價之後買幾包都係無真空又勁多碎"
1,又話特擊送公仔，乜都冇喎！好心冇就唔好話送啦！
1,第一次幫襯，我訂了嚴選吞拿魚塊，但送錯了鰹魚吞拿魚伴白飯魚，退貨要幾日，貓貓冇罐食…
1,"一打開包裝入邊嘅封條已經損毁
因為乾糧的zipper非常重要
需要保鮮同埋以防走味
但包裝一打開就係咁樣
乾糧仲要咁大包 要另找方法保存"
1,"送貨嚟個紙箱已經爆開咗
令到貨物暴露
存有衛生疑慮"
1,其中一包包裝明顯損壞冇咗真空。
1,乾得慢，黏盤底，很難清潔
1,明明係綠茶味，又俾咗第二隻味
1,"見到評論寫佢唔錯，就買嚟試下。
結果發現非常難使用，貓砂不能凝固，好難清潔唔容易剷起，咁大包唔知點繼續使用落去，每次剷貓砂都好困難。
希望貴公司客戶服務能與我聯絡，了解一下此產品"
1,品質和之前差很遠！很多都皺晒，打開裏面都有些差！
1,5月中買，要用時發現3包都過晒期！（1月過期！）請處理！
1,"本身話買夠額送贈品😂但送貨見係 沒有贈品的 
😇  貨品正常"
1,訂咗三包，送貨得一包，麻煩跟進一吓！
1,很差！有幾罐是凹的，也算了，今天發現有一罐是脹的，輕輕一按，竟然有湯汁流出！ 人生第一次遇到這樣的情況，也是第一次在hktv mall買罐給貓貓。  半個月前買的，也不能退。
1,欠缺衞生-有問題貨唔好攞黎賣啦！包裝袋明顯人為剪開過，裏面尿墊懷疑跌過出嚟，再比人求其放返入袋，所以果塊尿墊係面。同埋尿埋差左好多，同以前買開唔一樣，尿墊質量keep唔到，愈來愈薄，會轉其他牌子
1,訂了3包尿墊，但賣家沒有將商品裝在盒內，又沒有用膠袋裝好，只是用封箱膠紙捆綁住，令到商品的外膠袋又污糟又有磨損，下次不敢再訂購
1,有啲綠色嘅嘢係個雞胸肉到
1,H240731060775⋯⋯唔係嘛，我正價買了咁多次，你搏大霧，五盒有一盒係散裝袋住俾我？當我傻架。？上次有兩手盒壓開左，我都算了，今次再過分啲。？盒都無？
1,已經購買兩次，但都發現細小的蟲
1,"非常大粉塵
不太建議使用….是肉眼可見的粉塵"
1,呢隻貓砂品質不好，很多灰塵。灰塵痴到貓貓的手腳，印到周屋都係…….
1,多次購買，近幾次碎屑越來越多，品質越來越差！
1,呢個貓草一嚟到只係到7分滿！而且下邊超多碎粒！第一次買呢個容量嘅時候都還好！之後見佢品質唔錯，就買多份靚啲嘅，點知差唔多三份一罐都係粉，所以轉返細罐，點知都係咁樣！非常離譜
1,"有少少臭味, 但仲未過期, 同埋下次唔使俾呢張卡, 環保D"
1,"從來買罐頭無凹位 今次買10罐有8罐都係咁！ 不知所謂 吾會再有下次 之後你地買呢間既罐頭要諗清楚 俾寵物食完既後果 係醫藥費"
1,又話8小時送貨，而家2日都未送到
1,今次買了3包，估不到這麽細小！價格升了很多，品質不及從前！
1,一包兩件，其中一件是近魚尾的位置。
1,開咗兩罐，兩罐裏面都有生銹跡同沉澱物！！匪夷所思！
1,"凍乾竟然混集了大塊的骨頭，非常尖銳，貓吃下非死即傷，小則割傷喉嚨，大則內臟出血。

慶幸每次都用手拿凍乾出來，手感感到異常，如使用工具取出，必不能發覺，貓咪性命堪憂。

有圖有真相！"
1,"唔知點解，好碎。 以往買果D,唔系今"
1,送錯貨！成個月都未成功安排到回收貨物！
1,共買咗8包。50片、25片各都買4包，全部都散裝，包裝污糟到得人驚要用半包抹手紙先可以清潔，污糟到癲。唔明白點解唔原箱送到？本身住村屋已經要由街頭搬去街尾，因為HKTVmall唔會送上門，返到屋企仲要抹餐懵有冇搞錯？
1,收貨時，貨品噴咀已經甩左，噴唔到，點用？！
1,為什麼入面不是粉，是一絲絲的肉？要求退貨
1,產品本應抽真空，開箱發現其中一包漏氣，不知放了多久，這樣會容易令到貓砂容易潮濕生菌
1,"原箱買都俾錯貨
用到第3包先見到....zip咗一包平嘅落嚟
"
1,我一向在門市買開這牌子的貓砂，貓用了兩年多，無嗅味，又易清潔&#40;因為凝結一舊好易筆走&#41;。可惜今次減價貨&#40;98元的&#41;我失望，發現貓貓去左小便，沒有如以往的結成一舊，而且貓廁所有嗅味飄出，要我買僻味粉，我懷疑是次貨或是放了好耐的貨。又不能退貨，無奈！
1,我買的原味貓沙，給我發了綠茶味！我貓討厭這味道！沒貨亂發！難聞的味道！
1,"放飛機都算
我買4包17.5L N1 貓沙
送到嚟變咗3包17.5L  +2包 6L
HKTVmall 而家變咗淘寶？
無貨求其塞滿佢就算？"
1,"沒有送貨？只有罐頭！
見買24罐有得送，我才買24罐！
請盡快跟進‼️"
1,太硬，不適合中小型狗狗
1,我買2份魚扒送來2份魚尾
1,洗髮水的樽是烂的，我也服了，明明纸箱是完好的
1,訂了24罐，其中有9罐出現不同程度的凹陷。此供應商必須更換，否則只影響日後透過HKTVmall下單。
1,我打開包裝看到裡面有一整包貓條？？？？
1,買3包只收到一包～請處理～
1,「買滿$500送$50」的電子優惠卷根本用唔到！明明未用過但顯示為「優惠券已被使用」，請跟進！
1,喺呢間買左7罐170g既罐.. 7罐都係凹既…
1,等了差不多兩小時還是是找不到工作人員收送貨時間 真是厲害
1,今次有一盒包裝盒已破損
1,貨品不足，我買4 set，發貨1 set，還久3 set 什樣
1,商品說明200ml水，其實根本用唔到咁多水黎發土！120ml左右已經完全足夠。其次啲土發起黎太容易裂開，唯一好嘅地方，種子畀好多
1,粉塵極多，而且完全不能掩蓋氣味。結塊速度一般。除非貓貓早已習慣此砂，否則絕不推薦。
1,肉粒裡面有骨，甚至0.5厘米大，貓貓長期食發現大便有血，不會再買
1,又送錯味，買原味送綠茶 ...
1,食物已變壞了， 但過咗七日，無法更換或退錢！是否食物不是一定要七天內有問題，才可退款或更換！未過到期日， 到期日為2026年6月！
1,本身一直有買開，今次包裝損壞，貓砂沿路散落一地，但送貨員當睇唔到，照將貓砂送到門口
1,"用了N1幾年
這次買的雖然有正貨logo，跟以前買的很不同
一開始用的時候玉米味很重
然後用兩三日後就開始有小便的異味
就竹凱很小心地清潔砂盆也沒有幫助
貓貓有點抗拒使用，尿量少了
不敢再給貓貓使用"
1,"出面超市賣$59同一款, TV mall 貴過出面好多！離譜"
1,"門市特價$59包, 但回家後看賬單紀錄竟然收了$66.4"
1,狗狗滴完後，第二天耳仔入面出現紅色一點點。
1,$60 ，未試過收到三小塊！
1,$72.9只有10蚊，不建議購買
1,包裝大夸張，用28cm x22.5cm x13cm 纸箱装一支洗頭水，望從簡包裝
1,不錯，價格比較貴，希望貴公司替客人爭取較平的價錢，祝貴公司生意興隆
1,"明明訂咗4L，但係送貨送咗2L 
做生意唔老實"
1,其中一包全是細魚尾部位並非圖示三文魚扒
1,收到的產品到期日為2023年9月23日，就快到期，請從速安排退貨。
1,買7包，7包都過期！！！！！
1,星期日取貨，昨晚開發現顏色有異，較正常的顏色灰，今年再到其他店買，顏色鮮粉紅，昨晚及今天联絡客戶服務冇人覆
1,兩包都臭既 發曬霉 有陣芝士味 過左7日無得退 兩包貓沙點會7日內即刻用 ….離曬譜
1,又話買滿 250元 送 Tempo 三層衛生紙一條，由訂貨至今貴舖還有貨銷售，為何昨天給我通知要取消這貨品的派送？？！那請給我辦理這貨品的退貨回收退款處理。
1,"我4月買左兩包 其中一包都有漬
當刻都覺得奇怪 好似用過咁 都不以為意
係最近傳N1有假貨先醒返起
岩岩睇到HKTVmall回覆其他留言 重搞笑
個個印個 正品行貨 既包裝去賣就係 正貨？
仲要係個包裝已經印埋落去
唔係防偽標籤貼紙
重要個張聲明書只係強調咁證明左DR.KING 有賣過比依間野
但唔代表無賣假貨
同A攞10包 再同B攞90包唔得咩
係咪應該教消費者點樣去分辨正貨呢
例如 包裝/沙既氣味/沙既顏色 等等
消費者分唔到正假貨 咪最多唔買"
1,一大開個盒好Durty😵‍💫，好似俾人用過咁
1,"1. 袋面文字唔係中文/英文
2. 貓砂未使用前已有異味&#40;腥臭&#41;
3. 吸水力差 次次都要換好多砂 好快用完一袋
結論:
應該係外國冒充N1既假貨, 建議買過第二間"
1,唔知咩原因有兩盒包裝打開咗盒爛咗，我喺外面買包裝盒係會有包膠封住，呢度係六包都冇，其中兩個盒仲要打開咗裏面啲一包包濕糧包裝好巢，唔係因為送貨地址拍錯咗，搞退貨冇得揀地址，我真係一定會要求退換，唔知HKTVmall到底有冇檢視自己嘅商戶商品品質，就算係平或者特價都唔應該容許商品會損壞，即使我而家唔退貨，麻煩你都解釋一下點解商品會損壞
1,超簿 ，厚底同質感同係其他商舖買完全唔同
1,爆開哂，㩒唔到退貨，請聯絡跟進
1,黎到打開發現撞爛左 但紙盒冇事 倉務知道本來撞壞但照出貨？
1,"貓貓玩贈品之後隻手變咗藍色，贈品甩色

"
1,訂咗兩包原味，送咗一包綠茶一包原味，收貨時自己也沒為意。要用時候發現是綠茶味，諗住照用，但氣味太濃導致到貓貓哮喘發作。有香味系列應該要停產，香精本身對貓身體也只有害處，沒有益處。
1,仲有買其他嘢，係智能櫃取貨但得一袋3盒其他貨，偏偏依支就收唔到貨，通知咗佢，但話我貨已收，就想咁算數，有無搞錯？？
1,未開，但從透視窗看到三包都好碎好多粉，其中一包好似麵粉咁（圖一），我買過其他牌子嘅豆腐貓砂唔係咁，冇諗過喺N1專頁買係咁嘅質素。好失望。
1,好細粒，同張相有偏差…
1,顯示價錢與收銀機電腦價格不同，相差$10。
1,之前一直買開，質素好先決定大量入貨，但係哩批貓砂既品質完全令人失望！勁痴底，吸尿後成唔到團，一pat pat，不用再回購！
1,"
我的後台說明後送貨服務係放喺防煙門側邊，送貨服務又冇whatsapp有冇短訊，
易貨品放喺我的鐵閘，我在喺家中裏面，燙不到的鐵閘，我需要管理處而走貨物先可以燙到鐵閘攞到貨件，你的服務原來係太差了，沒有改善你的車隊要的司機送貨嘅服務，"
1,"15/6收貨 : 即日開始種, 用量杯依足份量加水及放窗台
17/6 種子開始有發霉
18/6 霉菌更多
 
唔知好唔好繼續種佢, 種出嘅草又唔知可唔可以俾貓食"
1,是冒牌嗎？比原裝簿同面積細，吸水吾得，原裝是藍邊同有少許膠面吸水強，這個價格不值
1,108$ 大約只有9粒
1,"買24包,只送12包,欠12包"
1,"貨到後兩星期打開貓糧有發霉情況，聯絡電子客服說過了七天，不可以退貨，又要我在電子平台留訊息樓相片，但最終都是沒有人回覆
再訂另一間公司貨品品質完全不同沒有發霉情況希望Hong Kong TV Mall跟進"
1,"好用，但一直唔知有粗幼砂之分別
依家仲無咗 $330 三包……"
1,一直有用開N1貓砂綠茶味，這次綠茶味好唔正常超級攻鼻，新倒的貓砂亦有啡色污跡，用了幾日立即成包掉咗，因為留意到貓咪去廁所的次數也少了，又突然流眼水而另一隻貓咪也肚痾，為保護主子健康再也不用，最後換了其他牌子的貓砂，情況也回復正常了
1,3月買咗三包，今天用第二包，發現好似係用過翻賣咁，如圖咁樣.....開埋第三包亦都係咁，正常品質應唔會係咁，要退貨啊！
1,貓咪的屎尿不凝固，還有不防臭
1,超核突 貓糧包裝有小強
1,我買了這麼多次從沒有試過這，貨品一打開便受潮了硬度要用物件敲碎，然後有一浸海鮮腥味，快點重新給我送貨
1,欺騙消費者…又話香港原裝行貨
1,"諗住 Hills 都算出名, 點知原來得 6.5% 蛋白質"
1,一黎到已經爛左 送貨包裝冇事 啫係出貨已經知道有問題都照送？
1,我減價買左4包$60一包😭又細立冇鮮味又多潺，中伏，以前都可以現在D垃圾，以後不會買。
1,拆開包裝即刻試食，唔脆口，淋哂，貓貓都唔肯食👎🏾👎🏾見有優惠先試新嘢！無下次！
1,訂購三枝但只收到一枝，已回報客服🤦🏻‍♀️
1,"買過幾次幾款唔同既罐
送到黎都係凹
反映過都無改善"
1,包裝的紙箱濕晒 導致產品也濕晒 十分不滿意😒
1,收到貨拆咗見到發霉的，黑色嘅，變咗蛀咗好核突，點會俾🐶吃？！
1,"買原味變左綠茶味
換貨要等一星期先處理到
屋企冇咁多位可以6包放係到一星期等換"
1,收貨打開已發霉，退款不接受，亦冇任何人聯絡過我，唔會有下次
1,鹿筋勁碎，我打開了包裝影左張相，左邊嘅超細，中間嘅都係細，右邊先叫正常尺寸
1,於24/4 購買 ，一路存放於陰涼櫥櫃內，今日（15/5）開罐已經發霉。有效期是2026年🙂‍↕️🙂‍↕️ 雖然退款期已過，藉此提醒考慮購買主人。
1,貨物包裝表面係同日本貨一樣，但背係同寫出自泰國，仲要又英文又泰文，膠袋明顯係另一款，仲要冇寫出產日期及到期日。d貨好有問題。
1,貓咪一直食開第一次在這裹訂，肉顏色較深貓咪唔肯食
1,發生什麼事？只送贈品來，沒有送6袋貓砂，請盡快跟進
1,衰自己貪平貪新鮮…呢款貓砂有一種詭異嘅綠色同埋綠茶味，一用我主子肚屙左2日同埋手手竟然被染色！😡
1,買20pcs，當中有6pcs係凹咗。供應商嘅爭執貨員請注意包裝要穩妥地送貨免碰撞！
1,是細條庄的，比正常size細一半，但包裝冇寫，網站資料又冇寫幾g.以後都係去Donki買了
1,"我再講多一次, 我並「唔係做退款」, 我係需要「退換貨品」, 意思是退回損壞包裝的產品, 換返良好包裝, 無凹陷的產品。我睇唔到你地有致力解決問題, 請再認真少少跟進!!!"
1,"買了16罐, 有7罐都是凹晒, 好差!"
1,以前有人送過呢款濕糧俾🐱🐱食，好鍾意，所以試吓買。今朝🐱🐱食咗一半，20分鐘後，突然跑去廁所地板嘔晒出嚟😨我唔會再買，仲有買咗嘅其他味道，我都唔敢再俾🐱🐱食！請幫忙反映🙏🏻
1,"呢隻貓砂最大ge問題係佢果陣濃濃ge""綠茶""味, 真係重到不得了, 屋企有4隻貓, 有2隻用完廁所會打乞嚏, 我間屋換左呢隻砂之後, 果陣味o係間屋度成個星期都未散到, 每次鏟屎, 果陣""綠茶""味仲濃過d便便味.......希望廠家可以改善下。佢粉塵唔算多ge, 係好大粒ge貓砂黎, 結團都幾好，如果唔係因為果陣味, 我會考慮回購, 但而家係blacklist左佢"
1,在 hktv 買過超過十次，這次三包從透明位置看到超多粉塵，貓砂好碎，差！
1,勁嬲，啲鹿筋「勁碎同埋勁細舊」，與平時買開嘅非常唔同，唔知係商家存放產品有問題還是包裝問題，我同時買左5支寵物奶，但包裝上鹿筋沒有用到任何野包住，例如冇用到泡泡紙保護，導致鹿筋被重物（籠物奶）壓碎？？我都唔知，純粹猜測，但如果出貨前包鹿筋已經係咁碎就唔應該俾客人囉！！
1,一箱6包有3包是漏氣的，太誇張了吧
1,其中一包穿了，好彩冇漏好多出黎！
1,呃人幫襯，其實唔送貨，只係退錢⋯⋯咁即係冇優惠啦
1,平時買嘅都係啫喱狀，今次買的倒出來就是一攤肉泥，貓貓也不吃
1,購買12 罐有10罐凹陷，商舖是否有意送出？
1,到貨有破爛情況，拎出來倒哂出來
1,完全吸唔到味，要求退貨
1,"一箱入面有8盒罐裝有凹，是不是損壞貨品？
不知道是運輸問題還是供應商提供一些外觀有瑕疵食物品放在網上銷售？
今次實在忍無可忍，早前已經試過又少量，但今次數量越來越多！"
1,貓砂好好，係hktvmall既送貨安排差到嘔，又無電話可以打去cs部查詢之類，等佢地覆個email黎，貨都送完，hktvmall根本就係一個局。
1,個箱嚟到已經爛，罐頭甩咗幾個都算，但爆開咗真係好誇張囉
1,買咗12罐有11罐係凹嘅
1,"我貓貓完全不喜歡吃，根本跟以前品質完全兩回事，雖然包裝寫同日本造的一模一樣一模一樣，根本就係欺騙。
我之前係Gold VIP會員，最近減少咗喺HKTVmall買嘢，因為覺得呢度比較貴，而家加上呢件事我會再減少喺呢度買嘢，因為裏面好多擺明就係呃人嘅商品，品質完全冇保證。"
1,真係超級濃烈綠茶味 完全頂唔順 聞到刺鼻 貓咪都怕左要避開…. 未試過用d咁臭嘅貓砂
1,發現其中一罐有變壞。可以跟進一下嗎？
1,實物與圖片尺寸不符，實物像贈品，不會再回購
1,未試過用綠茶味貓砂會甩色，好差，用呢隻貓砂染到白貓貓掌變左綠色！
1,非常不滿！我購買原味及綠茶共三包，每包都有大大小小的穿孔，要用膠紙黐著穿孔位。
1,"這是我訂的貨嗎？ 買12包只送貨1包
想要用售後更進， 手機app 一到那頁面就crash. 
真是一星都不想給。 要求立即跟進。"
1,購買12罐，有4罐都凹，極失望😞（全部都是附圖位置凹）
1,大佬玩野？包裝爛既都賣得比人？用膠紙封住當無事？！啲沙漏埋出黎 痴埋膠紙即係你知爛嫁啦 爛既都賣？
1,托盤在那？看評語，大多要客追的。急
1,凝結力差左，尿團易散，又多粉塵，質素越來越差
1,賣假貨，一陣化學品味，用完之後個嘴都腫埋，兩日都未散陣味，良心何在？
1,11/4 夜晚落單時$126一盒，13/4 朝早再睇$93一盒，再睇返comments原來經常發生，黑店海鮮價
1,貓砂用膠紙痴住4包送貨 剪開膠紙發現有3包都穿左漏哂出嚟
1,今次啲砂一啲都唔新鮮，冇咖啡味，連豆味都冇，仲有陣異味，而且不容易結成球，全部黐底??‍♀️⋯⋯改咗配方？定我黑仔？
1,"藏在紙盒裏的兩個罐罐,包裝不錯,應該是凹陷了才包裝送給客戶,這個不應該送給顧客,不會再購買"
1,"包裝非常差, 送到過嚟個袋穿咗窿, 流晒啲沙喺門口."
1,買6罐有5罐不同程度損壞
1,"1./ 狗狗食左，常常抓身體。
2./ 最近又肚瀉了5次
現在已停止吃此狗糧
"
1,紙箱連同入邊貓砂袋都穿咗窿 ，好差
1,咁黑，灰色既水，聞落去唔係好正常既味，唔敢俾貓食。
1,"一向買開日本制造的這款貓食品,今次收到的是泰國制造,两隻貓都不吃！"
1,食完兩隻狗腸胃非常不適。吃同一家店舖的罐頭就沒事
1,收貨後未用，今日去開先見到原來都係發霉，🈶️白色的發霉，唔敢俾狗食，真失望！
1,整包碎了太部分，包裝整理不好👎
1,懷疑添加味精，主子食完狂飲水。同埋成個包裝冇一個地方寫低脂高蛋白，懷疑違反商品說明條例
1,包裝破損，貓砂散滿一地，令我們到現在還在收拾，離譜！ ！
1,"This cat little got the same problem as N1. My cat paws turn green after.

貓砂嚴重甩色"
1,大約有10罐 &#40;總數的4分1&#41; 凹得有啲嚴重
1,不是完整一條！我在外邊買這個牌子是完整一條的！呢度買碎晒！狗狗食的時候很危險容易哽親
1,買過幾次 每次三包，最近買都有怪味，完全冇綠茶味，包裝同之前有少少分別，暫時唔會再買，有其他地方差不多價錢。
1,"勸大家不要買, 入面太碎, 碎到太危險小狗都不能吃, 第一次買到咁差既質量, 要求商家退款不受理, 當跌錢算了!! 不敢比屋企狗仔食, 驚佢成條生吞插傷要睇 vet 仲大損失!!  但真係好失望, 貨又退唔到錢又退唔到, 一定唔會再幫襯 😠"
1,買兩包，有一包已經疏晒氣☹️
1,"就快到期, 同埋出面原來 20 蚊有交易"
1,四包有三包漏氣，本身係真空包裝就係為保持品質，漏氣既話pack貨已經知漏架啦，做乜特登塞三包漏氣既比我？
1,送來時發覺沒有真空 發現有數粒貓砂在地上 隨後發現袋底及手抽兩旁有破損 日期碼2018/06/07 是生產期？ 使用限期？是否倉底貨？ 另外貓砂比上一批較大粒 已回購多次 今次最差！
1,收到的貓砂是漏氣的，就係包裝穿了，要馬上用
1,如果見到呢包嘅實物，我諗肯定不會選這一包，一包打開一半都是又尖又幼細，雖然減價買者。。。都吾使比包甘嘅質素。買就50幾蚊，咁尖比狗食左啃親先大獲，不會再買。。
1,"本人是在2022年10月13日星期四在HKTVMALL 亞皆老街分店提取貨品（在貴店購買之Wellness Core貓糧），回家馬上開封給貓食用，但貓並不願意進食，連續兩日不肯進食，之後發現原來是貓糧的問題，糧雖然沒有過期，但
聞起來味道已變，跟我之前在另一商店購買的原全不一樣，貓糧已沒有本身的鮮味！
本人現要求貴店盡快退款，否則要保留追求法律責任的權力。"
1,個幾星期前買完，到今日拆開出嚟好似發晒霉咁，咁樣正常咩？
1,清潔劑容量好像少了，亦有膠紙封咗瓶蓋，好像之前倒瀉了，液體高度只有黑線的位置，下次不會經Hong Kong TV Mall購買
1,店家包裝不當，拆貨時容易拆爛，回覆也欠禮貌
1,商家真的要小心處理罐頭的放置及運輸 每次買到的都有凹陷 這証明並非單一事件 你自己也不會買有凹陷的罐頭來進食 為什麼不能將心比己的對待貓貓的罐頭呢
1,包裝爆開，似有發毛及多件呈黑色
1,買咗兩包，兩包都漏氣，平時我喺第二間買係真空！
1,一開箱已見到貓砂漏左黎
1,有一包貓砂碎到咁！麻煩馬上換貨！
1,漏哂氣，都唔知食唔食得
1,"我下單時買咗1杯消臭珠同2包沸石砂, 但我收貨時只收到2包沸石砂同幾粒消臭珠! 係幾粒!!! 全部見唔到有我訂嘅果杯消臭珠, 有無職員可以聯絡我?!"
1,到貨時好大陣臭味💩 紙箱同貓砂包裝袋外都有，要噴除臭噴霧同擺一晚先散到味
1,唔係第一次買， 今朝一開呢包食，比平時嘅散同腍身， 下午狗仔就嘔了十幾次….
1,唔係真空包装，漏哂氣，次貨唔应該賣正貨价錢，要監控吓啲供应商
1,購買左好多次，今次呢批品質好差，多左沙塵同埋啲沙倒出黎一舊舊硬的，要用手禁散佢，然後氣味都唔同左。
1,買綠茶味，但全部送錯原味
1,交貨既時候個箱係濕既 仲要係好濕
1,一直訂這款罐頭給貓貓，但今次訂的罐頭貓貓吃完全部都肚瀉。請問可否更改另一批次？
1,貨品到手才知道不能仲入廁所，對於用豆腐砂的貓奴，得物無所用。
1,和提供的相片有很大的差異，圖片是大片的，收到的是細片的，不要回覆我圖片只供參考，這已違反商品說明條例，強烈不建議購買!!!!!!!!!!!!!!
1,鴨肉上發現有一點點 唔知係咪蟲卵，唔敢比狗仔食。
1,今晚收到12條羊肉條為何食物有效期是2025-09而不是你哋網店標出的有效期2026-08-01很離譜，你哋將D到期貨品給我，我唔係唔使比錢呀店主! 
1,原包裝明明顯示最佳食用日期是04/2023，收到貨件卻有一張貼紙蓋着而且更改了日期到05/2024！
1,一共買左9 罐但有8 罐都係凹嘅…好失望！
1,商品包裝破損， 包裝內食物直接露出！商戶抵賴，不肯更換！HKTVmall偏幫商戶，罔顧客戶利益，客人白白浪費了三百幾蚊! 是一次10分差的體驗！以後也不會再光顧，而且會大肆宣揚這件事，讓朋友也不要再光顧HKTVmall！真的很離譜！
1,收到嘅貨其中一包嚴重破損
1,我訂2包大嘅 比左6包細既我
1,"純鮮肉系列又會加蔬菜....唔知咁樣算唔算違反&lt;商品說明條例&gt;, 同埋睇返佢成分, 原來唔係""純""肉, 係&lt;肉類及其副產品&gt;, 蛋白質只有 &gt;=5%, 脂肪&gt;=3%, 大家留意返"
1,好彩我望一望姐 倒左落貓碗覺得有d唔妥！呢間品質愈黎愈差
1,其中四罐是凹的，請盡快安排退換，謝謝。
1,包裝明顯損壞，兩邊位置爆開，要求退換貨品但話係我𠝹刀𠝹爛直接取消我申請，首先原包裝箱兩包糧係平放再加上面係有塊紙隔住，其次咁既樣點睇都唔係𠝹爛既樣，請認真處理
1,"已經每星期換砂。每日都會剷屎。但每次用左幾天就混合埋礦物味 檸檬味，就變得好臭。有陣凍肉店既雪櫃味&#40;簡單D 幾日就好臭）
唔會再買。"
1,包裝打開左就唔好送過來 超唔滿意 請退貨
1,其實包裝得好罐罐是沒有凹痕，可想而知商家專發一此有凹痕既產品給買家，而且發現罐罐同家中的罐罐不相同！不敢想像是什麼產品？大家要小心！不會再hktv mall 買野！！
1,"寫有17.5升,升係容量,17.5升應該係好大包,但收貨發現只係波鞋盒咁上下 size,我覺得一半都冇"
1,其中2罐凹得嚴重，麻煩跟進🙏🏻
1,左是從寵物店買，右是從Hktvmall 買，單看外表已經好大分別，右邊包裝非常粗糙而且沒左邊那袋貼有商品防偽驗証中心QR code 的刮開塗層，砂的形態和顏色亦好不同，顏色非常瘀黑暗淡又破碎多粉，左邊那袋的形態很企理顏色亦很清！重買左六包咁多...慘了買左假野！連手抽都差咐遠OMG!!!!!!完全唔敢開來用，都唔知係乜材料....點算！
1,5月買過一次，今次回購，貓貓食左4日，就一直痾軟～佢平時好鍾意食餅，但現在餅放好奈都食唔晒～佢出世到現在3歲都食orijen 無轉過糧～今次購買經歷不愉快～
1,存倉出現問題 貓沙濕透沒法使用。送貨員會主動提出問題所在 很盡責。但客戶服務部於退貨上仍有很大改善空間
1,"一直有喺其他商戶買開呢個商品, 每次都係一塊塊, 比較硬同埋完整, 今次見到呢個商戶比較平, 所以買咗一包。但呢包好鬆散, 而且中間有好多碎哂, 所以向hktvmall反映, 交咗相片, 但商戶都認為貨品無問題, 不接納退貨。最後係hktvmall退款俾我!"
1,訂12罐其中10罐有大大小小凹陷
1,明明加入購物車嘅時候，圖片係顯示買滿199送貓砂，但最後咩贈品都冇！話係因為轉左優惠送其他，但我都係真金白銀買滿$199😡。唔會再幫襯此商家。
1,很粉很碎，其他舖買的不會這樣，很結實的
1,嚇死人，個罐頭生銹，入面唔知有無影響，已掉。
1,派錯貨，送來原味，我要綠茶味，請跟進
1,盒裝拆開裡面是真空包裝，但袋表面居然有屎跡！太過份了！好不好用是其次，但包裝衛生一定非常差！想給零星！
1,"狗狗下午第一次食了一條大概手指尾咁長既鴨乾，第二天早上就嘔吐有血及肚痾有血腥味的屎。我相信我隻狗狗一定係唔適合食此產品，因為當天沒有給其他新食品。
我只想提一提各寵物主人，進食此產品時應少量試食先，因為不是每一隻寵物都能安全進食。"
1,同一時間購買嘅貓糧，你們還要等幾耐先送貨！！！
1,"買兩箱原箱就送散裝6包嚟,仲要碎晒變晒粉點用,特價都唔係送埋d貨尾次貨比客嘛.咁做生意好快執笠."
1,我係門市自取6包貓砂，店員比左6包散裝既貓砂我，咁多、咁重既貨品，好地地既紙箱都拆走！完全冇考慮過客人如何拎走！失望！
1,"通常12罐一板…
今次我咁啱買咗10罐
貓貓每隔幾日就食1罐
食食下今日就發現藍圈果罐拎出嚟係撞到凹晒
外面嘅包裝係冇損壞到嘅
咁即係明知罐頭撞到咁都要放入去…
"
1,買12罐有8罐都是凹的！品質有問題！
1,買這款已多次，一向沒有問題。但今次買了20罐有六罐嚴重撞凹？
1,用開幾年，這次貓砂有異味，令到成個客廳都有陣味👎🏼
1,貓砂顏色暗淡，而且貓砂質地鬆散。最奇怪的是貓砂內發現一包貓零食，非常質疑這是否原廠正貨。這次我購買了六包，未開封的五包是否可以退貨？
1,每個罐都生晒鏽…都唔知擺咗喺咩地方…
1,"竟然俾大陸水貨 唔係港貨 睇番淘寳貨係$10幾
佢賣$27 俾大陸貨好過份"
1,入面每塊顏色都唔同，之前買開全部一致偏深色少少，呢包入面大部分都係淺色既，淺色果d狗狗完全唔食
1,貓貓之前是吃，但是這一批打開後一點都·不吃，我覺得是食品品質問題
1,一直用開呢一間賣尿片，明知貴小小，但品質一向有保証。但今次收貨，發現尿片比以前用開的薄了一半。跟本同以前用嘅完全唔同。這樣我是用不來的。個人懐疑係假貨。因為有之前的作對比。供應商應該要給我一個交代。
1,"貓咪一直都有食開 ，今日開左一罐發現變咗質，有酸臭味。

麻煩客服跟進"
1,請問送黎時已經開左咁大嘅口係咩玩法呢？唔該退錢呀！！
1,冇包裝盒又爛兼膠袋被界開！
1,"一直都係用N1貓砂，用開綠茶味，但係第一次經HKTV度買，今次呢隻N1貓砂好奇怪，包裝比我之前買既顏色有少少唔同，唔知係咪轉左包裝，一打開勁大陣化學味道，係攻鼻既。
我以前用開果啲打開係豆味好重，會有綠茶味，呢一箱貓砂我都驚我啲貓聞到會唔舒服，我會去第二間度訂貨。"
1,"我買左4包原味，1包綠茶味，
收到既係3包原味，2包綠茶味，
雖然唔係差好遠，但原味係貴啲嫁啵。

同埋包裝上寫既日期2018/07/14係製造日期嗎？"
1,一直在HKTV買開，已經買過好多次，之前果d一路都無問題，但今次送來的兩袋包裝顏色深左好多，我以為只係印刷問題就無理到，因為舊果d仲未用完就用埋先開～直至昨天開左其中一包深綠色，聞到貓砂夾雜左好似漂白水既味，同以往味道有分別。都唔知繼唔繼續用好，會唔會係假貨或者今次批次有問題？ cs可以同供應商跟進嗎？ 如果可以換返以前果款我會安心d
1,Hktv在8/1開始做寵物貨品優惠，我在8/1下單卻沒有享受到此優惠，又一次欺騙消費者，很失望！希望盡快跟進折扣差額！
1,"包裝與官方正品有分別
賣假貨"
1,原包裝損壞，成個紙箱都係，非常失望，唔會再買。
1,一打開就係酸臭腐肉味！如果你聞過死老鼠味應該知我講咩味！請檢查貨品質素！太嚇人啦😕
1,買的産品跟送貨的産品不一樣，又不給換貨，以後都不會再買。
1,我訂了3包但只收到1包， 少了4包 ，也沒人可以立即查詢處理！ 請馬上送回欠的數量！
1,本人已使用這一款貓砂很多年，對於原味以及綠茶味多次回購。我可以非常肯定的講，這次於此店訂購的貨品非常的不對，氣味很大，類似於奶油大量洒上去，導致屋企有好大氣味，貓貓也不太適應。 已申請換貨，被拒絕。誠心告誡其他顧客，一定要慎重於本間購買同類產品。
1,我買原味，但係俾咗綠色我
1,本人仲未收到貨，請問什麼時候安排補送？
1,唔係貓砂，係啲蜂蜜綠茶變左味 好難飲，包裝發脹
1,一打開已經包裝損毁 。請安排換貨。
1,收到貨品，6罐中有4罐都凹咗有損壞，都唔敢俾BB貓食，只有兩罐完整
1,罐頭有些生銹，裡面也有生銹
1,產品本來質地良好，現已減料，變薄，吸水力變差，完全不能吸尿，寧願些許加價，也不願買到垃圾
1,貨到門口袋子是破的，提手一提就斷了，快遞員說再換一個給我，不知道什麼時候能送到
1,綠茶貓沙中混了似是發霉的貓沙如下圖
1,"好激氣! 自取收貨時見到無任何包裝已經有擔心, 結果發現有2個約3/4吋的破洞, 漏出貓砂! 返到屋企仔細再睇又搵到多兩個約1吋多的破洞被膠紙貼住!! 
好唔誠實! 都唔知係HKTV定Pet Express嘅問題! 爛左搵膠紙封返仲要比返個客就算! 漏多幾多都唔知!
砂好多碎粉, 比以前買的散, 似運送途中跌過咁. $99蚊就值呢個服務同品質?"
1,"失望
之前買咗幾次都好滿意，但今次收貨後發現包裝袋穿了，底面都有缺口，好彩及早發現。"
1,價錢一時一樣好似又貴咗
1,"店舖：All about Pets
貓罐頭外包裝完整，但整罐頭已破撞爛
店舖賣壞貨，素質差，影響市民網購意欲。"
1,產品品質有差異，跟以往買的不同，今次有兩隻顏色，偏黃的第一次見，我家的小狗不吃
1,"由於訂開嗰隻冇貨所以轉咗用呢隻今日第一日用就已經block咗個廁所, 所以以後都唔會買呢隻, 個廁所而家仲未通返而且呢隻貓砂係濕咗之後唔會黐埋一舊舊係會好似散沙咁唔容易清理.
產品說明嗰度又冇warning話唔可以喺廁所沖，非常失望！"
1,共訂了12罐幼貓罐頭，但有8罐都是有下陷的！有一些下陷的情況非常嚴重，現要求換8罐沒有問題的罐頭。包裝上看是沒有問題，但當拆開包裝的時候裏面的罐頭大部份都是凹和下陷的，請盡快幫我更換。
1,之前用過覺得幾好，但係最近呢次吸水能力差左好多，又會痴底，失望🫠
1,完全不吸味，全屋都嗅，唔會再買
1,貓砂有刺鼻的味道，貓貓每次用後即時清理，但貓砂太臭，兩天就換另一款貓砂
1,穿左包裝咁樣痴膠紙比人都得
1,完全無包裝，成包尿片直接送黎，送貨日落雨，貨物有點濕，包片重穿左窿，麻煩HKTVMALL跟進，謝謝
1,買12罐有7罐係凹，有冇攪錯
1,"本身寵物食物唔夠 見隔日可到貨即買

點知到夜晚忽然間話要延兩日 搞到寵物無得食
要隨便買其他"
1,買咗12包，其中有一包濕糧打開後發現有成片黑色霉菌，成包濕糧其餘部分都有出現細噠霉菌，好在比貓貓食之前有睇到。之前喺到買開都係直接開嚟食，冇點為意，今次竟然出現咁嘅情況，心有餘悸亦好失望！
1,一打開箱已見到貨品包裝壓到爛晒，明顯職員發現紙箱不夠放四盒仍夾硬塞到個盒爆晒，不知道是商家定hktv倉務所為，差評。
1,送件已經過期半年既貨嚟？有無搞錯？！
1,"買第一次非常好，但第二次買 買左幾包
幾包都有陣怪味 平都無用"
1,無左商品介紹圖片 4箱 $680優惠
1,6包有3包都漏氣，差評！
1,購買的數量是5罐，實際出貨只有4罐，事前並沒有通知我，只是今次點數量才發現，通知他們也不理會和退款，這樣對我們消費者沒有保障
1,選了送貨上門、但是自己去拎
1,已經申請退貨 接納左退貨申請 到而家都未退款 無人跟進
1,貨品是正常的，但hktv mall 收取貨款不誠實。購買N1 17 ml 綠茶豆腐貓砂$99一包，此優惠從24/9-30/9，我於24/9購買，卻收取四包貓砂共$420！與宣傳的優惠價不符，令人失望！
1,"我買左4包原味，1包綠茶味，
收到既係3包原味，2包綠茶味，
雖然唔係差好遠，但原味係貴啲嫁啵。"
1,"主子試左一粒，冇耐就出現嘔吐情況。
唔敢再比佢食！
HKTVMall有否為產品作任何品質檢測？"
1,"太薄,吸水力差,漏尿情況嚴重,不排介使用"
1,貓沙送到黎就穿左 漏曬出黎 請跟進！
1,啲貓砂碎到粉咁，啲砂繼續有白色不明物，之前喺評論問店家無人應
1,買左6罐，最底果罐頭被壓扁到外層的包裝膠都拎唔到出尼，很失望。
1,小羊肉牛肉個包貓糧爆左，我一拆開包裝就發現全部貓糧都濕曬，後來發現原來其中一包嘅包裝爆左。請代跟進，謝
1,數量不足，訂10罐只有5罐。混水摸魚？搏大霧？
1,買了6包。其中一包爛的！另外有一包穿了孔！要求盡快更換。
1,見咁多好評，點知一開就知中招，1.沒有真空包裝，2.很潮濕，3.粉塵多到主子用到第三曰眼仔發炎，醫生話多數係貓砂太多粉塵，埋便時會將粉塵弄起帶入眼致發，最慘係買左4包😡
1,"第一次買咗2包，開第一包時已發現比其他貓砂短，開第二包勁多粉塵！！！
因為開頭未用，之後見特價買咗4包。
我而家真係唔知用好唔用好！！！可否退貨？？？"
1,一向有買這個牌子，從來沒有遇到這樣差的品質，再開多2罐，仍是水汪汪，只得2/3份量，擔心是變壞了，只能棄掉 ，更氣憤的是我未開這次訂的罐頭已加了新訂單😭😭😭
1,買六罐 四罐 lup 既
1,"差
打開見到都想嘔
又乾又深色
隻貓貓見到即
唔怪得咁平
"
1,"貓砂染色嚴重, 因為收貨後七天沒有提出退換就無法退換是不合理, 因為我都要使用先會發現呢個問題. 而且貓砂染色唔係一個正常嘅現象，之前亦無咁嘅情況，隨住使用得越多日，就算我日日幫貓貓抹佢都係越來越綠 。我對於呢個產品沒有信心，請不要安排換貨，之前用就冇事，今次用就染色，點知道換貨後有冇問題。而且都唔知呢啲色素對貓貓身體有冇影響。我唔覺得呢個情況係可以接受，請安排退款。客戶服務主任淨係識得公式化話收貨七天後不能退款，咁而家係使用個幾星期先發現個情況，一日比一日綠，我隻貓由乳白變乳綠色了。如果淨係識答我七天後就不能安排退貨，咁我一定會強烈建議大家唔好買呢個牌子。"
1,全部罐頭都凹左，包裝得唔好~
1,俾曬錢，冇貨到，冇通知，電話又冇whatsapp又冇，冇貨唔好收人錢，最嬲係冇得取消，cs電話都冇！
1,食完兩隻貓都出事屙血尿，網上見到有其他貓主都有同樣嘅情形，以後都唔會係呢一間買，水貨嚟
1,"最近幾次買都係顏色怪怪哋, 好似水泥色咁, 色差非常誇張, 今次直頭有臭味... 建議你哋打開嚟 check 下, 唔好害咗貓貓"
1,買夠400蚊，明明埋單都係話送400g零食，結果入冬嚟送張降溫墊，完全商品欺騙同埋明顯清自己啲垃圾。
1,有2包貓沙包裝袋破損，影響品質及衞生，請儘速更換及跟進。
1,"極度懷疑是假貨
👈🏻左手真 右手是今次買的 包裝字體不清晰矇好多氣味都不同 感覺到是山寨貨"
1,到期日是2004 11月 3日不是12月8日包裝不是真空。
1,買5包猫砂，有4包已漏氣，只有1包正常。要求更換最少3包。
1,"這個包裝太誇張，我得一罐頭，但用大紙皮箱來cover, 太不環保了，請注意?"
1,之前都有訂開，但係12/10號訂購了兩包尿墊，送貨只收到一包，到現在還沒有收到退款或是補貨任何回應，有點失望。
1,砂容易被貓主子帶走，沒有另一牌子般好，雖然……價錢係平
1,回購多次，但今次雖有特價，但收貨發現砂不是真空，很失望。另外袋的日期碼印了2018/06/07，是生產日期？還是使用期限？及砂有些粉碎的情況，很差。
1,這兩次購買批次之產品質量與過往購買完全不一樣，每罐慕絲狀態都很水狀，不似過往的啫喱狀。開了很多罐都同樣狀況，而且貓咪每次吃完都會嘔吐，已不敢再給貓咪餵食。
1,17.5L? 貨不對版
1,自己問題，每包買貴了幾十元 x 4包。警惕自己不要見到“減價”便發哂狂。戒之！
1,我都發現有碎骨問題，而且都好大粒，係咪可以安排退貨退款。🥲
1,好嬲！比左$6XX得個4個罐頭貨放門口！下次唔駛訂啦
1,一向都有買這個牌子的罐頭，今次這款mussels味，倒到一半的時候，發覺裏面竟然有一條很長的頭髮，實在是太恐怖。現在懷疑其他的衛生問題。可以退換？？
1,訂了3包，箱入面只得兩包？請補送一包。
1,"買咗四罐鴨肉味，全部變水狀。四罐都變壞了！
另外四罐火雞味就冇事。"
1,整個包裝也沒有看到最佳食用日期
1,我買的不是這個牌子，是寄錯嗎？
1,因沒有包裝盒裝購買的貨品，所以原有包袋比較污糟，需要收貨後加倍清潔貨品。因網上購物已經是很普遍，其他供應商都很小心包裝客人購買的貨品，所以希望HKTVMALL 能改善送貨包裝問題。因沒有客人會喜歡收到污糟及損毁了的產品。
1,買8罐有2罐凹咗，無理由入箱嘅時候會唔知，所以店家應該係有意😤
1,"Hello , 之前買同樣的罐罐，並無如此多大粒又硬的碎骨（仲有好多細d嘅碎骨）不知是批次問題，還是其他原因，幼貓食實在太危險了。買了8罐，開了3罐也是如此，請問可退貨嗎？"
1,凹晒喎，大佬。呢啲真係唔知邊個負責啦
1,"味道幾香顏色都正常，但隻貓&#40;4個月大&#41;食完肚痾＋痾血，成個幾星期先好返。
睇返留言有人話有骨，倒喺盤度攤平檢查過，確實有好多碎骨，每1cm立方都有2.3粒碎骨，大部分1~2mm，最大一塊5mm，同啲肉泥混埋一齊唔覺眼，隻貓痾血可能係俾骨割傷腸道，已經掉咗冇再食。"
1,訂十件，一半凹哂，擺明執貨求其入箱，check 都唔 check照出街，倉庫冇做 QC packing ?
1,"容量與實際不符, 17.5L = 2包hitachi 貓砂 6L 咁多"
1,非常不滿！原味連綠茶訂咗三包，三包都有大大細細穿孔，要用膠紙粘住穿孔位。
1,包裝沒有問題，但罐是凹咗架
1,你地送錯貓糧到底有人肯覆我未 等左幾日 完全冇人覆過
1,20%的罐頭是凹陷的。檢查包裝是穩妥的，明顯是商戶提供有瑕疵的貨品予顧客。因為過咗退貨期，未能申請更換或退款。提醒大家下次記得及時開箱檢查貨品。
1,"以往買開6L好好用，隔左排無買訂大包竟然差左咁多！完全唔吸臭，啲尿未剷砂已經覺得好攻鼻，剷起尿壓味頂唔順。
唔會再買呢隻貓砂了"
1,今日一開就發現裏邊有好多白色一點點唔知係乜嘢！
1,感覺中伏了… 建議不要購買。這不是日本貨，是泰國的。包裝一摸上手就好不妥，好後悔仲買了三包！圖中左邊是我的毛孩食開的，右邊是此hktvmall店買的！完全不敢給毛孩食…
1,買左3包但竟然唔係原箱送黎，俾d又舊又爛嘅紙箱黎pack住，而且又漏氣，真係好離譜，以後幾平都唔會係度買，去返寵物店買起碼都原箱送黎啦
1,送到黎外面包裝個盒無損，但入面個罐凹成咁。感覺唔太老實，呢次其實係第二次喺呢間鋪買，但今次後應該唔會有下次喇。
1,呢兩次訂嘅貓砂成日有啲好勁嘅膠味，好難聞。啱啱訂咗六包，六包都有怪味。完全唔知俾唔俾隻貓用好。好無奈。請問有冇得換返啲正常味嘅貨？
1,十罐係儲物櫃拎，有四罐都係笠左，雖然係罐頭，但唔可以係咁囉
1,有很多活小蟲！到期日2024年1月20號，已經整包丟掉。另外最近幾批貨經常有些燶咗，請向生產商反映。
1,12罐得2罐係完好無缺，有2罐直情扁晒。
1,遲接近一個鐘，加上有一包爆口，已由送貨員攞走，請安排退款，不想再呆等你哋D冇禮貌又冇時間觀念的送貨員。
1,我用咗呢隻產品最少要四年，近期發現佢薄咗好多，要求退款，話品質冇問題，以前呢個牌子我隻狗去幾次廁所都冇問題，而家用一次成腳都係尿
1,應該係17.5. lb囉，唔係17.5L 容量錯左單位
1,無任何獨立包裝保護貨物😡，連最基本嘅都無，一直都有用hktv mall 購買日常用品亦沒有問題，對此十分失望
1,3個月bb食佐個幾禮拜日日屙爛屎，以前屙好靚一條條，見到佢屙到pat都痴住真係陰公，都唔知會唔會有害，而家都唔敢俾佢食，浪費晒啲錢，見到咁多好評諗住試吓，點知都中伏
1,此商戶售後服務不佳，以往曾多次光顧，以後不會再在此商戶訂購！
1,不是日本的，貓不吃，同原裝日本版品質差好遠，稀稀的，完全沒有香味
1,我購買S碼.俾錯左XS碼， 拆開咗其中一包 試用先發現著唔到 .先知道原來 畀錯尺碼我!
1,就咁用膠袋裝 都算 仲要發錯貨 點用呀？
1,懷疑係假貨！我隻貓食開嘅，平時買開行貨，係平滑嘅mousse狀，今次第一次收到有出水又有一舊舊 啲綠綠地嘅嘢，明明平時就唔係咁！隻貓聞到都行開咗，我都唔敢俾佢食即刻掉哂
1,有冇搞錯？勁多罐頭都凹咗 而家仲話唔俾退
1,"開封一個星期後開始發出異味 近似是皮蛋殼的味道 異味之大更是充斥整個空間 實是令人困惑。粉塵更是一開袋倒出來就塵土飛揚，貓貓們都不太願意去這款貓砂的砂盤如厠。
味道：1/5
粉塵：2/5
凝結：2.5/5
溶解：5/5
"
1,吸水力極差，狗腳每次都濕哂
1,買了4包，其中一包的包裝有個開口，貓砂從底下漏出來
1,十分幸運地 連續3次在優惠活動期間購買，均因為缺貨而被取消了訂單，可見期優惠活動十分成功！現有多買多平折扣活動，比起前陣子$540/6pc 也是十分吸引，能夠如此浮動定價 實為港人之福 : &#41;
1,第一次幫襯，買咗三個罐頭 嚟到三個都爛嘅！
1,買咗咁多次， 得上次評論完之後先至 正正經經畀返個紙盒裝住啲濕包， 今晚啱啱收到貨 ，又好似之前咁將原裝嘅 12包濕包外紙盒 用啲紫色膠紙黐住 幾條盒邊就直接出貨。。。 唔會再同你哋買
1,為什麼罐頭可以這樣的？
1,小貓還未出世，罐頭兩星期後到期。請更換或退款。罐罐內有小骨頭。
1,"貓砂幼變粗
之前嘅豆腐貓砂係好幼細好好用
點解今次係兩包都係大粒咗 
冇咁方便啲貓仔唔鍾意 係咪轉咗粗條
有冇啲幼細嘅貓砂"
1,買9罐奇怪只有其中1罐勁凹，係咪明知凹都照發貨？
1,"明明訂圖片藍色 
送到黎變左黃色
麻煩幫我跟進一下！"
1,拖地水只有個樽嘅三分二，份量嚴重不足，喺其他地方買唔會有呢個情況，下次不會喺hktv購買
1,上次48罐存放在地上冇包裝今次24罐有包裝但係全部凹曬
1,部分罐頭質量有問題，貓貓食左伊隻罐頭五年以上，近幾日食完罐頭後嘔吐同肚屙。本來吾知係罐頭有問題，但聞番發現有怪味。
1,"做唔到8小時送到，
延遲送貨用咗兩日先收到貨"
1,貓貓不愛吃，罐頭下陷。
1,$1加購貓砂送漏了，見店內還有貨品。盒內少了1包貓砂，盒內因有太多空位也被壓扁了。同時送貨，我也有另外1張單是一樣的東西，盒內有加購貓砂，填充滿位置盒是沒有壓扁的。我嘗試做處理送漏貨品，但未滿$100只可退錢，想只退回加購的$1？!什麼玩法？？？可以怎樣做？？為什麼只選送漏$1加購的東西？只想吸引你買完正價之後平價加購，永遠只選加購的貨不送來，但只退加購價錢，欺騙顧客!! 我怎麼填form，填完只會退$1？？？麻煩送回貨品，一定不要退錢!！！一定只要貨！！！
1,"發霉的！ 23年5月
生產"
1,開左幾罐都發現有啲發霉，睇左冇過期、包裝完整，唔明點解會咁，完全唔敢比貓貓食。
1,購買了四罐 罐身有凹陷 四罐都發脹了
1,越用越多粉塵， 好像粉筆的粉塵， 不能接受
1,&#40;原味&#41;正常係會有微微的豆腐香，但此產品沒有拆開發覺味道及顏色奇怪，用後發現粉塵勁多又唔吸味，品質好差果然係一分錢一分貨，不會再回購👎
1,"品質欠佳，打開有臭肉味，雞肉顏色黑黑地
"
1,剛剛買，就有平，差$30蚊
1,"離晒譜，數量係唔啱嘅⋯⋯明明訂兩盒！點可以咁樣！超級超級超級差！
盒裝嗰盒，好似曾經開過咁！
跟住散裝嘅只得六包！發生咩事呀？"
1,"打開紙盒全部罐頭濕曬，細看才見到罐頭爆開
了，仲有細細隻嘅蟲喺度爬，非常嘔心，整盒丟
掉了。第一次光顧此寵物店便發生如此嚴重的問
題，請盡快跟進事件。"
1,"完全搵唔到客服
亂咁改送貨時間
我係屋企白等幾次都收唔到貨
離晒大譜
改完時間，送貨員又私自幫客人簽收
歸根究底係客服多次亂咁安排送貨時間，又唔俾人改時間"
1,已訂購多次沒問題，好用. 但今次收貨有一包真空包裝漏氣，請商家留意
1,平時買開，今次罐裝不是金蓋罐和之前不同，入面變左啫喱狀態之前是水份，貓貓都發現不同不喜歡食，係新批次轉左還是什麼問題？
1,完全冇收到貨，TV Mall送貨送錯單位完全唔知送咗去邊單位門牌都冇影到，求救無門，派送員話派咗，睇返電子門鐘完全冇人送貨，冇俾收貨碼，但照送咗貨
1,好差，我都買咗幾年，今批啲糧QC好有問題，我2隻貓食完嘔到傻。 貓主請小心謹慎諗清楚係咪真係繼續買比你啲貓食。
1,買咗咁多次，未試過咁多罐頭都凹咗 仲唔俾退
1,一直購買此產品，但這次開袋食第一餐已肚痾，買之前看到一些評論有食到肚痾，以為只係個別事件，點知發生係自己貓貓身上，搵客服只係用email回覆，電話又冇人聽，對此網購覺得好失望，
1,商品比原定遲咗四日先送都算，仲要包裝紙係一個普通公文袋裝住三罐狗糧，其中一半係咁嘅！
1,假咪， 唔好買，另外寵寵樂都係，錯字，自己亂貼個標籤落去，假貨嚟！ 唔肯退錢唔肯退貨，不負責任！
1,投訴罐裏面有骨頭， 貓咪會哽骨
1, 呢個牌子出面買平好多
1,狗狗很喜歡吃，已經買過多次。第一次碰到有活蟲在產品內&#40;因為太吃驚，只想將蟲馬上移去洗手盆內，之後才想起要拍照&#41;，希望是個別事件吧。產品到期日是2023年6月25日。
1,經唔同商家買過好多次 但今次貓貓食完屙咗2日水屎 糧都唔肯食
1,好離譜，打開蓋一望便知是發霉，仲有臭味。若新顧客唔清楚唔知顏色是不正常仲比毛孩子吃就真是不堪設想。品質差劣，下次不會再購。
1,剛剛買了，就特價 no good
1,"非常不滿！買左三包, 但爆左兩包!!!!!"
1,用左兩日就好多粉，慎買
1,比錯😩但係屋企人已經開咗
1,甘都可以比錯貨 無語 ！
1,包裝袋沒有exp  日期
1,本人係多次在該店買過之熟客，商品一直完好，但今次開箱後發現罐頭有非常明顯已凹，物流包裝亦完好無損，明顯商家在出貨時疏忽或故意為之
1,又凹！當中有6罐係凹晒！！！
1,今次買既罐頭打開有酸味，食落都係酸同以往唔同！因為以往曾經買過幾次都無問題，所以無check，但開咗幾罐見貓貓唔食覺得好奇怪，先知原來罐頭壞咗，平台話過咗七日就唔會退款。但講真，邊有人會打開罐頭check有冇問題？仲要無過期
1,"之前都有用過N1, 覺得好用同見有特價所以回購. 但懷疑今次一月頭買嘅呢三包品質有問題. 每次貓砂一沾有貓尿就好大浸阿摩尼亞味, 即係好似染髮劑好攻鼻嗰d 化學劑味咁. 初初懷疑係天氣潮濕影響, 但用番第二個牌子嘅豆腐砂就冇味, 再用番N1就又有番臭味."
1,包裝同訂開有差別，同網上相片也不同，而且貓砂有點兒碎
1,唔知點解呢包嘢有浸怪味有啲臭係咪壞咗？定係佢浸味係咁㗎？
1,食物保用期只得半年，3佰多元的產品，又不是減價平賣貨品，這個質素，實在太差了。
1,全部罐頭都凹哂，包裝很差
1,一肚氣~明明訂4包原味~夠膽死俾3包綠茶1包原味俾我~已經唔係第一次俾錯貨我~聯絡到客服後又話無曬原味~話退錢俾我~竹
1,我訂購的是吞拿魚和雞肉，送來的卻是吞拿魚和鯖花魚，開了一罐讓貓咪試，一口也不肯吃
1,貓咪一直食開這牌子第一次在這裏訂，開出嚟很多油肉顏色很深，懷疑係假貨，貓咪唔肯食，又冇退貨甘係咪我要去報海關
1,有好大條骨，貓貓唔小心吞咗好危險
1,特登買一罐新裝試下配方有冇改，點知俾左舊罐。
1,訂後原安排一星期派送，到派送日收到通知要遲4日才送。由於部分貨品已派送完成，無得更改派送日期，以致大失預算。 
1,貓完全唔肯食，入面得98% 是湯，2% 肉碎， 非常差。
1,中大伏！未試過用咁差的貓沙，之前用開其他價錢更平的貓沙，都未試過咁差！這個N1貓沙吸水力極差！鏟貓尿時，一鏟就散！貓屎又不能痴在貓沙！吸味力極差！臭氣散在全屋！做左兩三次就全盤唔要了，買返之前的牌子更平更好用！同時唔明白點解這貓沙在hktv mall有多好評
1,全部都凹的，無理由每一罐都凹的，應該是人為做成的，換貨麻煩又要等送貨，這間店舖晤想做生意就晤好害人啦！
1,$152買左3包只送左一包
1,送來的罐頭全部都凹罐😠
1,"本來朋友同我講我都唔信，叫我唔好轉用返舊嗰個牌子嘅豆腐貓砂，但係我又想試吓大容量喎，點知就真係中伏，未用之前秤下啲重量，居然發現有咁大分別，我訂左18L既小白豆腐貓砂，連埋包裝秤都係得6.4 kg，平時用開7L重3.2kg，小學生都識計算，按7L比例計算番18L嘅重量應該係8.2幾kg先啱！有咩理由係兩包7L=一包18L?
我又同時買咗N1嘅17.5L居然都係重6.4kg，我想供應商俾返個合理解釋俾我囉，睇到之前有位VIP仁兄留言話希望係錯覺，但係而家事實話俾我知：容量與貨品包裝標示不符，有被騙嘅感覺，會唔會有可能涉及違反商標法？我相信Hktvmall咁大間網上商店會幫我跟進下掛"
1,"送錯咗50g, 訂咗一箱50G加一箱80g
點知嚟咗兩箱50g
換貨同退貨都好麻煩，又要等佢上嚟收貨，換貨得勁少時間揀，有冇得改拎落附近門市退😡"
1,買左10罐 用保鮮紙包好咗，但係其中一罐被壓到罐開左條邊，全部汁漏哂出來，9罐面遭殃全部油淋淋，罐包裝紙都油到爛左
1,買十對 來十件 欠十件
1,好大陣刺鼻嘅氣味，令到成個櫃桶都有味，扔了
1,同平時用開嘅n1有分別 結唔到團仲要用左兩日就開始有陣刺鼻嘅味
1,"明明買24包,只送12包,欠12包"
1,貓貓一直飲開，但今次湯包無以前的香味，貓貓唔肯飲。
1,我是長期回購此商品客戶之一，我於22/11 買落從未開箱，直至見到今日再想訂貨時睇評論先發現，原來我22/11的訂單竟然發現原來係有問題批次，難怪我其中一隻貓貓，近呢兩個月都唔係貓砂兜度去廁所，原來係因為貓砂有問題，而平台/店舖其實係絕對有責任有需要通知受影響客戶，請店舖或者平台盡快幫忙跟進。
1,食物與罐分離，而且出晒水
1,有七罐都撞凹咗，罐頭都凹，可能運送上真係有啲經歷，凹其實都無咩問題都可以食，但有罐直情撞到個蓋開左漏曬汁，😵‍💫，真係…未試過
1,請問為何包裝袋已剪掉一個角？已經開了有食物跌出來？
1,"我收的批次是FI10, 即是之前客戶收到的貨一樣, 氣味是跟以前的不一樣, 有酸味. 我要求全部退貨. 請給我退貨連結.  "
1,我隻貓食完狂嘔，以為天氣原因令佢嘔，原來係假糧！！！！！！！！
1,買左大約兩個月先開比狗仔食，雞條有陣「叔」味，同時有買同品牌牛肉乾就無問題。請賣家留意不要再售這批次貨品，我不會再為狗狗買此批次商品，怕食壞狗狗。其他買家可能都要留意下，最怕令愛犬吃變壞食物而看獸醫會更大件事了。希望賣家看到這信息。
1,原本訂呢款幼砂 點知黎左粗個隻
1,超差，不能除臭，貓貓只係一次小便，成屋臭哂
1,之前買過間唔中有穿，但今次爛得太誇張
1,錫紙盒包裝罐頭沒有包保護，連同其他鐵罐罐頭放在同一紙箱內，紙箱內空間又多，收到貨時錫紙盒的所有罐頭已經俾其他罐頭撞壓到凹咗不似形狀！差到不得了！
1,買兩包，兩包都過期（2020/02/25）
1,有冇搞錯，我買雞肉比咗魚我😅😅😅想點？
1,收貨前一小時才收到訊息通知商戶未能發貨，結果貨品當然無送到，信用卡已過數，但又未能申請退款。請跟進！
1,"之前經朋友介紹用這隻牌子，覺得品質唔錯，所以之後自己都有在這裏訂購。
剛剛訂了兩箱，打開其中一包，一大浸酸奶臭味，究竟發生什麼事？點俾貓貓用？
剛剛看評論，原來很多人都有我這個問題，請問是否可以退貨？"
1,其實大大話話我都用左幾十箱貓砂，我啲朋友都經我介紹一齊轉晒用你地嘅牌子，用左咁多批真係無唔同，而家仲要貴左，Lot: Fl10 呢批品質又出問題，我兩個主子聞完即閃，剛開左2包，仲有46包，大嗱嗱買左成千蚊貓砂，收到啲咁嘅貨真係好嬲，如果唔係幫襯咁耐，咁信任你地嘅品牌，我都唔會每次都訂8箱，我仲有幾包舊嘅未開，即時打開嚟聞下做對比，果種酸味真係好刺鼻，攪到成間屋都酸酸餿餿咁嘅味
1,"幾個月前開始買呢隻貓砂，每一次都係六包六包一箱一箱咁買。用咗幾個月一直都覺得呢隻貓砂幾香奶味啲貓又鍾意用。點知今次買，一打開個袋同早兩個月買嗰一批貨完全唔同。
我咁啱上一批仲有一包用淨，一包新嘅同一包舊嘅一齊打開真係爭好遠。新嗰包有浸奇怪香精味，聞多陣都覺得頭痛，舊嗰包都仲係好香奶味。我今次仲買咗三包，真係好臭。
其實你哋係咪換咗配方定生產商？已經見到好多人話啲貨差咗。如果啲品質仲係咁樣樣嘅話，我下次唔會再買。除咗啲砂唔同咗之外，連個袋都唔同咗。我仲以為自己喺淘寶買咗啲假貨返嚟。
唔知睇相大家覺唔覺，張相左邊嗰個袋係新一批嘅，右邊嗰個袋係舊一批嘅。新嘅包裝袋顏色偏黃，印刷明顯冇以前咁高清，包裝袋上面嗰隻貓貓樣明顯矇咗好多。右邊嗰個係舊包裝，印刷明顯高清好多，揸上手個袋都厚身啲。
大佬啲貓砂真係好臭，人聞到都覺得臭啲貓點用，我仲要買咗三箱。其實真係冇必要突然間用啲次貨嚟做臭自己個朵。"
1,品質欠佳，打開有臭魚味，肉嘅顏色都黑黑地
1,"本身一直用開，之前果排啲貓唔願去廁所，又發出怪叫聲，仲以為係貓身體出問題去買驗血尿嘅貓砂。但因為之後收到係新一批係FK10，冇特登分新舊嚟用，再上嚟睇評論先發現咁大件事，睇返自己手上仲有幾包FI10嘅貓砂，對比下發現氣味大細粗幼都唔同！

貨品成批出咗問題，HKTVmall同商戶都冇主動聯絡購買咗嘅客人去檢查貨品提出換貨，反而要我哋自己上嚟特登睇留言先知貨品出問題，仲唔可以退貨退款？？"
1,食咗呢隻糧都有一兩年時間，呢包食咗幾日，屋企四隻貓貓都係咁嘔，有一隻係嘔黃色嗰啲，跟住有一隻直頭係嘔粉紅色液體，另外兩隻都分別過透明液體同埋嘔嗰啲糧出嚟，屋企其他嘢冇變過，九成九係啲糧有事囉
1,此供應商極不可取，上星期&#40;2020 年7月尾&#41; 還賣約$110 産品，看了些少好評居然即時&#40;8月中&#41; 加價到$145。增幅約三成。如此手法，令人失望。
1,"包裝沒有雷射標籤. 打開有奇怪味道, 要求退款"
1,此物標價話有88折，加入購物車係冇折到。
1,"之前買開，一向冇問題，平時一日換一次就得 最近一次買，半日已經滿晒，好臭"
1,收到的貨品兩罐都是凹陷的
1,貓砂大部分都不是真空包裝
1,"我從未寫過評論…但今次不吐不快
商品包裝損壞..貼上膠紙就照賣出..
產品已變質..貓食左身體有事點算..
實在太過份…做生意唔係甘做囉..
着實令人寒心..點令人有信心購買你既商品."
1,點解HKTVmall會容許明知過期食品或用品出售呢？？？😡😡😡
1,無睇清楚係冇防偽貼紙就買咗，一打開同有貼紙嘅浸味完全唔同，而且後面嘅exp day鋼印同有貼紙嘅位置都係唔同，即刻掉左。
1,一肚氣~明明訂4包原味~夠膽死俾3包綠茶1包原味俾我~已經唔係第一次俾錯貨我~聯絡到客服後又話無曬原味~話退Dollar俾我~我係特價買既~你退返dollar俾我有咩用~之後就話要等有貨先通知~~都唔知等到幾時~
1,食完貓貓keep住屙血尿😓
1,沒有紙皮隔開，一開箱便弄破了包裝
1,收到貨嘅時候紙箱已經破損，打開紙皮後再有兩盒，其中一盒紙皮亦都係破損的，內有幾罐外包裝損毁的罐頭
1,我朋友介紹我用，我冇諗到會出現問題，想問可唔可以換或退貨？
1,訂購付款時明明顯示此品牌沒貨，所以我揀了另一品牌，但HKTVMALL 當日系統出錯，說有貨沒貨的都一併送來，派送兩件不同品牌收兩次錢，事後既不肯退款退貨，又不願溝通聯絡，總之是不聞不問，只求不了了之，本人有的是極劣的購物體驗 ！
1,購買10罐，有六罐是凹的！
1,買5罐全部凹罐!！！因己拆毀原裝盒，故不能退貨/款。不會給我的貓咪吃，以防食物己壞。我想賣家利用網購速銷損壞外觀的罐頭，很不負責任，很失望！！我永不會再買這家店的貨品！！
1,上星期訂了貨，9月2 1日原定送貨，至今延誤4天還未有人聯絡什麼時候補送？商戶要什麼時候多少天才能補送？請馬上跟進及安排！
1,第一次買，包裝紙箱內就直接係包貓糧，一開箱就𠝹爛產品！！5.4公斤唔係咁易儲存！
1,勁差 可以今日送貨聽日已經到期 你商品說明唔寫明係到期貨？
1,貨品爆袋！但店舖唔通知，只用膠紙封口就算！十分不老實
1,怎麼訂7包送5包，然後標示我收6包，那一包怎麼算？要浪費時間跟進！再不光顧這家了！
1,太差！包裝袋穿晒窿 收到都唔敢開俾貓貓食
1,我訂吞拿魚，但全箱都是雞肉味。所以很不開心😡
1,一收貨就發現入面d糧疑似發霉，懷疑次貨，客服仍要我keep d發霉糧幾日先可以回覆我退貨安排。
1,購買後看到許多貓貓吃了從hktv mall買的orijen貓糧後吐血，不敢購買，在送貨前曾聯繫客服要求取消該貨品和贈品的訂單（其他購買的貨品照常送貨），某客服曾應允，但及後貨品照常送貨。到貨後，我沒有打開orijen貓糧和相關贈品的包裝，並拍照要求退貨，但要求被店家拒絕。
1,食咗之後屋企三隻貓齊齊肚痾！要求退款！😡😤 都買過幾次，但今次係貨品有問題！三隻貓一齊肚瀉！
1,收到貨但不是真空包裝請跟進
1,"expiry day甩色
包裝有漏氣同行貨有分別。"
1,已是多次回購，今次收貨有7罐嚴重凹陷，之前未試過這個情況，請問~我怎樣退貨或換貨&#40;原數24罐或7罐&#41;呢？
1,今次買的罐頭顏色不太對勁，灰灰的。但是味道沒有問題，貓貓吃了暫時亦沒有什麼不妥。但是不會再回購。
1,剛剛用完了一包，用晒100片，片片尿片打開時都係爛。所以都不會再買。
1,商品沒有雷射標籤！！！要求退貨退款
1,"我已經多次購物，從來都沒有少，這次收貨少了貓砂，不想有任何爭拗，亦不想大家有任何損失，麻煩請你影回當日CCTV ,我必須確實你是出了貨，並且麻煩當天派送員工亦檢查一下，否則我相信是人為"
1,"購買時註明6L,包裝寫6L,但大小同4.5L一樣,重量亦只有4.8"
1,"三包倉底次貨,完全不是真空包裝😡要求退貨！"
1,平時都有買開，呢幾次已見品質差咗，貓貓尿尿完啲貓砂黏實盆底勁費功夫去除黏笠嘅貓砂，昨見$30又買了兩包，其中一包反轉正面見啲貓砂碎粉滿佈，訂過咁多次品質最差係今次，係時候轉用第隻牌子啦
1,商品似乎只有2/3滿，懷疑商家不老實。
1,貓貓食左嘔左2日，懷疑假貨！
1,"貴過出面, 罐頭入面有魚骨, 好彩貓貓好彩無哽親, 大家留意返"
1,買左咁多年 第一次有咁既情況 成張單送漏5件貨 冇客服 冇電話 冇回應 咁大間公司 要個客左搵右搵 都搵唔到點聯絡 點追究 好多時間同你㩒電話？
1,訂咗2袋貓砂，只送咗一袋
1,"回購2包，1包冇真空，2包未開已睇到碎哂，今次質素最差。

"
1,買咗四包尿片，貨品沒有包裝，其中有一包竟然爆開咗！對HKTV好失望！
1,包裝穿左 …一定會有空氣接觸到吾知幾耐 都吾想俾貓貓食 好吾安心
1,"貨不對版，貓砂不是幼粒裝，是粗粒的。
而且貓砂有一部分碎成粉狀。"
1,俾咗錢連貨都收唔到，仲要話有四樣贈品，最後淨係送咗一樣，會唔會有少少過分呢？
1,開封後很快變壞／變味，貓貓聞兩聞唔肯食，仲有嘔吐情況，以後都係買返行貨好啲
1,用戶已設定此評論內容為非公開
1,之前都好地地，但今次購物體驗真係好差，你做promote 第一次送唔齊唔緊要，我體諒你地大多人買送唔切，最緊要最後送到比我就ok。結果星期一同朋友睇完戲食食下飯突然之間就cut左我單，話咩為左「保障我既利益」「廢事我等」所以cut左。我同朋友即時鬧左出聲，大佬呀，你顧及我既利益最cut單之前最低限度係咪應該打個電話/email黎商量下呢，check下係咪缺貨又唔係，大模斯樣比人買，真係火都滾埋。最後同你地客服交涉叫你地唔好cut又唔得話已經退左叫我重新落，原本買夠600蚊免到運到最後搞到差4蚊，嘈左一輪先拎到個優惠碼免到運費。你地d處事手法自作聰明到咁真係白痴到，浪費大家時間。
1,唔係太好用，尿痾完仲會見到一攤水在砂上，吸收慢，見到貓撥砂蓋尿時個心離一離，怕佢會掂到搞到成手尿，又要同佢洗手
1,"N1咁出名，以為好好用，用過今次以後唔會再買。
濕咗了嗰啲沙結唔實，一鏟就散晒，搞到成盤都污糟邋遢！"
1,請跟進，買左5包3包爛左，有無過份d呀
1,"17號俾晒錢21號送貨,20晚話無貨,送貨後第二日22又有貨,但價格變左152,係無貨定突登唔發加完價再賣!?"
1,10/2訂貨，送貨日期一拖再拖，直到8/3才送到，但送錯幼粒!非常失望、不滿!
1,買開呢個牌子既貓糧，今次3隻貓貓食佐都有出現嘔既情況，希望供應商有所回應。
1,同之前的包裝有分別，加上味道有不同，懷疑是否正貨！
1,"開箱後包裝損壞，是撕爛似的
保鮮膠條沒有鎖，糧也掉出紙箱
應該沒有掉太多或少了很多糧
買了好幾次，第一次有這樣問題
請注意一下包裝管理"
1,說好的增量裝沒有，貼紙寫6L &#40;6升&#41;，好明顯唔夠6L，磅過最多4L。廣告內容亦清楚寫明重量為6L。實際商品並沒有其廣告內容上聲稱的重量，涉嫌違反香港法例第362章商品說明條例中的誤導性遺漏，及第68章度量衡條例。請HKTV MALL 處理此產品的廣告及張貼於貨品上的貼紙。並跟進此訂單的處理，謝謝。
1,IEAT自提點職員態度極差，吩咐客人自行到擠逼的貨架從後場（類似雜物倉存放處）抬到店舖收錢櫃枱點算訂單，而非直接將貨品送到客人手上。其通道位置只夠容納一人身位，周圍堆滿水果紙箱等，連買餸拉車也無法通過。
1,啲糧勁油 出晒水咁 我之前喺第2啲地方買嘅同一款糧都未試過咁
1,送錯貨。送錯4包桂格片燕麥
1,"貓砂質素與在惠康買同一品牌的產品並不一樣，有明顯的化學臭味，使用用兩天後又發出惡臭。
左邊為惠康買的，右邊在HKTVmall買，包裝上邊有明顯的分辨右邊的有紅點。"
1,"主子用起來還好，不會直接不用。
就是吸水能力好差！結塊易碎而且要大力剷先起，盆邊全部都係吸咗尿嘅沙食咗喺度！本身用開豆腐沙，就係諗住試礦物沙，試完真係可一不可再，絕對係要買返豆腐沙"
1,"訂的是2包幼粒裝，結果送來的是正常size,不是幼粒裝"
1,正黑店，全單廿幾罐貓罐頭，俾足哂錢，只送嚟8罐，冇通知冇解釋冇原因，係味顧客唔出聲就袋袋平安呢300蚊？海關真係要查下呢啲不良銷售手法年中呃呃埋埋幾多人！！！
1,發霉有黑點 味道又完全唔同 千祈唔好買
1,買狗用的但送咗貓用的，送咗來一直冇拆開又過咗換貨期，很不好的購物體驗
1,用咗幾年，品質愈來愈差，太粉都算，近排仲吸水都有問題，大部分水&#40;尿&#41;流落盤底，起晒餅咁，好難鏟!
1,"剛剛打開使用 竟然整包發霉 還濕了 凝結了！很恐怖！"
1,有冇搞錯，竟然比包穿咗窿包裝人哋
1,強烈要求客服處理此問題貨品及退款退貨
1,"送漏貨品! 平時正價沒有送漏情況-_-
送貨哥哥話會跟進無回覆，上cs填表回報沒有確認畫面，完全沒頭緒可以點追回送漏貨品，好失望"
1,網頁沒有特別重點說明到期日，買完才發現小小的字寫著到期日。中伏
1,"買左咁多次，用左咁多年
今次竟然送左包爛ge比我
都算啦，仲臭到不得了"
1,新年前14號買，前晚終於開嚟續糧，點知兩隻貓食嘅呢兩日都keep住肚痾！我兩隻貓食咗呢個牌子糧5年都無問題，第一次咁樣續糧食就肚柯，呢幾日兩隻貓除咗乾糧同水冇食過其他新嘢，前晚開始食呢批糧就出事，呢批糧品質有問題，要求換第二個批次貨，我唔希望是次批次同早前Orijen假糧事件有關係，請認真處理個案！
1,好薄⋯⋯薄過我淘番黎40一包嘅！大家唔好好似我咁比啲評論呃咗⋯⋯一次過買4包真係⋯⋯
1,"H180527015871
我訂了綠茶三包原味三包 今日拆箱 先至睇到得三包綠茶味 尚欠三包原味， 麻煩儘快查好補回給我"
1,送到來，拆開盒時發現濕晒。拆開取罐頭時也有濕。究竟發生咩事。理應是乾貨。我不知道會否影響內裏罐頭食物。因為是鋁或是鐵罐因濕而生銹。二十罐都要一段時間才清晒。
1,一箱6支拆出來全部灰塵，攪到成地沙塵，唔敢飲，要求換貨。
1,"之前曾在此店購買同樣產品,尿墊會放入一舊紙箱內.覺得衛生.因為店舖選擇多,有起碼2家比此店便宜少少.今次我仍然選擇這家但好失望,尿墊無任何包裝&#40;其他店會用保鮮膠紙包裹&#41;.
我諗唔到有乜理由繼續光顧此店!完!"
1,包装明顯裂開，漏出貓砂，不應將這樣質素的貨品出貨吧？
1,訂單有多件貨品，去HKTVmall攞貨時店員只派送了少量盒子，當時已覺得還有貨店員未取出來，向店員說了她卻check 也不check便說己是全部訂單的貨，回到家發現真的還欠些貨，於是再度店和店員說還有些貨未取，但她也是check也不check 一下便送漏貨，叫我在app內登記送漏貨跟進，又說要回家影啲貨的相才可登記送漏貨，於是再一次回家搞了很久在app影相登記派漏貨，沒多久貨倉在app內拒絕了我的派漏貨登記，於是我又花了很久時間在app內客服問點解貨倉拒絕派漏跟進，客服check完之後就話啲貨原來仲喺個店內，叫我又再返回店內取回貨，最後我又再一次回到店內同店員講漏貨，佢都好似唔係好願意去check下係咪仲有貨喺店內，要我同佢講曬成個過程佢先入去check下原來啲貨仲喺店內。所以呢個派送過程真係非常失望，非常嘥我時間，店員非常唔負責任。
1,人使人失望竟然十分離譜商人買假貨⋯⋯要要要求退款😡
1,第二次有咁樣情況：罐頭用紙箱及充氣bubble 紙包好，但2罐中仍有1罐左右都凹咗，是否包裝前已係咁？？
1,打開時有1包已經裂開，要清理好一段時間，非常失望，再考慮再回購🥲🥲
1,"已用這款貓砂多年, 但這批貨品質非常差, 砂質很碎、又多砂塵!"
1,已多次回購，來貨時發現箱爛無為意，拆開發現包裝底部已爆開
1,強烈要求退貨或換貨！這隻罐頭之前係其他舖頭買過，貓貓食開沒問題，但本次購買的罐頭懷疑有問題，我3隻貓貓食完3隻都即刻爛屎，故要求換貨或退貨！
1,貓貓食完之後又痾又嘔 唔會再買
1,"其實呢間寵物公司好多人投訴過罐底有損壞！
可能未必影響產品嘅品質
但因為其他公司冇呢個問題
請問可唔可以解釋點解？？！
為何hktv 同這公司合作冇監管？ 
亦從來沒有改善過！！
24罐有6罐比較嚴重
18罐每罐都有一點凹陷
沒有一罐是完整的
唔好意思我真的冇信心請收回"
1,派送員比約定時段早咗個幾鐘送嚟，直接丟低啲貨喺屋企門口，冇敲門亦冇打電話，只係影張相whatsapp過嚟就算，完全冇理屋企有冇人收貨，仲有幾耐先有人返嚟，whatsapp冇覆過佢都就咁丟低，啲貨就咁丟喺走廊，向HKTVmall投訴，完全無視，仲email嚟話已完成跟進，其實就乜都冇跟進過！
1,我懷疑買到假貨 ！開出黎包貓砂同平時在惠x買的貨有分別 ！係勁臭！冇左陣雲呢拿味🥺
1,"Met左個label明明寫住4.5 L ! 超細包 ,用開，肯定係4.5 L size, 完全遺反商品說明條例"
1,之前買了很多次了，最近買了開了一罐發現發霉，再開第二罐也是，請問怎樣解決？
1,"一打開包裝聞到腥味，搵到呢罐 滲左出黎⋯
都唔知即唔即餵埋好⋯"
1,尺寸比正常小、吸水差、價錢雖然平但絕不考慮回購！
1,貨品很差，買了幾罐不同的口味全部有發霉的白點，2023/7/16買但今天才開，已過退款期，簡直是騙錢，太過份
1,"已經開咗封
就唔好送貨俾人啦"
1,這批貨次不一樣，品質比從前差，包裝和氣味都不一樣，砂比較細，易碎，且有發霉的砂在內，常有粉紅色，灰色，綠色的一點點。不過懶得去退換了，因為已比預期送貨日期遲了兩星期。
1,有怪味，不太能凝結。。。
1,呢隻N1似假貨，本身已經灰灰地色，放幾日發哂霉，出哂d黑點！吸水能力差，一剷就散哂，點用呀…大家小心，千祈唔好再買！
1,賣假貨不肯退貨退款，唔想貓咪用左有事，寧願掉咗佢，以後不會在HKTV購買，將會轉交消委會跟進
1,"一打開包裝好多一粒粒黑色
都唔知係真貨定假貨自己買咗
聯絡實體舖實體舖一啲回應都冇
直接影響我在購物app購物嘅信心"
1,貓砂發黑發毛，第一次買到咁樣的貓砂
1,今次懷疑買到假貨，因這個包裝跟我之前買到的正貨包裝不一樣。藍色logo標誌深淺有分別。黃色手柄深淺顏色亦不一樣。真貨手柄位置粒點是凸起假貨是平的。估唔到喺HKTVmall都買到假貨。
1,不好用， 遇濕後結塊效果差， 很難一次過清理妥當
1,貓糧變壞左，油益左，屋企貓貓肚屙了
1,咁樣嘅貨 點出得街呀？
1,產品指明每包重量17.5KG，但收貨發現每包只得13.9KG，那3.6KG（21%）去了那裡！？稍後去消委員舉報投訴！
1,希望你地出貨時可以好好檢查貨品、同包裝得好D。合共買左10個罐頭、其中6個罐頭係凹嘅。凹嘅罐頭就會入細菌。唔係少少凹、係好凹。
1,未開已經粉塵勁多，一屎就到底盤已經4-5cm沙
1,比出面市價貴，不建議在此購買
1,"買咗幾十罐罐頭，啲紙皮包裝全部皺唒，罐頭亦都凹陷 送貨淨係用牛皮紙包住晒幾十罐罐頭，理應用紙箱裝好送貨"
1,近幾次買都無乜綠茶味，吸味差咗
1,話送肉泥，但送左包乾零食，與表述不符
1,一打開就見到爆晒口，瀉晒部份貓砂出嚟，袋口明顯比人打開過。。。好失望
1,"黑心商店，劣質假貨冒充行貨正貨賣。
早前用開貓砂就快用完，所以提前買定，點知近日拆開發覺包裝明顯深色，貓砂色澤（左）明顯比同款正常（右）貓砂深色和有啡色斑點，味道亦完全唔同。無奈7日退貨退款期剛過，HKTV mall app根本唔理。
而家我隻4，5歲貓近日突然痾血尿，出現泌尿系統炎症，已花近萬元，大家睇路！"
1,買左幾年都好地地，突然兩隻貓都血尿，睇comment先發現呢d小黑點係霉:&#40;
1,送來的貓糧包裝外袋穿窿
1,"貓貓食開同款
唯一係呢支 兩隻貓貓都完全唔食"
1,這貓砂帶有蝦殼的味道，很難聞。一點也不似原裝行貨，建議供應商查清楚來源。
1,"睇返佢成分, 原來唔係""純""肉, 係&lt;肉類及其副產品&gt;, 蛋白質&gt;=5%, 脂肪&gt;=5%, 睇完成份已經直接揼咗, 大家留意返"
1,原味根本都唔係幼粒裝嚟嘅
1,唉，一收到見到個盒有新膠紙貼上已經知唔妥， 果然，2塊只收到1塊..唔知幾時先可以補番比我
1,因見送貨是12罐一set 所以收貨後便放在一邊沒特別check貨，過了一個多月後開才發現 12罐中有9罐都是凹的，看來時間太耐了也退不了款，如向此供應商購買請參考看，12罐的9罐都不能吃！
1,呢款N1幼粒裝係完全唔應該出現係呢個世界上，啲沙每次用完都會飛到周街都係，而且容易碎會起塵，吸濕能力亦都係我用過咁多隻貓砂之中最差，強烈強烈不建議購買！！
1,我買兩盒，點解黎到得一盒？請送回一盒或退款！煩請跟進！
1,要求退換貨品，但不給退貨
1,貓砂不結團，一舊一舊散開晒，唔好幫襯
1,"包裝破損,貓砂到咗出嚟"
1,等左五日 結果俾錯貨 訂左kitten 結果俾左babycat
1,"只係在冇得選擇下,唯有一直用佢,貓貓最憎,成口泡,每3个月博鬥一次,大家都好攰"
1,買一包貓糧和一個罐頭，送智能櫃…打開智能櫃，只有一包貓糧，沒有罐頭…申請退款，商戶直接取消申請…沒有跟進，沒有退款，不會再幫襯!!!
1,訂3包原味，來貨1包穿袋即場退回給送貨員，及後發覺2包有一包不是我訂的原味，隔了2天沒人聯絡我，也沒同事還返貨品給我。又沒客戶服務電話打，不知所謂
1,商品本身沒有問題，但包裝的箱子卻很有問題，箱子太軟，根本承受不起貓砂的重量，引致到貨時箱子歪歪斜斜的，叠也叠不穩，掉下來又容易傷到人傷到貓，希望盡快改善
1,一直支持依個品牌嘅貓糧都已經有三年 上星期再入手 我的貓食完之後 全部軟便一星期 初時我以為轉天氣 但係軟便都差唔多一星期 之前都從未試過 上網見到新聞 先知道潛在原因 請問可否安排退款？
1,斷貨咗一輪今次買返發現唔同咗…而家一半係水一半係肉碎 好稀貓貓唔肯食😥以前係好緊實嘅肉泥 因為隻貓淨係鐘意食喱一個牌子喱一隻味 以前一路係度買開 今次真係大失所望 搖咗一下其他未開嘅罐頭 入面都係有水浪下浪下咁 想商家回應一下係發生乜事？
1,氣味明顯同之前唔同，無晒豆腐味，包裝品質都差咗，倒砂時候成個裂開，用咗兩年第一次
1,一向用開N1綠茶，原味貓沙，但呢次買嘅綠茶味非常濃郁刺鼻。換左貓沙後，屋企3隻貓都唔肯入去痾尿。於是2日後我倒晒啲綠茶沙，換包原味入沙兜。其中一隻仲係唔肯去，谷左4日尿，結果急性腎衰竭入醫院，留醫吊水用左$13000！我隻貓係普通家貓，4歲，從來未病過。貓沙生產商，請你知道貓好固執，如果你啲沙質量，香味有改變，係絕對會影響啲貓。所有用家請留意呢隻沙嘅味道，有時濃有時淡，啲貓好唔鐘意。
1,$115/2包，現在比連鎖超市還貴，十分失望！
1,已經發霉，有嚴重質量問題。再也不會購買這個店家！！！
1,之前都有食過Orijen無事，係到買呢包呀貓食完嘔 突然嘔左兩次，佢本身唔揀糧腸胃唔差 ，平無好嘢
1,紙箱破壞，貨品被人開過，再次封口，劣質貨品給顧客真失望！
1,買過好多次 爛咗都照送
1,畀佢個加厚呃咗，薄到。。。唉
1,"第三次購買此商品, 第一次買了五包, 貓貓愛吃, 於是第二次買了五十包, 貨品沒有問題。第三次買了四十二包, 打開發現食物的顏食和之前有點不同, 聞一下味道也有點不一樣, 貓貓聞一下一點也不吃就走了。心想只是其中一包出問題吧, 今日連續打開兩包情況也是一樣, 唯有丟掉。這批貨品的品質應該出問題了, 希望店主能了解一下。"
1,未能按時間送到自取點，做成十分不便，不是跟我說之後可按到貨日3天取問題，時本人時間安排及需要，現在貓貓沒有得更換貓砂，引致尿道問題是你們負責任嗎？
1,罐頭肉太乾，冇水份。一打開罐頭見到肉既太深色🥲
1,發錯貨，導致貓咪過敏。圖片顯示是三文魚和pork，實際拿到是三文魚和beef。
1,外箱完好無缺，但罐就勁凹，咁都寄俾個客，係咪有啲過份。
1,成團力唔好，好痴鏟，啲團好似溶咗嘅牛油咁，已經過咗幾個鐘先鏟，而且長毛貓腳會痴貓砂團，但用其他貓砂冇試過咁
1,咁多油正唔正常？？ 之前買過2kg裝，糧係乾爽，食到最後個袋都係乾 而家買包糧咁難
1,我買的是沒有乳酸菌的，但給了有乳酸菌的比我，失望
1,2月12日落單，3月5日先送嚟，咁係咩玩法? 關邊個嘅事，係關Q-pets嘅事咪呢世都唔再幫襯佢囉！ 請查清楚回覆我一下，唔該。
1,"品質係淘寶野,尿片收到時已經穿袋內裏還沾污了,,,,,"
1,4罐完全凹陷，不能食用。請立即退款！
1,竟然可以執錯另一牌子「狗糧」俾我，咁大分別都可以執錯，又浪費時間搞退貨。
1,訂了幼粒裝，但送錯咗係大粒再次訂購後，訂單消失，完全找不到客服！
1,成個星期了，錢又收咗，究竟幾時送？
1,我有兩隻貓 比貓貓食咗三日 兩隻都有屙又嘔 琴日轉了第二個牌子貓糧 就冇事了 好想退貨退款
1,舖頭沒有幫助客人解決問題。沒有封箱膠紙及繩索給顧客用！
1,我個吱吱卜唔出，可以換嗎？
1,"根據商品說明條例。唉~算啦，睇圖啦。
仲要貴過其他網站。
事件其實好嚴重，建議HKTVmall
直接3日內聯絡我。
"
1,自提櫃拎、包裝已經爛咗，咁樣都可以比客人照拎？
1,我買咗五罐有三罐係凹咗
1,我分開兩張單訂購 ，一張單係1罐，另一張單係4罐，我就只收到 1罐，我以後都唔會同你間店買野！
1,"懷疑是假貨，包裝與出面買到的不同，沒有黃色logo,只有黑色logo字，整塊filter又薄又稀疏，手感完全不同，有欺騙之嫌。另外，派送時間改了為當天晚上，結果在第二天早上派了，速遞員說呢邊係早上派，咁我改有咩用？"
1,完全睇唔到係正版貨，完全簽唔到落去魔術貼個位，會甩出嚟。之前買完部機之後原裝嗰塊用咗四個月玩濾網提示燈都未轉紅色，一轉咗呢塊用咗一個禮拜濾網提示燈已經着紅色。HKTVmall容許賣假貨？
1,轉咗新包裝，啲糧完全同之前唔同，貓一直嘔，一個星期嘔3次！！！，見評論都好多貓有咁嘅情況，請商家積極處理問題！，非常嚴重事故
1,原來靜雞雞轉左產地，大家買時要小心，我對上一次買產地係日本，今轉無為意，買完見人講先知轉左中國
1,買完食咗1日先見到中國製，諗住都算數應該無事，點知貓貓食咗3日後開始軟便，宜家搞返3星期先好返啲。台灣牌子有製造業好地地，公司又貪平轉中國製陰人，勁失望
1,"一路都係訂購開,但今次顏色比之前深色好多.而家貓咪唔肯食.我亦都唔知味道是否同之前唔同,總之而家貓咪唔食"
1,一直訂開，但今次冇小食送
1,幾隻貓貓食左都嘔 轉左另一隻糧就冇事
1,2罐一拆開已凹。要求退此2罐
1,貓展直播買 收貨時無送貓抓板，問翻客服話去到我個時送完，搞笑 直播中落單 直播主話落單夠錢就送&#40;無講限量&#41;數量唔夠送 同我講去到我送完 係唔係欺騙顧客？一句話送完就算 完全無責任可言
1,雖然已經係尼到訂貨幾次，但今次品質完全唔同，顏色，大小粒都唔一樣，貓咪亦唔肯點食，品質明顯有問題但商戶都唔肯換貨，冇下次
1,真係成口泡 仲係度流口水。係咪藥有冇問題  唔好再賣出去 如果有事 我一定追究
1,不是10 mall dollars回贈咩？！？掀價購買的！！！請盡快回覆！！！！過份！次次如是！！不追就不給！！！！
1,"貓砂顏色比較灰，粉塵比較多，同同款用緊嘅完全唔一樣。見之前都有買家反映過，有冇咩原因或者結論？如果可以係商品說明講清楚會比較好。
原產地係日本，但係經大陸入口黎香港，應該唔係所標榜嘅香港原裝行貨？
唔知係咪因為咁品質有唔同。"
1,沙和以前一樣好。 但包裝比以前差。手柄於塑膠包裝超級容易斷掉。不能承受重量。
1,包裝應該是真空處理的，可是真空沒有了，挽手位置爛了，袋的底部破裂，請留意及改善
1,下單時同廣告明明寫$99，但收左$105一包，又冇辦法搵到cs，請盡快跟進
1,"早前買左兩包幼粒, 岩岩開左包用, 入面d 粒粒好似比人用過咁, 另一包想退/換貨, 可以點做?"
1,又話加厚。 薄到死、搵笨的一次、真係一分錢一分貨
1,包裝很差，收到貨時，個紙盒甩皮甩骨！
1,跟以前其他鋪買開的同一牌子質地唔同，凝結力差，而且很黏沙盤，非常難清理。
1,我2018/8/13嘅買嘅貓砂今日開嚟用 發現啲味同顏色都唔同咗 睇返日期原來係過咗期  個日期係寫2018/5/27 點解過咗期嘅野都可以寄俾人...搞到隻貓貓有菌入咗去係咁打乞嗤...有冇cs跟進下...
1,貓咪食左痾血便 肚痾，開頭不以為意，睇到原來多人買左依款貓糧 貓咪出現屙嘔情況，再上網睇到話原來係假冒貨， 好嬲 HKTV 竟然縱容商戶買假貨，仲要HKTV Plus 做特價吸引咗唔少人買，仲要食到貓咪屙，不能接受。雖然事隔已經一個月以上，但係上網睇到啲人留言，恍然大悟，原來已買咗假牌子，以致貓咪血便
1,之前買貓糧是抽真空，今次沒有抽真空，已經穿了，入面入哂氣
1,買了多次都是正常綠茶味，今次送來一倒全是機油的味道！品質欠佳。
1,這一年已經發覺質素差咗。貓砂幼身左，又易碎。冇以前咁大粒了。今次仲過分，我買三包，我一拎上手，每一包都比以前輕咗¼，呃唔到我㗎我買咗咁多年。以後我唔會再幫襯你。去返我相熟嘅寵物店嗰度訂。真係好過份囉你哋
1,"我訂3包M size, 佢竟然送咗一包M碼，4包S畀我. 我嗰隻係中型犬用唔到S碼會屙出界. 可否換貨或退貨"
1,寵物食完之後有屙血情況，睇咗獸醫照超聲波，話係貓糧出事，要求賠償
1,完全凝固唔到 都埋唔消臭
1,我買左5份，已經掉左兩支都係壞，再開都係壞，初頭一支半支算數唔影相了，現在越拆出來越多壞，可全掉了 😓
1,"我買日本牌, 點解畀寫英文嘅我? "
1,啱啱開一袋全新嘅 入面竟然有幾隻曱甴仔 一隻死咗 幾隻仲郁緊 連相都影唔切 要求退款！
1,顏色好淡，一D綠茶味都冇，似大陸嗰啲N 1貨
1,離晒普，包裝爛咗，就咁痴埋都可以照出貨。
1,"D 味好似怪怪地...次次都唔同, 品質非常唔穩定"
1,今次質量很差，我家猫猫一直都有食，但今次開3包，全掉進垃圾桶，現餘9包，吾敢再開
1,懷疑買到假貨，包裝與正品不一樣，貓貓食咗之後有肚瀉狀況出現
1,貓貓食開哩隻糧 開左哩包新完全唔願意進食 睇左醫生健康正常 下面咁多人留言先知原來係包糧有問題 要求退貨
1,完全不能辟味，亦不耐用不會再買
1,之前貓貓食開呢個品牌冇問題，今次食完隻妹妹便便有血跡、仔仔又嘔吐，因為己經開包裝入盒所以冇要求退款，但希望HKTV正視商店品質問題，希望會再買到假貨😫
1,顏色，味道，品質同以前唔同咗！！
1,收到的罐頭是這樣的！係本身有事？定運送有事？凹到咁，我唔敢比我隻貓食囉
1,之前一直多次回購，不過最近買咗兩盒，，貓貓全部都食兩啖就唔食（平時一定瘋狂食哂），試咗3包都係咁。。每包打開入面結成啫喱狀比較多，之前無咁多啫喱。
1,購買綠茶味，送貨是原味
1,我買幼粒 比左粗粒我 我貓砂機用吾到
1,送錯貨，變咗雞肉鮪魚牛磺酸，麻煩安排更換
1,"6 罐中4罐凹了, 相對於另外一個商戶同樣是6罐, 罐罐完整無缺"
1,想問下係咪轉左款？重量同質感同以前嘅好唔一樣，以為肉多，成罐都係肉，冇汁，宜家嘅罐得一半係肉，其飲都係汁，宜家呢款好似翻版咁，連包裝紙印刷都係矇嘅，好想問下究竟係咪真貨？定係假貨
1,新包裝新配方d貓唔肯食
1,已經買過2次，第一次OK，第二次已經發現有幾罐凹了。今次再給機會，購買了10罐，有半數罐身有凹，但最過分係其中一罐爆開了。包裝需要注意商品能完好的送到消費者手中才算合格吧。
1,貨品與購買的牌子不一樣
1,完全送錯..... 買的幼貓配方加牛磺酸的 送的成貓加維他命B..........
1,買咗6罐，竟然有3罐係凹！！今次同時買Instinct哩隻牌子三款口味罐罐，分別喺HKTV幫襯三間舖頭買，，竟然全部都係有凹同埋爆開，懷疑本身instinct呢個香港代理儲存貨物或者送貨做得好差！！
1,點解入面既形狀變左既？由短粗變左長幼？質量會唔會唔同？顏色都比先前既深色！如果質量有問題咁點？有冇cs回覆？謝謝
1,我買左呢隻款9包，全部送晒另一隻吞拿魚款。綠色和橙色包裝咁唔同都可以送錯晒。吞拿魚獸醫唔建議多食，所以我先買雞味。因為屋企人幫我收貨，到我要餵貓時先發覺，過左七天換貨期！我見其他人comment覺得商店麻麻，會唔會把少人買既款式比客就當個客無知唔會追究，換貨退錢又要搞一輪。請商戶要小心點，唔好當消費者一定會幫襯，請留意唔好再亂比貨d客！
1,D 砂好似假貨咁，又灰色左又多塵，唔知其實係Unicharm 有問題定鋪頭有問題😟
1,產品顏色同用開嘅唔一樣，變咗做灰色，好似受潮濕後變咗色咁
1,不嬲用開。今批原全唔同顏色，深色好多連個味都唔同。好濃好奇怪。搞到我d貓都唔用個廁所！有無搞錯。點解啲批次可以咁差？
1,離晒普，爛咗就咁痴埋都可以照出貨。
1,次次訂8包都原箱黎 就因為特價先再訂 點知今次散裝一包包 都唔知放係邊好 散裝黎就唔訂8包啦
1,我訂了一份「12罐」，但拆箱後發現只有9罐，但沒有人通知因為缺貨還是甚麼⋯⋯
1,買了21罐，有16罐都係凹，申請退款只批了2罐
1,突然斷貨供應1個月多，非常之不方面，又不知原因，覺得好失望，如能在差不多無貨供應前提醒入貨就最好，希望供應商能改善。
1,開封時外樽都是濕的，入面清潔液漏出
1,一直買開，但今次打開氣味難聞，顏色比以往深色。但貴公司聲明係正貨，想請問生產商是否更改配方？
1,好多罐凹左：（ 又唔係平
1,質素下降，吸唔到味！成個環境都好臭！唔會再買
1,好恐怖，白色一點點發哂霉，得一條正常
1,送嚟發展包裝紙盒已cut開，入面狗墊包裝袋已打開左，仲少左一塊狗尿墊⋯⋯😑
1,貓砂有異味，品質有問題。之前一直用開都沒這個難聞的味道。
1,收到罐頭嚴重凹陷連入邊嘅醬都流埋出嚟，似係商品入箱嘅之前已經損壞，因為連個紙盒都冇個罐咁凹
1,"食完之後係咁作嘔, 但嘔唔出, 唔知咩事"
1,買咗五六年貓砂，未試過買六包貓砂唔係原箱送，送六包散装17.5L嘅貓砂畀我，我唔係住幾萬呎嘅屋，咁大包點樣擺呀， 好彩我買六包。 如果我買12包，唔係成箱送 我放喺邊呀，唔知你哋有乜困難， 三包一箱， 每次收都係一箱一箱咁收，係你哋做得特別差，定人哋做得特別好呀，有冇諗過顧客㗎， 安排十分差，以後都唔想訂呀
1,"一直用開N1，今次買咗6包，一打開就味道不對。
有一股發酵之後的酸臭味，又打開第二包，都係一樣酸臭味。要求退貨。"
1,訂了2次都無問題，今次那包一打開就感覺不同，沒有以往那種豆腐味，只嗅到一陣唔知咩味，很怪! 怪不得貓貓都不上厠所，屙在地毯上! 請跟進! 
1,18年生產. 22年過期，唔怪咁平
1,送來6包裝沒有紙盒裝的，有些失望
1,氣味太濃，貓咪不愛，在沙盤外便便😭
1,"買12包⋯12包都漏氣，唔怪得咁平啦🌝，如果唔係要一次過買糧⋯真係唔會買,無下次嚕"
1,開咗4包都好臭，仲有8包未開，有無得退
1,買了六包貓砂，卻只送來一包。
1,平時一直用開呢款 今次發現有鐵 好差
1,狗狗食唔到太硬、人手分都分唔到
1,一開始用都冇乜問題，都回購左好幾次。但最近一次買，2-3日就勁臭，唔會結成一舊。仲淨返一包都唔想用了。買左另一牌子又平又好用又唔臭。
1,呢度買開嘢，本身見d罐罐表面有d污糟，以為純粹裝貨唔小心滴到都冇乜嘢，用火酒抹咗算，但抹到一半見到有一盒居然係爛，原來d污跡就係嗰一盒漏出黎…
1,多次在這裡回購商品，但最近收到貓砂的顏色越來越偏啡灰，懷疑貨品受潮了
1,三文魚猫罐頭和以前不，是否轉咗，以前不是這樣，而家一半是水一半是肉，猫猫唔食，眼見到都同，是否假貨，可否退貨/退錢
1,4包都係收$92 無優惠價
1,又話有贈品送？都冇，騙人🤥
1,第一次送貨有漏既情況、安排換貨等左一個星期，點知換貨都係漏到七彩，火都黎呀！又只可換一次，否則我直頭退款算！！
1,"拆開bubble packing, 發現開蓋位有濃縮液漏出, 成枝野濕晒, 都唔知漏左幾多"
1,已回購多次，但最近一次購買發現同一批次產品品質不一樣，明顯兩款肉色不一樣，平時食開係右邊個隻
1,"一打開有臭魚味, 但仲未過期, 唔知係咪存放有問題變壞咗, 貓貓完全唔食"
1,"係回購，質量唔錯
但係今次收貨打開見到側面有損壞，有個窿"
1,開4罐3罐都噴出黎，一罐無但品質明顯有問題，之前買過唔係咁流質似係變質
1,很失望，與食開貓三文魚罐不一樣，而家一半水浸住，質地不是肉泥⋯ 主子不願吃。是否假貨？
1,咁次嘅貓砂點解咁細粒咁多粉末，仲要唔係真空，
1,"本7月5日下單, 7月8日送貨, 貨品到期日是2024年7月7日, 是否有點過份呢????"
1,今日30/3職員送漏1包尿墊，佢話拎漏左但我吾知佢幾時補送比我？
1,個包裝係用四包送嘅細乾糧夾住d 罐， 但係十二罐入面都有三罐𨋢左
1,貪平出事，一打開包砂好碎，倒出嚟好多粉，之前一直買開港行貨，好好用，成分都有講明係含有梳打粒，呢包水貨有好多白色碎硬粒，同平時唔同，label無提d 白色嘢係乜，無咗平時浸綠茶香味，好明顯同行貨係完全兩樣嘢
1,最底部那包貓砂一拿出來就倒到一地一盒都是。因為是最低那一包，所以不會是開合是導致。開口部分也不像𠝹開，應該是貨品有問題。
1,"不喜歡。
尿墊超薄，完全不吸水，尿漏得一地都是，害得狗狗被冤枉，受懲罰多次。
以後不會再買這款。
"
1,雖然好平，但唔好用，只係開頭兩日好用，第三日開始有嗅味，同凝結唔到。
1,購買2次貓砂，一共四包，結果只收貨一包！每次購買付款後，到送貨當日先通知缺貨！明明系統顯示有貨！但通知我無貨？你們不想賣就不好播出廣告拉！現在客戶購買你們商品，但每次都無貨交比客戶！為何仲要放上來售賣？一句缺貨就完全無視我的等待，連補貨給客戶都慳返？次次買，次次無貨，次次缺貨，仲要次次都等到送貨當日先通知客戶！如果是這樣的話，以後都不會再使用你們HKTV！服務愈來愈差都算！買咩缺咩！根本就無貨賣！真係好令人失望！所謂聯絡客戶就係一封Email通知我缺貨就完結！真係不可理喻！
1,"污糟邋遢黏晒塵，好心唔用膠袋都用個紙袋裝下。使唔使懶成咁慳成咁？! 仲以為自己住喺某個非洲的赤貧鄉下……人都癲"
1,"包裝面寫明厚型, 是片面之詞, 事實上與實物並不相符, 相比對上一次購買不算大獲好評的另一牌子還要薄身得多。"
1,"我買咗九罐，有五罐係過期 有兩罐下個月到期"
1,買左三包 一包穿窿 一包漏氣
1,多年使用，今次以為血尿，全家人也很擔心，差點帶貓貓睇醫生，要求供應商解釋並安排退款
1,之前幾次回購也沒有問題，今次的貓砂有蝨，請正視問題。
1,23/2下單，訂了兩款口味各兩排，每排12罐，合共4排48罐罐頭$672元，24/2到貨，並到門店取貨發現只有每口味各兩罐，即只有4罐。店員已即時代為拍照在app上傳通知漏貨，直到28/2收到電郵通知會退回46罐價錢$616元，款項會退回到本人付款visa卡內。 直到今天10/3為止還未收到退款。超級離譜。追問hktv客服都係話代跟進，一直冇進展。 購物體驗非常失望同憤怒。 再過幾天未收到，一定會去消費者委員會投訴。
1,"又係比用開既深色 
唔知係質量問題定現在的貨係變左色"
1,我的貓本來也從不嘔，但吃了這個貓糧，也是經常會嘔吐
1,無送到毛氈，又話買canagan就送，買左24罐都無！
1,罐頭有魚骨，開左幾罐都有，大家千奇唔好買！
1,有兩罐明顯凹咗，好差！
1,砂粒大細粒，同沙灘嘅沙無分別，氣味太濃，下次唔會再買。
1,包裝差，所有罐頭都凹陷，無一完好
1,寫明有效期是八月，收到是五月！完全同標題唔一樣！
1,想問係咪轉咗款+1，同之前唔同成罐好多水，睇返之前買嘅係冇美國國旗logo，主子唔食
1,之前用一直用開同一牌子無問題，今次呢包又臭又癡底！
1,貓砂送到的時候包裝袋已爆開
1,"魚肉好腥又碎,啡啡黑黑咁,貓食後會嘔😓"
1,原本打算送給朋友的，但細看之下發現 包裝已破損，用手放大破損的位置還隱約看見裏面的牛仔骨，已向HKTV mall投訴多次，但他們都不肯負責把貨品退換，不負責任！大家購買時請小心！以免內裏的貨品受潮質地變壞！！
1,"大家千萬不要在這家店買, 在問答中商家明明說是有效期到2026年11月, 送來的卻是到2026年9月的有效期, 差了兩個月期限, 如果是期限短的還有其他更便宜的店可以購買, 不用在這家店購買. 我們決定在此店購買主要是因為他聲稱發貨的批次是2026年11月,想著讓主子可以吃點新鮮安全的批次, 沒想到他們拿舊批次出來還說在半年以內就合乎標準"
1,本來是昨天到，今天都還未到
1,未能按時送貨，沒有合理原因
1,最基本吸水都唔得，唔會再買
1,剛剛星期四VIP特價$100買左，星期六全部賣$90，變價真快！
1,收到的貓罐頭有兩罐嚴重撞損的
1,首先，包裝𠝹開咗幾個位，漏落紙箱到。第二，一倒出嚟已經無橙味，係似papper味。之前係第二度買係真係橙味，呢度買咗兩包都唔係橙味。
1,6月7號收貨，穿袋漏晒啲貓砂出嚟，申請退貨，等咗14日，6月21號先有回覆-商店拒絕退貨退款要求。咁唯有照用，點知成包貓砂受潮有啲濕濕地味道好刺鼻，全部黐底盤一pat pat好難搞！黐住腳板一pat pat，成包掉左，之前用過都唔係咁，完全兩樣嘢😡
1,開箱後，糧袋已破，糧粒散落。需要換貨。
1,呢間公司d n1砂係假貨
1,沒有收到貨品，我追問送遞員，他叫我自行找你們跟進，請盡快聯絡或通知我，派遞的安排，謝謝。
1,呢間賣既貓砂質量異常地非常差 1. 無綠茶味 2. 貓砂比平時第二間買開的較粗 同易埋很容易碎成粉 3.吸水效果亦唔理想
1,之前都有買過N1，但係今次嗰批貓砂完全唔吸味，亦都冇綠茶味
1,減價就缺貨！!  並不真正減價.
1,訂了一箱3包，但有一包 包裝撕裂了，最後因為急用取消了回收退款，請下次商家檢查清楚包裝才出貨🙏
1,沒有送呢一件貨！真離譜！
1,不要買不要買！都唔知係咪正貨… 有一包開咗之後陣綠茶味好假，好似仲比平時更綠色啲 ，我有隻貓用完隻腳變綠色（甩色），即刻幫佢抹&乾，幫佢清潔個陣 見到佢隻腳有一撻仔冇乜毛，有啲紅紅地，似皮膚敏感，幫佢搽啲啲碘液清潔先好啲，之後都有開新一包 但同之前個包又有啲唔同，陣味冇咁假，但都唔知係咪正貨 🥲🥲
1,原本19/9訂4包，$90一包，送貨前一日HKTV Mall取消我訂單，冇講原因，之後再上去網頁睇，原來唔係冇貨，係加咗價，我要再訂，要嘥多我一次收貨時間，俾多9蚊一包，又因為4x99少咗$400，我要另外再買嘢先可以免費送貨，咁做生意唔太好
1,是否品質有問題？剛開來用， 一嚿尿尿 剷起上嚟可以碎出十幾塊＝ 剷一嚿尿尿要剷十幾次，怎用？我買了幾包呀可憐！
1,真假溝埋一齊賣，買左幾次，幾次都勁黐底，得一箱係正常😡😡
1,用咗多年都沒有有問題，最近發現貓砂有紅點，以為貓血尿，差點帶貓貓睇醫生。請聯絡供應商看看是否貓砂有問題。
1,我買24罐，送少左12罐。。。仲未有人回覆我
1,"一打開有小小臭味 / 怪味, 雖然有少少浪費, 但我最後都係決定唔要"
1,罐身污糟；打開入面係水狀非凝固狀；似變壞貨品。
1,今日開一罐，入面已發毛了
1,一箱24罐有四罐凹咗囉…但係又趕住比貓食，廢事退。唔明點解整箱送來都可以咁。
1,我已經唔敢揀最平個間買驚有假，呢間寫明正貨我先買，但我隻貓食完腸胃炎，唔願食野，即食即嘔，睇獸醫驗血照xray 無左4千幾，照完驗血無咩特別，就當腸胃炎，食抗生素再配獸醫配方腸胃糧，好返之後先慢慢溝返本來既糧。食完一星期抗生素好返晒正常胃口，一溝返呢個糧，佢又即刻唔願食嘢。所以我都好肯定呢批糧係有問題，我開封左一個月咋，而家真係成袋掉左佢唔敢再俾我隻貓食
1,唔低買 加左價 原先105
1,左邊已食開3年，右邊今次買的同以往完全不一樣，罐頭打開有膠味
1,買24罐才送六罐。星期六已反映。但無回音。
1,我貓狗已食這款好耐，但今次打開兩罐都係爛泥咁😱，有擔心😰，佢哋剛照吃咗，要睇吓有冇疴先再申報feedback😔
1,本身訂了紫菜味，但送來全都是芝士味，貓咪不喜歡食，之前一直在貴店購買，也沒有這個問題。
1,買左原價先黎特價。。。
1,收貨時見罐頭嚴重撞凹，賣家把壞貨给客人實在不該
1,第一次買6罐，有4罐凹咗，見到都好失望，凹咗都可以入箱送貨，係咪當我睇唔到照收貨，要求退貨
1,開罐後發現與平時不同，顏色灰灰，品質壞了。
1,都唔知有無搞錯 一開個包裝個樽就濕哂
1,包裝寫綠茶味，倒出嚟係好重嘅糖果甜味，一嗰綠茶味都無！都唔知係廠入錯內容物定貓砂變咗質！
1,送到黎有一包爆開左！！
1,"一直用開 亦有喺出面買 喺呢間買過兩次 分別好大
左邊係最近一次買 右邊係上次買
明顯左邊較深色唔平滑粗糙有雜質 收貨時已經好多粉
右邊順滑好多淺色較實 收貨時無乜粉
左邊正貨logo係直接印在包裝上 右邊係用貼紙貼上（我用完 無留底影低）
呢兩次都在同一間店買 竟然可以出入咁大 第一次係非常滿意 同我以前用開分別不大 而今次質素明顯好大出入 令我懷疑今次是否真係行貨
"
1,一打開就見到流晒出黎，冇左半樽！
1,有很多不知是什麼的綠色粒粒
1,用過最黐底嘅貓砂，仲要極飄，貓貓去完廁所，就算經過隔沙墊都仲係一地沙👎🏻
1,好臭，不知什麼事，不能用！
1,漏左一包 幾時送返黎？
1,買2包 都分開送 好麻煩 
1,"產品超薄,根本唔適合中型狗狗，尺寸比其他牌子的尺寸细，真的超薄，收到產品後真是非常之嬲，如果一日要換多次嘅話，咁嘅產品就很貴。"
1,我買白罐呢隻味，送到黎係另一隻味咩玩法？
1,今次沒有真空包裝，有灰黑色斑點，可以退貨嗎？
1,品質欠佳，打開有臭肉味，顏色黑黑地
1,有無攪錯呀，6/8買$40，7/8買就$36.7仲要有95折，爭一日就唔同價，會唔會快左啲呀⋯⋯🙄
1,有蟲，不斷係砂入面冒出，麻煩供應商聯絡我，想退貨
1,打開第一包貓貓不肯用、聞落有少少味道，以為轉左配方。到第二包發現貓砂濕濕地、顏色發霉發黃！做特價賣劣質貨、希望做生意都要有良心！
1,送到黎樽嘢剩返咁多.... 好多都倒瀉左喺袋入面
1,平時貓貓一直飲開呢個牌子嘅湯包，唔知點解今次兩隻貓都唔鍾意飲，仲做出埋砂嘅動作，試過直接倒入碗唔肯飲，又試過整熱，都係唔肯飲。今日我終於自己開嚟試吓，發覺d湯原來有酸味，應該係存放不當，令湯包變壞，怪唔知佢地唔肯飲，寧願佢地無飲，飲咗肚痾仲大鑊
1,"已經唔係2 年前質素,超細粒,要加蚊網墊底,否則漏晒落底,同時因為細粒,貓貓帶埋砂粒出貓厠,一地都係砂."
1,"加成廿蚊, 外面也有其他便宜供應, 唔再幫趁"
1,"我係買細罐 冇國旗版本
你地放左大罐黎 有國旗版本
明明細版先唔會肚痾 點解可以送錯"
1,"購買時資料顯示是主食罐，但收到的卻發現是副食罐

正在餵此罐給貓貓的貓友請留意，副食罐不能提供足夠營養給貓貓"
1,多次回購，但今次發現一箱內，有 5 包含污物！
1,已經食呢隻濕糧好耐，第一次打開係甘爛，貓咪食左疴軟便
1,"包裝穿左都唔退款
大家千奇唔好幫襯
穿左點餵
有得俾0分即俾"
1,一打開紙皮盒，非常污糟，因為店家用了非常非常污糟，充滿灰塵嘅塑膠包裝袋，作為紙皮箱內的填充物，搞到啲罐頭都有一浸污糟嘅灰塵，亦搞到在家裏拆箱後，枱面充滿這些灰塵！對店家這樣污糟邋遢的包裝物料感到極為不滿，以後都不會再幫襯這店家！
1,在HKTVmall訂兩包貓糧，完全找不到生產日期或食用限期
1,個袋爛的。搞到啲貓砂跌到成地都係
1,"基本上9成罐都係凹
而旦燒雞唔係港版，如果係日版應該要標明
係平姐，但都唔好9成罐都凹比人囉"
1,完全唔吸水，質量難以接受！千祈唔好買
1,買唔到粗砂買幼砂，唔太掂，太碎太粉
1,新開包裝密封貼已經分離，未試過買貓糧遇過既情況失望
1,一直用開豆腐砂，第一次用混合砂，包裝說明的瞬間吸收，包覆力強，乾爽潔淨，全部都做唔到，無一舊係可以完整產起，全部都散曬，開初以為係我太快產起，但試過擺半日產都係散，好失望，完全無宣傳的功效。唯一優點係味道比較細。
1,"不會再買,真的不好用,又多粉塵,凝結鬆散,每次清潔貓砂都會有好多粉塵,差差差!"
1,48罐罐頭送到嚟先知日版，網頁上冇標明冇寫明，希望盡快聯絡本人免費更換
1,"明明寫明係C-53鰹魚+帶子
但送貨嚟的是M-53雞肉+帶子
好在淨係買咗2罐"
1,我幫襯左你哋好耐，第一次送漏貨，我買24罐，收左我$336，但只送左12罐俾我。。。而家又要吾知等幾耐HKTV先會覆到我。。。希望係我隻貓貓食晒12個罐頭之前會解決到。。。
1,"買滿$300加錢換這貓砂，錢就加左，但冇送貨！仲要冇補送貨選項！
見留言其他人都有同樣遭遇！感覺商店故意做虛假優惠吸引你買夠個數！
其實貓糧又唔係最平最抵，以後唔會再幫襯！"
1,見到有貓玩具先買，但係無送😅😅😅
1,"平時我出街買應該係真空包裝 
這次買了六包只得一包真空 其他都漏氣了"
1,"貓糧包裝破損, 一打開中間已被劃破
唔知係咪走哂氣所以貓貓呢幾日都食好少
打算係另一間鋪重新買過算"
1,貓糧品質是否有問題？家中有七隻貓，每次回家都看見地上很多嘔吐物。舊包裝沒有這個問題。請跟進。
1,內包裝沒有 logo.紙質比較用開差。
1,未試過評價忍唔住想講，吸水係我用過最差的一個牌子，一痾就從邊緣漏晒出來。點解可以咁多評語講吸水力強真係唔理解。
1,原本被貓貓玩具贈品吸引了下單，點知下單後贈品消失了，受騙！😡😡
1,我未開包裝，見到裡面有好像糞便的雜質，可唔可以換
1,搞錯，今次果啲同上次果啲完全唔同，係咪出左假貨！仲有包未開要求退貨
1,消毒液有漏出 包裝欠佳
1,同以前唔同，下次轉用其他牌子
1,彩豐行 貨品 說明買滿399送casablanca一個但係我冇收貨!
1,包裝無保質期，袋口無密實封條👎
1,不是我用開的n1 綠茶氣味， 味很怪， 貨品有問題， 疑受騙
1,"貨品說明到打 17.5L,但到貨之後覺得唔對路，先知原來係包裝上面係寫17.5N &#40;6.4 KG&#41; 

好唔好用就未知，但係好似俾人呃左囉 :&#40;"
1,這次质量很差，想問問為什麼會這樣
1,之前一直用開覺得幾好，但最近呢幾次買嗰啲簿咗好多
1,成包都黑黑哋好似發咗毛咁
1,商家送漏贈品，拒絕補回，不推薦。
1,買了8罐，有3罐嚴重損毀，請問是否刻意把損毀的貨品賣給我呢？因為損毀都很明顯，為什麼還會給客人😡😡😡😡😡😡😡😡😡😡
1,你比貨 係比左呢款雞肉 85g比我，你兩款產品 用同一張相 日文字係 一樣的！鰹魚果款圖片 翻譯係雞肉果款囉 ，可否自己睇返自己係咪有問題先而話客唔岩先😓
1,收到，唔係漏好多，但都濕左對手了
1,"假N1
真係唔好貪平
平唔係真平，因為假所以平
真N1會團住一舊
佢變哂粉
好差
已去返本身買開個間買"
1,"購買10罐，有兩罐凹了
不敢給貓貓吃，掉了"
1,"一收到貨已經流晒落個箱度
搞到要周圍抹
包裝完全冇膠紙黐實
很差的體驗"
1,第一次吸到味，幾好，今次再購買，完全吸唔到尿味，極其嗅，餘下幾包不可單獨用，唯有混其他豆腐沙用，唔知係咪水貨，極差，中伏。
1,"我係要 鰹魚 帶子，點解幾次送貨都係比左
雞柳帶子味？大家重量都唔同 一個75g同
85g分別，價錢相差一蚊"
1,以為佢有優惠，其實呃人！😡😡😡又無送貓咕𠱸，換購貓零食又唔送貨。早知唔幫佢買，幫襯第二間！
1,肉質腐壞！買了3種口味12罐、一罐其他口味總共37罐，開了幾罐給貓吃一打開灰色的沒有多想，後來貓吃了幾次吐了，有一次吃兩口直接吐，後來才發現原來是腐壞！！！現在為了拍照隨便開一罐都是灰色真的很過分！請盡快處理這些壞掉的東西！
1,產品冇問題， 但包裝已鎅爛仍然寄出就有D問題！！
1,收多咗錢，明明寫住$26一包，結果買兩包收咗$120，快啲回水！
1,收到的猫沙被压碎了很多，整袋都是粉末
1,介紹寫「18Lx3」，但實際原來三包加埋先L，完全誤導消費者😡
1,包裝被擠壓得不知有沒有破損！
1,包裝的邊有洞，從包裝箱拿起時貓砂由洞流出
1,一盒咁細嘅杜蟲藥，竟然用咁大個盒載，簡直係浪費，好唔環保！
1,比我平時買既杜蟲藥太大粒啦！而且容易碎、貓貓又唔肯食，結果一盒兩粒.. 又吞又吐、混埋落專喂藥用既零食都唔肯食.. 比d 口水攪到溶晒.. 完全浪費左… 後來買番原先果隻，雖然$5x 粒，但好細粒、牛肉味，幾分鐘就攪掂啦！
1,"買9罐唔同口味&#40;哩款係其中一款&#41;, 竟然有5罐都係凹架咁樣都可以照無事pack出嚟賣俾人!"
1,"有冇攪錯，就咁甜膠紙就算。我一路時一路跌，仲要整污糟我部車，明知都可以齋貼膠紙就算…
我唔知係你地失誤定HKTV運送時嘅問題"
1,賣家不老實，買開有3包，今次再買，送來只有一包
1,明明優惠價，付款竟收原價🤨買開呢隻所以冇細睇。評價時先發現。這種銷售手法不可取。
1,我第一次買這個牌子的貓罐，請問這些黑點，是正常的嗎？還是發霉了？  
1,同之前食開既唔同，睇落啲質地已經有分別，聞落味道都唔同，初時以為批次問題，但貓貓食完腸胃炎，又痾又嘔⋯⋯仲要過佐七日冇得退貨
1,"無裝箱可言，無bubble 紙，卡紙固定產品，其他供應商有
該供應商已知該產品容易變形，隨時會導致產品包裝損壞，但供應商都只用一個過大的外箱作包裝，不作任何固定或妥善處理包裝，裝箱
太求其，無誠意，希望能作出改善"
1,"圖片嘅包裝係主食罐，產品分類都係主食罐
送到嚟係變左第二條line嘅副食罐"
1,9月29日買了6支，因有折扣，今天開第三支，奶巳變質，開另一支，就正常。。。還有2支未開。。。不敢想像。。。
1,9月29日買了6支，昨天開第3支，已變質，如何退貨。。。條款7日內退貨，如何可給小狗7日喝完6公升奶？還有2支未開，又之2星期前買了一支備用。。。已沒有信心。。。HKTV可怎處理？
1,一直訂開 但今次無送到小食
1,劣質貓砂！評價 留言於買牀！
1,收到貨後發現包裝上有幾個細洞，點解包裝處理可以咁差？之前買都無事，以後都唔會係呢間間買。
1,包裝穿左 入面d野食都唔知有無細菌 唔敢俾狗仔食
1,"送漏5包貓零食 但負責公司唔肯處理
不退款 不補送貨品 對今次服務非常失望"
1,見產地係日本／台灣先買，仲一次買左4包，點知包裝上面根本搵唔到有寫明產地資料，有違反商品說明條例之疑，麻煩貴公司做好商品把關
1,是不是過期，產品有問題，完全水狀，請立刻退款
1,我以後都不會再次在贵公司购物，因為交付的數量不如我购買付款所得到的數量。令我对贵公司的信心全无。亦须要我用大量時間去申報你們的缺央。浪費我時間。如果我不提出你們的失誤，我不能估計，你們会否自己会发现漏货，如果真的漏货，你們又会怎样处理。今時今日，在網上购货巳成了一种风气，但要做到有誠信交付，的確，贵公司未可以。我們对贵公司失去信心。以後及將來也不敢再购買。我亦会把今次的经歷，毫無保留地告訴所有我认识与不认识的人。
1,網購多次，今次真有點失敗，居然有多罐凹陷，希望商戶多加留意
1,貓貓用後敏感，狂抓痕癢難耐，甩毛，上網搜尋資料核對後懷疑是假貨，請HKTVALL平台正視嚴重性，嚴查商店售賣貨品
1,"貨品質量有問題，有行貨証明信不代表所有貨品都同代理商訂，我在百佳訂了貓砂與我之前提供正貨貓砂一樣
1.百佳是真空包裝
2.百佳貓砂是淺綠色的
3.百佳貓砂是清香的
4.百佳貓砂手柄是橙黃色和有紋的
5.百佳貓砂生產日期是在下方的
6.百佳的貓砂包裝的黑色字較深色的
7.百佳的貓砂紙箱是有2條索帶的
8.百佳的貓砂紙箱的字和logo 是不同的
9.百佳的貓砂紙箱尺寸是不同的
信內提及所有問題都是正常的，我有2批貓砂第1批2025年2月5日制造冇問題的貓砂包裝和未用完的貓砂和2025年2月24日制造有問題貓砂
另外近期在百佳訂第二批 2025年4月7日制造冇問題的貓砂，朋友在HKTVmall 訂2025年4月份制造有問題貓砂共2批我可以提供給代理商拿去驗下，我不明白點解代理商唔問客戶拿有問題貓砂去驗？ 1個人發現有問題唔理我明白，咁多人都發現是不是要跟進呢？如果貓咪用了你供應的貓砂有事，你公司點負責？箱貓砂的味道係刺鼻，我就唔會比貓用。
包裝同月份出都有咁多不同，代理商都不覺得有問題，所有問題都係客戶問題，都係客戶錯，代理商和供應商真是不負責任，不理會貓咪健康。"
1,投訴這箱打開味道刺鼻，很重化學味道，等了幾日客服郵件可以說是擺放問題，已購入一個月，唔通買完要即開才算數，長期買第一次發
1,貓砂一開好大陣煙味，三包都有同樣情況。
1,買兩袋水蜜桃味， 其中一代送錯咗原味
1,罐罐都凹，唔會有下次再買。
1,"全部墊打開都有類似漿糊既野黏住。以往用開都ok, 呢批全部4包都用唔到。原本諗住買定，過左7日退唔到。"
1,送錯貨，訂了6包只送了4包，另送來1包不同款式，要求更換
1,一直購買，平時都有一兩罐微凹，都不計較，但今次凹得太過份了吧
1,只用保鮮紙包住，收到拆開拎起就漏砂，舊嗰包我都未用晒，依包就搞到要快d用，唔擺得！唔會再幫襯依間店！
1,"一盒六支，之前喺其他地方買都係一整盒冇開過嘅，呢間嘢嘅攞膠紙封得密密實實，起初以為係運輸過程紙盒爛咗無開盒檢查，等到貓貓要食嘅時候，一開先發現少咗一支。
乜嘢舖頭咁賤格，十幾蚊一支嘅貨都要偷，在鬼鬼鼠鼠用個原裝盒封膠紙畀客。
我知道我冇即時開箱驗，太相信商家係我嘅錯，我亦唔係要hktv mall賠錢，我就係想話畀大家知呢間嘢唔可信！！！"
1,"收到到嘅時候已經係完全爛開咗！
請安排換貨 。"
1,請注意同一樣的貓砂，在這間店會比其他店購買的幼很多，為免做成過度浪費，購買前請注意
1,可能大家對厚嘅定義唔同。 見個個都話好用，一次過買左4包，一開已經覺得勁薄，我囡係屋企屙尿，而加一日要掉2-3張。仲要好容易就過底。之前用另外一款尿墊，可以一日掉一張。 以後都唔會買e 隻！
1,黎到打開已發現撞爛 但係紙盒包裝工常 啫係倉務知道但照出貨？
1,"大家要小心 轉了新版 成份吾一樣 
左邊係新版 顏色較暗啡 一開超多水流到周圍 聞落都吾同
右邊係舊版 顏色較粉嫩 吾會好多水 聞落去較香
貓食開舊版 新版聞兩聞就走 完全吾食

細睇過兩個罐頭上既成份都有差別"
1,不是新升級配方，而已已經破損！！！！ 大家小心唔好上當
1,三包裝貓砂送來時其中一包已經中間爆開， 而外層紙皮完好無損，不是送貨員的問題，而且 由於我是用剪刀剪開 紙皮膠條， 所以亦不存在我拆開包裝時意外破壞貓砂包裝，所以十分有理由相信貨物出貨前已損壞。商家你有在出貨前檢查貨物嗎？
1,貓砂的顏色染到了貓貓身上？
1,打開後只有三包，訂單編號H250418015736
1,一直買開給貓貓食，也很喜歡吃，每次都買12set&#40;24罐&#41;，今次買有些味道和之前買不同，今次有些味罐罐是水汪汪的，一直之前買的是啫喱形態的，貓貓食咗有屙爛屎情況出現，已不敢再給貓貓食，請留意問題！
1,我訂的是原圖的。相機第三款。但送來的式樣不同。品質也有差別。3隻猫都不吃喔! 如果你公司無貨。就退錢。不應該俾第二隻貨我。 
1,我買了8份，只送來三份，有無攪錯
1,首先是本人到HKTVmall 自提站取貨時，商品表面盒破爛，都無緊要…然後盒內的狗糧外包裝穿窿，而穿咗的窿是用厚厚的膠紙封住個窿，自提店內的員工更叫我將重達3kg的（有問題）狗糧搬回家中，因為鋪內無位置放。事件最後安排換過一包新狗糧，但是我訂的狗糧是寫明是法國產地，價錢比起另一間韓國產地貴$50，可惜送到來的貨是韓國產地。
1,遇水即溶 完全貨不對版
1,QC欠佳，2月12號下一頁係3月5號...
1,農歷新年前買備用，今日開來用，發現竟然沒有封口，只是半封！！！不衛生！！！
1,其中一包爆左，粉塵好勁
1,尿墊很差，厚度ok但兩邊係勁滲漏，結果都個成盤底係尿，下次不會再買。
1,沒有expiry date
1,產品無成份標示，無講明係咩成份可以pet friendly又殺到菌，味道有刺鼻feel 失望
1,懷疑是假貨香味唔係平時嘅綠茶味、有啲似薄荷味、顏色也是同平時唔同是非常綠，非常有問題請安排退貨！已經用咗好多年第一次咁樣
1,貓砂批次品質不同，深色既香味十分濃，搞到貓貓都唔敢去廁所！
1,"買10罐罐頭，10罐全部凹，有冇搞錯
呢間嘢我唔會推薦，大家小心選擇
上網搵呢間嘢，原來已經出晒名，專返水貨，正一無良商人"
1,"睇返呢款""菲力牛""成分, 原來係&lt;肉類及其副產品&gt;, 蛋白質只有 &gt;=5%, 脂肪&gt;=3%, 大家留意返"
1,收到貨之後一直未開過，今日試試開嚟用，點知打開個蓋入面個包裝已經係打開晒，兩樽都係咁😰，你哋係唔係打開溝過水嚟啊
1,每塊墊都有好多「粉」嘅微粒，擔心影響主子健康，成包會去咗垃圾房！
1,同問 覺得入面質地 樣 都唔同左 平時貓貓食三文魚一定清晒 而家唔會
1,打開箱子裡面有一包係爛的 漏曬出來
1,"訂了19罐，只有一罐傷得比較嚴重，請問出貨時沒有檢查嗎？
另外請問如何申請售後？"
1,貓砂味道變味，以前係好香既雲尼拿味，依家一打開有陣臭味，最近兩次買都有呢個問題，是否可以退貨或者重新發貨，依家完全蓋唔到屎味，反而仲臭左，以前都唔係咁。
1,包裝嘅紙箱完好無缺，箱入面嘅罐頭凹晒，招紙都爛埋，一定係入箱之前已經甩皮甩骨，好過份
1,17.5L 但原來係好細包😅😅 吾抵買
1,對上一次都係買呢款貓糧，貓貓一直食開都冇事，但轉左新包裝之後，貓貓食完嘔左幾日，究竟係成批貨有問題定點？開左成包係度而家我都唔敢再比貓食
1,"其實我都唔只訂hktvmail一次，但呢次之後真係唔會再訂，1月21號會送貨，點知來到只有兩件貨，又唔講其他嗰啲貨幾時會再到，問送貨員幾時會送，又話唔知唔關佢事，問佢有冇CS 電話，佢又話呢間公司係冇電話，咁我十問十不知嘅情況下，我唔收果嗰兩件貨，過左10分鍾先send個e mail 黎話24號先送貨。送唔到貨唔緊要，仲要唔比人揀日子，人地24號本身有事做都要為左等送貨而改期，
好啦，到左24號送貨日，拆開啲嘢黎睇，碎晒， 夾扁晒，仲夾到爆開咗。
完全冇電話可以申訴，只可以話我唔會再訂。"
1,本身安排同一日送貨，買夠24盒，12盒貴價訂單冇問題，直接送貨；另外12盒係優惠價，就話商品有問題送唔到貨，直接取消訂單，即係減價嘅就會貨有問題，貴嗰張訂單啲貨就冇問題，全部都係同一款史雲生清雞湯1L x 3，有冇搞錯，我係唔係應該要去消委會問一問，HKTVmall / 史雲生官方呢兩間公司，咁做有冇問題？
1,點解我買呢兩隻味 都係縮埋咗 同埋一堆水？最尾嗰張相係吞拿魚味我喺第二間買嘅就完完整整冇事
1,包裝袋穿了，擔心影響食物安全
1,"膠袋越黎越薄 貓沙越黎越易變成粉  
請問係咪轉左生產地呀  覺得似假野
以前買唔係咁"
1,標明產品買滿$380 便會送3樣禮品 最後只收到一件 欺騙消費者
1,"貨到包裝已破爛，包装顯示的日期為2020年04月9號是否生產日期或是到期?
"
1,"請你們包裝入箱時多加注意
不要過份擠壓
很容易另錫紙封蓋離位失去密封功能"
1,一開箱，拎開面個塊紙皮，就見到咁亂，仲要有成10罐凹左。唔會再幫佢買
1,"打開味道非常刺鼻
人聞了半天也頭痛
餘下兩包都掉了
唔會再買！
味道太假 貓貓聞了味道整天也沒有進食"
1,綠茶氣味太濃烈，貓貓不喜歡用
1,平時買開N1官網，今次貪平結果超大陣味，好刺鼻
1,"你地寫明呢件貨""組合優惠買2件平均每件$205!!""，但落單往序完全唔係幫客人做組合優惠價，結果黎到得一件，係就係無冇收錯錢，睇返單先知落左數量1件嘅意思唔係 ""一份組合優惠""，係真係黎咗一件貨品。建議寫返清楚啲指引俾客人正確落單。除咗呢個問題之外，貨品完全無問題可放心同毛孩用。"
1,"第一次經尼到買，收到時3包都好碎，唔知係存放有問題定係品質問題，圖片中左邊係喺出邊寵物店買，右邊係尼到買嘅質素，好明顯睇得出好碎，價錢同出買差唔多，我寧願買質素好啲既貨。另外佢所謂嘅福袋原來只係送一件嘢，預期叫福袋，不如叫贈品就算，好令人誤會嘅寫法"
1,買了同牌子的牛肝，之前有買過，回購，剛打開包裝發現裡面好多黑色小昆蟲。另外，點貨品寫評語，出現貨品巳下架，貨品出現問題下架？如是，為什麼不回收退款？如不是，為什麼下架？
1,"太細件 唔值呢個價錢"
1,買4罐有2罐凹左，唔敢俾主子食
1,收到貓糧已經有4包破爛，盒內肉汁四散，沾滿其他貓糧，70多包需逐包擦乾淨，不知品質有否被損壞………包裝和運送都很差………不會推薦給其他人。
1,試左倒水落去做測試 凝固唔到 散晒！ 用左咁多年呢個牌子第一次遇到呢個問題
1,"求其買10罐有3罐都係跌到變形&#40;唔關運輸事,紙盒包裝完好無缺&#41; 任何鋁罐鐵罐撞凹會有機會釋出雜質污染食物,明明見倒跌凹你自己都唔會買就就唔好俾客啦"
1,今日先至打開，一大陣油益味湧出嚟，好難聞，要求退貨
1,"收到貓糧已經有4包破爛,盒內肉汁四散,沾滿其他貓 糧,70多包需逐包擦乾淨,不知品質有否被損壞 ………………………包裝和運送都很差.........不會推薦給其他人。"
1,貓貓非常討厭這個非常怪味的砂，通風通了一天還是怪怪的味，非常難頂🤮
1,盒內其中一罐是空的還貼了海關檢驗膠紙。為什麼？
1,"送來的是爛貨，問都唔問就退返係mall dollar,想再次購買，不知所謂"
1,我想投訴12月訂左兩包N1猫砂都發霉，其中一包送貨爆裂左退款，之後隔幾日後開另一包發現發霉黑晒咁，之後再開埋裂開嗰包一樣發霉，無信心再訂，養猫四年一直都係用呢個品牌猫砂，好失望
1,貪平，好薄，不好用，以前好一倍
1,味道太強，太攻鼻，不能繼續使用。好後悔買了。浪費了幾百元。
1,開咗一包用左唔夠一個星期，全屋都有陣酸縮味，同以前用過嘅N1完全唔同，唔知咩問題，另外3包唔打算再用，請問可以退貨嗎？
1,貓砂氣味好假，同以前自然綠茶味好吾同，簡直吾想用。係咪改咗配方？定改咗生產商？我吾敢再買了。
1,"第一次幫襯呢間買貓砂，結果是失望的。之前一直用開N1, 但在此家買的貓砂，濕了水黏底了，氣味也不同，係非常人工既氣味。而且貓砂放了兩天更變味了（我一隻貓一天清兩次貓廁），非常失望，唔會再喺呢間買了"
1,貓沙有甩色情況，之前一直沒有試過的
1,已購買數次。但今批質素明顯大不如前，尿墊薄得會滲底弄污地板；拆開第二包使用，過半數尿墊的邊沿都是破爛的，完全無法阻截尿液向外流出！不會再購買，亦非常不建議購買。（相片特寫其中一角）
1,綠茶貓砂打開左變壞好臭，6包發現水貨，即刻退款
1,有5支已經變左😑打開已經一舊舊
1,"包裝明顯掛過 仲用膠紙包番 
膠紙邊有漏出
明顯係出貨先包膠紙
成卷膠紙一齊送埋黎"
1,訂貓，狗糧各一包，只收到貓糧，請跟進
1,"剛收到但2026年2月到期？
我看過沒寫快到期才賣這價錢"
1,送到來產品已開封，雖然入面產品冇損壞但感覺不太好
1,都買過數次，這次品質很差，比之前買啲易碎，加上有一陣酸臭味
1,"懷疑係假貨！圖片上方係實體店舖買既小白執事，貓砂係幼細既而且有好重豆腐香味！
圖片下方係寵物城堡賣出嘅小白執事，貓砂超粗，又有一股酸臭味！！搞到成屋都臭哂，完全僻唔到貓尿味！"
1,只送一箱，客服沒回覆，已经六天
1,最近買呢包氣味跟以前不同、吸尿力差咗。
1,我未試過有一隻牌子我隻狗仔柯完尿啲吸水棉會溶，尿墊一般厚，但唔太吸尿，左右兩邊滲漏，完全唔掂
1,見減價所以預先入咗貨，但過咗個幾月之後一打開d貓砂成陣煙味，一d綠茶味都冇。全屋無人食煙，一定係生產時出現問題
1,"2024年7月份買，開左4罐都有灰黑色既水
應該係發左毛
睇番評論 2022年都有呢個問題
hktvmall就過左7日，無退換
"
1,訂50包，送了兩盒子來，裡面只有48包
1,你地發錯貨俾我，麻煩盡快發貨！
1,會甩色⋯貓貓隻腳啲毛染晒綠色⋯以前用都唔覺咁差⋯
1,今日開包嘢裡面有一大隻昆蟲！又禁唔到退換貨！究竟請問你地點處理？
1,這個商家不太老實，收貨時只見到包裝盒上扎了一條橡筋，沒為意是什麼情況。拆下了橡筋再看清楚，原來包裝盒已打開了。與其他評論一樣，這商家賣出來的貨品，經常是已經打開了，貨品安全成疑，下次不會再幫襯這個商家了！
1,"送貨時已發現濕濕地同埋有一陣平時買唔同嘅臭味，以為清洗好就得，冇即時回報有問題。
呢兩日先打開包裝發現裡面發臭，好彩貓貓都唔肯食！ ！
全部都唔要得！！"
1,雖然包裹了厚厚的卜卜紙和紙皮，但是一拆開包裝，罐頭全都凹陷！
1,罐頭壞左 無一隻貓貓肯食。有d肉特別黃
1,收貨時發現外箱破損，今天打開時更發現有一包直接被割開了
1,"非商戶產品問題
是HKTVMALL自取點問題
第一次訂購自取，產品的是奶，需冷藏！但原來HKTVMALL對奶買製品自取點並無雪櫃，我的貨品在室溫中存放了大小於3小時。
奶製品存放不良，會引致肚痾、嘔吐等身體不適
暫時未打開有關產品，如有任何問題會追究。"
1,溝貨，將真假貨溝賣，化學味超濃，貓用後甩毛，不要幫襯，無良心
1,收到貨品雖有包裝，但罐頭表面凹咗。
1,可能某d批次差d，今次d砂太黏好難剷，仲要貓貓屁股毛染埋綠色.
1,沒有收到該貨品，然而他是整張單最貴的物品。
1,"包裝穿左都唔退款
差差差差差評
大家千奇唔好幫襯"
1,瀘唔到水，攪到水機成日滿瀉
1,請問呢個盒係點樣打開的⋯⋯
1,買4罐3罐都係凹，只得一個薄紙袋裝。
1,包裝欠佳，10罐所買的貓罐頭基本上都有不同程度的變形及凹陷
1,送到個盒已經打開過！咁我點知入面三枝藥有冇被換貨？？
1,買咗七包，但係打開已經見到2包爛咗
1,從來未試過！包哂bubble 紙竟然有幾罐係凹既，其中仲有一罐係咁樣爆法，極度懷疑包之前已經係爛….
1,發臭，全部都唔要得，仲要買左成22包
1,"次貨！把退貨包裝成正常商品！欺騙消費者！已報消委會！大家千萬唔好買！

消委會參考編號: CC250910C51112"
1,全部送錯六包幼砂，我買六包原味正常size的。
1,"17.5L實際只得6.5Kg, 怪唔之得一包咁快用晒。"
1,貓沙結團凝結力弱，與平時的品質相差很大，肯定不是原裝行貨😓
1,"冇綠茶味, 唔係真正N1"
1,"灰質有 2%, 同埋貴過出面都幾多, 唔會再買"
1,我訂4包是粗砂，送了4包幼砂，請跟進！
1,貓食完即嘔幾次， 好彩只係買咗一罐比佢試食！
1,拉環損壞..包裝方面請留意一下
1,今轉貓砂質素差咗勁多，完全唔吸臭，會轉其它貓砂唔會再回購
1,唔好用！凝結唔到 啲尿沉晒喺底 最底嗰啲就勁濕 又畢唔到
1,一打開就如圖所示，一大個已被挖空既隆，貨品已變質，已經直接棄置，麻煩跟進一下。
1,一向多次回購此產品，但今日一打開裡面黑哂 全部長滿蟲，好恐怖！連其他未開既罐頭包裝都有白色蟲爬出黎 仲識郁！好彩睇到 無比狗狗食到！已失去信心，剩餘未開的都全部掉了，不會再購買！
1,睇到threads有人講N1貓砂假貨，我係到買3包1箱都疑似假貨🙂有刺鼻既化學味，啲貓砂質量唔知想點，下次唔貪平了，買番N1旗艦店🥹貓糧都唔敢再係依到買 救命
1,滴左成年都無事 係呢間買用完第二日發現貓後頸禿左一塊，仲損左 唔知點算好
1,全部變晒型 仲食唔食得㗎？
1,"貓砂甩色情況嚴重。
非常粗粒"
1,"新買的貓砂甩晒色
對比好大 
比起之前更加冇味道"
1,我買了三包，只送了兩包來？第一次這樣。
1,個袋爛嘅，搞到貓砂跌到成地都係。
1,"我買2條 但只收到1條
請跟進！"
1,"送到過嚟包裝穿咗窿 係咁跌貓砂出嚟
又唔知有冇污糟嘢入咗去"
1,我買的是吞拿魚和白飯魚味啫喱杯，點解會比左雞肉貝柱味我？？
1,訂了40罐吞拿魚罐，40罐裡面有22罐是雞罐！唔夠吞拿魚貨用雞湊夠，這樣處理手法十分有問題，已申請退貨及換貨，已超過兩星期沒進行處理，以後只會去其他網訂購貓用品
1,跟過往買的不一樣，很水狀，是否變壞了！貓貓食完嘔吐，買了很多罐，怎麼辦呢！已經開咗三罐都是水狀。之前買的不是這樣的。
1,痴腳，結塊慢，不懂評價為何這麼高，除了價錢較低，沒什麼好處，但說到價錢，用量也相對較多，味道也不怎樣⋯ 明明說沒粉塵，也不是，超多的！
1,包裝損壞引致漏砂，已申請退款，請處理
1,肉質變壞了，開咗幾罐都係咁 😔
1,手霜無貨，送貨後才通知
1,購買回來後一直沒有開箱，開箱後才知道是原味。我訂是綠茶味。我家貓貓不用此味
1,換咗新包，但成分不一樣
1,同用開嘅N1砂好明顯差別: 吸濕力差，痴底，而且好多碎，係粉碎嗰種。真係唔好貪平！
1,貓貓一直很愛兔肉口味， Batch no#230323 完全不吃！顏色也跟原本的不一樣！
1,各位唔好貪平嗰10蚊，呢間嘢賣唔知係過期定假冒嘢，隻貓砂臭到飛起，結果連隻貓都唔去啲沙度痾，去咗我衣櫃度痾，HKTVMALL唔該取消呢間嘢嘅售賣資格，真係嬲到一個點。最後去返N1專門店買返，先知有正常「原味」！
1,我之前已經反映過送貨員在6-9送貨時間經常早過6點派貨問題，今次亦是一樣。送貨員比預定時間6-8pm提早接近一小時到達並WhatsApp 通知要送貨，我先生當時收工未趕到返屋企收貨，當時送貨員竟然連「不好意思」都沒有說，直接轉述送貨員的說話：「已經WhatsApp左你地聯絡電話，咪已經通知左」及「而家收定唔收？唔收我就走。」，令我覺得送貨員沒有跟約定時間送達竟然是顧客責任，過程十分不快，實在太過分了，建議公司若做不到6-9pm送貨，根本不應該讓顧客選擇，否則到貨時間便是假承諾。若沒有改善，如非必要，不想再光顧。
1,每一罐打開都全部發霉，好過份！唔質有問題都賣比人，我對貓食左有咩事係咪你地負責？
1,未到期 但肉質已變色 懷疑混入水貨
1,一打開貓罐，慕絲已變色，發出濃烈臭味，及有深啡色液體，明顯變壞，品質比早前反映的吞拿魚慕絲更差。強烈建議商店留意儲存方法。
1,"上網看到該店產品出售假貨
咁啱前幾日購買完
有啲擔心
就上網check一check
同一些大型超市購買的不一樣
例如生產日期位置 手柄質料 
味道也小小刺鼻
正貨的是在澳洲國旗下面 手柄是磨砂質地
請回應"
1,"第一次用呢個牌子
滴藥之後已經有同佢按摩
但係個後頸都係咁甩毛 👎👎👎👎👎
而家好擔心貓貓有事"
1,吸尿後鬆散，好臭，唔會再買
1,"買完用左3-4個月
有沉過10分鐘 依然會有黑色素滲出黎係部機到
而家用左咁耐 部機一直有陣臭膠味 開頭懷疑係機品質問題 而家懷疑根本係filter問題"
1,肉質腐壞！第一次開就覺得怪怪的，後來開了幾罐別的口味都有略略灰色的雜質！第一次吐還沒想太多，吐了第三次真的很誇張！！點開才發現其他人也有同樣問題！！！太噁心了！麻煩盡快聯繫我處理售後問題！！
1,除臭效果好差 結團效果比較差 碎 多塵 好彩得買左兩包 依家只係想快d用完 唔會再回購
1,四月份買咗幾包貓砂，未過期 但係用左幾包開咗都係好容易碎，貓貓用左一日就碎左好多…🤔️但一直用開呢個牌子本身都幾好用
1,噴完還有許多嘢咬 !!  好似冇乜料到 !!
1,一開箱，包裝全爛，外箱完好，肯定唔係擠壓問題，所以問題一定喺商店，爛成咁都仲可以入箱俾客
1,產品就冇問題，只係見有福袋送優惠先買，結果只收到一罐細嘅罐頭，係唔係會後補返？請回覆
1,粘底，要用鏟子大力鏟先得，吸臭力弱，結團後的猫砂一大陣味，我原先因為換左自動猫砂盘才轉買礦物砂，唸住會合適d，但這款猫砂完全達唔到要求，不會再買此砂了。
1,"八月初買了5瓶寵物牛奶, 一直放在清涼陰暗處, 沒有被太陽照射的地方. 今日發現其中一瓶有發脹情況, 產品沒過期, 但牛奶卻變壞了, 產品質量有問題."
1,包裝一點光澤都沒有。印刷很次，如果是日本貨，商標應該很亮眼，請HKTVmall查請品質，不要以次充好，嚴重懷疑此商家貨品全部淘寶入貨！
1,買六盒爆左兩盒，麻煩下次包好少少…
1,"1.包裝破損
2.明顯到期日被損毀
3.已經申請退貨
"
1,"送貨沒有送到, 又聯絡不証任何人.  又沒有通知下cancel order. 又沒有指示如何退款...有無人可以回應下呢...咁嘅網購好唔得..."
1,與真貨對比後懷疑是假貨，要求退款退貨
1,"貓沙亁得慢, 痴實貓沙盤, 好難鏟起."
1,明明是買L size但送來的是S size.
1,此次訂購的三文魚口味產品全部打開後均呈現凝固狀的啫喱，與過往多次購買Kakato產品的經驗截然不同，令我無法放心餵食給貓貓。正貨竟然也會出現如此品質問題，實在令人擔心產品的穩定性及安全性。
1,送到黎外面包裝個盒無損，但入面個罐凹成咁。
1,狗狗完全唔食，好似塑膠一樣麻麻哋
1,一直用開這個牌子，但今次全部有一浸臭味，不能用，嚴重有問題，要求退款，太失望，幫襯左HKMALL 甘耐，竟然會有問題！請處理一下
1,運送可否改善，已不是第一次收到撞凹哂，已全箱order以為包裝穩定啲，又係咁
1,不是第一次購買，但今次鱈魚甘笋餅，一包裏面一半都是烘燶的，不能給狗狗吃，請商家改善品質，狗狗都要健康！
1,買了十罐罐頭，但箱內只pack了7罐！我如何追討？
1,香精太濃太強了 不敢用在貓貓上
1,包裝手挽破損，產品已漏氣，即時同店員反映但店員話無得退，必須拎走，服務太差!!
1,之前一直買開都冇問題，但最近買既呢個批次一倒出來就見到肉汁明顯比以往灰，唔敢俾貓貓食
1,每一罐打開都全部發霉，仲要變左味！好過份！唔質有問題都賣比人，我對貓食左有咩事係咪你地負責？
1,講明係新的加強版，結果收到的係舊版，欺騙顧客😡😡😡😡😡😡😡
1,"買了3包，發現2包上面已經被戳有洞，d砂掉了出來
"
1,"濾芯只用了幾日，今個批次活性炭有滲漏，導致水機堵塞無法濾水，令水機水倒灌！
不是其中一片是整個批次都有這個問題！
另外活性炭滲漏，導致濾芯扇葉沾滿了炭的痕跡，令寵物飲下大量活性炭，而活性炭有機會導致貓貓出現免疫系統與敏感情況。
現時貓貓有出現皮膚敏感狀態有紅腫及出現粒粒！
非常差勁的品質，官方旗艦店出這樣的質量，已引致貓貓身體問題，無法接受！
*已使用這個水機接近一年，第一次出現這個情況
已經備存餘下幾塊濾芯，正考慮去消費者委員會投訴！"
1,品質越來越差，以前從來不會有異味，現在常常有酸臭味或化學味，換完一樣都係有問題！
1,"極度懷疑買到假貨，買綠茶味但勁重香精味，陣味堅臭。
仲要唔吸尿同唔冚味。
我買左3包…真係好L臭…"
1,唔知出貨前已經係咁定運輸問題，第一次收到係咁樣，買6枝支支都係咁樣，有2支仲爆左，麻煩客服跟進一下
1,"本人4隻貓一向用開N1, 十分滿意。但最近一次買的貓沙有很多灰色粉塵，質素甚差。已轉用其他牌子。"
1,I   -CIAO乳酸菌肉泥（吞拿魚味） 沒有送來。
1,一直用這個牌子都冇問題，但最近買咗3包，聞落去是發霉嘅味道，經過都好明顯聞到，3包都拆左味道都係一樣，失望
1,"已經不是第一次了, 每次送來都有幾個罐頭有凹陷的, 希望商家注意, 罐頭凹陷係會產生化學反應，令到內容物變質的."
1,係同一間舖頭買左好多次第一次見咁嘅色，一倒入舊砂到好明顯係灰色好多。見呢幾個月好多人都有同一個問題，商戶應該作出調查同解釋。
1,"一打開有臭味, 但仲未過期, 唔知係咪存放有問題變壞咗"
1,凹曬，其中第一盒太扁連油也唧左出來
1,真心平，又快送到，但好薄，又鞋，淘寶收爐了，13年來第一次在HKTVmall 買！趕時間用，還是救命草！
1,"12罐入面得3罐無事
有9罐凹左"
1,吸水力完全唔得，用兩張都係透底，永不錄用
1,"粉塵超大,唔凝結, 冇用一排, 質素越嚟越差"
1,今批貓砂明顯發霉！顏色呈現灰色……還有一陣霉味！！混入上一批砂中，顏色對比更強烈（第二張相）！見到有不少貓主也發現這問題！強烈要求此商戶請把這批砂下架（批號：30322C1），不能影響貓咪身體健康！！已安排退貨！！
1,一直用開，最近買的3包同之前完全唔同味，用兩日就好難聞，開封後用半包，留半包一星期後竟然發左毛！回購咁多次，第一次有咁既問題！品質有問題？
1,買了兩支，其中一支根本就用不到，盡快給我一個方案解決，一個那麼貴的東西完全用不到的，出來不是泡泡是水狀，沒有幫貓貓殺菌的後果。
1,完全無鮮魚！衹是午餐肉粒加工物！猫完全無興趣，完罐倒曬！嘥錢兼製造垃圾，極差！黑名單一定唔好買
1,"A big bug inside the unopened package! DO NOT BUY FROM THIS SHOP!

未開已有蟲，不只一次，有個朋友都試過！千萬不要買！"
1,一收貨就發覺已開封。核對個每枝滴劑過期日與批次和盒上注明一樣才不退期。但始終貨品到客人手上已開封觀感欠佳。
1,今次氣味難聞，容易散開。品質明顯比之前差。
1,打開包裝後第一頁就已經係爛了
1,今批買既砂凝結差左？睇完N1假貨條片。 有d驚。
1,此貨品損壞並已經收回⋯⋯未交代幾時送回新貨
1,我之前一直買加拿大直送的，這次試吓香港行貨，點知其實入邊啲貓糧完全唔同樣，睇完其他買家的評論先知中伏，原來成份都唔同，雷射標籤亦都係其他牌子，都唔知真定假？！我隻貓一食就屙肚，屙咗幾日！之前吃加拿大直送的完全沒有這種情況，你哋啲聲稱香港行貨的貓糧係咪有問題？？？
1,其中一罐因運輸問題而爆罐，請安排換貨
1,買了3包，全部打開都有臭味，要求退款。
1,"購了 2 盒
發現很有問題
大概 10 天左右 
飲水機就會很嘈吵
而且水會濺出來
（ 我們每週清洗水機 3次 &#41;
打開看發現 filter 很黃很灰
馬上再更換
如是者……已經發生了幾次
不得不寫評論
提醒大家小心
除非你們不介意每 10 天
更換一次 filter
否則考慮清楚才購買"
1,認住依間 Pets Planet，啲貓罐送到嚟好多都有大細程度嘅凹，嚴重嘅已經申請退貨，喺hktvmall幫襯過幾間其他鋪頭嘅貓罐頭都冇呢個情況，唔會再幫襯
1,明明特登聯絡呢間 PET PLANET呢款罐是否主食罐，得到回覆說「是」 我先買，回購幾次後，貓貓食左成個月後先話我知原來不是主食罐！ 好過份！好離譜！
1,21/2收貨。今日開黎用發覺係臭既！請更進
1,餵餵下倒落手發現有幾條生猛的蟲喺我手上！即刻成包掉左！永遠唔會再幫襯！好恐怖
1,一買返黎噴頭沒有封條 好似補人拆過咁 之後個噴頭根本就壞咗噴唔到d噴霧出黎
1,一直用開N1牌貓砂，但近期發現品質差了許多，吸味差了，結塊能力都差了，變得難以清理。
1,買咗幾次都冇問題，紙箱明明完好無缺，但今次送到啲罐頭全部都凹哂，雖然唔影響味道，但都希望可以跟進一吓，Thx
1,無啦啦下架，1月3號問Hktvmall 客服，到今日都未覆，我淨係想知貨品係咪有問題都有咁難？
1,"之前買開一直無問題，今次買3款各5包，紅色包裝雞肉鮪魚，有陣臭餿味🤢，裡面好似腐乳醬咁，再開多包都係咁🙈唔敢比貓貓佢哋食，粉色幼貓晚餐包同紫色雞肉帶子👌🏻 ，同埋對比返3款包裝，紅色有啲唔同🤷🏻‍♀️"
1,呢支野200幾蚊，殘舊到咁！加埋另一支就過期既產品，我要求退貨！
1,一直用開呢個牌子既沸石砂，一般都係用得愈耐愈深色⋯⋯我用左成個月果盤污糟既仲淺色過佢😓一定唔會再係呢間買第二次！
1,貓貓一向食開這款，這次見這商店價錢吸引寫明香港行貨，所以決定在此購買。開封後，發現貓貓聞兩聞便離開，不太願進食，之後可能餓了便有吃，但每日也剩下很多。原沒有為意，但家中的貓貓陸續出現痾及嘔的情況，回想起是從這包糧開始，因此上來這兒看看評價，發現與我差不多時間買的顧客反映有同一問題，所以令我更擔心是否批次出了問題呢？期望商家可以查個究竟，避免再有貓貓因此此而不適呢～
1,貓砂難以吸水，結構鬆散，懷疑屬冒牌貨
1,唔係正貨，濕左有臭味，不結團，散晒😡 用左2日好臭，我特登去百佳買2包，味道顏色都唔一樣
1,用咗幾年，今次第1次覺得好差！請問今次批次是否有問題？勁難鏟起，加上完全唔吸味，用左幾日成個盤都臭晒
1,很差 根本不是綠茶味 用了很久 今次係發 mo 味 超級臭 很失望
1,我今次是追加時買，平時一包平均70-80蚊，我試過追加最平嗰次百幾蚊3包，所以今次見到百四多蚊，下意識以為3包，好平，所以買。點知貨到才發現原來呢個價錢係1包，中唒伏，未試過咁貴，從未試過過百蚊一包，而家仲要追加竟然144多蚊，太過份。追加一向標榜d價錢平過平時買，但竟然而家仲貴過平時咁多，太過分，其實你賺到人一次錢，d客中過伏之後下次就唔會再幫襯，真短視😤😤😤
1,剛剛收到貨，收到貨時包裝已經是破損了，漏到滿地都是
1,包裝欠佳，所買嘅10罐貓罐頭基本上全部都有不同程度的變形及凹陷
1,開頭冇留意到原來個底部有界開， 用膠紙封左
1,為什麼包裝上沒有顯示到期日或最佳食用日期？如果係過期貨點算呢？
1,其中一包袋爆開貓砂散在膠袋裹，N1包裝袋爆開，白色手抽袋是沒有爛的，好明顯包貓砂放進手抽袋時已經爛了，下次不要把已經爛了的貨品賣給消費者。不知什麼原因上載不到相片
1,雖然話就到期所以平賣，都無理由求其零散咁放哂嗰紙箱，有一半都撞lup哂，勁嬲
1,一直回購，開左最新一包食左一個星期左右，屋企貓貓肚瀉，諗緊係咪乾糧有問題，落街即刻試下買新一包自稱「正貨」，結果對比下聞落去同望落去都有分別，HKTVMALL 買既依包糧上面多好多細細粒粒，摸落去吾乾爽，好似存放左好耐咁，買左品質有問題既糧比主子食真係好內疚🤧
1,紙質好粗糙，與原本用開完全唔同，懷疑係假的
1,買過幾次都係3pack 裝送嚟，今次只係用個膠袋裝住，全部變形，企都企唔穩
1,貓糧沒有防盗雷射標籤，懷疑假貨，亦不能zip回，這麼多的貓糧，貓咪要如何短時間內吃完？如果我知道貓糧沒有防盗雷射標籤是不會購買的。
1,覺得普通冇乜特別，同另一平價牌子透明包裝嘅物料差不多，寧願買返豆腐貓砂帶香味。
1,這批貓砂吸濕質量有問題，好多次鏟走貓砂時發現啲貓砂得表面結塊，底部是濕淰淰撻住晒貓砂盆底，好難清潔乾淨
1,唔除臭，又唔團結，唔好用得個平字
1,送錯貓砂，我要既係正常size 貓砂，送錯左2包幼砂黎！
1,垃圾公司，送漏7包貓濕糧，影曬相，只回拒絕賠償，無解釋！！！亦無任何渠道可以繼續跟進和辛訴，垃圾系統，衰個淘寶
1,究竟係咪行貨，點解冇行貨雷射標籤？高價貓糧，請解釋原因。
1,打開時發現樽蓋已被開過
1,貓咪食完又屙又嘔，商家究竟有沒有留意清楚批次，究竟係咪上次有問題嗰一批貨？依家可以點樣追討你哋賠償？
1,送貨包裝好有問題，好hea！清潔液同小朋友零食pack埋一齊，仲要流出黎整污糟d零食，麻煩跟進及改善。
1,送來的不是梅酒威士忌，衹是梅酒！看其他評論，同樣情況已有好幾次，即是完全沒改善！
1,紙箱太大 不配合包裝 
1,"噴咀完全噴唔出, 要另買一個噴壺先可以用, 十分差"
1,貓貓吃左一直嘔吐！！！到底係唔係真貨？有罐係變形！！
1,唔比人用payme 40蚊
1,袋裝貓糧爆開了，並有蟲蟲。下次不會幫襯，還要整個櫃桶也很臭，其餘袋裝包糧，因為有重量在表面，結果要掉晒。不會再光顧。
1,噴嘴有問題噴不到？已退了收貨地址雅都商場，麻煩請更換一支沒問題的给我，因為等了3星期...請盡快安排一下因為急用，謝謝
1,冇鐳射label，好懷疑真偽，以後唔會再買，一粒星都唔想畀
1,貓貓食完狂嘔，本來仲以為係個別事件，入黎睇到原來係假貨，要求退款！！！
1,買34 罐，只送了一箱 24 罐裝的，打開發現只有 24 罐
1,不嬲食開尼個牌子，見減價買左一包試下，點知出事，質量同以往食開既唔一樣，比較粉。總之，一睇就知唔一樣，同埋無雷射標籤。唔係行貨，大家買之前諗一諗係咪值得貪平一百幾十買一包平行進口貨既貓糧，而質量係無保證。由於我唔係即時開嚟比隻貓食，琴日先打開嚟睇，已經過左換貨時間，所以無得換，當買個教訓，下次買返正貨。
1,壞嘅 臭到我三隻貓三條尾都向哂下 即刻走哂佬
1,貓砂碎晒，不會推介給朋友
1,已幫趁過好多次，主子很喜歡食，所以今次一次過買24罐，點知發現有發霉嘅情況，餘下嘅都唔係好敢比主子食了，第時都唔敢買啦
1,發現奶粉內有不正常的黑色粒粒 相信並非正常情況 不敢細狗狗飲用 請跟進退換或退款 及盡快回覆
1,送貨地址是90多歲長者，你為何要送漏貨？離哂大譜！
1,點解同平時個質感唔同，平時係結實啫喱狀，呢個一打開就一pat嘢咁，搞到我都唔係好敢俾我貓貓食
1,不適合養貓家庭使用，用完翌日引致貓咪連續幾日嘔吐。
1,為何沒有Expiry Date？可否要求退換？
1,為何有漂白水味？不敢给BB用
1,開了三罐都有發霉狀物質
1,"原來買假糧,我啲貓食完又屙又嘔,我以為我啲貓食錯啲咩原來食咗你哋啲假糧….為咗賺錢真係可以壞事做盡,HKTV mall麻煩請徹查所有賣假商品嘅店舖!!!還我哋消費者一個公道!!!"
1,"0除臭,粉塵多，又貴又唔好用"
1,買了六包貓砂，沒有用紙箱，只用一個貼上“易碎”的大膠袋😓
1,其中一罐嚴重凹陷，請問可以換貨/退貨嗎？
1,貓咪食依款貓糧一直都無問題，一換咗今次依包就立即出現血尿情況…
1,唔吸尿，唔吸味，品質差。搞到長期一陣尿味。
1,3包一原箱，真係唔知點解次次都係散裝出貨
1,食完3隻貓貓都又屙又嘔
1,買42罐只送來30罐，唔知你係執漏定根本唔夠貨，定博我唔check貨，總之都係要麻煩到我，好過份
1,唔知咩設計，開左噴左一下聽到啪一聲，個噴咀就好似壞左，fing下fing下。玩完。
1,今日送到罐身凹咗，蓋列咗。請跟進。
1,只有一包糧，說好的送罐頭，一罐都無，違反商品說明條例
1,貨品危害貓貓健康！要求退貨退款！勁多貓貓食完出現問題！好彩未開完全唔敢俾貓貓食！
1,爛左超出貨 係咪有病 漏曬出黎好離譜
1,購買時寫明到期日是2022年8月，但收到的貨品是2022年4月，取貨當日2月28日已經要求換貨，但到今日還未收到跟進通知，家中的糧已差不多食完，請盡快回覆！
1,買6罐有4罐都凹咗，外箱冇損壞，即係供應賣凹罐，可惡 ！唔會再係度訂貓貓食物 ，各位小心 😡😡😡
1,今日收到，打開後很多都是碎的，要求跟進
1,3. 買10罐，五罐係凹嘅！太過過分！
1,強烈要求客服處理退款退貨
1,隻貓食完屙血尿 換左另一間無事 大家唔好係呢間買
1,"有營養, 不過可能因為有雞肝, 食完 D 屎 超級 超級 臭, 有屎痴住左貓砂盆 !!!! "
1,貓貓食完嘔 兩次都係咁 之後佢唔食：（
1,到貨時商品破損，紙箱外都濕哂，商家拒絕退款，TV Mall 沒客服跟進，退貨又唔得，退款又唔得，有人會跟進嗎？？？
1,第一次使用噴嘴便壞掉了，甩了出來，完全套不回去！report 又upload唔到相片（已選可以access photos and camera）！根本唔俾人report 同換貨！請盡快聯絡換貨！
1,呢個第一次買就好，之後啲貨越嚟越薄
1,買3袋靜係比得1袋，安排重送冇來到，whatsapp都冇個，叫我自己搵客服客服又唔聽
1,送貨嗰日就係貓貓到家的日子，本身話買滿三百多元就有貓砂送，但是最後都沒有到！最後臨急臨忙去買貓砂😅然後乾糧還有穀牛！
1,不嬲訂開品質時好時壞，有時多d彩色珠珠，有時冇，今次送貨遲左幾日沒有預先通知，好彩自己仲有存貨。包裝全部有窿窿。 另外，我一直想講究竟幾時先轉產品說明，明明寫 10kg一包，次次送嚟都係5kg一包， 出面嘅寫既說明令人好混淆。我都唔知自己應該收幾多包先正確。
1,omg三隻貓食完之後全部都肚痾同埋嘔！！！大家要小心！！！請問有冇得退款？我有睇醫生嘅單據，睇咗成$2500
1,嚟到有幾盒爆咗，漏到其他盒又油又濕！
1,"擺到明唔係原裝貨,真貨係雲尼拿香味,呢隻劣貨貨打開用滿滿泥霉臭味....講真我用開行貨都係$85,但宜家用同價買到差劣品..我會記住店名不會再買呢間"
1,5.4kg貓糧都可以漏貨！！成個禮拜冇得食😡😡
1,送錯貨物！麻煩盡快送回我已訂購的兩包和上門回收
1,"灣仔合和派送唔肯送上樓!!改派送地址,白底黑字EMAIL清晰地址,個客服可以同我送咗去O2O店!!重要唔肯幫我改返!!我一次買咁多嘢,就係因為要送貨!!如果我要去O2O店攞,根本唔會一次過買500蚊!!要知道500蚊貨物非輕!!到最終都係要自己去攞!!送貨垃圾!客服垃圾!送貨唔係送去我指定地方,係HKTVMALL鍾意送去邊你就要自己去邊度攞!!永遠唔會再喺HKTVMALL買嘢!!"
1,凹到咁仲賣比人都幾過份，實物望落去仲凹過影出嚟，個下沿位好似比嘢轆扁咗咁。你喺超市見到個咁嘅罐頭都唔會買啦！有常識都知會有食安問題。凹到咁仲賣比人🙄
1,一啲都唔係厚型、仲有兩次滲漏情況
1,包裝無鐳射正品標記，是否正貨？
1,本身食開行貨，一食呢包「平行進口」貓貓就軟便肚痾。於是即刻去買翻行貨就冇再痾！對比下發現呢包（膠箱）比行貨（匙羹）大粒，食入口味道都唔同，好懷疑是否正品。
1,未過期，但一打開已變壞
1,不是說送多3嗎？根本沒有
1,好黐底，亦都除唔到臭。Not good 
1,佢凹咗都算啦 可能係運輸過程中凹咗。但係佢生晒銹喎？？？？？貓貓肚好返少少諗住餵罐罐，結果一打開三罐都係咁？？？？？都唔知食唔食得
1,一路買開都正正常常，但對上一次買30包，俾少左6包，即可申請退款，最後都冇退到，亦冇收到任何解釋或者補貨，唔會再幫襯。
1,比平時用開既尿片差好多 完全唔吸尿…
1,豈有此理，貓砂裡面竟然有刀片
1,"明白現在係非常時期所以送貨要等好耐
等咗成個月終於收到貨
點知。。。 剛剛見到， 竟然送錯了2.0幼粒裝 。。。。。。
請跟進"
1,有異味，與平時用開的17.5 L N1原味貓砂不同，貓貓不喜歡，不肯在上如廁！
1,呢兩包極多粉，多到冇法相信佢係正貨，品質極差，以為淨係一包，諗唔到第二包都係
1,之前品質OK但越來越薄今次買嗰幾包D吸水棉還有爛、不推薦
1,之前買的都真空，呢個冇雷射標而且入面有空氣
1,"貴過出面好多, 唔會再買"
1,佢係一塊布。一疴已過㡳，雖然好似好厚咁。只適用於小狗。中小都唔得。
1,買完兩隻貓貓食完又柯又嘔 一排都唔夠膽比佢地食 今日先知原來貓糧有問題 請問可以退款？
1,罐罐有支大骨，又大又尖又硬。好彩睇住隻貓食，如果唔係哽親或者𠝹損喉嚨，點算！
1,兩個箱包裝污垢、 紅色膠紙封口破爛、一看便知不是原裝貨、（細狗用）品質超薄滲出來
1,屋企6隻貓食完全部肚痾，麻煩跟進是否批次有問題！
1,我地轉左呢隻糧 貓貓就痾血了 我見comment其他貓貓都因為呢隻糧有唔同問題
1,兩罐凹到離譜，掉落垃圾筒
1,"其實我唔係想 bad mouth, 所以試咗幾包先留言, 不過呢款同我喺出面買真係唔同...包裝係一樣, 但一打開有小小臭味 / 怪味, 但貓貓又照食, 但今日貓貓好似有少少冇咁精神, 叫都冇反應, 雖然有少少浪費, 但我最後都係決定唔要...唔需要退款, 但請與商戶跟進, 睇下係咪變壞咗"
1,以前買係好好用，現在啲貨已經不同了，當貓咪小便後已經好臭，已沒有吸臭功能，不會再買了
1,唔怪得知一直做特價，原味一打開已經潮左，臭的
1,唔吸味，又難剷，搞到成間屋都臭，比D comment 呃左，唔會再買。
1,"我買的是gravy, 俾左jelly…貓貓冇咁鍾意食…"
1,添加劑很多，含味精，不建議給比熊食，會產生淚痕。
1,"買了多次貓砂,今次最差,買左共12包. 8包漏氣,6包無packing連膠袋都沒有.一係冇packing,一係漏氣&#40;非真空&#41;.今次2樣都有.是否平就咁差/!最近買n1貓砂,好多""粉"".差勁....."
1,罐頭內有豬肉豬肝，不是純兔肉
1,開箱發現貓糧有洞 仲有蟑螂系入面！！
1,今日到貨2022年2月到期，2020年8月出廠，商家會唔會太過分。。。。
1,我家貓一直都係食這個貓糧，而且我以前都在HKMall買品質都很好。不過這次買這個貨品質量很有問題☹️☹️，一開包裝都已經覺得很潮濕及有一陣意味，連隻貓一味都走開（何況叫它進食）😪😪。品質沒有保證，連有效食用日期都沒有😥⋯⋯失望
1,俾個厚字呃咗，吸水力奇差
1,罐頭完全凹陷阱，不能食用。請立刻退款！
1,以前好好用，呢批砂超唔掂，貓仔一去小便就勁臭，完全冇左吸臭功能，勁臭呀！懷疑呢批貨既質素係咪有問題？ 我仲要買左6包?有冇得換貨？ 呢批貨完全堅有問題?
1,又話冇味，又話天然，甘大陣香味，仲要明顯香精味，人聞都頂唔順，仲要比猫買用點頂，有一個去用羅，失望
1,罐頭全凹咗，不能食用。請立刻退款。
1,有玻璃碎、有玻璃碎、有玻璃碎，已經唔係第一次。我無相，因為唔會影到反光，但我拍了片！大家小心，久唔久要隔一隔
1,袋底沒有封好 一直漏出貓砂
1,包装欠佳，有破壞，影響食物品質
1,8月份買了不是馬上拿來用，9月5日打開有2支變壞變了豆腐花狀，未過期的，但是商家不給退款或是換貨，慎買。
1,"講明包裝有問題...有損壞。入面已經唔係真空, 糧食嚟㗎喎。你唔真空貓貓點食啊？仲要唔退貨退款？"
1,一直用開這個牌子既廁紙，但估唔到可以咁恐怖，成隻蟲係安裝入面一齊被包住，真係唔敢想像🤮🤮🤮
1,一開始食都冇事，喺度買咗一包之後兩隻貓前後開始又嘔又屙，兩隻都腸胃炎。警世係度買唔好買！🤬
1,同之前用開感覺好唔同，尿團一鏟即散成碎粒，鏟到懷疑人生
1,這次質量比以往差，訂的是幼粒，但感覺是粗粒，而且沙塵非常大，幼粒並沒有的
1,跟之前買的不一樣，顏色變了，水變多了，貓咪也不吃。開返同一個牌子但不是這批次的貓咪就食。懷疑品質出現問題。
1,和平時不一樣，水多過肉，好稀
1,冇收到貓砂，又冇通知幾時再送，send郵件去追問，又無人回覆。甘我隻貓無砂用，姐係點！？
1,訂單還欠下列產品沒有送，收到電郵說沒有送，但也沒有交待幾時送，賬戶內也沒法查詢1.	CB GLOBAL LIMITED - 頭髮溶解通渠劑&#40;香港行貨&#41;
1,"買3袋 , 當2袋 , 已經潮哂"
1,已經買了很多次，但有幾次收到貨後發現貓砂有發霉的味道，會買呢個品牌的貓砂，但不會係HKTV買
1,今次的一批完全唔吸尿，跟沒有用一樣，沒有下一次。
1,啲味好難聞，酸酸地聞到頭痛。
1,個噴頭一時噴到 一時噴唔到，細支又貴
1,之前都不嬲用開，但今次一拆開全部有異味，係尿壓味，我估應該唔只得我一個係咁，因為我買嗰幾條全部都有異味，只怪自己到貨無即刻拆開，隔咗咁耐先開嚟用，無得追究。。。
1,第一次向貓犬工坊買，不會有下次
1,"一打開有臭味, 但仲未過期, 唔知係咪存放有問題變壞咗, 貓貓完全唔食"
1,第一次買俾16歲老貓吃，已經唔敢俾太多，先試半包份量，但不足24小時瀉咗4次，唔知還會瀉幾次！呢批貨係咪有問題？點解反效果-腸胃健康配方？
1,收到發覺脹脹地，打開聞有怪味，唔敢比貓咪食
1,本來以為性價比高，但這個批次似乎是次貨，而價錢平似是因為商戶要低價盡快清貨。我家貓貓本來吃開這個罐頭，一直相安無事，但自昨晚剛用這批貨開始，貓貓就只吃兩啖，然後就有撥貓砂動作，似乎是嫌罐頭的味道臭，而且寧願捱餓也堅持不再吃。已經連續兩晚都是這樣，早知唔好貪平。
1,付款時已收$1膠袋費，送貨全部散件送貨，你們公司包裝送貨服務越嚟越差，再唔改善包裝送貨，就不會再買了！
1,無咗奶味，之前用都唔係咁嘅
1,買3盒雞湯，其中一盒明顯比較輕，再看之後發現蓋已曾經被開啟。非常離普
1,原來包裝有一邊冇seal到，一反轉啲粉跌咗落地先知，又過咗退貨限期，呢包野又唔知入面會唔會污糟。
1,入面食物與罐分離！很不新鮮！買3次總有2次是這麼樣😡
1,已經無辦法再用呢個牌子，好大塵好大浸化學臭味勸大家都轉牌子啦
1,4天前購買，倒出來發現這包比原本的砂深色很多，我用了這款砂超過一年未見過新買的會這樣深色，品質有問題，請退款/跟進。
1,在HKTVmall訂的紙質很薄，在超市買的比較厚身及香味重些！！為什麼會不同呢？？好失望
1,一直用這個牌子的原味，用了10包。今次下單四包原味，打開一包倒出來，肯定不是原味，而是水蜜桃或綠茶味。看看包裝，包裝沒錯，是原味的包裝，砂的顏色也是奶白色，但砂的味道不對。很擔心，不知另外三包味道對不對，不知道貓貓會不會不習慣味道，不肯上廁所或在家亂大小便。想換貨，但HKTVmall要拍照上傳，但包裝顏色沒有錯，味道又拍不出來。怎換？怎維權？
1,4排其中有一排已裝係爛晒仲要得5包，求其將5包飲品黐喺其他貨度，好離譜！
1,原訂送貨時間：2025/10/03， 10：00至14：00；送達為同日， 14：30。直接交都我手上，如圖。當日氣溫達32度；沒冰袋；在送貨評論中已反映情況。當日唯有先行立即轉入玻璃器皿放入冰箱。不知哪方面出了問題？重點：究竟是否要棄掉，因急凍食物如此狀態，安全程度已不存在。
1,買了好幾次，今次盒子很髒
1,Order左3盒，只收到2盒，請聯絡我…..
1,明明訂一盤4排，我們硬要拆開4排散裝給客人，試過很多次因為你們馬虎處理貨物的態度，而導致貨品被壓至嚴重變形，請認真正視問題
1,"一向用開，品質沒問題，但係「5條優惠裝」搜尋結果明明顯示$160，但最後結帳計算$170。

通常折扣日會提高貨品原價，價錢經常更改，最後唔同頁面顯示唔同價錢！"
1,一直都是使用皇冠牌， 但現在的太令人失望，品質沒保持， 廁紙薄到都就快穿，還不如買平價廁紙吧，真失望，站時不再堅持使用皇冠，試下其他牌子好過
1,送來不是原箱，其中一條凹了和滲漏
1,冇箱冇袋就咁一包包送來，有病嗎
1,同單其他貨品未派，咁貴公司點安排？
1,以為係個別例子 不過都唔係梅酒溝威士忌
1,"送錯貨，這不是有威士忌成份的，知道已過了退貨時間。
只想提醒，麻煩下次執貨員要留意，謝謝！"
1,所謂五條優惠裝根本就不優惠，我昨天早上落單後，卻發現單條裝做優惠，只需$29/條，但我買的優惠裝卻要$155，平均要$31/條，後來電郵給HKTV跟進，卻只回答了「我們會把你的意見交予相關商戶作跟進，並認真研究及考慮你的意見」，簡直不知所謂！！
1,"我買左呢個5條裝, 但冇送到""絲潔萬用紙"" 囉!!"
1,紙飲管很快就軟化，曲折位特別嚴重。有時會飲不到底下剩餘的豆漿，支飲筒就報廢。強烈建議改善飲筒質素。
1,又再一次遇到包裝問題。送來時，所有飲品只用膠袋，没有用纸盒裝用，所以其中两包被壓至不成形。麻煩貴公司，認真在飲品送貨包裝上作出改進。
1,有無搞錯呀?點解可以凹成咁
1,有兩盒爆開，導致其他盒都溶了
1,無貨都唔係甘架，訂3包求其俾一盒其他牌子貓砂，通知聲無貨要安排都得掛，依家仲要上網搞一輪申請退款又要安排人係屋企等你哋收貨😡
1,質素越來越差，每日都可以响沙盤筆起幾🥄粉末！已經轉用其他了！
1,下次不會再買，只用膠袋包裝，送到來晒扁，只是沒有穿，極之失望！
1,到期8/11/2020但有幾盒變酸和質地變質，請退錢!
1,買咗兩份，應該有6條，但只係送咗4條
1,一直用開，但唔知點解，最近購買的2、3次，紙質差了很多，容易爛開，沒有改善，不會再買。
1,共訂購36件史雲生雞湯，落完order後已即時致電通知顧客服務部，要求原箱送貨，但送來的不是原相，是散件
1,清雞湯的色澤和味道都變得很奇怪！
1,為什麼味道跟以前不一樣？
1,之前買過幾好食，隔左一段時間無買，但今次再買口感不同了，太輭沒有彈牙感覺，不好食。
1,6支中有1支底部裂開，整支作廢了。
1,貨品送來，外觀這樣，找不出理由推薦给朋友！！
1,我訂的是原味貓沙，結果一不為意，今天開箱，全是綠茶味貓沙，不知為何hktvmall總是出左商品。
1,第一次試用呢個brand既貓砂，品質真係差….吸水力好弱，貓貓屙尿時佢跟本吸唔到尿，整到貓貓一腳都係尿，仲踩到周屋都係，嬲死我！！我用其他brand既豆腐貓砂都吸得好透徹。我唔會再回購！
1,呢張單12號送貨到而家16號都未有人覆其餘未送嘅貨幾時補回， 究竟你係送返嚟定係退返錢畀我， 你哋成日話唔好喺呢啲內容度寫，但係我真係唔知仲有咩途徑可以話畀你哋聽叫你哋覆我， 請盡快跟進
1,好差！有包介穿左！漏哂出來！成箱野所有貨都係奶！其他有幾包就凹凹凸凸！！！請退貨！
1,質量改變，質素下降，紙質粗糙！！！！！
1,寫明此產品買滿138蚊送玻璃杯，我$140買，結果冇送俾我，咁即係呃我？我買完去番該產品頁面都有繼續show 此贈品，冇話缺貨，咁點解唔送俾我？
1,冇穿冇漏，唔知咩原因發毛到甘，買左好多次，第一次見到甘既情況，成排掉曬唔敢飲！
1,新物料完全唔掂，抹兩抹就爛，唔會再買了。
1,"我用此產品多年，幫你們購買此產品是好多年，但今次是第二次，紙質同過往的不同，紙質容易爛。
我感覺不是正品貨。"
1,呢個牌子超唔掂 愈黎愈薄身 量又少
1,明明已經給了膠袋費用，但是送到時沒有用膠袋包住，只是散開一盒盒放在其他貨品上面，全部貨品沒有用膠袋包住，究竟點解？包裝很差！
1,買完不到一星期就48元優惠，買滿368仲送車仔同水樽。勁快就賣哂啲一箱箱既紙，真係直接放棄呢個牌子去試其他牌子算數😞 對呢個牌子開始失望
1,呢pack無送到嚟，請跟進
1,以前係寵物店買開係乾身既 倒出黎會有清脆既聲 呢包有種潮左既感覺 好似淋左既曲奇咁
1,"這30包点解我分幾次買，幾張單，有D仲未送貨，明明有D一定是在有10% mall dollar rebate, 全用citi 比$，结果全部單都冇係rebate，上來看才知其他人力也有相同情况，請跟進"
1,我買這個產品是為了足夠消費而續年費，但只續了3個月，不停email與客服聯絡都沒有check清楚，極之不滿
1,三盒全變形、是否應該以盒盛載（以膠袋裝的結果）
1,雖然包裝外盒企理，打開一看，清雞湯沒有穿漏，但3盒外盒被壓至變形，似賣唔出貨品，若超市見到如此貨品是絕對不會購買的。
1,都唔明點解黐個咁嘅黃色大膠紙落去封口，起番出嚟攪到包裝口爛咗一角！😤😤😤
1,如果對包裝有要求建議唔好喺呢度買，盒盒都變晒型
1,"有1條d盒凹陷,不知運送出貨時已出現問題😤
您們應該多加留意！"
1,運送包裝非常差，不用紙箱只用膠袋包裝完全冇保護，明知是食物便應小心處理，訂6盒全部紙盒都有碰傷損壞令包裝盒嚴重變形，已經不是第一次發生這情況，為何一直沒有改善，在門市這種商品根本不能出售，收到這樣質素的貨品消費者如何接受？？？
1,沒收過貨，極失望，再買已沒有這價錢了👎👎👎
1,第一次寫評語，因為真係太離譜，如圖
1,外箱非常污糟，嚴重影響紙巾的衛生，
1,我喺7月31號收，收貨嘅時候原本嘅盒都冇，只有一包包紙巾沾滿了豉油嘅紙巾直接給我！我相信運送途中打破了豉油，導致我全部貨品均沾滿豉油，另外有些貨品還需要立即棄掉，也有貨品不齊全，本想在系統上報，但是應該你哋職員自己幫我上報咗打爛咗嘅豉油，由於上報只有一次，導致我不能把事件上報，唯有在評價那裏發電郵給你們，已留下電郵及聯絡電話但直至現在仍沒有任何回覆對你哋服務十分失望想搵個人解決都冇剩係得機械人，只有send電郵但又唔回覆請盡快聯絡本人處理事件
1,總共買了四Pack檸檬茶，四Pack菊花茶，唯獨是菊花茶唔係一箱完整，呢6包菊花茶用左個紙袋入住，回家後才看見這個情況，有隱瞞嘅狀況
1,諗住啤啤熊印花同 紙手巾（一向專買紙手巾）一樣厚Tim😅但盒裝紙巾太太太過薄🤦🏼‍♂️只可以抹下咀仔。但紙質柔軟👍我都係剩支持啤啤熊印花紙手巾好D👍👍👍
1,買左好多次野 次次都安然無恙 估唔到今次黎到d荳漿有一半包裝爛晒 什至連有啲野飲都爆到起角 好失望
1,"非常惡劣，衛生廁紙3條今次完全冇喺外面再包多一層膠袋，仲要今日係落雨, 包裝膠袋又因為運輸有些少整穿咗，搞到有2卷廁紙濕咗污糟左。我唔明白你哋包裝員工，點解一時會喺廁紙外面再包多一層膠袋一時又完全唔包。究竟知唔知道呢類衛生用品係一定要小心處理，一定要包裝好"
1,訂咗3箱完箱嘅史雲生清雞湯，唔明你哋乜嘢原因將其中有一箱12盒拆散咗嚟送貨，令到其中有4-5盒壓到扁晒！希望你哋留意吓。
1,非常失望，這是HKTVMALL對食品的正確處理還是當廢物處理？好好的原本包裝不用，卻要將貨品粗暴處理，24盒基本上全部體無完膚，想正放也困難，不能接受！
1,2024年1月買，2024年8月過期，太短嘅保養期
1,買左3包但竟然唔係原箱送黎，俾d又舊又爛嘅紙箱黎pack住，而且又漏氣，真係好離譜，以後幾平都唔會係度買，去返寵物店買起碼都原箱送上門啦
1,"九折入手
但比之前買嘅細 size仲幼啲同埋好易斷。。。
感覺好怪。。。唔再喺度買喇

*綠色係以前買的，米色係今次買的"
1,貨品送達時，完全包裹著橙色膠紙。打開後，膠樽表面鋪滿灰塵，需要清潔一番，令人擔心樽內水質會否受影響。
1,"原裝箱一盒正確是30包，點解會少左1包?
盒裡面的包裝紙巾有一兩包擠壓到變形"
1,"又細圈 又薄 又輕...同超市買的唔一樣
有點失望"
1,完全冇收過貨就話送貨完成 請盡快跟進
1,雖然今日落雨，但如果送貨員處理好些，都不至於到貨全部凹陷而且每盒都有裂痕，你說還可以飲食嗎？不知為何你家每次送盒裝飲品都搞成这樣，接收到無數的投訴都是依然故我沒有改善！？管理層是否要檢討下呢？
1,飲咗聖碧濤兩年，未見過簡體字包裝，同埋水樽顏色同之前都唔同，真係唔敢飲
1,運送的其中一條6包裝破壞了，有漏，請於下週連同另一訂單補回
